Copyright 1986-2022 Xilinx, Inc. All Rights Reserved.
--------------------------------------------------------------------------------------------------------------------------------------------------------------------
| Tool Version : Vivado v.2022.2 (win64) Build 3671981 Fri Oct 14 05:00:03 MDT 2022
| Date         : Thu Jul 30 20:18:59 2026
| Host         : DESKTOP-3MP1EO2 running 64-bit major release  (build 9200)
| Command      : report_timing_summary -delay_type min_max -max_paths 20 -file C:/Users/prolet/Desktop/2026G/fpga/sim_results/measurement_timing_summary_routed.rpt
| Design       : measurement_timing_pipeline_top
| Device       : 7z020-clg400
| Speed File   : -2  PRODUCTION 1.12 2019-11-22
--------------------------------------------------------------------------------------------------------------------------------------------------------------------

Timing Summary Report

------------------------------------------------------------------------------------------------
| Timer Settings
| --------------
------------------------------------------------------------------------------------------------

  Enable Multi Corner Analysis               :  Yes
  Enable Pessimism Removal                   :  Yes
  Pessimism Removal Resolution               :  Nearest Common Node
  Enable Input Delay Default Clock           :  No
  Enable Preset / Clear Arcs                 :  No
  Disable Flight Delays                      :  No
  Ignore I/O Paths                           :  No
  Timing Early Launch at Borrowing Latches   :  No
  Borrow Time for Max Delay Exceptions       :  Yes
  Merge Timing Exceptions                    :  Yes

  Corner  Analyze    Analyze    
  Name    Max Paths  Min Paths  
  ------  ---------  ---------  
  Slow    Yes        Yes        
  Fast    Yes        Yes        


------------------------------------------------------------------------------------------------
| Report Methodology
| ------------------
------------------------------------------------------------------------------------------------

No report available as report_methodology has not been run prior. Run report_methodology on the current design for the summary of methodology violations.



check_timing report

Table of Contents
-----------------
1. checking no_clock (0)
2. checking constant_clock (0)
3. checking pulse_width_clock (0)
4. checking unconstrained_internal_endpoints (0)
5. checking no_input_delay (0)
6. checking no_output_delay (69)
7. checking multiple_clock (0)
8. checking generated_clocks (0)
9. checking loops (0)
10. checking partial_input_delay (0)
11. checking partial_output_delay (0)
12. checking latch_loops (0)

1. checking no_clock (0)
------------------------
 There are 0 register/latch pins with no clock.


2. checking constant_clock (0)
------------------------------
 There are 0 register/latch pins with constant_clock.


3. checking pulse_width_clock (0)
---------------------------------
 There are 0 register/latch pins which need pulse_width check


4. checking unconstrained_internal_endpoints (0)
------------------------------------------------
 There are 0 pins that are not constrained for maximum delay.

 There are 0 pins that are not constrained for maximum delay due to constant clock.


5. checking no_input_delay (0)
------------------------------
 There are 0 input ports with no input delay specified.

 There are 0 input ports with no input delay but user has a false path constraint.


6. checking no_output_delay (69)
--------------------------------
 There are 67 ports with no output delay specified. (HIGH)

 There are 0 ports with no output delay but user has a false path constraint

 There are 2 ports with no output delay but with a timing clock defined on it or propagating through it (LOW)


7. checking multiple_clock (0)
------------------------------
 There are 0 register/latch pins with multiple clocks.


8. checking generated_clocks (0)
--------------------------------
 There are 0 generated clocks that are not connected to a clock source.


9. checking loops (0)
---------------------
 There are 0 combinational loops in the design.


10. checking partial_input_delay (0)
------------------------------------
 There are 0 input ports with partial input delay specified.


11. checking partial_output_delay (0)
-------------------------------------
 There are 0 ports with partial output delay specified.


12. checking latch_loops (0)
----------------------------
 There are 0 combinational latch loops in the design through latch input



------------------------------------------------------------------------------------------------
| Design Timing Summary
| ---------------------
------------------------------------------------------------------------------------------------

    WNS(ns)      TNS(ns)  TNS Failing Endpoints  TNS Total Endpoints      WHS(ns)      THS(ns)  THS Failing Endpoints  THS Total Endpoints     WPWS(ns)     TPWS(ns)  TPWS Failing Endpoints  TPWS Total Endpoints  
    -------      -------  ---------------------  -------------------      -------      -------  ---------------------  -------------------     --------     --------  ----------------------  --------------------  
    -10.832     -672.737                    182                11092       -0.228       -3.153                     20                11092        4.146        0.000                       0                  3835  


Timing constraints are not met.


------------------------------------------------------------------------------------------------
| Clock Summary
| -------------
------------------------------------------------------------------------------------------------

Clock            Waveform(ns)       Period(ns)      Frequency(MHz)
-----            ------------       ----------      --------------
adc_clk          {0.000 15.625}     31.250          32.000          
  adc_clk_a_fwd  {0.000 15.625}     31.250          32.000          
  adc_clk_b_fwd  {0.000 15.625}     31.250          32.000          
processing_clk   {0.000 5.000}      10.000          100.000         


------------------------------------------------------------------------------------------------
| Intra Clock Table
| -----------------
------------------------------------------------------------------------------------------------

Clock               WNS(ns)      TNS(ns)  TNS Failing Endpoints  TNS Total Endpoints      WHS(ns)      THS(ns)  THS Failing Endpoints  THS Total Endpoints     WPWS(ns)     TPWS(ns)  TPWS Failing Endpoints  TPWS Total Endpoints  
-----               -------      -------  ---------------------  -------------------      -------      -------  ---------------------  -------------------     --------     --------  ----------------------  --------------------  
adc_clk              18.848        0.000                      0                  974        0.081        0.000                      0                  974       14.771        0.000                       0                   224  
processing_clk      -10.832     -672.737                    182                10096        0.052        0.000                      0                10096        4.146        0.000                       0                  3611  


------------------------------------------------------------------------------------------------
| Inter Clock Table
| -----------------
------------------------------------------------------------------------------------------------

From Clock     To Clock           WNS(ns)      TNS(ns)  TNS Failing Endpoints  TNS Total Endpoints      WHS(ns)      THS(ns)  THS Failing Endpoints  THS Total Endpoints  
----------     --------           -------      -------  ---------------------  -------------------      -------      -------  ---------------------  -------------------  
adc_clk_a_fwd  adc_clk              3.779        0.000                      0                   10       -0.228       -1.778                     10                   10  
adc_clk_b_fwd  adc_clk              3.753        0.000                      0                   10       -0.165       -1.375                     10                   10  


------------------------------------------------------------------------------------------------
| Other Path Groups Table
| -----------------------
------------------------------------------------------------------------------------------------

Path Group         From Clock         To Clock               WNS(ns)      TNS(ns)  TNS Failing Endpoints  TNS Total Endpoints      WHS(ns)      THS(ns)  THS Failing Endpoints  THS Total Endpoints  
----------         ----------         --------               -------      -------  ---------------------  -------------------      -------      -------  ---------------------  -------------------  
**async_default**  adc_clk            adc_clk                 13.659        0.000                      0                    2        0.348        0.000                      0                    2  


------------------------------------------------------------------------------------------------
| Timing Details
| --------------
------------------------------------------------------------------------------------------------


---------------------------------------------------------------------------------------------------
From Clock:  adc_clk
  To Clock:  adc_clk

Setup :            0  Failing Endpoints,  Worst Slack       18.848ns,  Total Violation        0.000ns
Hold  :            0  Failing Endpoints,  Worst Slack        0.081ns,  Total Violation        0.000ns
PW    :            0  Failing Endpoints,  Worst Slack       14.771ns,  Total Violation        0.000ns
---------------------------------------------------------------------------------------------------


Max Delay Paths
--------------------------------------------------------------------------------------
Slack (MET) :             18.848ns  (required time - arrival time)
  Source:                 u_fifo_wrap/u_fifo_generator_0/U0/inst_fifo_gen/gconvfifo.rf/grf.rf/rstblk/ngwrdrst.grst.g7serrst.gsckt_wrst.gic_rst.wr_rst_busy_i_reg/C
                            (rising edge-triggered cell FDRE clocked by adc_clk  {rise@0.000ns fall@15.625ns period=31.250ns})
  Destination:            u_fifo_wrap/u_fifo_generator_0/U0/inst_fifo_gen/gconvfifo.rf/grf.rf/gntv_or_sync_fifo.mem/gbm.gbmg.gbmga.ngecc.bmg/inst_blk_mem_gen/gnbram.gnativebmg.native_blk_mem_gen/valid.cstr/ramloop[22].ram.r/prim_noinit.ram/DEVICE_7SERIES.NO_BMM_INFO.SDP.CASCADED_PRIM36.ram_B/ENARDEN
                            (rising edge-triggered cell RAMB36E1 clocked by adc_clk  {rise@0.000ns fall@15.625ns period=31.250ns})
  Path Group:             adc_clk
  Path Type:              Setup (Max at Slow Process Corner)
  Requirement:            31.250ns  (adc_clk rise@31.250ns - adc_clk rise@0.000ns)
  Data Path Delay:        11.817ns  (logic 0.819ns (6.931%)  route 10.998ns (93.069%))
  Logic Levels:           4  (LUT2=2 LUT3=1 LUT6=1)
  Clock Path Skew:        -0.004ns (DCD - SCD + CPR)
    Destination Clock Delay (DCD):    4.179ns = ( 35.429 - 31.250 ) 
    Source Clock Delay      (SCD):    4.619ns
    Clock Pessimism Removal (CPR):    0.435ns
  Clock Uncertainty:      0.035ns  ((TSJ^2 + TIJ^2)^1/2 + DJ) / 2 + PE
    Total System Jitter     (TSJ):    0.071ns
    Total Input Jitter      (TIJ):    0.000ns
    Discrete Jitter          (DJ):    0.000ns
    Phase Error              (PE):    0.000ns

    Location             Delay type                Incr(ns)  Path(ns)    Netlist Resource(s)
  -------------------------------------------------------------------    -------------------
                         (clock adc_clk rise edge)    0.000     0.000 r  
    L16                                               0.000     0.000 r  adc_clk (IN)
                         net (fo=0)                   0.000     0.000    adc_clk
    L16                  IBUF (Prop_ibuf_I_O)         0.981     0.981 r  adc_clk_IBUF_inst/O
                         net (fo=1, routed)           2.160     3.141    adc_clk_IBUF
    BUFGCTRL_X0Y16       BUFG (Prop_bufg_I_O)         0.085     3.226 r  adc_clk_IBUF_BUFG_inst/O
                         net (fo=221, routed)         1.393     4.619    u_fifo_wrap/u_fifo_generator_0/U0/inst_fifo_gen/gconvfifo.rf/grf.rf/rstblk/wr_clk
    SLICE_X37Y27         FDRE                                         r  u_fifo_wrap/u_fifo_generator_0/U0/inst_fifo_gen/gconvfifo.rf/grf.rf/rstblk/ngwrdrst.grst.g7serrst.gsckt_wrst.gic_rst.wr_rst_busy_i_reg/C
  -------------------------------------------------------------------    -------------------
    SLICE_X37Y27         FDRE (Prop_fdre_C_Q)         0.379     4.998 f  u_fifo_wrap/u_fifo_generator_0/U0/inst_fifo_gen/gconvfifo.rf/grf.rf/rstblk/ngwrdrst.grst.g7serrst.gsckt_wrst.gic_rst.wr_rst_busy_i_reg/Q
                         net (fo=7, routed)           2.420     7.418    u_fifo_wrap/u_adc_write_controller/wr_rst_busy
    SLICE_X42Y86         LUT6 (Prop_lut6_I1_O)        0.105     7.523 r  u_fifo_wrap/u_adc_write_controller/u_fifo_generator_0_i_11/O
                         net (fo=15, routed)          3.961    11.484    u_fifo_wrap/u_fifo_generator_0/U0/inst_fifo_gen/gconvfifo.rf/grf.rf/gntv_or_sync_fifo.gl0.wr/gwas.wsts/wr_en
    SLICE_X26Y24         LUT2 (Prop_lut2_I0_O)        0.105    11.589 r  u_fifo_wrap/u_fifo_generator_0/U0/inst_fifo_gen/gconvfifo.rf/grf.rf/gntv_or_sync_fifo.gl0.wr/gwas.wsts/DEVICE_7SERIES.NO_BMM_INFO.SDP.SIMPLE_PRIM36.ram_i_5/O
                         net (fo=18, routed)          1.749    13.338    u_fifo_wrap/u_fifo_generator_0/U0/inst_fifo_gen/gconvfifo.rf/grf.rf/gntv_or_sync_fifo.mem/gbm.gbmg.gbmga.ngecc.bmg/inst_blk_mem_gen/gnbram.gnativebmg.native_blk_mem_gen/valid.cstr/ramloop[22].ram.r/prim_noinit.ram/DEVICE_7SERIES.NO_BMM_INFO.SDP.CASCADED_PRIM36.ram_T_0
    SLICE_X33Y24         LUT2 (Prop_lut2_I1_O)        0.105    13.443 r  u_fifo_wrap/u_fifo_generator_0/U0/inst_fifo_gen/gconvfifo.rf/grf.rf/gntv_or_sync_fifo.mem/gbm.gbmg.gbmga.ngecc.bmg/inst_blk_mem_gen/gnbram.gnativebmg.native_blk_mem_gen/valid.cstr/ramloop[22].ram.r/prim_noinit.ram/DEVICE_7SERIES.NO_BMM_INFO.SDP.CASCADED_PRIM36.ram_T_i_1/O
                         net (fo=7, routed)           2.363    15.806    u_fifo_wrap/u_fifo_generator_0/U0/inst_fifo_gen/gconvfifo.rf/grf.rf/gntv_or_sync_fifo.mem/gbm.gbmg.gbmga.ngecc.bmg/inst_blk_mem_gen/gnbram.gnativebmg.native_blk_mem_gen/valid.cstr/ramloop[22].ram.r/prim_noinit.ram/ENA
    SLICE_X32Y3          LUT3 (Prop_lut3_I0_O)        0.125    15.931 r  u_fifo_wrap/u_fifo_generator_0/U0/inst_fifo_gen/gconvfifo.rf/grf.rf/gntv_or_sync_fifo.mem/gbm.gbmg.gbmga.ngecc.bmg/inst_blk_mem_gen/gnbram.gnativebmg.native_blk_mem_gen/valid.cstr/ramloop[22].ram.r/prim_noinit.ram/DEVICE_7SERIES.NO_BMM_INFO.SDP.CASCADED_PRIM36.ram_B_ENARDEN_cooolgate_en_gate_91/O
                         net (fo=1, routed)           0.504    16.435    u_fifo_wrap/u_fifo_generator_0/U0/inst_fifo_gen/gconvfifo.rf/grf.rf/gntv_or_sync_fifo.mem/gbm.gbmg.gbmga.ngecc.bmg/inst_blk_mem_gen/gnbram.gnativebmg.native_blk_mem_gen/valid.cstr/ramloop[22].ram.r/prim_noinit.ram/DEVICE_7SERIES.NO_BMM_INFO.SDP.CASCADED_PRIM36.ram_B_ENARDEN_cooolgate_en_sig_46
    RAMB36_X2Y0          RAMB36E1                                     r  u_fifo_wrap/u_fifo_generator_0/U0/inst_fifo_gen/gconvfifo.rf/grf.rf/gntv_or_sync_fifo.mem/gbm.gbmg.gbmga.ngecc.bmg/inst_blk_mem_gen/gnbram.gnativebmg.native_blk_mem_gen/valid.cstr/ramloop[22].ram.r/prim_noinit.ram/DEVICE_7SERIES.NO_BMM_INFO.SDP.CASCADED_PRIM36.ram_B/ENARDEN
  -------------------------------------------------------------------    -------------------

                         (clock adc_clk rise edge)   31.250    31.250 r  
    L16                                               0.000    31.250 r  adc_clk (IN)
                         net (fo=0)                   0.000    31.250    adc_clk
    L16                  IBUF (Prop_ibuf_I_O)         0.849    32.099 r  adc_clk_IBUF_inst/O
                         net (fo=1, routed)           1.961    34.060    adc_clk_IBUF
    BUFGCTRL_X0Y16       BUFG (Prop_bufg_I_O)         0.077    34.137 r  adc_clk_IBUF_BUFG_inst/O
                         net (fo=221, routed)         1.292    35.429    u_fifo_wrap/u_fifo_generator_0/U0/inst_fifo_gen/gconvfifo.rf/grf.rf/gntv_or_sync_fifo.mem/gbm.gbmg.gbmga.ngecc.bmg/inst_blk_mem_gen/gnbram.gnativebmg.native_blk_mem_gen/valid.cstr/ramloop[22].ram.r/prim_noinit.ram/wr_clk
    RAMB36_X2Y0          RAMB36E1                                     r  u_fifo_wrap/u_fifo_generator_0/U0/inst_fifo_gen/gconvfifo.rf/grf.rf/gntv_or_sync_fifo.mem/gbm.gbmg.gbmga.ngecc.bmg/inst_blk_mem_gen/gnbram.gnativebmg.native_blk_mem_gen/valid.cstr/ramloop[22].ram.r/prim_noinit.ram/DEVICE_7SERIES.NO_BMM_INFO.SDP.CASCADED_PRIM36.ram_B/CLKARDCLK
                         clock pessimism              0.435    35.864    
                         clock uncertainty           -0.035    35.829    
    RAMB36_X2Y0          RAMB36E1 (Setup_ramb36e1_CLKARDCLK_ENARDEN)
                                                     -0.546    35.283    u_fifo_wrap/u_fifo_generator_0/U0/inst_fifo_gen/gconvfifo.rf/grf.rf/gntv_or_sync_fifo.mem/gbm.gbmg.gbmga.ngecc.bmg/inst_blk_mem_gen/gnbram.gnativebmg.native_blk_mem_gen/valid.cstr/ramloop[22].ram.r/prim_noinit.ram/DEVICE_7SERIES.NO_BMM_INFO.SDP.CASCADED_PRIM36.ram_B
  -------------------------------------------------------------------
                         required time                         35.283    
                         arrival time                         -16.435    
  -------------------------------------------------------------------
                         slack                                 18.848    

Slack (MET) :             18.910ns  (required time - arrival time)
  Source:                 u_fifo_wrap/u_fifo_generator_0/U0/inst_fifo_gen/gconvfifo.rf/grf.rf/rstblk/ngwrdrst.grst.g7serrst.gsckt_wrst.gic_rst.wr_rst_busy_i_reg/C
                            (rising edge-triggered cell FDRE clocked by adc_clk  {rise@0.000ns fall@15.625ns period=31.250ns})
  Destination:            u_fifo_wrap/u_fifo_generator_0/U0/inst_fifo_gen/gconvfifo.rf/grf.rf/gntv_or_sync_fifo.mem/gbm.gbmg.gbmga.ngecc.bmg/inst_blk_mem_gen/gnbram.gnativebmg.native_blk_mem_gen/valid.cstr/ramloop[17].ram.r/prim_noinit.ram/DEVICE_7SERIES.NO_BMM_INFO.SDP.CASCADED_PRIM36.ram_B/ENARDEN
                            (rising edge-triggered cell RAMB36E1 clocked by adc_clk  {rise@0.000ns fall@15.625ns period=31.250ns})
  Path Group:             adc_clk
  Path Type:              Setup (Max at Slow Process Corner)
  Requirement:            31.250ns  (adc_clk rise@31.250ns - adc_clk rise@0.000ns)
  Data Path Delay:        11.983ns  (logic 0.799ns (6.668%)  route 11.184ns (93.332%))
  Logic Levels:           4  (LUT2=2 LUT3=1 LUT6=1)
  Clock Path Skew:        0.066ns (DCD - SCD + CPR)
    Destination Clock Delay (DCD):    4.249ns = ( 35.499 - 31.250 ) 
    Source Clock Delay      (SCD):    4.619ns
    Clock Pessimism Removal (CPR):    0.435ns
  Clock Uncertainty:      0.035ns  ((TSJ^2 + TIJ^2)^1/2 + DJ) / 2 + PE
    Total System Jitter     (TSJ):    0.071ns
    Total Input Jitter      (TIJ):    0.000ns
    Discrete Jitter          (DJ):    0.000ns
    Phase Error              (PE):    0.000ns

    Location             Delay type                Incr(ns)  Path(ns)    Netlist Resource(s)
  -------------------------------------------------------------------    -------------------
                         (clock adc_clk rise edge)    0.000     0.000 r  
    L16                                               0.000     0.000 r  adc_clk (IN)
                         net (fo=0)                   0.000     0.000    adc_clk
    L16                  IBUF (Prop_ibuf_I_O)         0.981     0.981 r  adc_clk_IBUF_inst/O
                         net (fo=1, routed)           2.160     3.141    adc_clk_IBUF
    BUFGCTRL_X0Y16       BUFG (Prop_bufg_I_O)         0.085     3.226 r  adc_clk_IBUF_BUFG_inst/O
                         net (fo=221, routed)         1.393     4.619    u_fifo_wrap/u_fifo_generator_0/U0/inst_fifo_gen/gconvfifo.rf/grf.rf/rstblk/wr_clk
    SLICE_X37Y27         FDRE                                         r  u_fifo_wrap/u_fifo_generator_0/U0/inst_fifo_gen/gconvfifo.rf/grf.rf/rstblk/ngwrdrst.grst.g7serrst.gsckt_wrst.gic_rst.wr_rst_busy_i_reg/C
  -------------------------------------------------------------------    -------------------
    SLICE_X37Y27         FDRE (Prop_fdre_C_Q)         0.379     4.998 f  u_fifo_wrap/u_fifo_generator_0/U0/inst_fifo_gen/gconvfifo.rf/grf.rf/rstblk/ngwrdrst.grst.g7serrst.gsckt_wrst.gic_rst.wr_rst_busy_i_reg/Q
                         net (fo=7, routed)           2.420     7.418    u_fifo_wrap/u_adc_write_controller/wr_rst_busy
    SLICE_X42Y86         LUT6 (Prop_lut6_I1_O)        0.105     7.523 r  u_fifo_wrap/u_adc_write_controller/u_fifo_generator_0_i_11/O
                         net (fo=15, routed)          3.961    11.484    u_fifo_wrap/u_fifo_generator_0/U0/inst_fifo_gen/gconvfifo.rf/grf.rf/gntv_or_sync_fifo.gl0.wr/gwas.wsts/wr_en
    SLICE_X26Y24         LUT2 (Prop_lut2_I0_O)        0.105    11.589 r  u_fifo_wrap/u_fifo_generator_0/U0/inst_fifo_gen/gconvfifo.rf/grf.rf/gntv_or_sync_fifo.gl0.wr/gwas.wsts/DEVICE_7SERIES.NO_BMM_INFO.SDP.SIMPLE_PRIM36.ram_i_5/O
                         net (fo=18, routed)          1.749    13.338    u_fifo_wrap/u_fifo_generator_0/U0/inst_fifo_gen/gconvfifo.rf/grf.rf/gntv_or_sync_fifo.mem/gbm.gbmg.gbmga.ngecc.bmg/inst_blk_mem_gen/gnbram.gnativebmg.native_blk_mem_gen/valid.cstr/ramloop[22].ram.r/prim_noinit.ram/DEVICE_7SERIES.NO_BMM_INFO.SDP.CASCADED_PRIM36.ram_T_0
    SLICE_X33Y24         LUT2 (Prop_lut2_I1_O)        0.105    13.443 r  u_fifo_wrap/u_fifo_generator_0/U0/inst_fifo_gen/gconvfifo.rf/grf.rf/gntv_or_sync_fifo.mem/gbm.gbmg.gbmga.ngecc.bmg/inst_blk_mem_gen/gnbram.gnativebmg.native_blk_mem_gen/valid.cstr/ramloop[22].ram.r/prim_noinit.ram/DEVICE_7SERIES.NO_BMM_INFO.SDP.CASCADED_PRIM36.ram_T_i_1/O
                         net (fo=7, routed)           2.363    15.806    u_fifo_wrap/u_fifo_generator_0/U0/inst_fifo_gen/gconvfifo.rf/grf.rf/gntv_or_sync_fifo.mem/gbm.gbmg.gbmga.ngecc.bmg/inst_blk_mem_gen/gnbram.gnativebmg.native_blk_mem_gen/valid.cstr/ramloop[17].ram.r/prim_noinit.ram/ENA
    SLICE_X32Y3          LUT3 (Prop_lut3_I0_O)        0.105    15.911 r  u_fifo_wrap/u_fifo_generator_0/U0/inst_fifo_gen/gconvfifo.rf/grf.rf/gntv_or_sync_fifo.mem/gbm.gbmg.gbmga.ngecc.bmg/inst_blk_mem_gen/gnbram.gnativebmg.native_blk_mem_gen/valid.cstr/ramloop[17].ram.r/prim_noinit.ram/DEVICE_7SERIES.NO_BMM_INFO.SDP.CASCADED_PRIM36.ram_B_ENARDEN_cooolgate_en_gate_83/O
                         net (fo=1, routed)           0.691    16.602    u_fifo_wrap/u_fifo_generator_0/U0/inst_fifo_gen/gconvfifo.rf/grf.rf/gntv_or_sync_fifo.mem/gbm.gbmg.gbmga.ngecc.bmg/inst_blk_mem_gen/gnbram.gnativebmg.native_blk_mem_gen/valid.cstr/ramloop[17].ram.r/prim_noinit.ram/DEVICE_7SERIES.NO_BMM_INFO.SDP.CASCADED_PRIM36.ram_B_ENARDEN_cooolgate_en_sig_42
    RAMB36_X1Y0          RAMB36E1                                     r  u_fifo_wrap/u_fifo_generator_0/U0/inst_fifo_gen/gconvfifo.rf/grf.rf/gntv_or_sync_fifo.mem/gbm.gbmg.gbmga.ngecc.bmg/inst_blk_mem_gen/gnbram.gnativebmg.native_blk_mem_gen/valid.cstr/ramloop[17].ram.r/prim_noinit.ram/DEVICE_7SERIES.NO_BMM_INFO.SDP.CASCADED_PRIM36.ram_B/ENARDEN
  -------------------------------------------------------------------    -------------------

                         (clock adc_clk rise edge)   31.250    31.250 r  
    L16                                               0.000    31.250 r  adc_clk (IN)
                         net (fo=0)                   0.000    31.250    adc_clk
    L16                  IBUF (Prop_ibuf_I_O)         0.849    32.099 r  adc_clk_IBUF_inst/O
                         net (fo=1, routed)           1.961    34.060    adc_clk_IBUF
    BUFGCTRL_X0Y16       BUFG (Prop_bufg_I_O)         0.077    34.137 r  adc_clk_IBUF_BUFG_inst/O
                         net (fo=221, routed)         1.362    35.499    u_fifo_wrap/u_fifo_generator_0/U0/inst_fifo_gen/gconvfifo.rf/grf.rf/gntv_or_sync_fifo.mem/gbm.gbmg.gbmga.ngecc.bmg/inst_blk_mem_gen/gnbram.gnativebmg.native_blk_mem_gen/valid.cstr/ramloop[17].ram.r/prim_noinit.ram/wr_clk
    RAMB36_X1Y0          RAMB36E1                                     r  u_fifo_wrap/u_fifo_generator_0/U0/inst_fifo_gen/gconvfifo.rf/grf.rf/gntv_or_sync_fifo.mem/gbm.gbmg.gbmga.ngecc.bmg/inst_blk_mem_gen/gnbram.gnativebmg.native_blk_mem_gen/valid.cstr/ramloop[17].ram.r/prim_noinit.ram/DEVICE_7SERIES.NO_BMM_INFO.SDP.CASCADED_PRIM36.ram_B/CLKARDCLK
                         clock pessimism              0.435    35.934    
                         clock uncertainty           -0.035    35.899    
    RAMB36_X1Y0          RAMB36E1 (Setup_ramb36e1_CLKARDCLK_ENARDEN)
                                                     -0.387    35.512    u_fifo_wrap/u_fifo_generator_0/U0/inst_fifo_gen/gconvfifo.rf/grf.rf/gntv_or_sync_fifo.mem/gbm.gbmg.gbmga.ngecc.bmg/inst_blk_mem_gen/gnbram.gnativebmg.native_blk_mem_gen/valid.cstr/ramloop[17].ram.r/prim_noinit.ram/DEVICE_7SERIES.NO_BMM_INFO.SDP.CASCADED_PRIM36.ram_B
  -------------------------------------------------------------------
                         required time                         35.512    
                         arrival time                         -16.602    
  -------------------------------------------------------------------
                         slack                                 18.910    

Slack (MET) :             19.303ns  (required time - arrival time)
  Source:                 u_fifo_wrap/u_fifo_generator_0/U0/inst_fifo_gen/gconvfifo.rf/grf.rf/rstblk/ngwrdrst.grst.g7serrst.gsckt_wrst.gic_rst.wr_rst_busy_i_reg/C
                            (rising edge-triggered cell FDRE clocked by adc_clk  {rise@0.000ns fall@15.625ns period=31.250ns})
  Destination:            u_fifo_wrap/u_fifo_generator_0/U0/inst_fifo_gen/gconvfifo.rf/grf.rf/gntv_or_sync_fifo.mem/gbm.gbmg.gbmga.ngecc.bmg/inst_blk_mem_gen/gnbram.gnativebmg.native_blk_mem_gen/valid.cstr/ramloop[19].ram.r/prim_noinit.ram/DEVICE_7SERIES.NO_BMM_INFO.SDP.CASCADED_PRIM36.ram_B/ENARDEN
                            (rising edge-triggered cell RAMB36E1 clocked by adc_clk  {rise@0.000ns fall@15.625ns period=31.250ns})
  Path Group:             adc_clk
  Path Type:              Setup (Max at Slow Process Corner)
  Requirement:            31.250ns  (adc_clk rise@31.250ns - adc_clk rise@0.000ns)
  Data Path Delay:        11.483ns  (logic 0.799ns (6.958%)  route 10.684ns (93.042%))
  Logic Levels:           4  (LUT2=2 LUT3=1 LUT6=1)
  Clock Path Skew:        -0.042ns (DCD - SCD + CPR)
    Destination Clock Delay (DCD):    4.226ns = ( 35.476 - 31.250 ) 
    Source Clock Delay      (SCD):    4.619ns
    Clock Pessimism Removal (CPR):    0.351ns
  Clock Uncertainty:      0.035ns  ((TSJ^2 + TIJ^2)^1/2 + DJ) / 2 + PE
    Total System Jitter     (TSJ):    0.071ns
    Total Input Jitter      (TIJ):    0.000ns
    Discrete Jitter          (DJ):    0.000ns
    Phase Error              (PE):    0.000ns

    Location             Delay type                Incr(ns)  Path(ns)    Netlist Resource(s)
  -------------------------------------------------------------------    -------------------
                         (clock adc_clk rise edge)    0.000     0.000 r  
    L16                                               0.000     0.000 r  adc_clk (IN)
                         net (fo=0)                   0.000     0.000    adc_clk
    L16                  IBUF (Prop_ibuf_I_O)         0.981     0.981 r  adc_clk_IBUF_inst/O
                         net (fo=1, routed)           2.160     3.141    adc_clk_IBUF
    BUFGCTRL_X0Y16       BUFG (Prop_bufg_I_O)         0.085     3.226 r  adc_clk_IBUF_BUFG_inst/O
                         net (fo=221, routed)         1.393     4.619    u_fifo_wrap/u_fifo_generator_0/U0/inst_fifo_gen/gconvfifo.rf/grf.rf/rstblk/wr_clk
    SLICE_X37Y27         FDRE                                         r  u_fifo_wrap/u_fifo_generator_0/U0/inst_fifo_gen/gconvfifo.rf/grf.rf/rstblk/ngwrdrst.grst.g7serrst.gsckt_wrst.gic_rst.wr_rst_busy_i_reg/C
  -------------------------------------------------------------------    -------------------
    SLICE_X37Y27         FDRE (Prop_fdre_C_Q)         0.379     4.998 f  u_fifo_wrap/u_fifo_generator_0/U0/inst_fifo_gen/gconvfifo.rf/grf.rf/rstblk/ngwrdrst.grst.g7serrst.gsckt_wrst.gic_rst.wr_rst_busy_i_reg/Q
                         net (fo=7, routed)           2.420     7.418    u_fifo_wrap/u_adc_write_controller/wr_rst_busy
    SLICE_X42Y86         LUT6 (Prop_lut6_I1_O)        0.105     7.523 r  u_fifo_wrap/u_adc_write_controller/u_fifo_generator_0_i_11/O
                         net (fo=15, routed)          3.961    11.484    u_fifo_wrap/u_fifo_generator_0/U0/inst_fifo_gen/gconvfifo.rf/grf.rf/gntv_or_sync_fifo.gl0.wr/gwas.wsts/wr_en
    SLICE_X26Y24         LUT2 (Prop_lut2_I0_O)        0.105    11.589 r  u_fifo_wrap/u_fifo_generator_0/U0/inst_fifo_gen/gconvfifo.rf/grf.rf/gntv_or_sync_fifo.gl0.wr/gwas.wsts/DEVICE_7SERIES.NO_BMM_INFO.SDP.SIMPLE_PRIM36.ram_i_5/O
                         net (fo=18, routed)          1.749    13.338    u_fifo_wrap/u_fifo_generator_0/U0/inst_fifo_gen/gconvfifo.rf/grf.rf/gntv_or_sync_fifo.mem/gbm.gbmg.gbmga.ngecc.bmg/inst_blk_mem_gen/gnbram.gnativebmg.native_blk_mem_gen/valid.cstr/ramloop[22].ram.r/prim_noinit.ram/DEVICE_7SERIES.NO_BMM_INFO.SDP.CASCADED_PRIM36.ram_T_0
    SLICE_X33Y24         LUT2 (Prop_lut2_I1_O)        0.105    13.443 r  u_fifo_wrap/u_fifo_generator_0/U0/inst_fifo_gen/gconvfifo.rf/grf.rf/gntv_or_sync_fifo.mem/gbm.gbmg.gbmga.ngecc.bmg/inst_blk_mem_gen/gnbram.gnativebmg.native_blk_mem_gen/valid.cstr/ramloop[22].ram.r/prim_noinit.ram/DEVICE_7SERIES.NO_BMM_INFO.SDP.CASCADED_PRIM36.ram_T_i_1/O
                         net (fo=7, routed)           1.909    15.352    u_fifo_wrap/u_fifo_generator_0/U0/inst_fifo_gen/gconvfifo.rf/grf.rf/gntv_or_sync_fifo.mem/gbm.gbmg.gbmga.ngecc.bmg/inst_blk_mem_gen/gnbram.gnativebmg.native_blk_mem_gen/valid.cstr/ramloop[19].ram.r/prim_noinit.ram/ENA
    SLICE_X50Y3          LUT3 (Prop_lut3_I0_O)        0.105    15.457 r  u_fifo_wrap/u_fifo_generator_0/U0/inst_fifo_gen/gconvfifo.rf/grf.rf/gntv_or_sync_fifo.mem/gbm.gbmg.gbmga.ngecc.bmg/inst_blk_mem_gen/gnbram.gnativebmg.native_blk_mem_gen/valid.cstr/ramloop[19].ram.r/prim_noinit.ram/DEVICE_7SERIES.NO_BMM_INFO.SDP.CASCADED_PRIM36.ram_B_ENARDEN_cooolgate_en_gate_85/O
                         net (fo=1, routed)           0.645    16.102    u_fifo_wrap/u_fifo_generator_0/U0/inst_fifo_gen/gconvfifo.rf/grf.rf/gntv_or_sync_fifo.mem/gbm.gbmg.gbmga.ngecc.bmg/inst_blk_mem_gen/gnbram.gnativebmg.native_blk_mem_gen/valid.cstr/ramloop[19].ram.r/prim_noinit.ram/DEVICE_7SERIES.NO_BMM_INFO.SDP.CASCADED_PRIM36.ram_B_ENARDEN_cooolgate_en_sig_43
    RAMB36_X3Y0          RAMB36E1                                     r  u_fifo_wrap/u_fifo_generator_0/U0/inst_fifo_gen/gconvfifo.rf/grf.rf/gntv_or_sync_fifo.mem/gbm.gbmg.gbmga.ngecc.bmg/inst_blk_mem_gen/gnbram.gnativebmg.native_blk_mem_gen/valid.cstr/ramloop[19].ram.r/prim_noinit.ram/DEVICE_7SERIES.NO_BMM_INFO.SDP.CASCADED_PRIM36.ram_B/ENARDEN
  -------------------------------------------------------------------    -------------------

                         (clock adc_clk rise edge)   31.250    31.250 r  
    L16                                               0.000    31.250 r  adc_clk (IN)
                         net (fo=0)                   0.000    31.250    adc_clk
    L16                  IBUF (Prop_ibuf_I_O)         0.849    32.099 r  adc_clk_IBUF_inst/O
                         net (fo=1, routed)           1.961    34.060    adc_clk_IBUF
    BUFGCTRL_X0Y16       BUFG (Prop_bufg_I_O)         0.077    34.137 r  adc_clk_IBUF_BUFG_inst/O
                         net (fo=221, routed)         1.339    35.476    u_fifo_wrap/u_fifo_generator_0/U0/inst_fifo_gen/gconvfifo.rf/grf.rf/gntv_or_sync_fifo.mem/gbm.gbmg.gbmga.ngecc.bmg/inst_blk_mem_gen/gnbram.gnativebmg.native_blk_mem_gen/valid.cstr/ramloop[19].ram.r/prim_noinit.ram/wr_clk
    RAMB36_X3Y0          RAMB36E1                                     r  u_fifo_wrap/u_fifo_generator_0/U0/inst_fifo_gen/gconvfifo.rf/grf.rf/gntv_or_sync_fifo.mem/gbm.gbmg.gbmga.ngecc.bmg/inst_blk_mem_gen/gnbram.gnativebmg.native_blk_mem_gen/valid.cstr/ramloop[19].ram.r/prim_noinit.ram/DEVICE_7SERIES.NO_BMM_INFO.SDP.CASCADED_PRIM36.ram_B/CLKARDCLK
                         clock pessimism              0.351    35.827    
                         clock uncertainty           -0.035    35.792    
    RAMB36_X3Y0          RAMB36E1 (Setup_ramb36e1_CLKARDCLK_ENARDEN)
                                                     -0.387    35.405    u_fifo_wrap/u_fifo_generator_0/U0/inst_fifo_gen/gconvfifo.rf/grf.rf/gntv_or_sync_fifo.mem/gbm.gbmg.gbmga.ngecc.bmg/inst_blk_mem_gen/gnbram.gnativebmg.native_blk_mem_gen/valid.cstr/ramloop[19].ram.r/prim_noinit.ram/DEVICE_7SERIES.NO_BMM_INFO.SDP.CASCADED_PRIM36.ram_B
  -------------------------------------------------------------------
                         required time                         35.405    
                         arrival time                         -16.102    
  -------------------------------------------------------------------
                         slack                                 19.303    

Slack (MET) :             19.369ns  (required time - arrival time)
  Source:                 u_fifo_wrap/u_fifo_generator_0/U0/inst_fifo_gen/gconvfifo.rf/grf.rf/rstblk/ngwrdrst.grst.g7serrst.gsckt_wrst.gic_rst.wr_rst_busy_i_reg/C
                            (rising edge-triggered cell FDRE clocked by adc_clk  {rise@0.000ns fall@15.625ns period=31.250ns})
  Destination:            u_fifo_wrap/u_fifo_generator_0/U0/inst_fifo_gen/gconvfifo.rf/grf.rf/gntv_or_sync_fifo.mem/gbm.gbmg.gbmga.ngecc.bmg/inst_blk_mem_gen/gnbram.gnativebmg.native_blk_mem_gen/valid.cstr/ramloop[20].ram.r/prim_noinit.ram/DEVICE_7SERIES.NO_BMM_INFO.SDP.CASCADED_PRIM36.ram_B/ENARDEN
                            (rising edge-triggered cell RAMB36E1 clocked by adc_clk  {rise@0.000ns fall@15.625ns period=31.250ns})
  Path Group:             adc_clk
  Path Type:              Setup (Max at Slow Process Corner)
  Requirement:            31.250ns  (adc_clk rise@31.250ns - adc_clk rise@0.000ns)
  Data Path Delay:        11.254ns  (logic 0.809ns (7.189%)  route 10.445ns (92.811%))
  Logic Levels:           4  (LUT2=2 LUT3=1 LUT6=1)
  Clock Path Skew:        -0.046ns (DCD - SCD + CPR)
    Destination Clock Delay (DCD):    4.222ns = ( 35.472 - 31.250 ) 
    Source Clock Delay      (SCD):    4.619ns
    Clock Pessimism Removal (CPR):    0.351ns
  Clock Uncertainty:      0.035ns  ((TSJ^2 + TIJ^2)^1/2 + DJ) / 2 + PE
    Total System Jitter     (TSJ):    0.071ns
    Total Input Jitter      (TIJ):    0.000ns
    Discrete Jitter          (DJ):    0.000ns
    Phase Error              (PE):    0.000ns

    Location             Delay type                Incr(ns)  Path(ns)    Netlist Resource(s)
  -------------------------------------------------------------------    -------------------
                         (clock adc_clk rise edge)    0.000     0.000 r  
    L16                                               0.000     0.000 r  adc_clk (IN)
                         net (fo=0)                   0.000     0.000    adc_clk
    L16                  IBUF (Prop_ibuf_I_O)         0.981     0.981 r  adc_clk_IBUF_inst/O
                         net (fo=1, routed)           2.160     3.141    adc_clk_IBUF
    BUFGCTRL_X0Y16       BUFG (Prop_bufg_I_O)         0.085     3.226 r  adc_clk_IBUF_BUFG_inst/O
                         net (fo=221, routed)         1.393     4.619    u_fifo_wrap/u_fifo_generator_0/U0/inst_fifo_gen/gconvfifo.rf/grf.rf/rstblk/wr_clk
    SLICE_X37Y27         FDRE                                         r  u_fifo_wrap/u_fifo_generator_0/U0/inst_fifo_gen/gconvfifo.rf/grf.rf/rstblk/ngwrdrst.grst.g7serrst.gsckt_wrst.gic_rst.wr_rst_busy_i_reg/C
  -------------------------------------------------------------------    -------------------
    SLICE_X37Y27         FDRE (Prop_fdre_C_Q)         0.379     4.998 f  u_fifo_wrap/u_fifo_generator_0/U0/inst_fifo_gen/gconvfifo.rf/grf.rf/rstblk/ngwrdrst.grst.g7serrst.gsckt_wrst.gic_rst.wr_rst_busy_i_reg/Q
                         net (fo=7, routed)           2.420     7.418    u_fifo_wrap/u_adc_write_controller/wr_rst_busy
    SLICE_X42Y86         LUT6 (Prop_lut6_I1_O)        0.105     7.523 r  u_fifo_wrap/u_adc_write_controller/u_fifo_generator_0_i_11/O
                         net (fo=15, routed)          3.961    11.484    u_fifo_wrap/u_fifo_generator_0/U0/inst_fifo_gen/gconvfifo.rf/grf.rf/gntv_or_sync_fifo.gl0.wr/gwas.wsts/wr_en
    SLICE_X26Y24         LUT2 (Prop_lut2_I0_O)        0.105    11.589 r  u_fifo_wrap/u_fifo_generator_0/U0/inst_fifo_gen/gconvfifo.rf/grf.rf/gntv_or_sync_fifo.gl0.wr/gwas.wsts/DEVICE_7SERIES.NO_BMM_INFO.SDP.SIMPLE_PRIM36.ram_i_5/O
                         net (fo=18, routed)          1.749    13.338    u_fifo_wrap/u_fifo_generator_0/U0/inst_fifo_gen/gconvfifo.rf/grf.rf/gntv_or_sync_fifo.mem/gbm.gbmg.gbmga.ngecc.bmg/inst_blk_mem_gen/gnbram.gnativebmg.native_blk_mem_gen/valid.cstr/ramloop[22].ram.r/prim_noinit.ram/DEVICE_7SERIES.NO_BMM_INFO.SDP.CASCADED_PRIM36.ram_T_0
    SLICE_X33Y24         LUT2 (Prop_lut2_I1_O)        0.105    13.443 r  u_fifo_wrap/u_fifo_generator_0/U0/inst_fifo_gen/gconvfifo.rf/grf.rf/gntv_or_sync_fifo.mem/gbm.gbmg.gbmga.ngecc.bmg/inst_blk_mem_gen/gnbram.gnativebmg.native_blk_mem_gen/valid.cstr/ramloop[22].ram.r/prim_noinit.ram/DEVICE_7SERIES.NO_BMM_INFO.SDP.CASCADED_PRIM36.ram_T_i_1/O
                         net (fo=7, routed)           1.461    14.905    u_fifo_wrap/u_fifo_generator_0/U0/inst_fifo_gen/gconvfifo.rf/grf.rf/gntv_or_sync_fifo.mem/gbm.gbmg.gbmga.ngecc.bmg/inst_blk_mem_gen/gnbram.gnativebmg.native_blk_mem_gen/valid.cstr/ramloop[20].ram.r/prim_noinit.ram/ENA
    SLICE_X50Y22         LUT3 (Prop_lut3_I0_O)        0.115    15.020 r  u_fifo_wrap/u_fifo_generator_0/U0/inst_fifo_gen/gconvfifo.rf/grf.rf/gntv_or_sync_fifo.mem/gbm.gbmg.gbmga.ngecc.bmg/inst_blk_mem_gen/gnbram.gnativebmg.native_blk_mem_gen/valid.cstr/ramloop[20].ram.r/prim_noinit.ram/DEVICE_7SERIES.NO_BMM_INFO.SDP.CASCADED_PRIM36.ram_B_ENARDEN_cooolgate_en_gate_87/O
                         net (fo=1, routed)           0.853    15.872    u_fifo_wrap/u_fifo_generator_0/U0/inst_fifo_gen/gconvfifo.rf/grf.rf/gntv_or_sync_fifo.mem/gbm.gbmg.gbmga.ngecc.bmg/inst_blk_mem_gen/gnbram.gnativebmg.native_blk_mem_gen/valid.cstr/ramloop[20].ram.r/prim_noinit.ram/DEVICE_7SERIES.NO_BMM_INFO.SDP.CASCADED_PRIM36.ram_B_ENARDEN_cooolgate_en_sig_44
    RAMB36_X3Y2          RAMB36E1                                     r  u_fifo_wrap/u_fifo_generator_0/U0/inst_fifo_gen/gconvfifo.rf/grf.rf/gntv_or_sync_fifo.mem/gbm.gbmg.gbmga.ngecc.bmg/inst_blk_mem_gen/gnbram.gnativebmg.native_blk_mem_gen/valid.cstr/ramloop[20].ram.r/prim_noinit.ram/DEVICE_7SERIES.NO_BMM_INFO.SDP.CASCADED_PRIM36.ram_B/ENARDEN
  -------------------------------------------------------------------    -------------------

                         (clock adc_clk rise edge)   31.250    31.250 r  
    L16                                               0.000    31.250 r  adc_clk (IN)
                         net (fo=0)                   0.000    31.250    adc_clk
    L16                  IBUF (Prop_ibuf_I_O)         0.849    32.099 r  adc_clk_IBUF_inst/O
                         net (fo=1, routed)           1.961    34.060    adc_clk_IBUF
    BUFGCTRL_X0Y16       BUFG (Prop_bufg_I_O)         0.077    34.137 r  adc_clk_IBUF_BUFG_inst/O
                         net (fo=221, routed)         1.335    35.472    u_fifo_wrap/u_fifo_generator_0/U0/inst_fifo_gen/gconvfifo.rf/grf.rf/gntv_or_sync_fifo.mem/gbm.gbmg.gbmga.ngecc.bmg/inst_blk_mem_gen/gnbram.gnativebmg.native_blk_mem_gen/valid.cstr/ramloop[20].ram.r/prim_noinit.ram/wr_clk
    RAMB36_X3Y2          RAMB36E1                                     r  u_fifo_wrap/u_fifo_generator_0/U0/inst_fifo_gen/gconvfifo.rf/grf.rf/gntv_or_sync_fifo.mem/gbm.gbmg.gbmga.ngecc.bmg/inst_blk_mem_gen/gnbram.gnativebmg.native_blk_mem_gen/valid.cstr/ramloop[20].ram.r/prim_noinit.ram/DEVICE_7SERIES.NO_BMM_INFO.SDP.CASCADED_PRIM36.ram_B/CLKARDCLK
                         clock pessimism              0.351    35.823    
                         clock uncertainty           -0.035    35.788    
    RAMB36_X3Y2          RAMB36E1 (Setup_ramb36e1_CLKARDCLK_ENARDEN)
                                                     -0.546    35.242    u_fifo_wrap/u_fifo_generator_0/U0/inst_fifo_gen/gconvfifo.rf/grf.rf/gntv_or_sync_fifo.mem/gbm.gbmg.gbmga.ngecc.bmg/inst_blk_mem_gen/gnbram.gnativebmg.native_blk_mem_gen/valid.cstr/ramloop[20].ram.r/prim_noinit.ram/DEVICE_7SERIES.NO_BMM_INFO.SDP.CASCADED_PRIM36.ram_B
  -------------------------------------------------------------------
                         required time                         35.242    
                         arrival time                         -15.872    
  -------------------------------------------------------------------
                         slack                                 19.369    

Slack (MET) :             19.554ns  (required time - arrival time)
  Source:                 u_fifo_wrap/u_fifo_generator_0/U0/inst_fifo_gen/gconvfifo.rf/grf.rf/rstblk/ngwrdrst.grst.g7serrst.gsckt_wrst.gic_rst.wr_rst_busy_i_reg/C
                            (rising edge-triggered cell FDRE clocked by adc_clk  {rise@0.000ns fall@15.625ns period=31.250ns})
  Destination:            u_fifo_wrap/u_fifo_generator_0/U0/inst_fifo_gen/gconvfifo.rf/grf.rf/gntv_or_sync_fifo.mem/gbm.gbmg.gbmga.ngecc.bmg/inst_blk_mem_gen/gnbram.gnativebmg.native_blk_mem_gen/valid.cstr/ramloop[18].ram.r/prim_noinit.ram/DEVICE_7SERIES.NO_BMM_INFO.SDP.CASCADED_PRIM36.ram_B/ENARDEN
                            (rising edge-triggered cell RAMB36E1 clocked by adc_clk  {rise@0.000ns fall@15.625ns period=31.250ns})
  Path Group:             adc_clk
  Path Type:              Setup (Max at Slow Process Corner)
  Requirement:            31.250ns  (adc_clk rise@31.250ns - adc_clk rise@0.000ns)
  Data Path Delay:        11.226ns  (logic 0.799ns (7.118%)  route 10.427ns (92.883%))
  Logic Levels:           4  (LUT2=2 LUT3=1 LUT6=1)
  Clock Path Skew:        -0.048ns (DCD - SCD + CPR)
    Destination Clock Delay (DCD):    4.220ns = ( 35.470 - 31.250 ) 
    Source Clock Delay      (SCD):    4.619ns
    Clock Pessimism Removal (CPR):    0.351ns
  Clock Uncertainty:      0.035ns  ((TSJ^2 + TIJ^2)^1/2 + DJ) / 2 + PE
    Total System Jitter     (TSJ):    0.071ns
    Total Input Jitter      (TIJ):    0.000ns
    Discrete Jitter          (DJ):    0.000ns
    Phase Error              (PE):    0.000ns

    Location             Delay type                Incr(ns)  Path(ns)    Netlist Resource(s)
  -------------------------------------------------------------------    -------------------
                         (clock adc_clk rise edge)    0.000     0.000 r  
    L16                                               0.000     0.000 r  adc_clk (IN)
                         net (fo=0)                   0.000     0.000    adc_clk
    L16                  IBUF (Prop_ibuf_I_O)         0.981     0.981 r  adc_clk_IBUF_inst/O
                         net (fo=1, routed)           2.160     3.141    adc_clk_IBUF
    BUFGCTRL_X0Y16       BUFG (Prop_bufg_I_O)         0.085     3.226 r  adc_clk_IBUF_BUFG_inst/O
                         net (fo=221, routed)         1.393     4.619    u_fifo_wrap/u_fifo_generator_0/U0/inst_fifo_gen/gconvfifo.rf/grf.rf/rstblk/wr_clk
    SLICE_X37Y27         FDRE                                         r  u_fifo_wrap/u_fifo_generator_0/U0/inst_fifo_gen/gconvfifo.rf/grf.rf/rstblk/ngwrdrst.grst.g7serrst.gsckt_wrst.gic_rst.wr_rst_busy_i_reg/C
  -------------------------------------------------------------------    -------------------
    SLICE_X37Y27         FDRE (Prop_fdre_C_Q)         0.379     4.998 f  u_fifo_wrap/u_fifo_generator_0/U0/inst_fifo_gen/gconvfifo.rf/grf.rf/rstblk/ngwrdrst.grst.g7serrst.gsckt_wrst.gic_rst.wr_rst_busy_i_reg/Q
                         net (fo=7, routed)           2.420     7.418    u_fifo_wrap/u_adc_write_controller/wr_rst_busy
    SLICE_X42Y86         LUT6 (Prop_lut6_I1_O)        0.105     7.523 r  u_fifo_wrap/u_adc_write_controller/u_fifo_generator_0_i_11/O
                         net (fo=15, routed)          3.961    11.484    u_fifo_wrap/u_fifo_generator_0/U0/inst_fifo_gen/gconvfifo.rf/grf.rf/gntv_or_sync_fifo.gl0.wr/gwas.wsts/wr_en
    SLICE_X26Y24         LUT2 (Prop_lut2_I0_O)        0.105    11.589 r  u_fifo_wrap/u_fifo_generator_0/U0/inst_fifo_gen/gconvfifo.rf/grf.rf/gntv_or_sync_fifo.gl0.wr/gwas.wsts/DEVICE_7SERIES.NO_BMM_INFO.SDP.SIMPLE_PRIM36.ram_i_5/O
                         net (fo=18, routed)          1.749    13.338    u_fifo_wrap/u_fifo_generator_0/U0/inst_fifo_gen/gconvfifo.rf/grf.rf/gntv_or_sync_fifo.mem/gbm.gbmg.gbmga.ngecc.bmg/inst_blk_mem_gen/gnbram.gnativebmg.native_blk_mem_gen/valid.cstr/ramloop[22].ram.r/prim_noinit.ram/DEVICE_7SERIES.NO_BMM_INFO.SDP.CASCADED_PRIM36.ram_T_0
    SLICE_X33Y24         LUT2 (Prop_lut2_I1_O)        0.105    13.443 r  u_fifo_wrap/u_fifo_generator_0/U0/inst_fifo_gen/gconvfifo.rf/grf.rf/gntv_or_sync_fifo.mem/gbm.gbmg.gbmga.ngecc.bmg/inst_blk_mem_gen/gnbram.gnativebmg.native_blk_mem_gen/valid.cstr/ramloop[22].ram.r/prim_noinit.ram/DEVICE_7SERIES.NO_BMM_INFO.SDP.CASCADED_PRIM36.ram_T_i_1/O
                         net (fo=7, routed)           1.461    14.905    u_fifo_wrap/u_fifo_generator_0/U0/inst_fifo_gen/gconvfifo.rf/grf.rf/gntv_or_sync_fifo.mem/gbm.gbmg.gbmga.ngecc.bmg/inst_blk_mem_gen/gnbram.gnativebmg.native_blk_mem_gen/valid.cstr/ramloop[18].ram.r/prim_noinit.ram/ENA
    SLICE_X50Y22         LUT3 (Prop_lut3_I0_O)        0.105    15.010 r  u_fifo_wrap/u_fifo_generator_0/U0/inst_fifo_gen/gconvfifo.rf/grf.rf/gntv_or_sync_fifo.mem/gbm.gbmg.gbmga.ngecc.bmg/inst_blk_mem_gen/gnbram.gnativebmg.native_blk_mem_gen/valid.cstr/ramloop[18].ram.r/prim_noinit.ram/DEVICE_7SERIES.NO_BMM_INFO.SDP.CASCADED_PRIM36.ram_B_ENARDEN_cooolgate_en_gate_17/O
                         net (fo=1, routed)           0.835    15.844    u_fifo_wrap/u_fifo_generator_0/U0/inst_fifo_gen/gconvfifo.rf/grf.rf/gntv_or_sync_fifo.mem/gbm.gbmg.gbmga.ngecc.bmg/inst_blk_mem_gen/gnbram.gnativebmg.native_blk_mem_gen/valid.cstr/ramloop[18].ram.r/prim_noinit.ram/DEVICE_7SERIES.NO_BMM_INFO.SDP.CASCADED_PRIM36.ram_B_ENARDEN_cooolgate_en_sig_9
    RAMB36_X3Y6          RAMB36E1                                     r  u_fifo_wrap/u_fifo_generator_0/U0/inst_fifo_gen/gconvfifo.rf/grf.rf/gntv_or_sync_fifo.mem/gbm.gbmg.gbmga.ngecc.bmg/inst_blk_mem_gen/gnbram.gnativebmg.native_blk_mem_gen/valid.cstr/ramloop[18].ram.r/prim_noinit.ram/DEVICE_7SERIES.NO_BMM_INFO.SDP.CASCADED_PRIM36.ram_B/ENARDEN
  -------------------------------------------------------------------    -------------------

                         (clock adc_clk rise edge)   31.250    31.250 r  
    L16                                               0.000    31.250 r  adc_clk (IN)
                         net (fo=0)                   0.000    31.250    adc_clk
    L16                  IBUF (Prop_ibuf_I_O)         0.849    32.099 r  adc_clk_IBUF_inst/O
                         net (fo=1, routed)           1.961    34.060    adc_clk_IBUF
    BUFGCTRL_X0Y16       BUFG (Prop_bufg_I_O)         0.077    34.137 r  adc_clk_IBUF_BUFG_inst/O
                         net (fo=221, routed)         1.333    35.470    u_fifo_wrap/u_fifo_generator_0/U0/inst_fifo_gen/gconvfifo.rf/grf.rf/gntv_or_sync_fifo.mem/gbm.gbmg.gbmga.ngecc.bmg/inst_blk_mem_gen/gnbram.gnativebmg.native_blk_mem_gen/valid.cstr/ramloop[18].ram.r/prim_noinit.ram/wr_clk
    RAMB36_X3Y6          RAMB36E1                                     r  u_fifo_wrap/u_fifo_generator_0/U0/inst_fifo_gen/gconvfifo.rf/grf.rf/gntv_or_sync_fifo.mem/gbm.gbmg.gbmga.ngecc.bmg/inst_blk_mem_gen/gnbram.gnativebmg.native_blk_mem_gen/valid.cstr/ramloop[18].ram.r/prim_noinit.ram/DEVICE_7SERIES.NO_BMM_INFO.SDP.CASCADED_PRIM36.ram_B/CLKARDCLK
                         clock pessimism              0.351    35.821    
                         clock uncertainty           -0.035    35.786    
    RAMB36_X3Y6          RAMB36E1 (Setup_ramb36e1_CLKARDCLK_ENARDEN)
                                                     -0.387    35.399    u_fifo_wrap/u_fifo_generator_0/U0/inst_fifo_gen/gconvfifo.rf/grf.rf/gntv_or_sync_fifo.mem/gbm.gbmg.gbmga.ngecc.bmg/inst_blk_mem_gen/gnbram.gnativebmg.native_blk_mem_gen/valid.cstr/ramloop[18].ram.r/prim_noinit.ram/DEVICE_7SERIES.NO_BMM_INFO.SDP.CASCADED_PRIM36.ram_B
  -------------------------------------------------------------------
                         required time                         35.399    
                         arrival time                         -15.844    
  -------------------------------------------------------------------
                         slack                                 19.554    

Slack (MET) :             19.611ns  (required time - arrival time)
  Source:                 u_fifo_wrap/u_fifo_generator_0/U0/inst_fifo_gen/gconvfifo.rf/grf.rf/rstblk/ngwrdrst.grst.g7serrst.gsckt_wrst.gic_rst.wr_rst_busy_i_reg/C
                            (rising edge-triggered cell FDRE clocked by adc_clk  {rise@0.000ns fall@15.625ns period=31.250ns})
  Destination:            u_fifo_wrap/u_fifo_generator_0/U0/inst_fifo_gen/gconvfifo.rf/grf.rf/gntv_or_sync_fifo.mem/gbm.gbmg.gbmga.ngecc.bmg/inst_blk_mem_gen/gnbram.gnativebmg.native_blk_mem_gen/valid.cstr/ramloop[16].ram.r/prim_noinit.ram/DEVICE_7SERIES.NO_BMM_INFO.SDP.CASCADED_PRIM36.ram_B/ENARDEN
                            (rising edge-triggered cell RAMB36E1 clocked by adc_clk  {rise@0.000ns fall@15.625ns period=31.250ns})
  Path Group:             adc_clk
  Path Type:              Setup (Max at Slow Process Corner)
  Requirement:            31.250ns  (adc_clk rise@31.250ns - adc_clk rise@0.000ns)
  Data Path Delay:        11.209ns  (logic 0.799ns (7.128%)  route 10.410ns (92.872%))
  Logic Levels:           4  (LUT2=2 LUT3=1 LUT6=1)
  Clock Path Skew:        -0.007ns (DCD - SCD + CPR)
    Destination Clock Delay (DCD):    4.176ns = ( 35.426 - 31.250 ) 
    Source Clock Delay      (SCD):    4.619ns
    Clock Pessimism Removal (CPR):    0.435ns
  Clock Uncertainty:      0.035ns  ((TSJ^2 + TIJ^2)^1/2 + DJ) / 2 + PE
    Total System Jitter     (TSJ):    0.071ns
    Total Input Jitter      (TIJ):    0.000ns
    Discrete Jitter          (DJ):    0.000ns
    Phase Error              (PE):    0.000ns

    Location             Delay type                Incr(ns)  Path(ns)    Netlist Resource(s)
  -------------------------------------------------------------------    -------------------
                         (clock adc_clk rise edge)    0.000     0.000 r  
    L16                                               0.000     0.000 r  adc_clk (IN)
                         net (fo=0)                   0.000     0.000    adc_clk
    L16                  IBUF (Prop_ibuf_I_O)         0.981     0.981 r  adc_clk_IBUF_inst/O
                         net (fo=1, routed)           2.160     3.141    adc_clk_IBUF
    BUFGCTRL_X0Y16       BUFG (Prop_bufg_I_O)         0.085     3.226 r  adc_clk_IBUF_BUFG_inst/O
                         net (fo=221, routed)         1.393     4.619    u_fifo_wrap/u_fifo_generator_0/U0/inst_fifo_gen/gconvfifo.rf/grf.rf/rstblk/wr_clk
    SLICE_X37Y27         FDRE                                         r  u_fifo_wrap/u_fifo_generator_0/U0/inst_fifo_gen/gconvfifo.rf/grf.rf/rstblk/ngwrdrst.grst.g7serrst.gsckt_wrst.gic_rst.wr_rst_busy_i_reg/C
  -------------------------------------------------------------------    -------------------
    SLICE_X37Y27         FDRE (Prop_fdre_C_Q)         0.379     4.998 f  u_fifo_wrap/u_fifo_generator_0/U0/inst_fifo_gen/gconvfifo.rf/grf.rf/rstblk/ngwrdrst.grst.g7serrst.gsckt_wrst.gic_rst.wr_rst_busy_i_reg/Q
                         net (fo=7, routed)           2.420     7.418    u_fifo_wrap/u_adc_write_controller/wr_rst_busy
    SLICE_X42Y86         LUT6 (Prop_lut6_I1_O)        0.105     7.523 r  u_fifo_wrap/u_adc_write_controller/u_fifo_generator_0_i_11/O
                         net (fo=15, routed)          3.961    11.484    u_fifo_wrap/u_fifo_generator_0/U0/inst_fifo_gen/gconvfifo.rf/grf.rf/gntv_or_sync_fifo.gl0.wr/gwas.wsts/wr_en
    SLICE_X26Y24         LUT2 (Prop_lut2_I0_O)        0.105    11.589 r  u_fifo_wrap/u_fifo_generator_0/U0/inst_fifo_gen/gconvfifo.rf/grf.rf/gntv_or_sync_fifo.gl0.wr/gwas.wsts/DEVICE_7SERIES.NO_BMM_INFO.SDP.SIMPLE_PRIM36.ram_i_5/O
                         net (fo=18, routed)          1.749    13.338    u_fifo_wrap/u_fifo_generator_0/U0/inst_fifo_gen/gconvfifo.rf/grf.rf/gntv_or_sync_fifo.mem/gbm.gbmg.gbmga.ngecc.bmg/inst_blk_mem_gen/gnbram.gnativebmg.native_blk_mem_gen/valid.cstr/ramloop[22].ram.r/prim_noinit.ram/DEVICE_7SERIES.NO_BMM_INFO.SDP.CASCADED_PRIM36.ram_T_0
    SLICE_X33Y24         LUT2 (Prop_lut2_I1_O)        0.105    13.443 r  u_fifo_wrap/u_fifo_generator_0/U0/inst_fifo_gen/gconvfifo.rf/grf.rf/gntv_or_sync_fifo.mem/gbm.gbmg.gbmga.ngecc.bmg/inst_blk_mem_gen/gnbram.gnativebmg.native_blk_mem_gen/valid.cstr/ramloop[22].ram.r/prim_noinit.ram/DEVICE_7SERIES.NO_BMM_INFO.SDP.CASCADED_PRIM36.ram_T_i_1/O
                         net (fo=7, routed)           1.188    14.632    u_fifo_wrap/u_fifo_generator_0/U0/inst_fifo_gen/gconvfifo.rf/grf.rf/gntv_or_sync_fifo.mem/gbm.gbmg.gbmga.ngecc.bmg/inst_blk_mem_gen/gnbram.gnativebmg.native_blk_mem_gen/valid.cstr/ramloop[16].ram.r/prim_noinit.ram/ENA
    SLICE_X46Y22         LUT3 (Prop_lut3_I0_O)        0.105    14.737 r  u_fifo_wrap/u_fifo_generator_0/U0/inst_fifo_gen/gconvfifo.rf/grf.rf/gntv_or_sync_fifo.mem/gbm.gbmg.gbmga.ngecc.bmg/inst_blk_mem_gen/gnbram.gnativebmg.native_blk_mem_gen/valid.cstr/ramloop[16].ram.r/prim_noinit.ram/DEVICE_7SERIES.NO_BMM_INFO.SDP.CASCADED_PRIM36.ram_B_ENARDEN_cooolgate_en_gate_15/O
                         net (fo=1, routed)           1.091    15.828    u_fifo_wrap/u_fifo_generator_0/U0/inst_fifo_gen/gconvfifo.rf/grf.rf/gntv_or_sync_fifo.mem/gbm.gbmg.gbmga.ngecc.bmg/inst_blk_mem_gen/gnbram.gnativebmg.native_blk_mem_gen/valid.cstr/ramloop[16].ram.r/prim_noinit.ram/DEVICE_7SERIES.NO_BMM_INFO.SDP.CASCADED_PRIM36.ram_B_ENARDEN_cooolgate_en_sig_8
    RAMB36_X2Y7          RAMB36E1                                     r  u_fifo_wrap/u_fifo_generator_0/U0/inst_fifo_gen/gconvfifo.rf/grf.rf/gntv_or_sync_fifo.mem/gbm.gbmg.gbmga.ngecc.bmg/inst_blk_mem_gen/gnbram.gnativebmg.native_blk_mem_gen/valid.cstr/ramloop[16].ram.r/prim_noinit.ram/DEVICE_7SERIES.NO_BMM_INFO.SDP.CASCADED_PRIM36.ram_B/ENARDEN
  -------------------------------------------------------------------    -------------------

                         (clock adc_clk rise edge)   31.250    31.250 r  
    L16                                               0.000    31.250 r  adc_clk (IN)
                         net (fo=0)                   0.000    31.250    adc_clk
    L16                  IBUF (Prop_ibuf_I_O)         0.849    32.099 r  adc_clk_IBUF_inst/O
                         net (fo=1, routed)           1.961    34.060    adc_clk_IBUF
    BUFGCTRL_X0Y16       BUFG (Prop_bufg_I_O)         0.077    34.137 r  adc_clk_IBUF_BUFG_inst/O
                         net (fo=221, routed)         1.289    35.426    u_fifo_wrap/u_fifo_generator_0/U0/inst_fifo_gen/gconvfifo.rf/grf.rf/gntv_or_sync_fifo.mem/gbm.gbmg.gbmga.ngecc.bmg/inst_blk_mem_gen/gnbram.gnativebmg.native_blk_mem_gen/valid.cstr/ramloop[16].ram.r/prim_noinit.ram/wr_clk
    RAMB36_X2Y7          RAMB36E1                                     r  u_fifo_wrap/u_fifo_generator_0/U0/inst_fifo_gen/gconvfifo.rf/grf.rf/gntv_or_sync_fifo.mem/gbm.gbmg.gbmga.ngecc.bmg/inst_blk_mem_gen/gnbram.gnativebmg.native_blk_mem_gen/valid.cstr/ramloop[16].ram.r/prim_noinit.ram/DEVICE_7SERIES.NO_BMM_INFO.SDP.CASCADED_PRIM36.ram_B/CLKARDCLK
                         clock pessimism              0.435    35.861    
                         clock uncertainty           -0.035    35.826    
    RAMB36_X2Y7          RAMB36E1 (Setup_ramb36e1_CLKARDCLK_ENARDEN)
                                                     -0.387    35.439    u_fifo_wrap/u_fifo_generator_0/U0/inst_fifo_gen/gconvfifo.rf/grf.rf/gntv_or_sync_fifo.mem/gbm.gbmg.gbmga.ngecc.bmg/inst_blk_mem_gen/gnbram.gnativebmg.native_blk_mem_gen/valid.cstr/ramloop[16].ram.r/prim_noinit.ram/DEVICE_7SERIES.NO_BMM_INFO.SDP.CASCADED_PRIM36.ram_B
  -------------------------------------------------------------------
                         required time                         35.439    
                         arrival time                         -15.828    
  -------------------------------------------------------------------
                         slack                                 19.611    

Slack (MET) :             19.690ns  (required time - arrival time)
  Source:                 u_fifo_wrap/u_fifo_generator_0/U0/inst_fifo_gen/gconvfifo.rf/grf.rf/rstblk/ngwrdrst.grst.g7serrst.gsckt_wrst.gic_rst.wr_rst_busy_i_reg/C
                            (rising edge-triggered cell FDRE clocked by adc_clk  {rise@0.000ns fall@15.625ns period=31.250ns})
  Destination:            u_fifo_wrap/u_fifo_generator_0/U0/inst_fifo_gen/gconvfifo.rf/grf.rf/gntv_or_sync_fifo.mem/gbm.gbmg.gbmga.ngecc.bmg/inst_blk_mem_gen/gnbram.gnativebmg.native_blk_mem_gen/valid.cstr/ramloop[21].ram.r/prim_noinit.ram/DEVICE_7SERIES.NO_BMM_INFO.SDP.CASCADED_PRIM36.ram_B/ENARDEN
                            (rising edge-triggered cell RAMB36E1 clocked by adc_clk  {rise@0.000ns fall@15.625ns period=31.250ns})
  Path Group:             adc_clk
  Path Type:              Setup (Max at Slow Process Corner)
  Requirement:            31.250ns  (adc_clk rise@31.250ns - adc_clk rise@0.000ns)
  Data Path Delay:        10.924ns  (logic 0.809ns (7.406%)  route 10.115ns (92.594%))
  Logic Levels:           4  (LUT2=2 LUT3=1 LUT6=1)
  Clock Path Skew:        -0.056ns (DCD - SCD + CPR)
    Destination Clock Delay (DCD):    4.212ns = ( 35.462 - 31.250 ) 
    Source Clock Delay      (SCD):    4.619ns
    Clock Pessimism Removal (CPR):    0.351ns
  Clock Uncertainty:      0.035ns  ((TSJ^2 + TIJ^2)^1/2 + DJ) / 2 + PE
    Total System Jitter     (TSJ):    0.071ns
    Total Input Jitter      (TIJ):    0.000ns
    Discrete Jitter          (DJ):    0.000ns
    Phase Error              (PE):    0.000ns

    Location             Delay type                Incr(ns)  Path(ns)    Netlist Resource(s)
  -------------------------------------------------------------------    -------------------
                         (clock adc_clk rise edge)    0.000     0.000 r  
    L16                                               0.000     0.000 r  adc_clk (IN)
                         net (fo=0)                   0.000     0.000    adc_clk
    L16                  IBUF (Prop_ibuf_I_O)         0.981     0.981 r  adc_clk_IBUF_inst/O
                         net (fo=1, routed)           2.160     3.141    adc_clk_IBUF
    BUFGCTRL_X0Y16       BUFG (Prop_bufg_I_O)         0.085     3.226 r  adc_clk_IBUF_BUFG_inst/O
                         net (fo=221, routed)         1.393     4.619    u_fifo_wrap/u_fifo_generator_0/U0/inst_fifo_gen/gconvfifo.rf/grf.rf/rstblk/wr_clk
    SLICE_X37Y27         FDRE                                         r  u_fifo_wrap/u_fifo_generator_0/U0/inst_fifo_gen/gconvfifo.rf/grf.rf/rstblk/ngwrdrst.grst.g7serrst.gsckt_wrst.gic_rst.wr_rst_busy_i_reg/C
  -------------------------------------------------------------------    -------------------
    SLICE_X37Y27         FDRE (Prop_fdre_C_Q)         0.379     4.998 f  u_fifo_wrap/u_fifo_generator_0/U0/inst_fifo_gen/gconvfifo.rf/grf.rf/rstblk/ngwrdrst.grst.g7serrst.gsckt_wrst.gic_rst.wr_rst_busy_i_reg/Q
                         net (fo=7, routed)           2.420     7.418    u_fifo_wrap/u_adc_write_controller/wr_rst_busy
    SLICE_X42Y86         LUT6 (Prop_lut6_I1_O)        0.105     7.523 r  u_fifo_wrap/u_adc_write_controller/u_fifo_generator_0_i_11/O
                         net (fo=15, routed)          3.961    11.484    u_fifo_wrap/u_fifo_generator_0/U0/inst_fifo_gen/gconvfifo.rf/grf.rf/gntv_or_sync_fifo.gl0.wr/gwas.wsts/wr_en
    SLICE_X26Y24         LUT2 (Prop_lut2_I0_O)        0.105    11.589 r  u_fifo_wrap/u_fifo_generator_0/U0/inst_fifo_gen/gconvfifo.rf/grf.rf/gntv_or_sync_fifo.gl0.wr/gwas.wsts/DEVICE_7SERIES.NO_BMM_INFO.SDP.SIMPLE_PRIM36.ram_i_5/O
                         net (fo=18, routed)          1.749    13.338    u_fifo_wrap/u_fifo_generator_0/U0/inst_fifo_gen/gconvfifo.rf/grf.rf/gntv_or_sync_fifo.mem/gbm.gbmg.gbmga.ngecc.bmg/inst_blk_mem_gen/gnbram.gnativebmg.native_blk_mem_gen/valid.cstr/ramloop[22].ram.r/prim_noinit.ram/DEVICE_7SERIES.NO_BMM_INFO.SDP.CASCADED_PRIM36.ram_T_0
    SLICE_X33Y24         LUT2 (Prop_lut2_I1_O)        0.105    13.443 r  u_fifo_wrap/u_fifo_generator_0/U0/inst_fifo_gen/gconvfifo.rf/grf.rf/gntv_or_sync_fifo.mem/gbm.gbmg.gbmga.ngecc.bmg/inst_blk_mem_gen/gnbram.gnativebmg.native_blk_mem_gen/valid.cstr/ramloop[22].ram.r/prim_noinit.ram/DEVICE_7SERIES.NO_BMM_INFO.SDP.CASCADED_PRIM36.ram_T_i_1/O
                         net (fo=7, routed)           1.188    14.632    u_fifo_wrap/u_fifo_generator_0/U0/inst_fifo_gen/gconvfifo.rf/grf.rf/gntv_or_sync_fifo.mem/gbm.gbmg.gbmga.ngecc.bmg/inst_blk_mem_gen/gnbram.gnativebmg.native_blk_mem_gen/valid.cstr/ramloop[21].ram.r/prim_noinit.ram/ENA
    SLICE_X46Y22         LUT3 (Prop_lut3_I0_O)        0.115    14.747 r  u_fifo_wrap/u_fifo_generator_0/U0/inst_fifo_gen/gconvfifo.rf/grf.rf/gntv_or_sync_fifo.mem/gbm.gbmg.gbmga.ngecc.bmg/inst_blk_mem_gen/gnbram.gnativebmg.native_blk_mem_gen/valid.cstr/ramloop[21].ram.r/prim_noinit.ram/DEVICE_7SERIES.NO_BMM_INFO.SDP.CASCADED_PRIM36.ram_B_ENARDEN_cooolgate_en_gate_89/O
                         net (fo=1, routed)           0.795    15.542    u_fifo_wrap/u_fifo_generator_0/U0/inst_fifo_gen/gconvfifo.rf/grf.rf/gntv_or_sync_fifo.mem/gbm.gbmg.gbmga.ngecc.bmg/inst_blk_mem_gen/gnbram.gnativebmg.native_blk_mem_gen/valid.cstr/ramloop[21].ram.r/prim_noinit.ram/DEVICE_7SERIES.NO_BMM_INFO.SDP.CASCADED_PRIM36.ram_B_ENARDEN_cooolgate_en_sig_45
    RAMB36_X3Y4          RAMB36E1                                     r  u_fifo_wrap/u_fifo_generator_0/U0/inst_fifo_gen/gconvfifo.rf/grf.rf/gntv_or_sync_fifo.mem/gbm.gbmg.gbmga.ngecc.bmg/inst_blk_mem_gen/gnbram.gnativebmg.native_blk_mem_gen/valid.cstr/ramloop[21].ram.r/prim_noinit.ram/DEVICE_7SERIES.NO_BMM_INFO.SDP.CASCADED_PRIM36.ram_B/ENARDEN
  -------------------------------------------------------------------    -------------------

                         (clock adc_clk rise edge)   31.250    31.250 r  
    L16                                               0.000    31.250 r  adc_clk (IN)
                         net (fo=0)                   0.000    31.250    adc_clk
    L16                  IBUF (Prop_ibuf_I_O)         0.849    32.099 r  adc_clk_IBUF_inst/O
                         net (fo=1, routed)           1.961    34.060    adc_clk_IBUF
    BUFGCTRL_X0Y16       BUFG (Prop_bufg_I_O)         0.077    34.137 r  adc_clk_IBUF_BUFG_inst/O
                         net (fo=221, routed)         1.325    35.462    u_fifo_wrap/u_fifo_generator_0/U0/inst_fifo_gen/gconvfifo.rf/grf.rf/gntv_or_sync_fifo.mem/gbm.gbmg.gbmga.ngecc.bmg/inst_blk_mem_gen/gnbram.gnativebmg.native_blk_mem_gen/valid.cstr/ramloop[21].ram.r/prim_noinit.ram/wr_clk
    RAMB36_X3Y4          RAMB36E1                                     r  u_fifo_wrap/u_fifo_generator_0/U0/inst_fifo_gen/gconvfifo.rf/grf.rf/gntv_or_sync_fifo.mem/gbm.gbmg.gbmga.ngecc.bmg/inst_blk_mem_gen/gnbram.gnativebmg.native_blk_mem_gen/valid.cstr/ramloop[21].ram.r/prim_noinit.ram/DEVICE_7SERIES.NO_BMM_INFO.SDP.CASCADED_PRIM36.ram_B/CLKARDCLK
                         clock pessimism              0.351    35.813    
                         clock uncertainty           -0.035    35.778    
    RAMB36_X3Y4          RAMB36E1 (Setup_ramb36e1_CLKARDCLK_ENARDEN)
                                                     -0.546    35.232    u_fifo_wrap/u_fifo_generator_0/U0/inst_fifo_gen/gconvfifo.rf/grf.rf/gntv_or_sync_fifo.mem/gbm.gbmg.gbmga.ngecc.bmg/inst_blk_mem_gen/gnbram.gnativebmg.native_blk_mem_gen/valid.cstr/ramloop[21].ram.r/prim_noinit.ram/DEVICE_7SERIES.NO_BMM_INFO.SDP.CASCADED_PRIM36.ram_B
  -------------------------------------------------------------------
                         required time                         35.232    
                         arrival time                         -15.542    
  -------------------------------------------------------------------
                         slack                                 19.690    

Slack (MET) :             19.797ns  (required time - arrival time)
  Source:                 u_fifo_wrap/u_fifo_generator_0/U0/inst_fifo_gen/gconvfifo.rf/grf.rf/rstblk/ngwrdrst.grst.g7serrst.gsckt_wrst.gic_rst.wr_rst_busy_i_reg/C
                            (rising edge-triggered cell FDRE clocked by adc_clk  {rise@0.000ns fall@15.625ns period=31.250ns})
  Destination:            u_fifo_wrap/u_fifo_generator_0/U0/inst_fifo_gen/gconvfifo.rf/grf.rf/gntv_or_sync_fifo.mem/gbm.gbmg.gbmga.ngecc.bmg/inst_blk_mem_gen/gnbram.gnativebmg.native_blk_mem_gen/valid.cstr/ramloop[4].ram.r/prim_noinit.ram/DEVICE_7SERIES.NO_BMM_INFO.SDP.SIMPLE_PRIM36.ram/ENARDEN
                            (rising edge-triggered cell RAMB36E1 clocked by adc_clk  {rise@0.000ns fall@15.625ns period=31.250ns})
  Path Group:             adc_clk
  Path Type:              Setup (Max at Slow Process Corner)
  Requirement:            31.250ns  (adc_clk rise@31.250ns - adc_clk rise@0.000ns)
  Data Path Delay:        11.092ns  (logic 0.799ns (7.203%)  route 10.293ns (92.797%))
  Logic Levels:           4  (LUT2=2 LUT6=2)
  Clock Path Skew:        0.062ns (DCD - SCD + CPR)
    Destination Clock Delay (DCD):    4.245ns = ( 35.495 - 31.250 ) 
    Source Clock Delay      (SCD):    4.619ns
    Clock Pessimism Removal (CPR):    0.435ns
  Clock Uncertainty:      0.035ns  ((TSJ^2 + TIJ^2)^1/2 + DJ) / 2 + PE
    Total System Jitter     (TSJ):    0.071ns
    Total Input Jitter      (TIJ):    0.000ns
    Discrete Jitter          (DJ):    0.000ns
    Phase Error              (PE):    0.000ns

    Location             Delay type                Incr(ns)  Path(ns)    Netlist Resource(s)
  -------------------------------------------------------------------    -------------------
                         (clock adc_clk rise edge)    0.000     0.000 r  
    L16                                               0.000     0.000 r  adc_clk (IN)
                         net (fo=0)                   0.000     0.000    adc_clk
    L16                  IBUF (Prop_ibuf_I_O)         0.981     0.981 r  adc_clk_IBUF_inst/O
                         net (fo=1, routed)           2.160     3.141    adc_clk_IBUF
    BUFGCTRL_X0Y16       BUFG (Prop_bufg_I_O)         0.085     3.226 r  adc_clk_IBUF_BUFG_inst/O
                         net (fo=221, routed)         1.393     4.619    u_fifo_wrap/u_fifo_generator_0/U0/inst_fifo_gen/gconvfifo.rf/grf.rf/rstblk/wr_clk
    SLICE_X37Y27         FDRE                                         r  u_fifo_wrap/u_fifo_generator_0/U0/inst_fifo_gen/gconvfifo.rf/grf.rf/rstblk/ngwrdrst.grst.g7serrst.gsckt_wrst.gic_rst.wr_rst_busy_i_reg/C
  -------------------------------------------------------------------    -------------------
    SLICE_X37Y27         FDRE (Prop_fdre_C_Q)         0.379     4.998 f  u_fifo_wrap/u_fifo_generator_0/U0/inst_fifo_gen/gconvfifo.rf/grf.rf/rstblk/ngwrdrst.grst.g7serrst.gsckt_wrst.gic_rst.wr_rst_busy_i_reg/Q
                         net (fo=7, routed)           2.420     7.418    u_fifo_wrap/u_adc_write_controller/wr_rst_busy
    SLICE_X42Y86         LUT6 (Prop_lut6_I1_O)        0.105     7.523 r  u_fifo_wrap/u_adc_write_controller/u_fifo_generator_0_i_11/O
                         net (fo=15, routed)          3.961    11.484    u_fifo_wrap/u_fifo_generator_0/U0/inst_fifo_gen/gconvfifo.rf/grf.rf/gntv_or_sync_fifo.gl0.wr/gwas.wsts/wr_en
    SLICE_X26Y24         LUT2 (Prop_lut2_I0_O)        0.105    11.589 r  u_fifo_wrap/u_fifo_generator_0/U0/inst_fifo_gen/gconvfifo.rf/grf.rf/gntv_or_sync_fifo.gl0.wr/gwas.wsts/DEVICE_7SERIES.NO_BMM_INFO.SDP.SIMPLE_PRIM36.ram_i_5/O
                         net (fo=18, routed)          2.449    14.038    u_fifo_wrap/u_fifo_generator_0/U0/inst_fifo_gen/gconvfifo.rf/grf.rf/gntv_or_sync_fifo.gl0.wr/wpntr/DEVICE_7SERIES.NO_BMM_INFO.SDP.SIMPLE_PRIM36.ram
    SLICE_X24Y16         LUT6 (Prop_lut6_I1_O)        0.105    14.143 r  u_fifo_wrap/u_fifo_generator_0/U0/inst_fifo_gen/gconvfifo.rf/grf.rf/gntv_or_sync_fifo.gl0.wr/wpntr/DEVICE_7SERIES.NO_BMM_INFO.SDP.SIMPLE_PRIM36.ram_i_1__3/O
                         net (fo=1, routed)           0.649    14.792    u_fifo_wrap/u_fifo_generator_0/U0/inst_fifo_gen/gconvfifo.rf/grf.rf/gntv_or_sync_fifo.mem/gbm.gbmg.gbmga.ngecc.bmg/inst_blk_mem_gen/gnbram.gnativebmg.native_blk_mem_gen/valid.cstr/ramloop[4].ram.r/prim_noinit.ram/ENA_I_6
    SLICE_X24Y15         LUT2 (Prop_lut2_I0_O)        0.105    14.897 r  u_fifo_wrap/u_fifo_generator_0/U0/inst_fifo_gen/gconvfifo.rf/grf.rf/gntv_or_sync_fifo.mem/gbm.gbmg.gbmga.ngecc.bmg/inst_blk_mem_gen/gnbram.gnativebmg.native_blk_mem_gen/valid.cstr/ramloop[4].ram.r/prim_noinit.ram/DEVICE_7SERIES.NO_BMM_INFO.SDP.SIMPLE_PRIM36.ram_ENARDEN_cooolgate_en_gate_39/O
                         net (fo=1, routed)           0.814    15.711    u_fifo_wrap/u_fifo_generator_0/U0/inst_fifo_gen/gconvfifo.rf/grf.rf/gntv_or_sync_fifo.mem/gbm.gbmg.gbmga.ngecc.bmg/inst_blk_mem_gen/gnbram.gnativebmg.native_blk_mem_gen/valid.cstr/ramloop[4].ram.r/prim_noinit.ram/DEVICE_7SERIES.NO_BMM_INFO.SDP.SIMPLE_PRIM36.ram_ENARDEN_cooolgate_en_sig_20
    RAMB36_X1Y2          RAMB36E1                                     r  u_fifo_wrap/u_fifo_generator_0/U0/inst_fifo_gen/gconvfifo.rf/grf.rf/gntv_or_sync_fifo.mem/gbm.gbmg.gbmga.ngecc.bmg/inst_blk_mem_gen/gnbram.gnativebmg.native_blk_mem_gen/valid.cstr/ramloop[4].ram.r/prim_noinit.ram/DEVICE_7SERIES.NO_BMM_INFO.SDP.SIMPLE_PRIM36.ram/ENARDEN
  -------------------------------------------------------------------    -------------------

                         (clock adc_clk rise edge)   31.250    31.250 r  
    L16                                               0.000    31.250 r  adc_clk (IN)
                         net (fo=0)                   0.000    31.250    adc_clk
    L16                  IBUF (Prop_ibuf_I_O)         0.849    32.099 r  adc_clk_IBUF_inst/O
                         net (fo=1, routed)           1.961    34.060    adc_clk_IBUF
    BUFGCTRL_X0Y16       BUFG (Prop_bufg_I_O)         0.077    34.137 r  adc_clk_IBUF_BUFG_inst/O
                         net (fo=221, routed)         1.358    35.495    u_fifo_wrap/u_fifo_generator_0/U0/inst_fifo_gen/gconvfifo.rf/grf.rf/gntv_or_sync_fifo.mem/gbm.gbmg.gbmga.ngecc.bmg/inst_blk_mem_gen/gnbram.gnativebmg.native_blk_mem_gen/valid.cstr/ramloop[4].ram.r/prim_noinit.ram/wr_clk
    RAMB36_X1Y2          RAMB36E1                                     r  u_fifo_wrap/u_fifo_generator_0/U0/inst_fifo_gen/gconvfifo.rf/grf.rf/gntv_or_sync_fifo.mem/gbm.gbmg.gbmga.ngecc.bmg/inst_blk_mem_gen/gnbram.gnativebmg.native_blk_mem_gen/valid.cstr/ramloop[4].ram.r/prim_noinit.ram/DEVICE_7SERIES.NO_BMM_INFO.SDP.SIMPLE_PRIM36.ram/CLKARDCLK
                         clock pessimism              0.435    35.930    
                         clock uncertainty           -0.035    35.895    
    RAMB36_X1Y2          RAMB36E1 (Setup_ramb36e1_CLKARDCLK_ENARDEN)
                                                     -0.387    35.508    u_fifo_wrap/u_fifo_generator_0/U0/inst_fifo_gen/gconvfifo.rf/grf.rf/gntv_or_sync_fifo.mem/gbm.gbmg.gbmga.ngecc.bmg/inst_blk_mem_gen/gnbram.gnativebmg.native_blk_mem_gen/valid.cstr/ramloop[4].ram.r/prim_noinit.ram/DEVICE_7SERIES.NO_BMM_INFO.SDP.SIMPLE_PRIM36.ram
  -------------------------------------------------------------------
                         required time                         35.508    
                         arrival time                         -15.711    
  -------------------------------------------------------------------
                         slack                                 19.797    

Slack (MET) :             19.870ns  (required time - arrival time)
  Source:                 u_fifo_wrap/u_fifo_generator_0/U0/inst_fifo_gen/gconvfifo.rf/grf.rf/rstblk/ngwrdrst.grst.g7serrst.gsckt_wrst.gic_rst.wr_rst_busy_i_reg/C
                            (rising edge-triggered cell FDRE clocked by adc_clk  {rise@0.000ns fall@15.625ns period=31.250ns})
  Destination:            u_fifo_wrap/u_fifo_generator_0/U0/inst_fifo_gen/gconvfifo.rf/grf.rf/gntv_or_sync_fifo.mem/gbm.gbmg.gbmga.ngecc.bmg/inst_blk_mem_gen/gnbram.gnativebmg.native_blk_mem_gen/valid.cstr/ramloop[11].ram.r/prim_noinit.ram/DEVICE_7SERIES.NO_BMM_INFO.SDP.SIMPLE_PRIM36.ram/ENARDEN
                            (rising edge-triggered cell RAMB36E1 clocked by adc_clk  {rise@0.000ns fall@15.625ns period=31.250ns})
  Path Group:             adc_clk
  Path Type:              Setup (Max at Slow Process Corner)
  Requirement:            31.250ns  (adc_clk rise@31.250ns - adc_clk rise@0.000ns)
  Data Path Delay:        11.015ns  (logic 0.799ns (7.254%)  route 10.216ns (92.746%))
  Logic Levels:           4  (LUT2=2 LUT6=2)
  Clock Path Skew:        0.058ns (DCD - SCD + CPR)
    Destination Clock Delay (DCD):    4.241ns = ( 35.491 - 31.250 ) 
    Source Clock Delay      (SCD):    4.619ns
    Clock Pessimism Removal (CPR):    0.435ns
  Clock Uncertainty:      0.035ns  ((TSJ^2 + TIJ^2)^1/2 + DJ) / 2 + PE
    Total System Jitter     (TSJ):    0.071ns
    Total Input Jitter      (TIJ):    0.000ns
    Discrete Jitter          (DJ):    0.000ns
    Phase Error              (PE):    0.000ns

    Location             Delay type                Incr(ns)  Path(ns)    Netlist Resource(s)
  -------------------------------------------------------------------    -------------------
                         (clock adc_clk rise edge)    0.000     0.000 r  
    L16                                               0.000     0.000 r  adc_clk (IN)
                         net (fo=0)                   0.000     0.000    adc_clk
    L16                  IBUF (Prop_ibuf_I_O)         0.981     0.981 r  adc_clk_IBUF_inst/O
                         net (fo=1, routed)           2.160     3.141    adc_clk_IBUF
    BUFGCTRL_X0Y16       BUFG (Prop_bufg_I_O)         0.085     3.226 r  adc_clk_IBUF_BUFG_inst/O
                         net (fo=221, routed)         1.393     4.619    u_fifo_wrap/u_fifo_generator_0/U0/inst_fifo_gen/gconvfifo.rf/grf.rf/rstblk/wr_clk
    SLICE_X37Y27         FDRE                                         r  u_fifo_wrap/u_fifo_generator_0/U0/inst_fifo_gen/gconvfifo.rf/grf.rf/rstblk/ngwrdrst.grst.g7serrst.gsckt_wrst.gic_rst.wr_rst_busy_i_reg/C
  -------------------------------------------------------------------    -------------------
    SLICE_X37Y27         FDRE (Prop_fdre_C_Q)         0.379     4.998 f  u_fifo_wrap/u_fifo_generator_0/U0/inst_fifo_gen/gconvfifo.rf/grf.rf/rstblk/ngwrdrst.grst.g7serrst.gsckt_wrst.gic_rst.wr_rst_busy_i_reg/Q
                         net (fo=7, routed)           2.420     7.418    u_fifo_wrap/u_adc_write_controller/wr_rst_busy
    SLICE_X42Y86         LUT6 (Prop_lut6_I1_O)        0.105     7.523 r  u_fifo_wrap/u_adc_write_controller/u_fifo_generator_0_i_11/O
                         net (fo=15, routed)          3.961    11.484    u_fifo_wrap/u_fifo_generator_0/U0/inst_fifo_gen/gconvfifo.rf/grf.rf/gntv_or_sync_fifo.gl0.wr/gwas.wsts/wr_en
    SLICE_X26Y24         LUT2 (Prop_lut2_I0_O)        0.105    11.589 r  u_fifo_wrap/u_fifo_generator_0/U0/inst_fifo_gen/gconvfifo.rf/grf.rf/gntv_or_sync_fifo.gl0.wr/gwas.wsts/DEVICE_7SERIES.NO_BMM_INFO.SDP.SIMPLE_PRIM36.ram_i_5/O
                         net (fo=18, routed)          2.367    13.957    u_fifo_wrap/u_fifo_generator_0/U0/inst_fifo_gen/gconvfifo.rf/grf.rf/gntv_or_sync_fifo.gl0.wr/wpntr/DEVICE_7SERIES.NO_BMM_INFO.SDP.SIMPLE_PRIM36.ram
    SLICE_X23Y17         LUT6 (Prop_lut6_I3_O)        0.105    14.062 r  u_fifo_wrap/u_fifo_generator_0/U0/inst_fifo_gen/gconvfifo.rf/grf.rf/gntv_or_sync_fifo.gl0.wr/wpntr/DEVICE_7SERIES.NO_BMM_INFO.SDP.SIMPLE_PRIM36.ram_i_1__10/O
                         net (fo=1, routed)           0.687    14.748    u_fifo_wrap/u_fifo_generator_0/U0/inst_fifo_gen/gconvfifo.rf/grf.rf/gntv_or_sync_fifo.mem/gbm.gbmg.gbmga.ngecc.bmg/inst_blk_mem_gen/gnbram.gnativebmg.native_blk_mem_gen/valid.cstr/ramloop[11].ram.r/prim_noinit.ram/ENA_I_20
    SLICE_X23Y17         LUT2 (Prop_lut2_I0_O)        0.105    14.853 r  u_fifo_wrap/u_fifo_generator_0/U0/inst_fifo_gen/gconvfifo.rf/grf.rf/gntv_or_sync_fifo.mem/gbm.gbmg.gbmga.ngecc.bmg/inst_blk_mem_gen/gnbram.gnativebmg.native_blk_mem_gen/valid.cstr/ramloop[11].ram.r/prim_noinit.ram/DEVICE_7SERIES.NO_BMM_INFO.SDP.SIMPLE_PRIM36.ram_ENARDEN_cooolgate_en_gate_23/O
                         net (fo=1, routed)           0.781    15.634    u_fifo_wrap/u_fifo_generator_0/U0/inst_fifo_gen/gconvfifo.rf/grf.rf/gntv_or_sync_fifo.mem/gbm.gbmg.gbmga.ngecc.bmg/inst_blk_mem_gen/gnbram.gnativebmg.native_blk_mem_gen/valid.cstr/ramloop[11].ram.r/prim_noinit.ram/DEVICE_7SERIES.NO_BMM_INFO.SDP.SIMPLE_PRIM36.ram_ENARDEN_cooolgate_en_sig_12
    RAMB36_X1Y3          RAMB36E1                                     r  u_fifo_wrap/u_fifo_generator_0/U0/inst_fifo_gen/gconvfifo.rf/grf.rf/gntv_or_sync_fifo.mem/gbm.gbmg.gbmga.ngecc.bmg/inst_blk_mem_gen/gnbram.gnativebmg.native_blk_mem_gen/valid.cstr/ramloop[11].ram.r/prim_noinit.ram/DEVICE_7SERIES.NO_BMM_INFO.SDP.SIMPLE_PRIM36.ram/ENARDEN
  -------------------------------------------------------------------    -------------------

                         (clock adc_clk rise edge)   31.250    31.250 r  
    L16                                               0.000    31.250 r  adc_clk (IN)
                         net (fo=0)                   0.000    31.250    adc_clk
    L16                  IBUF (Prop_ibuf_I_O)         0.849    32.099 r  adc_clk_IBUF_inst/O
                         net (fo=1, routed)           1.961    34.060    adc_clk_IBUF
    BUFGCTRL_X0Y16       BUFG (Prop_bufg_I_O)         0.077    34.137 r  adc_clk_IBUF_BUFG_inst/O
                         net (fo=221, routed)         1.354    35.491    u_fifo_wrap/u_fifo_generator_0/U0/inst_fifo_gen/gconvfifo.rf/grf.rf/gntv_or_sync_fifo.mem/gbm.gbmg.gbmga.ngecc.bmg/inst_blk_mem_gen/gnbram.gnativebmg.native_blk_mem_gen/valid.cstr/ramloop[11].ram.r/prim_noinit.ram/wr_clk
    RAMB36_X1Y3          RAMB36E1                                     r  u_fifo_wrap/u_fifo_generator_0/U0/inst_fifo_gen/gconvfifo.rf/grf.rf/gntv_or_sync_fifo.mem/gbm.gbmg.gbmga.ngecc.bmg/inst_blk_mem_gen/gnbram.gnativebmg.native_blk_mem_gen/valid.cstr/ramloop[11].ram.r/prim_noinit.ram/DEVICE_7SERIES.NO_BMM_INFO.SDP.SIMPLE_PRIM36.ram/CLKARDCLK
                         clock pessimism              0.435    35.926    
                         clock uncertainty           -0.035    35.891    
    RAMB36_X1Y3          RAMB36E1 (Setup_ramb36e1_CLKARDCLK_ENARDEN)
                                                     -0.387    35.504    u_fifo_wrap/u_fifo_generator_0/U0/inst_fifo_gen/gconvfifo.rf/grf.rf/gntv_or_sync_fifo.mem/gbm.gbmg.gbmga.ngecc.bmg/inst_blk_mem_gen/gnbram.gnativebmg.native_blk_mem_gen/valid.cstr/ramloop[11].ram.r/prim_noinit.ram/DEVICE_7SERIES.NO_BMM_INFO.SDP.SIMPLE_PRIM36.ram
  -------------------------------------------------------------------
                         required time                         35.504    
                         arrival time                         -15.634    
  -------------------------------------------------------------------
                         slack                                 19.870    

Slack (MET) :             20.130ns  (required time - arrival time)
  Source:                 u_fifo_wrap/u_fifo_generator_0/U0/inst_fifo_gen/gconvfifo.rf/grf.rf/rstblk/ngwrdrst.grst.g7serrst.gsckt_wrst.gic_rst.wr_rst_busy_i_reg/C
                            (rising edge-triggered cell FDRE clocked by adc_clk  {rise@0.000ns fall@15.625ns period=31.250ns})
  Destination:            u_fifo_wrap/u_fifo_generator_0/U0/inst_fifo_gen/gconvfifo.rf/grf.rf/gntv_or_sync_fifo.mem/gbm.gbmg.gbmga.ngecc.bmg/inst_blk_mem_gen/gnbram.gnativebmg.native_blk_mem_gen/valid.cstr/ramloop[2].ram.r/prim_noinit.ram/DEVICE_7SERIES.NO_BMM_INFO.SDP.SIMPLE_PRIM36.ram/ENARDEN
                            (rising edge-triggered cell RAMB36E1 clocked by adc_clk  {rise@0.000ns fall@15.625ns period=31.250ns})
  Path Group:             adc_clk
  Path Type:              Setup (Max at Slow Process Corner)
  Requirement:            31.250ns  (adc_clk rise@31.250ns - adc_clk rise@0.000ns)
  Data Path Delay:        10.763ns  (logic 0.799ns (7.424%)  route 9.964ns (92.576%))
  Logic Levels:           4  (LUT2=2 LUT6=2)
  Clock Path Skew:        0.066ns (DCD - SCD + CPR)
    Destination Clock Delay (DCD):    4.249ns = ( 35.499 - 31.250 ) 
    Source Clock Delay      (SCD):    4.619ns
    Clock Pessimism Removal (CPR):    0.435ns
  Clock Uncertainty:      0.035ns  ((TSJ^2 + TIJ^2)^1/2 + DJ) / 2 + PE
    Total System Jitter     (TSJ):    0.071ns
    Total Input Jitter      (TIJ):    0.000ns
    Discrete Jitter          (DJ):    0.000ns
    Phase Error              (PE):    0.000ns

    Location             Delay type                Incr(ns)  Path(ns)    Netlist Resource(s)
  -------------------------------------------------------------------    -------------------
                         (clock adc_clk rise edge)    0.000     0.000 r  
    L16                                               0.000     0.000 r  adc_clk (IN)
                         net (fo=0)                   0.000     0.000    adc_clk
    L16                  IBUF (Prop_ibuf_I_O)         0.981     0.981 r  adc_clk_IBUF_inst/O
                         net (fo=1, routed)           2.160     3.141    adc_clk_IBUF
    BUFGCTRL_X0Y16       BUFG (Prop_bufg_I_O)         0.085     3.226 r  adc_clk_IBUF_BUFG_inst/O
                         net (fo=221, routed)         1.393     4.619    u_fifo_wrap/u_fifo_generator_0/U0/inst_fifo_gen/gconvfifo.rf/grf.rf/rstblk/wr_clk
    SLICE_X37Y27         FDRE                                         r  u_fifo_wrap/u_fifo_generator_0/U0/inst_fifo_gen/gconvfifo.rf/grf.rf/rstblk/ngwrdrst.grst.g7serrst.gsckt_wrst.gic_rst.wr_rst_busy_i_reg/C
  -------------------------------------------------------------------    -------------------
    SLICE_X37Y27         FDRE (Prop_fdre_C_Q)         0.379     4.998 f  u_fifo_wrap/u_fifo_generator_0/U0/inst_fifo_gen/gconvfifo.rf/grf.rf/rstblk/ngwrdrst.grst.g7serrst.gsckt_wrst.gic_rst.wr_rst_busy_i_reg/Q
                         net (fo=7, routed)           2.420     7.418    u_fifo_wrap/u_adc_write_controller/wr_rst_busy
    SLICE_X42Y86         LUT6 (Prop_lut6_I1_O)        0.105     7.523 r  u_fifo_wrap/u_adc_write_controller/u_fifo_generator_0_i_11/O
                         net (fo=15, routed)          3.961    11.484    u_fifo_wrap/u_fifo_generator_0/U0/inst_fifo_gen/gconvfifo.rf/grf.rf/gntv_or_sync_fifo.gl0.wr/gwas.wsts/wr_en
    SLICE_X26Y24         LUT2 (Prop_lut2_I0_O)        0.105    11.589 r  u_fifo_wrap/u_fifo_generator_0/U0/inst_fifo_gen/gconvfifo.rf/grf.rf/gntv_or_sync_fifo.gl0.wr/gwas.wsts/DEVICE_7SERIES.NO_BMM_INFO.SDP.SIMPLE_PRIM36.ram_i_5/O
                         net (fo=18, routed)          2.086    13.675    u_fifo_wrap/u_fifo_generator_0/U0/inst_fifo_gen/gconvfifo.rf/grf.rf/gntv_or_sync_fifo.gl0.wr/wpntr/DEVICE_7SERIES.NO_BMM_INFO.SDP.SIMPLE_PRIM36.ram
    SLICE_X12Y16         LUT6 (Prop_lut6_I1_O)        0.105    13.780 r  u_fifo_wrap/u_fifo_generator_0/U0/inst_fifo_gen/gconvfifo.rf/grf.rf/gntv_or_sync_fifo.gl0.wr/wpntr/DEVICE_7SERIES.NO_BMM_INFO.SDP.SIMPLE_PRIM36.ram_i_1__1/O
                         net (fo=1, routed)           0.815    14.596    u_fifo_wrap/u_fifo_generator_0/U0/inst_fifo_gen/gconvfifo.rf/grf.rf/gntv_or_sync_fifo.mem/gbm.gbmg.gbmga.ngecc.bmg/inst_blk_mem_gen/gnbram.gnativebmg.native_blk_mem_gen/valid.cstr/ramloop[2].ram.r/prim_noinit.ram/ENA_I_2
    SLICE_X10Y14         LUT2 (Prop_lut2_I0_O)        0.105    14.701 r  u_fifo_wrap/u_fifo_generator_0/U0/inst_fifo_gen/gconvfifo.rf/grf.rf/gntv_or_sync_fifo.mem/gbm.gbmg.gbmga.ngecc.bmg/inst_blk_mem_gen/gnbram.gnativebmg.native_blk_mem_gen/valid.cstr/ramloop[2].ram.r/prim_noinit.ram/DEVICE_7SERIES.NO_BMM_INFO.SDP.SIMPLE_PRIM36.ram_ENARDEN_cooolgate_en_gate_35/O
                         net (fo=1, routed)           0.681    15.381    u_fifo_wrap/u_fifo_generator_0/U0/inst_fifo_gen/gconvfifo.rf/grf.rf/gntv_or_sync_fifo.mem/gbm.gbmg.gbmga.ngecc.bmg/inst_blk_mem_gen/gnbram.gnativebmg.native_blk_mem_gen/valid.cstr/ramloop[2].ram.r/prim_noinit.ram/DEVICE_7SERIES.NO_BMM_INFO.SDP.SIMPLE_PRIM36.ram_ENARDEN_cooolgate_en_sig_18
    RAMB36_X0Y2          RAMB36E1                                     r  u_fifo_wrap/u_fifo_generator_0/U0/inst_fifo_gen/gconvfifo.rf/grf.rf/gntv_or_sync_fifo.mem/gbm.gbmg.gbmga.ngecc.bmg/inst_blk_mem_gen/gnbram.gnativebmg.native_blk_mem_gen/valid.cstr/ramloop[2].ram.r/prim_noinit.ram/DEVICE_7SERIES.NO_BMM_INFO.SDP.SIMPLE_PRIM36.ram/ENARDEN
  -------------------------------------------------------------------    -------------------

                         (clock adc_clk rise edge)   31.250    31.250 r  
    L16                                               0.000    31.250 r  adc_clk (IN)
                         net (fo=0)                   0.000    31.250    adc_clk
    L16                  IBUF (Prop_ibuf_I_O)         0.849    32.099 r  adc_clk_IBUF_inst/O
                         net (fo=1, routed)           1.961    34.060    adc_clk_IBUF
    BUFGCTRL_X0Y16       BUFG (Prop_bufg_I_O)         0.077    34.137 r  adc_clk_IBUF_BUFG_inst/O
                         net (fo=221, routed)         1.362    35.499    u_fifo_wrap/u_fifo_generator_0/U0/inst_fifo_gen/gconvfifo.rf/grf.rf/gntv_or_sync_fifo.mem/gbm.gbmg.gbmga.ngecc.bmg/inst_blk_mem_gen/gnbram.gnativebmg.native_blk_mem_gen/valid.cstr/ramloop[2].ram.r/prim_noinit.ram/wr_clk
    RAMB36_X0Y2          RAMB36E1                                     r  u_fifo_wrap/u_fifo_generator_0/U0/inst_fifo_gen/gconvfifo.rf/grf.rf/gntv_or_sync_fifo.mem/gbm.gbmg.gbmga.ngecc.bmg/inst_blk_mem_gen/gnbram.gnativebmg.native_blk_mem_gen/valid.cstr/ramloop[2].ram.r/prim_noinit.ram/DEVICE_7SERIES.NO_BMM_INFO.SDP.SIMPLE_PRIM36.ram/CLKARDCLK
                         clock pessimism              0.435    35.934    
                         clock uncertainty           -0.035    35.899    
    RAMB36_X0Y2          RAMB36E1 (Setup_ramb36e1_CLKARDCLK_ENARDEN)
                                                     -0.387    35.512    u_fifo_wrap/u_fifo_generator_0/U0/inst_fifo_gen/gconvfifo.rf/grf.rf/gntv_or_sync_fifo.mem/gbm.gbmg.gbmga.ngecc.bmg/inst_blk_mem_gen/gnbram.gnativebmg.native_blk_mem_gen/valid.cstr/ramloop[2].ram.r/prim_noinit.ram/DEVICE_7SERIES.NO_BMM_INFO.SDP.SIMPLE_PRIM36.ram
  -------------------------------------------------------------------
                         required time                         35.512    
                         arrival time                         -15.381    
  -------------------------------------------------------------------
                         slack                                 20.130    

Slack (MET) :             20.535ns  (required time - arrival time)
  Source:                 u_fifo_wrap/u_fifo_generator_0/U0/inst_fifo_gen/gconvfifo.rf/grf.rf/rstblk/ngwrdrst.grst.g7serrst.gsckt_wrst.gic_rst.wr_rst_busy_i_reg/C
                            (rising edge-triggered cell FDRE clocked by adc_clk  {rise@0.000ns fall@15.625ns period=31.250ns})
  Destination:            u_fifo_wrap/u_fifo_generator_0/U0/inst_fifo_gen/gconvfifo.rf/grf.rf/gntv_or_sync_fifo.mem/gbm.gbmg.gbmga.ngecc.bmg/inst_blk_mem_gen/gnbram.gnativebmg.native_blk_mem_gen/valid.cstr/ramloop[5].ram.r/prim_noinit.ram/DEVICE_7SERIES.NO_BMM_INFO.SDP.SIMPLE_PRIM36.ram/ENARDEN
                            (rising edge-triggered cell RAMB36E1 clocked by adc_clk  {rise@0.000ns fall@15.625ns period=31.250ns})
  Path Group:             adc_clk
  Path Type:              Setup (Max at Slow Process Corner)
  Requirement:            31.250ns  (adc_clk rise@31.250ns - adc_clk rise@0.000ns)
  Data Path Delay:        10.189ns  (logic 0.819ns (8.038%)  route 9.370ns (91.962%))
  Logic Levels:           4  (LUT2=2 LUT6=2)
  Clock Path Skew:        0.056ns (DCD - SCD + CPR)
    Destination Clock Delay (DCD):    4.239ns = ( 35.489 - 31.250 ) 
    Source Clock Delay      (SCD):    4.619ns
    Clock Pessimism Removal (CPR):    0.435ns
  Clock Uncertainty:      0.035ns  ((TSJ^2 + TIJ^2)^1/2 + DJ) / 2 + PE
    Total System Jitter     (TSJ):    0.071ns
    Total Input Jitter      (TIJ):    0.000ns
    Discrete Jitter          (DJ):    0.000ns
    Phase Error              (PE):    0.000ns

    Location             Delay type                Incr(ns)  Path(ns)    Netlist Resource(s)
  -------------------------------------------------------------------    -------------------
                         (clock adc_clk rise edge)    0.000     0.000 r  
    L16                                               0.000     0.000 r  adc_clk (IN)
                         net (fo=0)                   0.000     0.000    adc_clk
    L16                  IBUF (Prop_ibuf_I_O)         0.981     0.981 r  adc_clk_IBUF_inst/O
                         net (fo=1, routed)           2.160     3.141    adc_clk_IBUF
    BUFGCTRL_X0Y16       BUFG (Prop_bufg_I_O)         0.085     3.226 r  adc_clk_IBUF_BUFG_inst/O
                         net (fo=221, routed)         1.393     4.619    u_fifo_wrap/u_fifo_generator_0/U0/inst_fifo_gen/gconvfifo.rf/grf.rf/rstblk/wr_clk
    SLICE_X37Y27         FDRE                                         r  u_fifo_wrap/u_fifo_generator_0/U0/inst_fifo_gen/gconvfifo.rf/grf.rf/rstblk/ngwrdrst.grst.g7serrst.gsckt_wrst.gic_rst.wr_rst_busy_i_reg/C
  -------------------------------------------------------------------    -------------------
    SLICE_X37Y27         FDRE (Prop_fdre_C_Q)         0.379     4.998 f  u_fifo_wrap/u_fifo_generator_0/U0/inst_fifo_gen/gconvfifo.rf/grf.rf/rstblk/ngwrdrst.grst.g7serrst.gsckt_wrst.gic_rst.wr_rst_busy_i_reg/Q
                         net (fo=7, routed)           2.420     7.418    u_fifo_wrap/u_adc_write_controller/wr_rst_busy
    SLICE_X42Y86         LUT6 (Prop_lut6_I1_O)        0.105     7.523 r  u_fifo_wrap/u_adc_write_controller/u_fifo_generator_0_i_11/O
                         net (fo=15, routed)          3.961    11.484    u_fifo_wrap/u_fifo_generator_0/U0/inst_fifo_gen/gconvfifo.rf/grf.rf/gntv_or_sync_fifo.gl0.wr/gwas.wsts/wr_en
    SLICE_X26Y24         LUT2 (Prop_lut2_I0_O)        0.105    11.589 r  u_fifo_wrap/u_fifo_generator_0/U0/inst_fifo_gen/gconvfifo.rf/grf.rf/gntv_or_sync_fifo.gl0.wr/gwas.wsts/DEVICE_7SERIES.NO_BMM_INFO.SDP.SIMPLE_PRIM36.ram_i_5/O
                         net (fo=18, routed)          1.912    13.501    u_fifo_wrap/u_fifo_generator_0/U0/inst_fifo_gen/gconvfifo.rf/grf.rf/gntv_or_sync_fifo.gl0.wr/wpntr/DEVICE_7SERIES.NO_BMM_INFO.SDP.SIMPLE_PRIM36.ram
    SLICE_X12Y21         LUT6 (Prop_lut6_I3_O)        0.105    13.606 r  u_fifo_wrap/u_fifo_generator_0/U0/inst_fifo_gen/gconvfifo.rf/grf.rf/gntv_or_sync_fifo.gl0.wr/wpntr/DEVICE_7SERIES.NO_BMM_INFO.SDP.SIMPLE_PRIM36.ram_i_1__4/O
                         net (fo=1, routed)           0.660    14.266    u_fifo_wrap/u_fifo_generator_0/U0/inst_fifo_gen/gconvfifo.rf/grf.rf/gntv_or_sync_fifo.mem/gbm.gbmg.gbmga.ngecc.bmg/inst_blk_mem_gen/gnbram.gnativebmg.native_blk_mem_gen/valid.cstr/ramloop[5].ram.r/prim_noinit.ram/ENA_I_8
    SLICE_X10Y21         LUT2 (Prop_lut2_I0_O)        0.125    14.391 r  u_fifo_wrap/u_fifo_generator_0/U0/inst_fifo_gen/gconvfifo.rf/grf.rf/gntv_or_sync_fifo.mem/gbm.gbmg.gbmga.ngecc.bmg/inst_blk_mem_gen/gnbram.gnativebmg.native_blk_mem_gen/valid.cstr/ramloop[5].ram.r/prim_noinit.ram/DEVICE_7SERIES.NO_BMM_INFO.SDP.SIMPLE_PRIM36.ram_ENARDEN_cooolgate_en_gate_41/O
                         net (fo=1, routed)           0.417    14.808    u_fifo_wrap/u_fifo_generator_0/U0/inst_fifo_gen/gconvfifo.rf/grf.rf/gntv_or_sync_fifo.mem/gbm.gbmg.gbmga.ngecc.bmg/inst_blk_mem_gen/gnbram.gnativebmg.native_blk_mem_gen/valid.cstr/ramloop[5].ram.r/prim_noinit.ram/DEVICE_7SERIES.NO_BMM_INFO.SDP.SIMPLE_PRIM36.ram_ENARDEN_cooolgate_en_sig_21
    RAMB36_X0Y4          RAMB36E1                                     r  u_fifo_wrap/u_fifo_generator_0/U0/inst_fifo_gen/gconvfifo.rf/grf.rf/gntv_or_sync_fifo.mem/gbm.gbmg.gbmga.ngecc.bmg/inst_blk_mem_gen/gnbram.gnativebmg.native_blk_mem_gen/valid.cstr/ramloop[5].ram.r/prim_noinit.ram/DEVICE_7SERIES.NO_BMM_INFO.SDP.SIMPLE_PRIM36.ram/ENARDEN
  -------------------------------------------------------------------    -------------------

                         (clock adc_clk rise edge)   31.250    31.250 r  
    L16                                               0.000    31.250 r  adc_clk (IN)
                         net (fo=0)                   0.000    31.250    adc_clk
    L16                  IBUF (Prop_ibuf_I_O)         0.849    32.099 r  adc_clk_IBUF_inst/O
                         net (fo=1, routed)           1.961    34.060    adc_clk_IBUF
    BUFGCTRL_X0Y16       BUFG (Prop_bufg_I_O)         0.077    34.137 r  adc_clk_IBUF_BUFG_inst/O
                         net (fo=221, routed)         1.352    35.489    u_fifo_wrap/u_fifo_generator_0/U0/inst_fifo_gen/gconvfifo.rf/grf.rf/gntv_or_sync_fifo.mem/gbm.gbmg.gbmga.ngecc.bmg/inst_blk_mem_gen/gnbram.gnativebmg.native_blk_mem_gen/valid.cstr/ramloop[5].ram.r/prim_noinit.ram/wr_clk
    RAMB36_X0Y4          RAMB36E1                                     r  u_fifo_wrap/u_fifo_generator_0/U0/inst_fifo_gen/gconvfifo.rf/grf.rf/gntv_or_sync_fifo.mem/gbm.gbmg.gbmga.ngecc.bmg/inst_blk_mem_gen/gnbram.gnativebmg.native_blk_mem_gen/valid.cstr/ramloop[5].ram.r/prim_noinit.ram/DEVICE_7SERIES.NO_BMM_INFO.SDP.SIMPLE_PRIM36.ram/CLKARDCLK
                         clock pessimism              0.435    35.924    
                         clock uncertainty           -0.035    35.889    
    RAMB36_X0Y4          RAMB36E1 (Setup_ramb36e1_CLKARDCLK_ENARDEN)
                                                     -0.546    35.343    u_fifo_wrap/u_fifo_generator_0/U0/inst_fifo_gen/gconvfifo.rf/grf.rf/gntv_or_sync_fifo.mem/gbm.gbmg.gbmga.ngecc.bmg/inst_blk_mem_gen/gnbram.gnativebmg.native_blk_mem_gen/valid.cstr/ramloop[5].ram.r/prim_noinit.ram/DEVICE_7SERIES.NO_BMM_INFO.SDP.SIMPLE_PRIM36.ram
  -------------------------------------------------------------------
                         required time                         35.343    
                         arrival time                         -14.808    
  -------------------------------------------------------------------
                         slack                                 20.535    

Slack (MET) :             20.575ns  (required time - arrival time)
  Source:                 u_fifo_wrap/u_fifo_generator_0/U0/inst_fifo_gen/gconvfifo.rf/grf.rf/rstblk/ngwrdrst.grst.g7serrst.gsckt_wrst.gic_rst.wr_rst_busy_i_reg/C
                            (rising edge-triggered cell FDRE clocked by adc_clk  {rise@0.000ns fall@15.625ns period=31.250ns})
  Destination:            u_fifo_wrap/u_fifo_generator_0/U0/inst_fifo_gen/gconvfifo.rf/grf.rf/gntv_or_sync_fifo.mem/gbm.gbmg.gbmga.ngecc.bmg/inst_blk_mem_gen/gnbram.gnativebmg.native_blk_mem_gen/valid.cstr/ramloop[3].ram.r/prim_noinit.ram/DEVICE_7SERIES.NO_BMM_INFO.SDP.SIMPLE_PRIM36.ram/ENARDEN
                            (rising edge-triggered cell RAMB36E1 clocked by adc_clk  {rise@0.000ns fall@15.625ns period=31.250ns})
  Path Group:             adc_clk
  Path Type:              Setup (Max at Slow Process Corner)
  Requirement:            31.250ns  (adc_clk rise@31.250ns - adc_clk rise@0.000ns)
  Data Path Delay:        10.314ns  (logic 0.799ns (7.747%)  route 9.515ns (92.253%))
  Logic Levels:           4  (LUT2=2 LUT6=2)
  Clock Path Skew:        0.062ns (DCD - SCD + CPR)
    Destination Clock Delay (DCD):    4.245ns = ( 35.495 - 31.250 ) 
    Source Clock Delay      (SCD):    4.619ns
    Clock Pessimism Removal (CPR):    0.435ns
  Clock Uncertainty:      0.035ns  ((TSJ^2 + TIJ^2)^1/2 + DJ) / 2 + PE
    Total System Jitter     (TSJ):    0.071ns
    Total Input Jitter      (TIJ):    0.000ns
    Discrete Jitter          (DJ):    0.000ns
    Phase Error              (PE):    0.000ns

    Location             Delay type                Incr(ns)  Path(ns)    Netlist Resource(s)
  -------------------------------------------------------------------    -------------------
                         (clock adc_clk rise edge)    0.000     0.000 r  
    L16                                               0.000     0.000 r  adc_clk (IN)
                         net (fo=0)                   0.000     0.000    adc_clk
    L16                  IBUF (Prop_ibuf_I_O)         0.981     0.981 r  adc_clk_IBUF_inst/O
                         net (fo=1, routed)           2.160     3.141    adc_clk_IBUF
    BUFGCTRL_X0Y16       BUFG (Prop_bufg_I_O)         0.085     3.226 r  adc_clk_IBUF_BUFG_inst/O
                         net (fo=221, routed)         1.393     4.619    u_fifo_wrap/u_fifo_generator_0/U0/inst_fifo_gen/gconvfifo.rf/grf.rf/rstblk/wr_clk
    SLICE_X37Y27         FDRE                                         r  u_fifo_wrap/u_fifo_generator_0/U0/inst_fifo_gen/gconvfifo.rf/grf.rf/rstblk/ngwrdrst.grst.g7serrst.gsckt_wrst.gic_rst.wr_rst_busy_i_reg/C
  -------------------------------------------------------------------    -------------------
    SLICE_X37Y27         FDRE (Prop_fdre_C_Q)         0.379     4.998 f  u_fifo_wrap/u_fifo_generator_0/U0/inst_fifo_gen/gconvfifo.rf/grf.rf/rstblk/ngwrdrst.grst.g7serrst.gsckt_wrst.gic_rst.wr_rst_busy_i_reg/Q
                         net (fo=7, routed)           2.420     7.418    u_fifo_wrap/u_adc_write_controller/wr_rst_busy
    SLICE_X42Y86         LUT6 (Prop_lut6_I1_O)        0.105     7.523 r  u_fifo_wrap/u_adc_write_controller/u_fifo_generator_0_i_11/O
                         net (fo=15, routed)          3.961    11.484    u_fifo_wrap/u_fifo_generator_0/U0/inst_fifo_gen/gconvfifo.rf/grf.rf/gntv_or_sync_fifo.gl0.wr/gwas.wsts/wr_en
    SLICE_X26Y24         LUT2 (Prop_lut2_I0_O)        0.105    11.589 r  u_fifo_wrap/u_fifo_generator_0/U0/inst_fifo_gen/gconvfifo.rf/grf.rf/gntv_or_sync_fifo.gl0.wr/gwas.wsts/DEVICE_7SERIES.NO_BMM_INFO.SDP.SIMPLE_PRIM36.ram_i_5/O
                         net (fo=18, routed)          1.921    13.510    u_fifo_wrap/u_fifo_generator_0/U0/inst_fifo_gen/gconvfifo.rf/grf.rf/gntv_or_sync_fifo.gl0.wr/wpntr/DEVICE_7SERIES.NO_BMM_INFO.SDP.SIMPLE_PRIM36.ram
    SLICE_X12Y21         LUT6 (Prop_lut6_I3_O)        0.105    13.615 r  u_fifo_wrap/u_fifo_generator_0/U0/inst_fifo_gen/gconvfifo.rf/grf.rf/gntv_or_sync_fifo.gl0.wr/wpntr/DEVICE_7SERIES.NO_BMM_INFO.SDP.SIMPLE_PRIM36.ram_i_1__2/O
                         net (fo=1, routed)           0.684    14.299    u_fifo_wrap/u_fifo_generator_0/U0/inst_fifo_gen/gconvfifo.rf/grf.rf/gntv_or_sync_fifo.mem/gbm.gbmg.gbmga.ngecc.bmg/inst_blk_mem_gen/gnbram.gnativebmg.native_blk_mem_gen/valid.cstr/ramloop[3].ram.r/prim_noinit.ram/ENA_I_4
    SLICE_X10Y21         LUT2 (Prop_lut2_I0_O)        0.105    14.404 r  u_fifo_wrap/u_fifo_generator_0/U0/inst_fifo_gen/gconvfifo.rf/grf.rf/gntv_or_sync_fifo.mem/gbm.gbmg.gbmga.ngecc.bmg/inst_blk_mem_gen/gnbram.gnativebmg.native_blk_mem_gen/valid.cstr/ramloop[3].ram.r/prim_noinit.ram/DEVICE_7SERIES.NO_BMM_INFO.SDP.SIMPLE_PRIM36.ram_ENARDEN_cooolgate_en_gate_37/O
                         net (fo=1, routed)           0.529    14.933    u_fifo_wrap/u_fifo_generator_0/U0/inst_fifo_gen/gconvfifo.rf/grf.rf/gntv_or_sync_fifo.mem/gbm.gbmg.gbmga.ngecc.bmg/inst_blk_mem_gen/gnbram.gnativebmg.native_blk_mem_gen/valid.cstr/ramloop[3].ram.r/prim_noinit.ram/DEVICE_7SERIES.NO_BMM_INFO.SDP.SIMPLE_PRIM36.ram_ENARDEN_cooolgate_en_sig_19
    RAMB36_X0Y3          RAMB36E1                                     r  u_fifo_wrap/u_fifo_generator_0/U0/inst_fifo_gen/gconvfifo.rf/grf.rf/gntv_or_sync_fifo.mem/gbm.gbmg.gbmga.ngecc.bmg/inst_blk_mem_gen/gnbram.gnativebmg.native_blk_mem_gen/valid.cstr/ramloop[3].ram.r/prim_noinit.ram/DEVICE_7SERIES.NO_BMM_INFO.SDP.SIMPLE_PRIM36.ram/ENARDEN
  -------------------------------------------------------------------    -------------------

                         (clock adc_clk rise edge)   31.250    31.250 r  
    L16                                               0.000    31.250 r  adc_clk (IN)
                         net (fo=0)                   0.000    31.250    adc_clk
    L16                  IBUF (Prop_ibuf_I_O)         0.849    32.099 r  adc_clk_IBUF_inst/O
                         net (fo=1, routed)           1.961    34.060    adc_clk_IBUF
    BUFGCTRL_X0Y16       BUFG (Prop_bufg_I_O)         0.077    34.137 r  adc_clk_IBUF_BUFG_inst/O
                         net (fo=221, routed)         1.358    35.495    u_fifo_wrap/u_fifo_generator_0/U0/inst_fifo_gen/gconvfifo.rf/grf.rf/gntv_or_sync_fifo.mem/gbm.gbmg.gbmga.ngecc.bmg/inst_blk_mem_gen/gnbram.gnativebmg.native_blk_mem_gen/valid.cstr/ramloop[3].ram.r/prim_noinit.ram/wr_clk
    RAMB36_X0Y3          RAMB36E1                                     r  u_fifo_wrap/u_fifo_generator_0/U0/inst_fifo_gen/gconvfifo.rf/grf.rf/gntv_or_sync_fifo.mem/gbm.gbmg.gbmga.ngecc.bmg/inst_blk_mem_gen/gnbram.gnativebmg.native_blk_mem_gen/valid.cstr/ramloop[3].ram.r/prim_noinit.ram/DEVICE_7SERIES.NO_BMM_INFO.SDP.SIMPLE_PRIM36.ram/CLKARDCLK
                         clock pessimism              0.435    35.930    
                         clock uncertainty           -0.035    35.895    
    RAMB36_X0Y3          RAMB36E1 (Setup_ramb36e1_CLKARDCLK_ENARDEN)
                                                     -0.387    35.508    u_fifo_wrap/u_fifo_generator_0/U0/inst_fifo_gen/gconvfifo.rf/grf.rf/gntv_or_sync_fifo.mem/gbm.gbmg.gbmga.ngecc.bmg/inst_blk_mem_gen/gnbram.gnativebmg.native_blk_mem_gen/valid.cstr/ramloop[3].ram.r/prim_noinit.ram/DEVICE_7SERIES.NO_BMM_INFO.SDP.SIMPLE_PRIM36.ram
  -------------------------------------------------------------------
                         required time                         35.508    
                         arrival time                         -14.933    
  -------------------------------------------------------------------
                         slack                                 20.575    

Slack (MET) :             20.645ns  (required time - arrival time)
  Source:                 u_fifo_wrap/u_fifo_generator_0/U0/inst_fifo_gen/gconvfifo.rf/grf.rf/rstblk/ngwrdrst.grst.g7serrst.gsckt_wrst.gic_rst.wr_rst_busy_i_reg/C
                            (rising edge-triggered cell FDRE clocked by adc_clk  {rise@0.000ns fall@15.625ns period=31.250ns})
  Destination:            u_fifo_wrap/u_fifo_generator_0/U0/inst_fifo_gen/gconvfifo.rf/grf.rf/gntv_or_sync_fifo.mem/gbm.gbmg.gbmga.ngecc.bmg/inst_blk_mem_gen/gnbram.gnativebmg.native_blk_mem_gen/valid.cstr/ramloop[9].ram.r/prim_noinit.ram/DEVICE_7SERIES.NO_BMM_INFO.SDP.SIMPLE_PRIM36.ram/ENARDEN
                            (rising edge-triggered cell RAMB36E1 clocked by adc_clk  {rise@0.000ns fall@15.625ns period=31.250ns})
  Path Group:             adc_clk
  Path Type:              Setup (Max at Slow Process Corner)
  Requirement:            31.250ns  (adc_clk rise@31.250ns - adc_clk rise@0.000ns)
  Data Path Delay:        10.240ns  (logic 0.799ns (7.802%)  route 9.441ns (92.198%))
  Logic Levels:           4  (LUT2=2 LUT6=2)
  Clock Path Skew:        0.058ns (DCD - SCD + CPR)
    Destination Clock Delay (DCD):    4.241ns = ( 35.491 - 31.250 ) 
    Source Clock Delay      (SCD):    4.619ns
    Clock Pessimism Removal (CPR):    0.435ns
  Clock Uncertainty:      0.035ns  ((TSJ^2 + TIJ^2)^1/2 + DJ) / 2 + PE
    Total System Jitter     (TSJ):    0.071ns
    Total Input Jitter      (TIJ):    0.000ns
    Discrete Jitter          (DJ):    0.000ns
    Phase Error              (PE):    0.000ns

    Location             Delay type                Incr(ns)  Path(ns)    Netlist Resource(s)
  -------------------------------------------------------------------    -------------------
                         (clock adc_clk rise edge)    0.000     0.000 r  
    L16                                               0.000     0.000 r  adc_clk (IN)
                         net (fo=0)                   0.000     0.000    adc_clk
    L16                  IBUF (Prop_ibuf_I_O)         0.981     0.981 r  adc_clk_IBUF_inst/O
                         net (fo=1, routed)           2.160     3.141    adc_clk_IBUF
    BUFGCTRL_X0Y16       BUFG (Prop_bufg_I_O)         0.085     3.226 r  adc_clk_IBUF_BUFG_inst/O
                         net (fo=221, routed)         1.393     4.619    u_fifo_wrap/u_fifo_generator_0/U0/inst_fifo_gen/gconvfifo.rf/grf.rf/rstblk/wr_clk
    SLICE_X37Y27         FDRE                                         r  u_fifo_wrap/u_fifo_generator_0/U0/inst_fifo_gen/gconvfifo.rf/grf.rf/rstblk/ngwrdrst.grst.g7serrst.gsckt_wrst.gic_rst.wr_rst_busy_i_reg/C
  -------------------------------------------------------------------    -------------------
    SLICE_X37Y27         FDRE (Prop_fdre_C_Q)         0.379     4.998 f  u_fifo_wrap/u_fifo_generator_0/U0/inst_fifo_gen/gconvfifo.rf/grf.rf/rstblk/ngwrdrst.grst.g7serrst.gsckt_wrst.gic_rst.wr_rst_busy_i_reg/Q
                         net (fo=7, routed)           2.420     7.418    u_fifo_wrap/u_adc_write_controller/wr_rst_busy
    SLICE_X42Y86         LUT6 (Prop_lut6_I1_O)        0.105     7.523 r  u_fifo_wrap/u_adc_write_controller/u_fifo_generator_0_i_11/O
                         net (fo=15, routed)          3.961    11.484    u_fifo_wrap/u_fifo_generator_0/U0/inst_fifo_gen/gconvfifo.rf/grf.rf/gntv_or_sync_fifo.gl0.wr/gwas.wsts/wr_en
    SLICE_X26Y24         LUT2 (Prop_lut2_I0_O)        0.105    11.589 r  u_fifo_wrap/u_fifo_generator_0/U0/inst_fifo_gen/gconvfifo.rf/grf.rf/gntv_or_sync_fifo.gl0.wr/gwas.wsts/DEVICE_7SERIES.NO_BMM_INFO.SDP.SIMPLE_PRIM36.ram_i_5/O
                         net (fo=18, routed)          1.699    13.288    u_fifo_wrap/u_fifo_generator_0/U0/inst_fifo_gen/gconvfifo.rf/grf.rf/gntv_or_sync_fifo.gl0.wr/wpntr/DEVICE_7SERIES.NO_BMM_INFO.SDP.SIMPLE_PRIM36.ram
    SLICE_X12Y27         LUT6 (Prop_lut6_I1_O)        0.105    13.393 r  u_fifo_wrap/u_fifo_generator_0/U0/inst_fifo_gen/gconvfifo.rf/grf.rf/gntv_or_sync_fifo.gl0.wr/wpntr/DEVICE_7SERIES.NO_BMM_INFO.SDP.SIMPLE_PRIM36.ram_i_1__8/O
                         net (fo=1, routed)           0.684    14.077    u_fifo_wrap/u_fifo_generator_0/U0/inst_fifo_gen/gconvfifo.rf/grf.rf/gntv_or_sync_fifo.mem/gbm.gbmg.gbmga.ngecc.bmg/inst_blk_mem_gen/gnbram.gnativebmg.native_blk_mem_gen/valid.cstr/ramloop[9].ram.r/prim_noinit.ram/ENA_I_16
    SLICE_X10Y27         LUT2 (Prop_lut2_I0_O)        0.105    14.182 r  u_fifo_wrap/u_fifo_generator_0/U0/inst_fifo_gen/gconvfifo.rf/grf.rf/gntv_or_sync_fifo.mem/gbm.gbmg.gbmga.ngecc.bmg/inst_blk_mem_gen/gnbram.gnativebmg.native_blk_mem_gen/valid.cstr/ramloop[9].ram.r/prim_noinit.ram/DEVICE_7SERIES.NO_BMM_INFO.SDP.SIMPLE_PRIM36.ram_ENARDEN_cooolgate_en_gate_49/O
                         net (fo=1, routed)           0.677    14.859    u_fifo_wrap/u_fifo_generator_0/U0/inst_fifo_gen/gconvfifo.rf/grf.rf/gntv_or_sync_fifo.mem/gbm.gbmg.gbmga.ngecc.bmg/inst_blk_mem_gen/gnbram.gnativebmg.native_blk_mem_gen/valid.cstr/ramloop[9].ram.r/prim_noinit.ram/DEVICE_7SERIES.NO_BMM_INFO.SDP.SIMPLE_PRIM36.ram_ENARDEN_cooolgate_en_sig_25
    RAMB36_X0Y5          RAMB36E1                                     r  u_fifo_wrap/u_fifo_generator_0/U0/inst_fifo_gen/gconvfifo.rf/grf.rf/gntv_or_sync_fifo.mem/gbm.gbmg.gbmga.ngecc.bmg/inst_blk_mem_gen/gnbram.gnativebmg.native_blk_mem_gen/valid.cstr/ramloop[9].ram.r/prim_noinit.ram/DEVICE_7SERIES.NO_BMM_INFO.SDP.SIMPLE_PRIM36.ram/ENARDEN
  -------------------------------------------------------------------    -------------------

                         (clock adc_clk rise edge)   31.250    31.250 r  
    L16                                               0.000    31.250 r  adc_clk (IN)
                         net (fo=0)                   0.000    31.250    adc_clk
    L16                  IBUF (Prop_ibuf_I_O)         0.849    32.099 r  adc_clk_IBUF_inst/O
                         net (fo=1, routed)           1.961    34.060    adc_clk_IBUF
    BUFGCTRL_X0Y16       BUFG (Prop_bufg_I_O)         0.077    34.137 r  adc_clk_IBUF_BUFG_inst/O
                         net (fo=221, routed)         1.354    35.491    u_fifo_wrap/u_fifo_generator_0/U0/inst_fifo_gen/gconvfifo.rf/grf.rf/gntv_or_sync_fifo.mem/gbm.gbmg.gbmga.ngecc.bmg/inst_blk_mem_gen/gnbram.gnativebmg.native_blk_mem_gen/valid.cstr/ramloop[9].ram.r/prim_noinit.ram/wr_clk
    RAMB36_X0Y5          RAMB36E1                                     r  u_fifo_wrap/u_fifo_generator_0/U0/inst_fifo_gen/gconvfifo.rf/grf.rf/gntv_or_sync_fifo.mem/gbm.gbmg.gbmga.ngecc.bmg/inst_blk_mem_gen/gnbram.gnativebmg.native_blk_mem_gen/valid.cstr/ramloop[9].ram.r/prim_noinit.ram/DEVICE_7SERIES.NO_BMM_INFO.SDP.SIMPLE_PRIM36.ram/CLKARDCLK
                         clock pessimism              0.435    35.926    
                         clock uncertainty           -0.035    35.891    
    RAMB36_X0Y5          RAMB36E1 (Setup_ramb36e1_CLKARDCLK_ENARDEN)
                                                     -0.387    35.504    u_fifo_wrap/u_fifo_generator_0/U0/inst_fifo_gen/gconvfifo.rf/grf.rf/gntv_or_sync_fifo.mem/gbm.gbmg.gbmga.ngecc.bmg/inst_blk_mem_gen/gnbram.gnativebmg.native_blk_mem_gen/valid.cstr/ramloop[9].ram.r/prim_noinit.ram/DEVICE_7SERIES.NO_BMM_INFO.SDP.SIMPLE_PRIM36.ram
  -------------------------------------------------------------------
                         required time                         35.504    
                         arrival time                         -14.859    
  -------------------------------------------------------------------
                         slack                                 20.645    

Slack (MET) :             20.649ns  (required time - arrival time)
  Source:                 u_fifo_wrap/u_fifo_generator_0/U0/inst_fifo_gen/gconvfifo.rf/grf.rf/rstblk/ngwrdrst.grst.g7serrst.gsckt_wrst.gic_rst.wr_rst_busy_i_reg/C
                            (rising edge-triggered cell FDRE clocked by adc_clk  {rise@0.000ns fall@15.625ns period=31.250ns})
  Destination:            u_fifo_wrap/u_fifo_generator_0/U0/inst_fifo_gen/gconvfifo.rf/grf.rf/gntv_or_sync_fifo.mem/gbm.gbmg.gbmga.ngecc.bmg/inst_blk_mem_gen/gnbram.gnativebmg.native_blk_mem_gen/valid.cstr/ramloop[1].ram.r/prim_noinit.ram/DEVICE_7SERIES.NO_BMM_INFO.SDP.SIMPLE_PRIM36.ram/ENARDEN
                            (rising edge-triggered cell RAMB36E1 clocked by adc_clk  {rise@0.000ns fall@15.625ns period=31.250ns})
  Path Group:             adc_clk
  Path Type:              Setup (Max at Slow Process Corner)
  Requirement:            31.250ns  (adc_clk rise@31.250ns - adc_clk rise@0.000ns)
  Data Path Delay:        10.083ns  (logic 0.887ns (8.797%)  route 9.196ns (91.203%))
  Logic Levels:           3  (LUT2=2 LUT6=1)
  Clock Path Skew:        0.064ns (DCD - SCD + CPR)
    Destination Clock Delay (DCD):    4.247ns = ( 35.497 - 31.250 ) 
    Source Clock Delay      (SCD):    4.619ns
    Clock Pessimism Removal (CPR):    0.435ns
  Clock Uncertainty:      0.035ns  ((TSJ^2 + TIJ^2)^1/2 + DJ) / 2 + PE
    Total System Jitter     (TSJ):    0.071ns
    Total Input Jitter      (TIJ):    0.000ns
    Discrete Jitter          (DJ):    0.000ns
    Phase Error              (PE):    0.000ns

    Location             Delay type                Incr(ns)  Path(ns)    Netlist Resource(s)
  -------------------------------------------------------------------    -------------------
                         (clock adc_clk rise edge)    0.000     0.000 r  
    L16                                               0.000     0.000 r  adc_clk (IN)
                         net (fo=0)                   0.000     0.000    adc_clk
    L16                  IBUF (Prop_ibuf_I_O)         0.981     0.981 r  adc_clk_IBUF_inst/O
                         net (fo=1, routed)           2.160     3.141    adc_clk_IBUF
    BUFGCTRL_X0Y16       BUFG (Prop_bufg_I_O)         0.085     3.226 r  adc_clk_IBUF_BUFG_inst/O
                         net (fo=221, routed)         1.393     4.619    u_fifo_wrap/u_fifo_generator_0/U0/inst_fifo_gen/gconvfifo.rf/grf.rf/rstblk/wr_clk
    SLICE_X37Y27         FDRE                                         r  u_fifo_wrap/u_fifo_generator_0/U0/inst_fifo_gen/gconvfifo.rf/grf.rf/rstblk/ngwrdrst.grst.g7serrst.gsckt_wrst.gic_rst.wr_rst_busy_i_reg/C
  -------------------------------------------------------------------    -------------------
    SLICE_X37Y27         FDRE (Prop_fdre_C_Q)         0.379     4.998 f  u_fifo_wrap/u_fifo_generator_0/U0/inst_fifo_gen/gconvfifo.rf/grf.rf/rstblk/ngwrdrst.grst.g7serrst.gsckt_wrst.gic_rst.wr_rst_busy_i_reg/Q
                         net (fo=7, routed)           2.420     7.418    u_fifo_wrap/u_adc_write_controller/wr_rst_busy
    SLICE_X42Y86         LUT6 (Prop_lut6_I1_O)        0.105     7.523 r  u_fifo_wrap/u_adc_write_controller/u_fifo_generator_0_i_11/O
                         net (fo=15, routed)          4.679    12.202    u_fifo_wrap/u_fifo_generator_0/U0/inst_fifo_gen/gconvfifo.rf/grf.rf/gntv_or_sync_fifo.gl0.wr/gwas.wsts/wr_en
    SLICE_X24Y31         LUT2 (Prop_lut2_I0_O)        0.126    12.328 r  u_fifo_wrap/u_fifo_generator_0/U0/inst_fifo_gen/gconvfifo.rf/grf.rf/gntv_or_sync_fifo.gl0.wr/gwas.wsts/DEVICE_7SERIES.NO_BMM_INFO.SDP.SIMPLE_PRIM36.ram_i_4/O
                         net (fo=4, routed)           1.449    13.777    u_fifo_wrap/u_fifo_generator_0/U0/inst_fifo_gen/gconvfifo.rf/grf.rf/gntv_or_sync_fifo.mem/gbm.gbmg.gbmga.ngecc.bmg/inst_blk_mem_gen/gnbram.gnativebmg.native_blk_mem_gen/valid.cstr/ramloop[1].ram.r/prim_noinit.ram/DEVICE_7SERIES.NO_BMM_INFO.SDP.SIMPLE_PRIM36.ram_0[0]
    SLICE_X14Y32         LUT2 (Prop_lut2_I1_O)        0.277    14.054 r  u_fifo_wrap/u_fifo_generator_0/U0/inst_fifo_gen/gconvfifo.rf/grf.rf/gntv_or_sync_fifo.mem/gbm.gbmg.gbmga.ngecc.bmg/inst_blk_mem_gen/gnbram.gnativebmg.native_blk_mem_gen/valid.cstr/ramloop[1].ram.r/prim_noinit.ram/DEVICE_7SERIES.NO_BMM_INFO.SDP.SIMPLE_PRIM36.ram_ENARDEN_cooolgate_en_gate_33/O
                         net (fo=1, routed)           0.648    14.702    u_fifo_wrap/u_fifo_generator_0/U0/inst_fifo_gen/gconvfifo.rf/grf.rf/gntv_or_sync_fifo.mem/gbm.gbmg.gbmga.ngecc.bmg/inst_blk_mem_gen/gnbram.gnativebmg.native_blk_mem_gen/valid.cstr/ramloop[1].ram.r/prim_noinit.ram/DEVICE_7SERIES.NO_BMM_INFO.SDP.SIMPLE_PRIM36.ram_ENARDEN_cooolgate_en_sig_17
    RAMB36_X0Y6          RAMB36E1                                     r  u_fifo_wrap/u_fifo_generator_0/U0/inst_fifo_gen/gconvfifo.rf/grf.rf/gntv_or_sync_fifo.mem/gbm.gbmg.gbmga.ngecc.bmg/inst_blk_mem_gen/gnbram.gnativebmg.native_blk_mem_gen/valid.cstr/ramloop[1].ram.r/prim_noinit.ram/DEVICE_7SERIES.NO_BMM_INFO.SDP.SIMPLE_PRIM36.ram/ENARDEN
  -------------------------------------------------------------------    -------------------

                         (clock adc_clk rise edge)   31.250    31.250 r  
    L16                                               0.000    31.250 r  adc_clk (IN)
                         net (fo=0)                   0.000    31.250    adc_clk
    L16                  IBUF (Prop_ibuf_I_O)         0.849    32.099 r  adc_clk_IBUF_inst/O
                         net (fo=1, routed)           1.961    34.060    adc_clk_IBUF
    BUFGCTRL_X0Y16       BUFG (Prop_bufg_I_O)         0.077    34.137 r  adc_clk_IBUF_BUFG_inst/O
                         net (fo=221, routed)         1.360    35.497    u_fifo_wrap/u_fifo_generator_0/U0/inst_fifo_gen/gconvfifo.rf/grf.rf/gntv_or_sync_fifo.mem/gbm.gbmg.gbmga.ngecc.bmg/inst_blk_mem_gen/gnbram.gnativebmg.native_blk_mem_gen/valid.cstr/ramloop[1].ram.r/prim_noinit.ram/wr_clk
    RAMB36_X0Y6          RAMB36E1                                     r  u_fifo_wrap/u_fifo_generator_0/U0/inst_fifo_gen/gconvfifo.rf/grf.rf/gntv_or_sync_fifo.mem/gbm.gbmg.gbmga.ngecc.bmg/inst_blk_mem_gen/gnbram.gnativebmg.native_blk_mem_gen/valid.cstr/ramloop[1].ram.r/prim_noinit.ram/DEVICE_7SERIES.NO_BMM_INFO.SDP.SIMPLE_PRIM36.ram/CLKARDCLK
                         clock pessimism              0.435    35.932    
                         clock uncertainty           -0.035    35.897    
    RAMB36_X0Y6          RAMB36E1 (Setup_ramb36e1_CLKARDCLK_ENARDEN)
                                                     -0.546    35.351    u_fifo_wrap/u_fifo_generator_0/U0/inst_fifo_gen/gconvfifo.rf/grf.rf/gntv_or_sync_fifo.mem/gbm.gbmg.gbmga.ngecc.bmg/inst_blk_mem_gen/gnbram.gnativebmg.native_blk_mem_gen/valid.cstr/ramloop[1].ram.r/prim_noinit.ram/DEVICE_7SERIES.NO_BMM_INFO.SDP.SIMPLE_PRIM36.ram
  -------------------------------------------------------------------
                         required time                         35.351    
                         arrival time                         -14.702    
  -------------------------------------------------------------------
                         slack                                 20.649    

Slack (MET) :             20.683ns  (required time - arrival time)
  Source:                 u_fifo_wrap/u_fifo_generator_0/U0/inst_fifo_gen/gconvfifo.rf/grf.rf/rstblk/ngwrdrst.grst.g7serrst.gsckt_wrst.gic_rst.wr_rst_busy_i_reg/C
                            (rising edge-triggered cell FDRE clocked by adc_clk  {rise@0.000ns fall@15.625ns period=31.250ns})
  Destination:            u_fifo_wrap/u_fifo_generator_0/U0/inst_fifo_gen/gconvfifo.rf/grf.rf/gntv_or_sync_fifo.mem/gbm.gbmg.gbmga.ngecc.bmg/inst_blk_mem_gen/gnbram.gnativebmg.native_blk_mem_gen/valid.cstr/ramloop[0].ram.r/prim_noinit.ram/DEVICE_7SERIES.NO_BMM_INFO.SDP.SIMPLE_PRIM36.ram/ENARDEN
                            (rising edge-triggered cell RAMB36E1 clocked by adc_clk  {rise@0.000ns fall@15.625ns period=31.250ns})
  Path Group:             adc_clk
  Path Type:              Setup (Max at Slow Process Corner)
  Requirement:            31.250ns  (adc_clk rise@31.250ns - adc_clk rise@0.000ns)
  Data Path Delay:        10.204ns  (logic 0.877ns (8.595%)  route 9.327ns (91.405%))
  Logic Levels:           3  (LUT2=2 LUT6=1)
  Clock Path Skew:        0.060ns (DCD - SCD + CPR)
    Destination Clock Delay (DCD):    4.243ns = ( 35.493 - 31.250 ) 
    Source Clock Delay      (SCD):    4.619ns
    Clock Pessimism Removal (CPR):    0.435ns
  Clock Uncertainty:      0.035ns  ((TSJ^2 + TIJ^2)^1/2 + DJ) / 2 + PE
    Total System Jitter     (TSJ):    0.071ns
    Total Input Jitter      (TIJ):    0.000ns
    Discrete Jitter          (DJ):    0.000ns
    Phase Error              (PE):    0.000ns

    Location             Delay type                Incr(ns)  Path(ns)    Netlist Resource(s)
  -------------------------------------------------------------------    -------------------
                         (clock adc_clk rise edge)    0.000     0.000 r  
    L16                                               0.000     0.000 r  adc_clk (IN)
                         net (fo=0)                   0.000     0.000    adc_clk
    L16                  IBUF (Prop_ibuf_I_O)         0.981     0.981 r  adc_clk_IBUF_inst/O
                         net (fo=1, routed)           2.160     3.141    adc_clk_IBUF
    BUFGCTRL_X0Y16       BUFG (Prop_bufg_I_O)         0.085     3.226 r  adc_clk_IBUF_BUFG_inst/O
                         net (fo=221, routed)         1.393     4.619    u_fifo_wrap/u_fifo_generator_0/U0/inst_fifo_gen/gconvfifo.rf/grf.rf/rstblk/wr_clk
    SLICE_X37Y27         FDRE                                         r  u_fifo_wrap/u_fifo_generator_0/U0/inst_fifo_gen/gconvfifo.rf/grf.rf/rstblk/ngwrdrst.grst.g7serrst.gsckt_wrst.gic_rst.wr_rst_busy_i_reg/C
  -------------------------------------------------------------------    -------------------
    SLICE_X37Y27         FDRE (Prop_fdre_C_Q)         0.379     4.998 f  u_fifo_wrap/u_fifo_generator_0/U0/inst_fifo_gen/gconvfifo.rf/grf.rf/rstblk/ngwrdrst.grst.g7serrst.gsckt_wrst.gic_rst.wr_rst_busy_i_reg/Q
                         net (fo=7, routed)           2.420     7.418    u_fifo_wrap/u_adc_write_controller/wr_rst_busy
    SLICE_X42Y86         LUT6 (Prop_lut6_I1_O)        0.105     7.523 r  u_fifo_wrap/u_adc_write_controller/u_fifo_generator_0_i_11/O
                         net (fo=15, routed)          4.679    12.202    u_fifo_wrap/u_fifo_generator_0/U0/inst_fifo_gen/gconvfifo.rf/grf.rf/gntv_or_sync_fifo.gl0.wr/gwas.wsts/wr_en
    SLICE_X24Y31         LUT2 (Prop_lut2_I0_O)        0.126    12.328 r  u_fifo_wrap/u_fifo_generator_0/U0/inst_fifo_gen/gconvfifo.rf/grf.rf/gntv_or_sync_fifo.gl0.wr/gwas.wsts/DEVICE_7SERIES.NO_BMM_INFO.SDP.SIMPLE_PRIM36.ram_i_4/O
                         net (fo=4, routed)           1.449    13.777    u_fifo_wrap/u_fifo_generator_0/U0/inst_fifo_gen/gconvfifo.rf/grf.rf/gntv_or_sync_fifo.mem/gbm.gbmg.gbmga.ngecc.bmg/inst_blk_mem_gen/gnbram.gnativebmg.native_blk_mem_gen/valid.cstr/ramloop[0].ram.r/prim_noinit.ram/DEVICE_7SERIES.NO_BMM_INFO.SDP.SIMPLE_PRIM36.ram_0[0]
    SLICE_X14Y32         LUT2 (Prop_lut2_I1_O)        0.267    14.044 r  u_fifo_wrap/u_fifo_generator_0/U0/inst_fifo_gen/gconvfifo.rf/grf.rf/gntv_or_sync_fifo.mem/gbm.gbmg.gbmga.ngecc.bmg/inst_blk_mem_gen/gnbram.gnativebmg.native_blk_mem_gen/valid.cstr/ramloop[0].ram.r/prim_noinit.ram/DEVICE_7SERIES.NO_BMM_INFO.SDP.SIMPLE_PRIM36.ram_ENARDEN_cooolgate_en_gate_19/O
                         net (fo=1, routed)           0.779    14.823    u_fifo_wrap/u_fifo_generator_0/U0/inst_fifo_gen/gconvfifo.rf/grf.rf/gntv_or_sync_fifo.mem/gbm.gbmg.gbmga.ngecc.bmg/inst_blk_mem_gen/gnbram.gnativebmg.native_blk_mem_gen/valid.cstr/ramloop[0].ram.r/prim_noinit.ram/DEVICE_7SERIES.NO_BMM_INFO.SDP.SIMPLE_PRIM36.ram_ENARDEN_cooolgate_en_sig_10
    RAMB36_X1Y6          RAMB36E1                                     r  u_fifo_wrap/u_fifo_generator_0/U0/inst_fifo_gen/gconvfifo.rf/grf.rf/gntv_or_sync_fifo.mem/gbm.gbmg.gbmga.ngecc.bmg/inst_blk_mem_gen/gnbram.gnativebmg.native_blk_mem_gen/valid.cstr/ramloop[0].ram.r/prim_noinit.ram/DEVICE_7SERIES.NO_BMM_INFO.SDP.SIMPLE_PRIM36.ram/ENARDEN
  -------------------------------------------------------------------    -------------------

                         (clock adc_clk rise edge)   31.250    31.250 r  
    L16                                               0.000    31.250 r  adc_clk (IN)
                         net (fo=0)                   0.000    31.250    adc_clk
    L16                  IBUF (Prop_ibuf_I_O)         0.849    32.099 r  adc_clk_IBUF_inst/O
                         net (fo=1, routed)           1.961    34.060    adc_clk_IBUF
    BUFGCTRL_X0Y16       BUFG (Prop_bufg_I_O)         0.077    34.137 r  adc_clk_IBUF_BUFG_inst/O
                         net (fo=221, routed)         1.356    35.493    u_fifo_wrap/u_fifo_generator_0/U0/inst_fifo_gen/gconvfifo.rf/grf.rf/gntv_or_sync_fifo.mem/gbm.gbmg.gbmga.ngecc.bmg/inst_blk_mem_gen/gnbram.gnativebmg.native_blk_mem_gen/valid.cstr/ramloop[0].ram.r/prim_noinit.ram/wr_clk
    RAMB36_X1Y6          RAMB36E1                                     r  u_fifo_wrap/u_fifo_generator_0/U0/inst_fifo_gen/gconvfifo.rf/grf.rf/gntv_or_sync_fifo.mem/gbm.gbmg.gbmga.ngecc.bmg/inst_blk_mem_gen/gnbram.gnativebmg.native_blk_mem_gen/valid.cstr/ramloop[0].ram.r/prim_noinit.ram/DEVICE_7SERIES.NO_BMM_INFO.SDP.SIMPLE_PRIM36.ram/CLKARDCLK
                         clock pessimism              0.435    35.928    
                         clock uncertainty           -0.035    35.893    
    RAMB36_X1Y6          RAMB36E1 (Setup_ramb36e1_CLKARDCLK_ENARDEN)
                                                     -0.387    35.506    u_fifo_wrap/u_fifo_generator_0/U0/inst_fifo_gen/gconvfifo.rf/grf.rf/gntv_or_sync_fifo.mem/gbm.gbmg.gbmga.ngecc.bmg/inst_blk_mem_gen/gnbram.gnativebmg.native_blk_mem_gen/valid.cstr/ramloop[0].ram.r/prim_noinit.ram/DEVICE_7SERIES.NO_BMM_INFO.SDP.SIMPLE_PRIM36.ram
  -------------------------------------------------------------------
                         required time                         35.506    
                         arrival time                         -14.823    
  -------------------------------------------------------------------
                         slack                                 20.683    

Slack (MET) :             20.788ns  (required time - arrival time)
  Source:                 u_fifo_wrap/u_fifo_generator_0/U0/inst_fifo_gen/gconvfifo.rf/grf.rf/rstblk/ngwrdrst.grst.g7serrst.gsckt_wrst.gic_rst.wr_rst_busy_i_reg/C
                            (rising edge-triggered cell FDRE clocked by adc_clk  {rise@0.000ns fall@15.625ns period=31.250ns})
  Destination:            u_fifo_wrap/u_fifo_generator_0/U0/inst_fifo_gen/gconvfifo.rf/grf.rf/gntv_or_sync_fifo.mem/gbm.gbmg.gbmga.ngecc.bmg/inst_blk_mem_gen/gnbram.gnativebmg.native_blk_mem_gen/valid.cstr/ramloop[8].ram.r/prim_noinit.ram/DEVICE_7SERIES.NO_BMM_INFO.SDP.SIMPLE_PRIM36.ram/ENARDEN
                            (rising edge-triggered cell RAMB36E1 clocked by adc_clk  {rise@0.000ns fall@15.625ns period=31.250ns})
  Path Group:             adc_clk
  Path Type:              Setup (Max at Slow Process Corner)
  Requirement:            31.250ns  (adc_clk rise@31.250ns - adc_clk rise@0.000ns)
  Data Path Delay:        10.023ns  (logic 0.897ns (8.950%)  route 9.126ns (91.050%))
  Logic Levels:           3  (LUT2=2 LUT6=1)
  Clock Path Skew:        -0.016ns (DCD - SCD + CPR)
    Destination Clock Delay (DCD):    4.167ns = ( 35.417 - 31.250 ) 
    Source Clock Delay      (SCD):    4.619ns
    Clock Pessimism Removal (CPR):    0.435ns
  Clock Uncertainty:      0.035ns  ((TSJ^2 + TIJ^2)^1/2 + DJ) / 2 + PE
    Total System Jitter     (TSJ):    0.071ns
    Total Input Jitter      (TIJ):    0.000ns
    Discrete Jitter          (DJ):    0.000ns
    Phase Error              (PE):    0.000ns

    Location             Delay type                Incr(ns)  Path(ns)    Netlist Resource(s)
  -------------------------------------------------------------------    -------------------
                         (clock adc_clk rise edge)    0.000     0.000 r  
    L16                                               0.000     0.000 r  adc_clk (IN)
                         net (fo=0)                   0.000     0.000    adc_clk
    L16                  IBUF (Prop_ibuf_I_O)         0.981     0.981 r  adc_clk_IBUF_inst/O
                         net (fo=1, routed)           2.160     3.141    adc_clk_IBUF
    BUFGCTRL_X0Y16       BUFG (Prop_bufg_I_O)         0.085     3.226 r  adc_clk_IBUF_BUFG_inst/O
                         net (fo=221, routed)         1.393     4.619    u_fifo_wrap/u_fifo_generator_0/U0/inst_fifo_gen/gconvfifo.rf/grf.rf/rstblk/wr_clk
    SLICE_X37Y27         FDRE                                         r  u_fifo_wrap/u_fifo_generator_0/U0/inst_fifo_gen/gconvfifo.rf/grf.rf/rstblk/ngwrdrst.grst.g7serrst.gsckt_wrst.gic_rst.wr_rst_busy_i_reg/C
  -------------------------------------------------------------------    -------------------
    SLICE_X37Y27         FDRE (Prop_fdre_C_Q)         0.379     4.998 f  u_fifo_wrap/u_fifo_generator_0/U0/inst_fifo_gen/gconvfifo.rf/grf.rf/rstblk/ngwrdrst.grst.g7serrst.gsckt_wrst.gic_rst.wr_rst_busy_i_reg/Q
                         net (fo=7, routed)           2.420     7.418    u_fifo_wrap/u_adc_write_controller/wr_rst_busy
    SLICE_X42Y86         LUT6 (Prop_lut6_I1_O)        0.105     7.523 r  u_fifo_wrap/u_adc_write_controller/u_fifo_generator_0_i_11/O
                         net (fo=15, routed)          3.961    11.484    u_fifo_wrap/u_fifo_generator_0/U0/inst_fifo_gen/gconvfifo.rf/grf.rf/gntv_or_sync_fifo.gl0.wr/gwas.wsts/wr_en
    SLICE_X26Y24         LUT2 (Prop_lut2_I0_O)        0.127    11.611 r  u_fifo_wrap/u_fifo_generator_0/U0/inst_fifo_gen/gconvfifo.rf/grf.rf/gntv_or_sync_fifo.gl0.wr/gwas.wsts/DEVICE_7SERIES.NO_BMM_INFO.SDP.SIMPLE_PRIM36.ram_i_3__0/O
                         net (fo=6, routed)           1.833    13.445    u_fifo_wrap/u_fifo_generator_0/U0/inst_fifo_gen/gconvfifo.rf/grf.rf/gntv_or_sync_fifo.mem/gbm.gbmg.gbmga.ngecc.bmg/inst_blk_mem_gen/gnbram.gnativebmg.native_blk_mem_gen/valid.cstr/ramloop[8].ram.r/prim_noinit.ram/DEVICE_7SERIES.NO_BMM_INFO.SDP.SIMPLE_PRIM36.ram_0[0]
    SLICE_X32Y26         LUT2 (Prop_lut2_I1_O)        0.286    13.731 r  u_fifo_wrap/u_fifo_generator_0/U0/inst_fifo_gen/gconvfifo.rf/grf.rf/gntv_or_sync_fifo.mem/gbm.gbmg.gbmga.ngecc.bmg/inst_blk_mem_gen/gnbram.gnativebmg.native_blk_mem_gen/valid.cstr/ramloop[8].ram.r/prim_noinit.ram/DEVICE_7SERIES.NO_BMM_INFO.SDP.SIMPLE_PRIM36.ram_ENARDEN_cooolgate_en_gate_47/O
                         net (fo=1, routed)           0.911    14.641    u_fifo_wrap/u_fifo_generator_0/U0/inst_fifo_gen/gconvfifo.rf/grf.rf/gntv_or_sync_fifo.mem/gbm.gbmg.gbmga.ngecc.bmg/inst_blk_mem_gen/gnbram.gnativebmg.native_blk_mem_gen/valid.cstr/ramloop[8].ram.r/prim_noinit.ram/DEVICE_7SERIES.NO_BMM_INFO.SDP.SIMPLE_PRIM36.ram_ENARDEN_cooolgate_en_sig_24
    RAMB36_X2Y5          RAMB36E1                                     r  u_fifo_wrap/u_fifo_generator_0/U0/inst_fifo_gen/gconvfifo.rf/grf.rf/gntv_or_sync_fifo.mem/gbm.gbmg.gbmga.ngecc.bmg/inst_blk_mem_gen/gnbram.gnativebmg.native_blk_mem_gen/valid.cstr/ramloop[8].ram.r/prim_noinit.ram/DEVICE_7SERIES.NO_BMM_INFO.SDP.SIMPLE_PRIM36.ram/ENARDEN
  -------------------------------------------------------------------    -------------------

                         (clock adc_clk rise edge)   31.250    31.250 r  
    L16                                               0.000    31.250 r  adc_clk (IN)
                         net (fo=0)                   0.000    31.250    adc_clk
    L16                  IBUF (Prop_ibuf_I_O)         0.849    32.099 r  adc_clk_IBUF_inst/O
                         net (fo=1, routed)           1.961    34.060    adc_clk_IBUF
    BUFGCTRL_X0Y16       BUFG (Prop_bufg_I_O)         0.077    34.137 r  adc_clk_IBUF_BUFG_inst/O
                         net (fo=221, routed)         1.280    35.417    u_fifo_wrap/u_fifo_generator_0/U0/inst_fifo_gen/gconvfifo.rf/grf.rf/gntv_or_sync_fifo.mem/gbm.gbmg.gbmga.ngecc.bmg/inst_blk_mem_gen/gnbram.gnativebmg.native_blk_mem_gen/valid.cstr/ramloop[8].ram.r/prim_noinit.ram/wr_clk
    RAMB36_X2Y5          RAMB36E1                                     r  u_fifo_wrap/u_fifo_generator_0/U0/inst_fifo_gen/gconvfifo.rf/grf.rf/gntv_or_sync_fifo.mem/gbm.gbmg.gbmga.ngecc.bmg/inst_blk_mem_gen/gnbram.gnativebmg.native_blk_mem_gen/valid.cstr/ramloop[8].ram.r/prim_noinit.ram/DEVICE_7SERIES.NO_BMM_INFO.SDP.SIMPLE_PRIM36.ram/CLKARDCLK
                         clock pessimism              0.435    35.852    
                         clock uncertainty           -0.035    35.817    
    RAMB36_X2Y5          RAMB36E1 (Setup_ramb36e1_CLKARDCLK_ENARDEN)
                                                     -0.387    35.430    u_fifo_wrap/u_fifo_generator_0/U0/inst_fifo_gen/gconvfifo.rf/grf.rf/gntv_or_sync_fifo.mem/gbm.gbmg.gbmga.ngecc.bmg/inst_blk_mem_gen/gnbram.gnativebmg.native_blk_mem_gen/valid.cstr/ramloop[8].ram.r/prim_noinit.ram/DEVICE_7SERIES.NO_BMM_INFO.SDP.SIMPLE_PRIM36.ram
  -------------------------------------------------------------------
                         required time                         35.430    
                         arrival time                         -14.641    
  -------------------------------------------------------------------
                         slack                                 20.788    

Slack (MET) :             20.900ns  (required time - arrival time)
  Source:                 u_fifo_wrap/u_fifo_generator_0/U0/inst_fifo_gen/gconvfifo.rf/grf.rf/rstblk/ngwrdrst.grst.g7serrst.gsckt_wrst.gic_rst.wr_rst_busy_i_reg/C
                            (rising edge-triggered cell FDRE clocked by adc_clk  {rise@0.000ns fall@15.625ns period=31.250ns})
  Destination:            u_fifo_wrap/u_fifo_generator_0/U0/inst_fifo_gen/gconvfifo.rf/grf.rf/gntv_or_sync_fifo.mem/gbm.gbmg.gbmga.ngecc.bmg/inst_blk_mem_gen/gnbram.gnativebmg.native_blk_mem_gen/valid.cstr/ramloop[14].ram.r/prim_noinit.ram/DEVICE_7SERIES.NO_BMM_INFO.SDP.SIMPLE_PRIM36.ram/ENARDEN
                            (rising edge-triggered cell RAMB36E1 clocked by adc_clk  {rise@0.000ns fall@15.625ns period=31.250ns})
  Path Group:             adc_clk
  Path Type:              Setup (Max at Slow Process Corner)
  Requirement:            31.250ns  (adc_clk rise@31.250ns - adc_clk rise@0.000ns)
  Data Path Delay:        9.917ns  (logic 0.694ns (6.998%)  route 9.223ns (93.002%))
  Logic Levels:           3  (LUT2=2 LUT6=1)
  Clock Path Skew:        -0.010ns (DCD - SCD + CPR)
    Destination Clock Delay (DCD):    4.173ns = ( 35.423 - 31.250 ) 
    Source Clock Delay      (SCD):    4.619ns
    Clock Pessimism Removal (CPR):    0.435ns
  Clock Uncertainty:      0.035ns  ((TSJ^2 + TIJ^2)^1/2 + DJ) / 2 + PE
    Total System Jitter     (TSJ):    0.071ns
    Total Input Jitter      (TIJ):    0.000ns
    Discrete Jitter          (DJ):    0.000ns
    Phase Error              (PE):    0.000ns

    Location             Delay type                Incr(ns)  Path(ns)    Netlist Resource(s)
  -------------------------------------------------------------------    -------------------
                         (clock adc_clk rise edge)    0.000     0.000 r  
    L16                                               0.000     0.000 r  adc_clk (IN)
                         net (fo=0)                   0.000     0.000    adc_clk
    L16                  IBUF (Prop_ibuf_I_O)         0.981     0.981 r  adc_clk_IBUF_inst/O
                         net (fo=1, routed)           2.160     3.141    adc_clk_IBUF
    BUFGCTRL_X0Y16       BUFG (Prop_bufg_I_O)         0.085     3.226 r  adc_clk_IBUF_BUFG_inst/O
                         net (fo=221, routed)         1.393     4.619    u_fifo_wrap/u_fifo_generator_0/U0/inst_fifo_gen/gconvfifo.rf/grf.rf/rstblk/wr_clk
    SLICE_X37Y27         FDRE                                         r  u_fifo_wrap/u_fifo_generator_0/U0/inst_fifo_gen/gconvfifo.rf/grf.rf/rstblk/ngwrdrst.grst.g7serrst.gsckt_wrst.gic_rst.wr_rst_busy_i_reg/C
  -------------------------------------------------------------------    -------------------
    SLICE_X37Y27         FDRE (Prop_fdre_C_Q)         0.379     4.998 f  u_fifo_wrap/u_fifo_generator_0/U0/inst_fifo_gen/gconvfifo.rf/grf.rf/rstblk/ngwrdrst.grst.g7serrst.gsckt_wrst.gic_rst.wr_rst_busy_i_reg/Q
                         net (fo=7, routed)           2.420     7.418    u_fifo_wrap/u_adc_write_controller/wr_rst_busy
    SLICE_X42Y86         LUT6 (Prop_lut6_I1_O)        0.105     7.523 r  u_fifo_wrap/u_adc_write_controller/u_fifo_generator_0_i_11/O
                         net (fo=15, routed)          4.679    12.202    u_fifo_wrap/u_fifo_generator_0/U0/inst_fifo_gen/gconvfifo.rf/grf.rf/gntv_or_sync_fifo.gl0.wr/gwas.wsts/wr_en
    SLICE_X24Y31         LUT2 (Prop_lut2_I0_O)        0.105    12.307 r  u_fifo_wrap/u_fifo_generator_0/U0/inst_fifo_gen/gconvfifo.rf/grf.rf/gntv_or_sync_fifo.gl0.wr/gwas.wsts/DEVICE_7SERIES.NO_BMM_INFO.SDP.SIMPLE_PRIM36.ram_i_3/O
                         net (fo=4, routed)           1.476    13.783    u_fifo_wrap/u_fifo_generator_0/U0/inst_fifo_gen/gconvfifo.rf/grf.rf/gntv_or_sync_fifo.mem/gbm.gbmg.gbmga.ngecc.bmg/inst_blk_mem_gen/gnbram.gnativebmg.native_blk_mem_gen/valid.cstr/ramloop[14].ram.r/prim_noinit.ram/DEVICE_7SERIES.NO_BMM_INFO.SDP.SIMPLE_PRIM36.ram_0[0]
    SLICE_X31Y31         LUT2 (Prop_lut2_I1_O)        0.105    13.888 r  u_fifo_wrap/u_fifo_generator_0/U0/inst_fifo_gen/gconvfifo.rf/grf.rf/gntv_or_sync_fifo.mem/gbm.gbmg.gbmga.ngecc.bmg/inst_blk_mem_gen/gnbram.gnativebmg.native_blk_mem_gen/valid.cstr/ramloop[14].ram.r/prim_noinit.ram/DEVICE_7SERIES.NO_BMM_INFO.SDP.SIMPLE_PRIM36.ram_ENARDEN_cooolgate_en_gate_29/O
                         net (fo=1, routed)           0.648    14.536    u_fifo_wrap/u_fifo_generator_0/U0/inst_fifo_gen/gconvfifo.rf/grf.rf/gntv_or_sync_fifo.mem/gbm.gbmg.gbmga.ngecc.bmg/inst_blk_mem_gen/gnbram.gnativebmg.native_blk_mem_gen/valid.cstr/ramloop[14].ram.r/prim_noinit.ram/DEVICE_7SERIES.NO_BMM_INFO.SDP.SIMPLE_PRIM36.ram_ENARDEN_cooolgate_en_sig_15
    RAMB36_X2Y6          RAMB36E1                                     r  u_fifo_wrap/u_fifo_generator_0/U0/inst_fifo_gen/gconvfifo.rf/grf.rf/gntv_or_sync_fifo.mem/gbm.gbmg.gbmga.ngecc.bmg/inst_blk_mem_gen/gnbram.gnativebmg.native_blk_mem_gen/valid.cstr/ramloop[14].ram.r/prim_noinit.ram/DEVICE_7SERIES.NO_BMM_INFO.SDP.SIMPLE_PRIM36.ram/ENARDEN
  -------------------------------------------------------------------    -------------------

                         (clock adc_clk rise edge)   31.250    31.250 r  
    L16                                               0.000    31.250 r  adc_clk (IN)
                         net (fo=0)                   0.000    31.250    adc_clk
    L16                  IBUF (Prop_ibuf_I_O)         0.849    32.099 r  adc_clk_IBUF_inst/O
                         net (fo=1, routed)           1.961    34.060    adc_clk_IBUF
    BUFGCTRL_X0Y16       BUFG (Prop_bufg_I_O)         0.077    34.137 r  adc_clk_IBUF_BUFG_inst/O
                         net (fo=221, routed)         1.286    35.423    u_fifo_wrap/u_fifo_generator_0/U0/inst_fifo_gen/gconvfifo.rf/grf.rf/gntv_or_sync_fifo.mem/gbm.gbmg.gbmga.ngecc.bmg/inst_blk_mem_gen/gnbram.gnativebmg.native_blk_mem_gen/valid.cstr/ramloop[14].ram.r/prim_noinit.ram/wr_clk
    RAMB36_X2Y6          RAMB36E1                                     r  u_fifo_wrap/u_fifo_generator_0/U0/inst_fifo_gen/gconvfifo.rf/grf.rf/gntv_or_sync_fifo.mem/gbm.gbmg.gbmga.ngecc.bmg/inst_blk_mem_gen/gnbram.gnativebmg.native_blk_mem_gen/valid.cstr/ramloop[14].ram.r/prim_noinit.ram/DEVICE_7SERIES.NO_BMM_INFO.SDP.SIMPLE_PRIM36.ram/CLKARDCLK
                         clock pessimism              0.435    35.858    
                         clock uncertainty           -0.035    35.823    
    RAMB36_X2Y6          RAMB36E1 (Setup_ramb36e1_CLKARDCLK_ENARDEN)
                                                     -0.387    35.436    u_fifo_wrap/u_fifo_generator_0/U0/inst_fifo_gen/gconvfifo.rf/grf.rf/gntv_or_sync_fifo.mem/gbm.gbmg.gbmga.ngecc.bmg/inst_blk_mem_gen/gnbram.gnativebmg.native_blk_mem_gen/valid.cstr/ramloop[14].ram.r/prim_noinit.ram/DEVICE_7SERIES.NO_BMM_INFO.SDP.SIMPLE_PRIM36.ram
  -------------------------------------------------------------------
                         required time                         35.436    
                         arrival time                         -14.536    
  -------------------------------------------------------------------
                         slack                                 20.900    

Slack (MET) :             21.018ns  (required time - arrival time)
  Source:                 u_fifo_wrap/u_fifo_generator_0/U0/inst_fifo_gen/gconvfifo.rf/grf.rf/rstblk/ngwrdrst.grst.g7serrst.gsckt_wrst.gic_rst.wr_rst_busy_i_reg/C
                            (rising edge-triggered cell FDRE clocked by adc_clk  {rise@0.000ns fall@15.625ns period=31.250ns})
  Destination:            u_fifo_wrap/u_fifo_generator_0/U0/inst_fifo_gen/gconvfifo.rf/grf.rf/gntv_or_sync_fifo.mem/gbm.gbmg.gbmga.ngecc.bmg/inst_blk_mem_gen/gnbram.gnativebmg.native_blk_mem_gen/valid.cstr/ramloop[12].ram.r/prim_noinit.ram/DEVICE_7SERIES.NO_BMM_INFO.SDP.SIMPLE_PRIM36.ram/ENARDEN
                            (rising edge-triggered cell RAMB36E1 clocked by adc_clk  {rise@0.000ns fall@15.625ns period=31.250ns})
  Path Group:             adc_clk
  Path Type:              Setup (Max at Slow Process Corner)
  Requirement:            31.250ns  (adc_clk rise@31.250ns - adc_clk rise@0.000ns)
  Data Path Delay:        9.873ns  (logic 0.694ns (7.029%)  route 9.179ns (92.971%))
  Logic Levels:           3  (LUT2=2 LUT6=1)
  Clock Path Skew:        0.063ns (DCD - SCD + CPR)
    Destination Clock Delay (DCD):    4.246ns = ( 35.496 - 31.250 ) 
    Source Clock Delay      (SCD):    4.619ns
    Clock Pessimism Removal (CPR):    0.435ns
  Clock Uncertainty:      0.035ns  ((TSJ^2 + TIJ^2)^1/2 + DJ) / 2 + PE
    Total System Jitter     (TSJ):    0.071ns
    Total Input Jitter      (TIJ):    0.000ns
    Discrete Jitter          (DJ):    0.000ns
    Phase Error              (PE):    0.000ns

    Location             Delay type                Incr(ns)  Path(ns)    Netlist Resource(s)
  -------------------------------------------------------------------    -------------------
                         (clock adc_clk rise edge)    0.000     0.000 r  
    L16                                               0.000     0.000 r  adc_clk (IN)
                         net (fo=0)                   0.000     0.000    adc_clk
    L16                  IBUF (Prop_ibuf_I_O)         0.981     0.981 r  adc_clk_IBUF_inst/O
                         net (fo=1, routed)           2.160     3.141    adc_clk_IBUF
    BUFGCTRL_X0Y16       BUFG (Prop_bufg_I_O)         0.085     3.226 r  adc_clk_IBUF_BUFG_inst/O
                         net (fo=221, routed)         1.393     4.619    u_fifo_wrap/u_fifo_generator_0/U0/inst_fifo_gen/gconvfifo.rf/grf.rf/rstblk/wr_clk
    SLICE_X37Y27         FDRE                                         r  u_fifo_wrap/u_fifo_generator_0/U0/inst_fifo_gen/gconvfifo.rf/grf.rf/rstblk/ngwrdrst.grst.g7serrst.gsckt_wrst.gic_rst.wr_rst_busy_i_reg/C
  -------------------------------------------------------------------    -------------------
    SLICE_X37Y27         FDRE (Prop_fdre_C_Q)         0.379     4.998 f  u_fifo_wrap/u_fifo_generator_0/U0/inst_fifo_gen/gconvfifo.rf/grf.rf/rstblk/ngwrdrst.grst.g7serrst.gsckt_wrst.gic_rst.wr_rst_busy_i_reg/Q
                         net (fo=7, routed)           2.420     7.418    u_fifo_wrap/u_adc_write_controller/wr_rst_busy
    SLICE_X42Y86         LUT6 (Prop_lut6_I1_O)        0.105     7.523 r  u_fifo_wrap/u_adc_write_controller/u_fifo_generator_0_i_11/O
                         net (fo=15, routed)          4.679    12.202    u_fifo_wrap/u_fifo_generator_0/U0/inst_fifo_gen/gconvfifo.rf/grf.rf/gntv_or_sync_fifo.gl0.wr/gwas.wsts/wr_en
    SLICE_X24Y31         LUT2 (Prop_lut2_I0_O)        0.105    12.307 r  u_fifo_wrap/u_fifo_generator_0/U0/inst_fifo_gen/gconvfifo.rf/grf.rf/gntv_or_sync_fifo.gl0.wr/gwas.wsts/DEVICE_7SERIES.NO_BMM_INFO.SDP.SIMPLE_PRIM36.ram_i_3/O
                         net (fo=4, routed)           1.144    13.451    u_fifo_wrap/u_fifo_generator_0/U0/inst_fifo_gen/gconvfifo.rf/grf.rf/gntv_or_sync_fifo.mem/gbm.gbmg.gbmga.ngecc.bmg/inst_blk_mem_gen/gnbram.gnativebmg.native_blk_mem_gen/valid.cstr/ramloop[12].ram.r/prim_noinit.ram/DEVICE_7SERIES.NO_BMM_INFO.SDP.SIMPLE_PRIM36.ram_0[0]
    SLICE_X24Y33         LUT2 (Prop_lut2_I1_O)        0.105    13.556 r  u_fifo_wrap/u_fifo_generator_0/U0/inst_fifo_gen/gconvfifo.rf/grf.rf/gntv_or_sync_fifo.mem/gbm.gbmg.gbmga.ngecc.bmg/inst_blk_mem_gen/gnbram.gnativebmg.native_blk_mem_gen/valid.cstr/ramloop[12].ram.r/prim_noinit.ram/DEVICE_7SERIES.NO_BMM_INFO.SDP.SIMPLE_PRIM36.ram_ENARDEN_cooolgate_en_gate_25/O
                         net (fo=1, routed)           0.936    14.491    u_fifo_wrap/u_fifo_generator_0/U0/inst_fifo_gen/gconvfifo.rf/grf.rf/gntv_or_sync_fifo.mem/gbm.gbmg.gbmga.ngecc.bmg/inst_blk_mem_gen/gnbram.gnativebmg.native_blk_mem_gen/valid.cstr/ramloop[12].ram.r/prim_noinit.ram/DEVICE_7SERIES.NO_BMM_INFO.SDP.SIMPLE_PRIM36.ram_ENARDEN_cooolgate_en_sig_13
    RAMB36_X1Y7          RAMB36E1                                     r  u_fifo_wrap/u_fifo_generator_0/U0/inst_fifo_gen/gconvfifo.rf/grf.rf/gntv_or_sync_fifo.mem/gbm.gbmg.gbmga.ngecc.bmg/inst_blk_mem_gen/gnbram.gnativebmg.native_blk_mem_gen/valid.cstr/ramloop[12].ram.r/prim_noinit.ram/DEVICE_7SERIES.NO_BMM_INFO.SDP.SIMPLE_PRIM36.ram/ENARDEN
  -------------------------------------------------------------------    -------------------

                         (clock adc_clk rise edge)   31.250    31.250 r  
    L16                                               0.000    31.250 r  adc_clk (IN)
                         net (fo=0)                   0.000    31.250    adc_clk
    L16                  IBUF (Prop_ibuf_I_O)         0.849    32.099 r  adc_clk_IBUF_inst/O
                         net (fo=1, routed)           1.961    34.060    adc_clk_IBUF
    BUFGCTRL_X0Y16       BUFG (Prop_bufg_I_O)         0.077    34.137 r  adc_clk_IBUF_BUFG_inst/O
                         net (fo=221, routed)         1.359    35.496    u_fifo_wrap/u_fifo_generator_0/U0/inst_fifo_gen/gconvfifo.rf/grf.rf/gntv_or_sync_fifo.mem/gbm.gbmg.gbmga.ngecc.bmg/inst_blk_mem_gen/gnbram.gnativebmg.native_blk_mem_gen/valid.cstr/ramloop[12].ram.r/prim_noinit.ram/wr_clk
    RAMB36_X1Y7          RAMB36E1                                     r  u_fifo_wrap/u_fifo_generator_0/U0/inst_fifo_gen/gconvfifo.rf/grf.rf/gntv_or_sync_fifo.mem/gbm.gbmg.gbmga.ngecc.bmg/inst_blk_mem_gen/gnbram.gnativebmg.native_blk_mem_gen/valid.cstr/ramloop[12].ram.r/prim_noinit.ram/DEVICE_7SERIES.NO_BMM_INFO.SDP.SIMPLE_PRIM36.ram/CLKARDCLK
                         clock pessimism              0.435    35.931    
                         clock uncertainty           -0.035    35.896    
    RAMB36_X1Y7          RAMB36E1 (Setup_ramb36e1_CLKARDCLK_ENARDEN)
                                                     -0.387    35.509    u_fifo_wrap/u_fifo_generator_0/U0/inst_fifo_gen/gconvfifo.rf/grf.rf/gntv_or_sync_fifo.mem/gbm.gbmg.gbmga.ngecc.bmg/inst_blk_mem_gen/gnbram.gnativebmg.native_blk_mem_gen/valid.cstr/ramloop[12].ram.r/prim_noinit.ram/DEVICE_7SERIES.NO_BMM_INFO.SDP.SIMPLE_PRIM36.ram
  -------------------------------------------------------------------
                         required time                         35.509    
                         arrival time                         -14.491    
  -------------------------------------------------------------------
                         slack                                 21.018    

Slack (MET) :             21.080ns  (required time - arrival time)
  Source:                 u_fifo_wrap/u_fifo_generator_0/U0/inst_fifo_gen/gconvfifo.rf/grf.rf/rstblk/ngwrdrst.grst.g7serrst.gsckt_wrst.gic_rst.wr_rst_busy_i_reg/C
                            (rising edge-triggered cell FDRE clocked by adc_clk  {rise@0.000ns fall@15.625ns period=31.250ns})
  Destination:            u_fifo_wrap/u_fifo_generator_0/U0/inst_fifo_gen/gconvfifo.rf/grf.rf/gntv_or_sync_fifo.mem/gbm.gbmg.gbmga.ngecc.bmg/inst_blk_mem_gen/gnbram.gnativebmg.native_blk_mem_gen/valid.cstr/ramloop[17].ram.r/prim_noinit.ram/DEVICE_7SERIES.NO_BMM_INFO.SDP.CASCADED_PRIM36.ram_B/WEA[0]
                            (rising edge-triggered cell RAMB36E1 clocked by adc_clk  {rise@0.000ns fall@15.625ns period=31.250ns})
  Path Group:             adc_clk
  Path Type:              Setup (Max at Slow Process Corner)
  Requirement:            31.250ns  (adc_clk rise@31.250ns - adc_clk rise@0.000ns)
  Data Path Delay:        9.725ns  (logic 0.589ns (6.057%)  route 9.136ns (93.943%))
  Logic Levels:           2  (LUT2=1 LUT6=1)
  Clock Path Skew:        0.066ns (DCD - SCD + CPR)
    Destination Clock Delay (DCD):    4.249ns = ( 35.499 - 31.250 ) 
    Source Clock Delay      (SCD):    4.619ns
    Clock Pessimism Removal (CPR):    0.435ns
  Clock Uncertainty:      0.035ns  ((TSJ^2 + TIJ^2)^1/2 + DJ) / 2 + PE
    Total System Jitter     (TSJ):    0.071ns
    Total Input Jitter      (TIJ):    0.000ns
    Discrete Jitter          (DJ):    0.000ns
    Phase Error              (PE):    0.000ns

    Location             Delay type                Incr(ns)  Path(ns)    Netlist Resource(s)
  -------------------------------------------------------------------    -------------------
                         (clock adc_clk rise edge)    0.000     0.000 r  
    L16                                               0.000     0.000 r  adc_clk (IN)
                         net (fo=0)                   0.000     0.000    adc_clk
    L16                  IBUF (Prop_ibuf_I_O)         0.981     0.981 r  adc_clk_IBUF_inst/O
                         net (fo=1, routed)           2.160     3.141    adc_clk_IBUF
    BUFGCTRL_X0Y16       BUFG (Prop_bufg_I_O)         0.085     3.226 r  adc_clk_IBUF_BUFG_inst/O
                         net (fo=221, routed)         1.393     4.619    u_fifo_wrap/u_fifo_generator_0/U0/inst_fifo_gen/gconvfifo.rf/grf.rf/rstblk/wr_clk
    SLICE_X37Y27         FDRE                                         r  u_fifo_wrap/u_fifo_generator_0/U0/inst_fifo_gen/gconvfifo.rf/grf.rf/rstblk/ngwrdrst.grst.g7serrst.gsckt_wrst.gic_rst.wr_rst_busy_i_reg/C
  -------------------------------------------------------------------    -------------------
    SLICE_X37Y27         FDRE (Prop_fdre_C_Q)         0.379     4.998 f  u_fifo_wrap/u_fifo_generator_0/U0/inst_fifo_gen/gconvfifo.rf/grf.rf/rstblk/ngwrdrst.grst.g7serrst.gsckt_wrst.gic_rst.wr_rst_busy_i_reg/Q
                         net (fo=7, routed)           2.420     7.418    u_fifo_wrap/u_adc_write_controller/wr_rst_busy
    SLICE_X42Y86         LUT6 (Prop_lut6_I1_O)        0.105     7.523 r  u_fifo_wrap/u_adc_write_controller/u_fifo_generator_0_i_11/O
                         net (fo=15, routed)          4.149    11.672    u_fifo_wrap/u_fifo_generator_0/U0/inst_fifo_gen/gconvfifo.rf/grf.rf/gntv_or_sync_fifo.gl0.wr/gwas.wsts/wr_en
    SLICE_X24Y17         LUT2 (Prop_lut2_I0_O)        0.105    11.777 r  u_fifo_wrap/u_fifo_generator_0/U0/inst_fifo_gen/gconvfifo.rf/grf.rf/gntv_or_sync_fifo.gl0.wr/gwas.wsts/DEVICE_7SERIES.NO_BMM_INFO.SDP.SIMPLE_PRIM36.ram_i_3__4/O
                         net (fo=6, routed)           2.567    14.343    u_fifo_wrap/u_fifo_generator_0/U0/inst_fifo_gen/gconvfifo.rf/grf.rf/gntv_or_sync_fifo.mem/gbm.gbmg.gbmga.ngecc.bmg/inst_blk_mem_gen/gnbram.gnativebmg.native_blk_mem_gen/valid.cstr/ramloop[17].ram.r/prim_noinit.ram/DEVICE_7SERIES.NO_BMM_INFO.SDP.CASCADED_PRIM36.ram_B_0[0]
    RAMB36_X1Y0          RAMB36E1                                     r  u_fifo_wrap/u_fifo_generator_0/U0/inst_fifo_gen/gconvfifo.rf/grf.rf/gntv_or_sync_fifo.mem/gbm.gbmg.gbmga.ngecc.bmg/inst_blk_mem_gen/gnbram.gnativebmg.native_blk_mem_gen/valid.cstr/ramloop[17].ram.r/prim_noinit.ram/DEVICE_7SERIES.NO_BMM_INFO.SDP.CASCADED_PRIM36.ram_B/WEA[0]
  -------------------------------------------------------------------    -------------------

                         (clock adc_clk rise edge)   31.250    31.250 r  
    L16                                               0.000    31.250 r  adc_clk (IN)
                         net (fo=0)                   0.000    31.250    adc_clk
    L16                  IBUF (Prop_ibuf_I_O)         0.849    32.099 r  adc_clk_IBUF_inst/O
                         net (fo=1, routed)           1.961    34.060    adc_clk_IBUF
    BUFGCTRL_X0Y16       BUFG (Prop_bufg_I_O)         0.077    34.137 r  adc_clk_IBUF_BUFG_inst/O
                         net (fo=221, routed)         1.362    35.499    u_fifo_wrap/u_fifo_generator_0/U0/inst_fifo_gen/gconvfifo.rf/grf.rf/gntv_or_sync_fifo.mem/gbm.gbmg.gbmga.ngecc.bmg/inst_blk_mem_gen/gnbram.gnativebmg.native_blk_mem_gen/valid.cstr/ramloop[17].ram.r/prim_noinit.ram/wr_clk
    RAMB36_X1Y0          RAMB36E1                                     r  u_fifo_wrap/u_fifo_generator_0/U0/inst_fifo_gen/gconvfifo.rf/grf.rf/gntv_or_sync_fifo.mem/gbm.gbmg.gbmga.ngecc.bmg/inst_blk_mem_gen/gnbram.gnativebmg.native_blk_mem_gen/valid.cstr/ramloop[17].ram.r/prim_noinit.ram/DEVICE_7SERIES.NO_BMM_INFO.SDP.CASCADED_PRIM36.ram_B/CLKARDCLK
                         clock pessimism              0.435    35.934    
                         clock uncertainty           -0.035    35.899    
    RAMB36_X1Y0          RAMB36E1 (Setup_ramb36e1_CLKARDCLK_WEA[0])
                                                     -0.476    35.423    u_fifo_wrap/u_fifo_generator_0/U0/inst_fifo_gen/gconvfifo.rf/grf.rf/gntv_or_sync_fifo.mem/gbm.gbmg.gbmga.ngecc.bmg/inst_blk_mem_gen/gnbram.gnativebmg.native_blk_mem_gen/valid.cstr/ramloop[17].ram.r/prim_noinit.ram/DEVICE_7SERIES.NO_BMM_INFO.SDP.CASCADED_PRIM36.ram_B
  -------------------------------------------------------------------
                         required time                         35.423    
                         arrival time                         -14.343    
  -------------------------------------------------------------------
                         slack                                 21.080    

Slack (MET) :             21.119ns  (required time - arrival time)
  Source:                 u_fifo_wrap/u_fifo_generator_0/U0/inst_fifo_gen/gconvfifo.rf/grf.rf/rstblk/ngwrdrst.grst.g7serrst.gsckt_wrst.gic_rst.wr_rst_busy_i_reg/C
                            (rising edge-triggered cell FDRE clocked by adc_clk  {rise@0.000ns fall@15.625ns period=31.250ns})
  Destination:            u_fifo_wrap/u_fifo_generator_0/U0/inst_fifo_gen/gconvfifo.rf/grf.rf/gntv_or_sync_fifo.mem/gbm.gbmg.gbmga.ngecc.bmg/inst_blk_mem_gen/gnbram.gnativebmg.native_blk_mem_gen/valid.cstr/ramloop[10].ram.r/prim_noinit.ram/DEVICE_7SERIES.NO_BMM_INFO.SDP.SIMPLE_PRIM36.ram/ENARDEN
                            (rising edge-triggered cell RAMB36E1 clocked by adc_clk  {rise@0.000ns fall@15.625ns period=31.250ns})
  Path Group:             adc_clk
  Path Type:              Setup (Max at Slow Process Corner)
  Requirement:            31.250ns  (adc_clk rise@31.250ns - adc_clk rise@0.000ns)
  Data Path Delay:        9.691ns  (logic 0.799ns (8.245%)  route 8.892ns (91.755%))
  Logic Levels:           4  (LUT2=2 LUT6=2)
  Clock Path Skew:        -0.018ns (DCD - SCD + CPR)
    Destination Clock Delay (DCD):    4.165ns = ( 35.415 - 31.250 ) 
    Source Clock Delay      (SCD):    4.619ns
    Clock Pessimism Removal (CPR):    0.435ns
  Clock Uncertainty:      0.035ns  ((TSJ^2 + TIJ^2)^1/2 + DJ) / 2 + PE
    Total System Jitter     (TSJ):    0.071ns
    Total Input Jitter      (TIJ):    0.000ns
    Discrete Jitter          (DJ):    0.000ns
    Phase Error              (PE):    0.000ns

    Location             Delay type                Incr(ns)  Path(ns)    Netlist Resource(s)
  -------------------------------------------------------------------    -------------------
                         (clock adc_clk rise edge)    0.000     0.000 r  
    L16                                               0.000     0.000 r  adc_clk (IN)
                         net (fo=0)                   0.000     0.000    adc_clk
    L16                  IBUF (Prop_ibuf_I_O)         0.981     0.981 r  adc_clk_IBUF_inst/O
                         net (fo=1, routed)           2.160     3.141    adc_clk_IBUF
    BUFGCTRL_X0Y16       BUFG (Prop_bufg_I_O)         0.085     3.226 r  adc_clk_IBUF_BUFG_inst/O
                         net (fo=221, routed)         1.393     4.619    u_fifo_wrap/u_fifo_generator_0/U0/inst_fifo_gen/gconvfifo.rf/grf.rf/rstblk/wr_clk
    SLICE_X37Y27         FDRE                                         r  u_fifo_wrap/u_fifo_generator_0/U0/inst_fifo_gen/gconvfifo.rf/grf.rf/rstblk/ngwrdrst.grst.g7serrst.gsckt_wrst.gic_rst.wr_rst_busy_i_reg/C
  -------------------------------------------------------------------    -------------------
    SLICE_X37Y27         FDRE (Prop_fdre_C_Q)         0.379     4.998 f  u_fifo_wrap/u_fifo_generator_0/U0/inst_fifo_gen/gconvfifo.rf/grf.rf/rstblk/ngwrdrst.grst.g7serrst.gsckt_wrst.gic_rst.wr_rst_busy_i_reg/Q
                         net (fo=7, routed)           2.420     7.418    u_fifo_wrap/u_adc_write_controller/wr_rst_busy
    SLICE_X42Y86         LUT6 (Prop_lut6_I1_O)        0.105     7.523 r  u_fifo_wrap/u_adc_write_controller/u_fifo_generator_0_i_11/O
                         net (fo=15, routed)          3.961    11.484    u_fifo_wrap/u_fifo_generator_0/U0/inst_fifo_gen/gconvfifo.rf/grf.rf/gntv_or_sync_fifo.gl0.wr/gwas.wsts/wr_en
    SLICE_X26Y24         LUT2 (Prop_lut2_I0_O)        0.105    11.589 r  u_fifo_wrap/u_fifo_generator_0/U0/inst_fifo_gen/gconvfifo.rf/grf.rf/gntv_or_sync_fifo.gl0.wr/gwas.wsts/DEVICE_7SERIES.NO_BMM_INFO.SDP.SIMPLE_PRIM36.ram_i_5/O
                         net (fo=18, routed)          0.998    12.587    u_fifo_wrap/u_fifo_generator_0/U0/inst_fifo_gen/gconvfifo.rf/grf.rf/gntv_or_sync_fifo.gl0.wr/wpntr/DEVICE_7SERIES.NO_BMM_INFO.SDP.SIMPLE_PRIM36.ram
    SLICE_X25Y27         LUT6 (Prop_lut6_I1_O)        0.105    12.692 r  u_fifo_wrap/u_fifo_generator_0/U0/inst_fifo_gen/gconvfifo.rf/grf.rf/gntv_or_sync_fifo.gl0.wr/wpntr/DEVICE_7SERIES.NO_BMM_INFO.SDP.SIMPLE_PRIM36.ram_i_1__9/O
                         net (fo=1, routed)           0.682    13.374    u_fifo_wrap/u_fifo_generator_0/U0/inst_fifo_gen/gconvfifo.rf/grf.rf/gntv_or_sync_fifo.mem/gbm.gbmg.gbmga.ngecc.bmg/inst_blk_mem_gen/gnbram.gnativebmg.native_blk_mem_gen/valid.cstr/ramloop[10].ram.r/prim_noinit.ram/ENA_I_18
    SLICE_X25Y27         LUT2 (Prop_lut2_I0_O)        0.105    13.479 r  u_fifo_wrap/u_fifo_generator_0/U0/inst_fifo_gen/gconvfifo.rf/grf.rf/gntv_or_sync_fifo.mem/gbm.gbmg.gbmga.ngecc.bmg/inst_blk_mem_gen/gnbram.gnativebmg.native_blk_mem_gen/valid.cstr/ramloop[10].ram.r/prim_noinit.ram/DEVICE_7SERIES.NO_BMM_INFO.SDP.SIMPLE_PRIM36.ram_ENARDEN_cooolgate_en_gate_21/O
                         net (fo=1, routed)           0.830    14.309    u_fifo_wrap/u_fifo_generator_0/U0/inst_fifo_gen/gconvfifo.rf/grf.rf/gntv_or_sync_fifo.mem/gbm.gbmg.gbmga.ngecc.bmg/inst_blk_mem_gen/gnbram.gnativebmg.native_blk_mem_gen/valid.cstr/ramloop[10].ram.r/prim_noinit.ram/DEVICE_7SERIES.NO_BMM_INFO.SDP.SIMPLE_PRIM36.ram_ENARDEN_cooolgate_en_sig_11
    RAMB36_X2Y4          RAMB36E1                                     r  u_fifo_wrap/u_fifo_generator_0/U0/inst_fifo_gen/gconvfifo.rf/grf.rf/gntv_or_sync_fifo.mem/gbm.gbmg.gbmga.ngecc.bmg/inst_blk_mem_gen/gnbram.gnativebmg.native_blk_mem_gen/valid.cstr/ramloop[10].ram.r/prim_noinit.ram/DEVICE_7SERIES.NO_BMM_INFO.SDP.SIMPLE_PRIM36.ram/ENARDEN
  -------------------------------------------------------------------    -------------------

                         (clock adc_clk rise edge)   31.250    31.250 r  
    L16                                               0.000    31.250 r  adc_clk (IN)
                         net (fo=0)                   0.000    31.250    adc_clk
    L16                  IBUF (Prop_ibuf_I_O)         0.849    32.099 r  adc_clk_IBUF_inst/O
                         net (fo=1, routed)           1.961    34.060    adc_clk_IBUF
    BUFGCTRL_X0Y16       BUFG (Prop_bufg_I_O)         0.077    34.137 r  adc_clk_IBUF_BUFG_inst/O
                         net (fo=221, routed)         1.278    35.415    u_fifo_wrap/u_fifo_generator_0/U0/inst_fifo_gen/gconvfifo.rf/grf.rf/gntv_or_sync_fifo.mem/gbm.gbmg.gbmga.ngecc.bmg/inst_blk_mem_gen/gnbram.gnativebmg.native_blk_mem_gen/valid.cstr/ramloop[10].ram.r/prim_noinit.ram/wr_clk
    RAMB36_X2Y4          RAMB36E1                                     r  u_fifo_wrap/u_fifo_generator_0/U0/inst_fifo_gen/gconvfifo.rf/grf.rf/gntv_or_sync_fifo.mem/gbm.gbmg.gbmga.ngecc.bmg/inst_blk_mem_gen/gnbram.gnativebmg.native_blk_mem_gen/valid.cstr/ramloop[10].ram.r/prim_noinit.ram/DEVICE_7SERIES.NO_BMM_INFO.SDP.SIMPLE_PRIM36.ram/CLKARDCLK
                         clock pessimism              0.435    35.850    
                         clock uncertainty           -0.035    35.815    
    RAMB36_X2Y4          RAMB36E1 (Setup_ramb36e1_CLKARDCLK_ENARDEN)
                                                     -0.387    35.428    u_fifo_wrap/u_fifo_generator_0/U0/inst_fifo_gen/gconvfifo.rf/grf.rf/gntv_or_sync_fifo.mem/gbm.gbmg.gbmga.ngecc.bmg/inst_blk_mem_gen/gnbram.gnativebmg.native_blk_mem_gen/valid.cstr/ramloop[10].ram.r/prim_noinit.ram/DEVICE_7SERIES.NO_BMM_INFO.SDP.SIMPLE_PRIM36.ram
  -------------------------------------------------------------------
                         required time                         35.428    
                         arrival time                         -14.309    
  -------------------------------------------------------------------
                         slack                                 21.119    





Min Delay Paths
--------------------------------------------------------------------------------------
Slack (MET) :             0.081ns  (arrival time - required time)
  Source:                 u_fifo_wrap/u_fifo_generator_0/U0/inst_fifo_gen/gconvfifo.rf/grf.rf/gntv_or_sync_fifo.gl0.wr/wpntr/gic0.gc0.count_d2_reg[9]/C
                            (rising edge-triggered cell FDRE clocked by adc_clk  {rise@0.000ns fall@15.625ns period=31.250ns})
  Destination:            u_fifo_wrap/u_fifo_generator_0/U0/inst_fifo_gen/gconvfifo.rf/grf.rf/gntv_or_sync_fifo.mem/gbm.gbmg.gbmga.ngecc.bmg/inst_blk_mem_gen/gnbram.gnativebmg.native_blk_mem_gen/valid.cstr/ramloop[10].ram.r/prim_noinit.ram/DEVICE_7SERIES.NO_BMM_INFO.SDP.SIMPLE_PRIM36.ram/ADDRARDADDR[12]
                            (rising edge-triggered cell RAMB36E1 clocked by adc_clk  {rise@0.000ns fall@15.625ns period=31.250ns})
  Path Group:             adc_clk
  Path Type:              Hold (Min at Fast Process Corner)
  Requirement:            0.000ns  (adc_clk rise@0.000ns - adc_clk rise@0.000ns)
  Data Path Delay:        0.316ns  (logic 0.141ns (44.598%)  route 0.175ns (55.402%))
  Logic Levels:           0  
  Clock Path Skew:        0.052ns (DCD - SCD - CPR)
    Destination Clock Delay (DCD):    2.256ns
    Source Clock Delay      (SCD):    1.696ns
    Clock Pessimism Removal (CPR):    0.508ns

    Location             Delay type                Incr(ns)  Path(ns)    Netlist Resource(s)
  -------------------------------------------------------------------    -------------------
                         (clock adc_clk rise edge)    0.000     0.000 r  
    L16                                               0.000     0.000 r  adc_clk (IN)
                         net (fo=0)                   0.000     0.000    adc_clk
    L16                  IBUF (Prop_ibuf_I_O)         0.277     0.277 r  adc_clk_IBUF_inst/O
                         net (fo=1, routed)           0.842     1.118    adc_clk_IBUF
    BUFGCTRL_X0Y16       BUFG (Prop_bufg_I_O)         0.026     1.144 r  adc_clk_IBUF_BUFG_inst/O
                         net (fo=221, routed)         0.552     1.696    u_fifo_wrap/u_fifo_generator_0/U0/inst_fifo_gen/gconvfifo.rf/grf.rf/gntv_or_sync_fifo.gl0.wr/wpntr/wr_clk
    SLICE_X33Y23         FDRE                                         r  u_fifo_wrap/u_fifo_generator_0/U0/inst_fifo_gen/gconvfifo.rf/grf.rf/gntv_or_sync_fifo.gl0.wr/wpntr/gic0.gc0.count_d2_reg[9]/C
  -------------------------------------------------------------------    -------------------
    SLICE_X33Y23         FDRE (Prop_fdre_C_Q)         0.141     1.837 r  u_fifo_wrap/u_fifo_generator_0/U0/inst_fifo_gen/gconvfifo.rf/grf.rf/gntv_or_sync_fifo.gl0.wr/wpntr/gic0.gc0.count_d2_reg[9]/Q
                         net (fo=32, routed)          0.175     2.012    u_fifo_wrap/u_fifo_generator_0/U0/inst_fifo_gen/gconvfifo.rf/grf.rf/gntv_or_sync_fifo.mem/gbm.gbmg.gbmga.ngecc.bmg/inst_blk_mem_gen/gnbram.gnativebmg.native_blk_mem_gen/valid.cstr/ramloop[10].ram.r/prim_noinit.ram/ADDRA[9]
    RAMB36_X2Y4          RAMB36E1                                     r  u_fifo_wrap/u_fifo_generator_0/U0/inst_fifo_gen/gconvfifo.rf/grf.rf/gntv_or_sync_fifo.mem/gbm.gbmg.gbmga.ngecc.bmg/inst_blk_mem_gen/gnbram.gnativebmg.native_blk_mem_gen/valid.cstr/ramloop[10].ram.r/prim_noinit.ram/DEVICE_7SERIES.NO_BMM_INFO.SDP.SIMPLE_PRIM36.ram/ADDRARDADDR[12]
  -------------------------------------------------------------------    -------------------

                         (clock adc_clk rise edge)    0.000     0.000 r  
    L16                                               0.000     0.000 r  adc_clk (IN)
                         net (fo=0)                   0.000     0.000    adc_clk
    L16                  IBUF (Prop_ibuf_I_O)         0.466     0.466 r  adc_clk_IBUF_inst/O
                         net (fo=1, routed)           0.907     1.373    adc_clk_IBUF
    BUFGCTRL_X0Y16       BUFG (Prop_bufg_I_O)         0.029     1.402 r  adc_clk_IBUF_BUFG_inst/O
                         net (fo=221, routed)         0.854     2.256    u_fifo_wrap/u_fifo_generator_0/U0/inst_fifo_gen/gconvfifo.rf/grf.rf/gntv_or_sync_fifo.mem/gbm.gbmg.gbmga.ngecc.bmg/inst_blk_mem_gen/gnbram.gnativebmg.native_blk_mem_gen/valid.cstr/ramloop[10].ram.r/prim_noinit.ram/wr_clk
    RAMB36_X2Y4          RAMB36E1                                     r  u_fifo_wrap/u_fifo_generator_0/U0/inst_fifo_gen/gconvfifo.rf/grf.rf/gntv_or_sync_fifo.mem/gbm.gbmg.gbmga.ngecc.bmg/inst_blk_mem_gen/gnbram.gnativebmg.native_blk_mem_gen/valid.cstr/ramloop[10].ram.r/prim_noinit.ram/DEVICE_7SERIES.NO_BMM_INFO.SDP.SIMPLE_PRIM36.ram/CLKARDCLK
                         clock pessimism             -0.508     1.748    
    RAMB36_X2Y4          RAMB36E1 (Hold_ramb36e1_CLKARDCLK_ADDRARDADDR[12])
                                                      0.183     1.931    u_fifo_wrap/u_fifo_generator_0/U0/inst_fifo_gen/gconvfifo.rf/grf.rf/gntv_or_sync_fifo.mem/gbm.gbmg.gbmga.ngecc.bmg/inst_blk_mem_gen/gnbram.gnativebmg.native_blk_mem_gen/valid.cstr/ramloop[10].ram.r/prim_noinit.ram/DEVICE_7SERIES.NO_BMM_INFO.SDP.SIMPLE_PRIM36.ram
  -------------------------------------------------------------------
                         required time                         -1.931    
                         arrival time                           2.012    
  -------------------------------------------------------------------
                         slack                                  0.081    

Slack (MET) :             0.089ns  (arrival time - required time)
  Source:                 u_fifo_wrap/u_fifo_generator_0/U0/inst_fifo_gen/gconvfifo.rf/grf.rf/gntv_or_sync_fifo.gl0.wr/wpntr/gic0.gc0.count_d2_reg[4]/C
                            (rising edge-triggered cell FDRE clocked by adc_clk  {rise@0.000ns fall@15.625ns period=31.250ns})
  Destination:            u_fifo_wrap/u_fifo_generator_0/U0/inst_fifo_gen/gconvfifo.rf/grf.rf/gntv_or_sync_fifo.mem/gbm.gbmg.gbmga.ngecc.bmg/inst_blk_mem_gen/gnbram.gnativebmg.native_blk_mem_gen/valid.cstr/ramloop[10].ram.r/prim_noinit.ram/DEVICE_7SERIES.NO_BMM_INFO.SDP.SIMPLE_PRIM36.ram/ADDRARDADDR[7]
                            (rising edge-triggered cell RAMB36E1 clocked by adc_clk  {rise@0.000ns fall@15.625ns period=31.250ns})
  Path Group:             adc_clk
  Path Type:              Hold (Min at Fast Process Corner)
  Requirement:            0.000ns  (adc_clk rise@0.000ns - adc_clk rise@0.000ns)
  Data Path Delay:        0.322ns  (logic 0.141ns (43.794%)  route 0.181ns (56.206%))
  Logic Levels:           0  
  Clock Path Skew:        0.050ns (DCD - SCD - CPR)
    Destination Clock Delay (DCD):    2.256ns
    Source Clock Delay      (SCD):    1.698ns
    Clock Pessimism Removal (CPR):    0.508ns

    Location             Delay type                Incr(ns)  Path(ns)    Netlist Resource(s)
  -------------------------------------------------------------------    -------------------
                         (clock adc_clk rise edge)    0.000     0.000 r  
    L16                                               0.000     0.000 r  adc_clk (IN)
                         net (fo=0)                   0.000     0.000    adc_clk
    L16                  IBUF (Prop_ibuf_I_O)         0.277     0.277 r  adc_clk_IBUF_inst/O
                         net (fo=1, routed)           0.842     1.118    adc_clk_IBUF
    BUFGCTRL_X0Y16       BUFG (Prop_bufg_I_O)         0.026     1.144 r  adc_clk_IBUF_BUFG_inst/O
                         net (fo=221, routed)         0.554     1.698    u_fifo_wrap/u_fifo_generator_0/U0/inst_fifo_gen/gconvfifo.rf/grf.rf/gntv_or_sync_fifo.gl0.wr/wpntr/wr_clk
    SLICE_X33Y22         FDRE                                         r  u_fifo_wrap/u_fifo_generator_0/U0/inst_fifo_gen/gconvfifo.rf/grf.rf/gntv_or_sync_fifo.gl0.wr/wpntr/gic0.gc0.count_d2_reg[4]/C
  -------------------------------------------------------------------    -------------------
    SLICE_X33Y22         FDRE (Prop_fdre_C_Q)         0.141     1.839 r  u_fifo_wrap/u_fifo_generator_0/U0/inst_fifo_gen/gconvfifo.rf/grf.rf/gntv_or_sync_fifo.gl0.wr/wpntr/gic0.gc0.count_d2_reg[4]/Q
                         net (fo=32, routed)          0.181     2.020    u_fifo_wrap/u_fifo_generator_0/U0/inst_fifo_gen/gconvfifo.rf/grf.rf/gntv_or_sync_fifo.mem/gbm.gbmg.gbmga.ngecc.bmg/inst_blk_mem_gen/gnbram.gnativebmg.native_blk_mem_gen/valid.cstr/ramloop[10].ram.r/prim_noinit.ram/ADDRA[4]
    RAMB36_X2Y4          RAMB36E1                                     r  u_fifo_wrap/u_fifo_generator_0/U0/inst_fifo_gen/gconvfifo.rf/grf.rf/gntv_or_sync_fifo.mem/gbm.gbmg.gbmga.ngecc.bmg/inst_blk_mem_gen/gnbram.gnativebmg.native_blk_mem_gen/valid.cstr/ramloop[10].ram.r/prim_noinit.ram/DEVICE_7SERIES.NO_BMM_INFO.SDP.SIMPLE_PRIM36.ram/ADDRARDADDR[7]
  -------------------------------------------------------------------    -------------------

                         (clock adc_clk rise edge)    0.000     0.000 r  
    L16                                               0.000     0.000 r  adc_clk (IN)
                         net (fo=0)                   0.000     0.000    adc_clk
    L16                  IBUF (Prop_ibuf_I_O)         0.466     0.466 r  adc_clk_IBUF_inst/O
                         net (fo=1, routed)           0.907     1.373    adc_clk_IBUF
    BUFGCTRL_X0Y16       BUFG (Prop_bufg_I_O)         0.029     1.402 r  adc_clk_IBUF_BUFG_inst/O
                         net (fo=221, routed)         0.854     2.256    u_fifo_wrap/u_fifo_generator_0/U0/inst_fifo_gen/gconvfifo.rf/grf.rf/gntv_or_sync_fifo.mem/gbm.gbmg.gbmga.ngecc.bmg/inst_blk_mem_gen/gnbram.gnativebmg.native_blk_mem_gen/valid.cstr/ramloop[10].ram.r/prim_noinit.ram/wr_clk
    RAMB36_X2Y4          RAMB36E1                                     r  u_fifo_wrap/u_fifo_generator_0/U0/inst_fifo_gen/gconvfifo.rf/grf.rf/gntv_or_sync_fifo.mem/gbm.gbmg.gbmga.ngecc.bmg/inst_blk_mem_gen/gnbram.gnativebmg.native_blk_mem_gen/valid.cstr/ramloop[10].ram.r/prim_noinit.ram/DEVICE_7SERIES.NO_BMM_INFO.SDP.SIMPLE_PRIM36.ram/CLKARDCLK
                         clock pessimism             -0.508     1.748    
    RAMB36_X2Y4          RAMB36E1 (Hold_ramb36e1_CLKARDCLK_ADDRARDADDR[7])
                                                      0.183     1.931    u_fifo_wrap/u_fifo_generator_0/U0/inst_fifo_gen/gconvfifo.rf/grf.rf/gntv_or_sync_fifo.mem/gbm.gbmg.gbmga.ngecc.bmg/inst_blk_mem_gen/gnbram.gnativebmg.native_blk_mem_gen/valid.cstr/ramloop[10].ram.r/prim_noinit.ram/DEVICE_7SERIES.NO_BMM_INFO.SDP.SIMPLE_PRIM36.ram
  -------------------------------------------------------------------
                         required time                         -1.931    
                         arrival time                           2.020    
  -------------------------------------------------------------------
                         slack                                  0.089    

Slack (MET) :             0.121ns  (arrival time - required time)
  Source:                 u_fifo_wrap/u_fifo_generator_0/U0/inst_fifo_gen/gconvfifo.rf/grf.rf/rstblk/ngwrdrst.grst.g7serrst.gsckt_wrst.xpm_cdc_sync_rst_inst_wrst/syncstages_ff_reg[0]/C
                            (rising edge-triggered cell FDRE clocked by adc_clk  {rise@0.000ns fall@15.625ns period=31.250ns})
  Destination:            u_fifo_wrap/u_fifo_generator_0/U0/inst_fifo_gen/gconvfifo.rf/grf.rf/rstblk/ngwrdrst.grst.g7serrst.gsckt_wrst.xpm_cdc_sync_rst_inst_wrst/syncstages_ff_reg[1]/D
                            (rising edge-triggered cell FDRE clocked by adc_clk  {rise@0.000ns fall@15.625ns period=31.250ns})
  Path Group:             adc_clk
  Path Type:              Hold (Min at Fast Process Corner)
  Requirement:            0.000ns  (adc_clk rise@0.000ns - adc_clk rise@0.000ns)
  Data Path Delay:        0.196ns  (logic 0.141ns (71.838%)  route 0.055ns (28.162%))
  Logic Levels:           0  
  Clock Path Skew:        0.000ns (DCD - SCD - CPR)
    Destination Clock Delay (DCD):    2.218ns
    Source Clock Delay      (SCD):    1.696ns
    Clock Pessimism Removal (CPR):    0.522ns

    Location             Delay type                Incr(ns)  Path(ns)    Netlist Resource(s)
  -------------------------------------------------------------------    -------------------
                         (clock adc_clk rise edge)    0.000     0.000 r  
    L16                                               0.000     0.000 r  adc_clk (IN)
                         net (fo=0)                   0.000     0.000    adc_clk
    L16                  IBUF (Prop_ibuf_I_O)         0.277     0.277 r  adc_clk_IBUF_inst/O
                         net (fo=1, routed)           0.842     1.118    adc_clk_IBUF
    BUFGCTRL_X0Y16       BUFG (Prop_bufg_I_O)         0.026     1.144 r  adc_clk_IBUF_BUFG_inst/O
                         net (fo=221, routed)         0.552     1.696    u_fifo_wrap/u_fifo_generator_0/U0/inst_fifo_gen/gconvfifo.rf/grf.rf/rstblk/ngwrdrst.grst.g7serrst.gsckt_wrst.xpm_cdc_sync_rst_inst_wrst/dest_clk
    SLICE_X37Y27         FDRE                                         r  u_fifo_wrap/u_fifo_generator_0/U0/inst_fifo_gen/gconvfifo.rf/grf.rf/rstblk/ngwrdrst.grst.g7serrst.gsckt_wrst.xpm_cdc_sync_rst_inst_wrst/syncstages_ff_reg[0]/C
  -------------------------------------------------------------------    -------------------
    SLICE_X37Y27         FDRE (Prop_fdre_C_Q)         0.141     1.837 r  u_fifo_wrap/u_fifo_generator_0/U0/inst_fifo_gen/gconvfifo.rf/grf.rf/rstblk/ngwrdrst.grst.g7serrst.gsckt_wrst.xpm_cdc_sync_rst_inst_wrst/syncstages_ff_reg[0]/Q
                         net (fo=1, routed)           0.055     1.892    u_fifo_wrap/u_fifo_generator_0/U0/inst_fifo_gen/gconvfifo.rf/grf.rf/rstblk/ngwrdrst.grst.g7serrst.gsckt_wrst.xpm_cdc_sync_rst_inst_wrst/syncstages_ff[0]
    SLICE_X37Y27         FDRE                                         r  u_fifo_wrap/u_fifo_generator_0/U0/inst_fifo_gen/gconvfifo.rf/grf.rf/rstblk/ngwrdrst.grst.g7serrst.gsckt_wrst.xpm_cdc_sync_rst_inst_wrst/syncstages_ff_reg[1]/D
  -------------------------------------------------------------------    -------------------

                         (clock adc_clk rise edge)    0.000     0.000 r  
    L16                                               0.000     0.000 r  adc_clk (IN)
                         net (fo=0)                   0.000     0.000    adc_clk
    L16                  IBUF (Prop_ibuf_I_O)         0.466     0.466 r  adc_clk_IBUF_inst/O
                         net (fo=1, routed)           0.907     1.373    adc_clk_IBUF
    BUFGCTRL_X0Y16       BUFG (Prop_bufg_I_O)         0.029     1.402 r  adc_clk_IBUF_BUFG_inst/O
                         net (fo=221, routed)         0.816     2.218    u_fifo_wrap/u_fifo_generator_0/U0/inst_fifo_gen/gconvfifo.rf/grf.rf/rstblk/ngwrdrst.grst.g7serrst.gsckt_wrst.xpm_cdc_sync_rst_inst_wrst/dest_clk
    SLICE_X37Y27         FDRE                                         r  u_fifo_wrap/u_fifo_generator_0/U0/inst_fifo_gen/gconvfifo.rf/grf.rf/rstblk/ngwrdrst.grst.g7serrst.gsckt_wrst.xpm_cdc_sync_rst_inst_wrst/syncstages_ff_reg[1]/C
                         clock pessimism             -0.522     1.696    
    SLICE_X37Y27         FDRE (Hold_fdre_C_D)         0.075     1.771    u_fifo_wrap/u_fifo_generator_0/U0/inst_fifo_gen/gconvfifo.rf/grf.rf/rstblk/ngwrdrst.grst.g7serrst.gsckt_wrst.xpm_cdc_sync_rst_inst_wrst/syncstages_ff_reg[1]
  -------------------------------------------------------------------
                         required time                         -1.771    
                         arrival time                           1.892    
  -------------------------------------------------------------------
                         slack                                  0.121    

Slack (MET) :             0.121ns  (arrival time - required time)
  Source:                 u_fifo_wrap/u_fifo_generator_0/U0/inst_fifo_gen/gconvfifo.rf/grf.rf/gntv_or_sync_fifo.gcx.clkx/rd_pntr_cdc_inst/dest_graysync_ff_reg[0][5]/C
                            (rising edge-triggered cell FDRE clocked by adc_clk  {rise@0.000ns fall@15.625ns period=31.250ns})
  Destination:            u_fifo_wrap/u_fifo_generator_0/U0/inst_fifo_gen/gconvfifo.rf/grf.rf/gntv_or_sync_fifo.gcx.clkx/rd_pntr_cdc_inst/dest_graysync_ff_reg[1][5]/D
                            (rising edge-triggered cell FDRE clocked by adc_clk  {rise@0.000ns fall@15.625ns period=31.250ns})
  Path Group:             adc_clk
  Path Type:              Hold (Min at Fast Process Corner)
  Requirement:            0.000ns  (adc_clk rise@0.000ns - adc_clk rise@0.000ns)
  Data Path Delay:        0.196ns  (logic 0.141ns (71.838%)  route 0.055ns (28.162%))
  Logic Levels:           0  
  Clock Path Skew:        0.000ns (DCD - SCD - CPR)
    Destination Clock Delay (DCD):    2.223ns
    Source Clock Delay      (SCD):    1.701ns
    Clock Pessimism Removal (CPR):    0.522ns

    Location             Delay type                Incr(ns)  Path(ns)    Netlist Resource(s)
  -------------------------------------------------------------------    -------------------
                         (clock adc_clk rise edge)    0.000     0.000 r  
    L16                                               0.000     0.000 r  adc_clk (IN)
                         net (fo=0)                   0.000     0.000    adc_clk
    L16                  IBUF (Prop_ibuf_I_O)         0.277     0.277 r  adc_clk_IBUF_inst/O
                         net (fo=1, routed)           0.842     1.118    adc_clk_IBUF
    BUFGCTRL_X0Y16       BUFG (Prop_bufg_I_O)         0.026     1.144 r  adc_clk_IBUF_BUFG_inst/O
                         net (fo=221, routed)         0.557     1.701    u_fifo_wrap/u_fifo_generator_0/U0/inst_fifo_gen/gconvfifo.rf/grf.rf/gntv_or_sync_fifo.gcx.clkx/rd_pntr_cdc_inst/dest_clk
    SLICE_X35Y18         FDRE                                         r  u_fifo_wrap/u_fifo_generator_0/U0/inst_fifo_gen/gconvfifo.rf/grf.rf/gntv_or_sync_fifo.gcx.clkx/rd_pntr_cdc_inst/dest_graysync_ff_reg[0][5]/C
  -------------------------------------------------------------------    -------------------
    SLICE_X35Y18         FDRE (Prop_fdre_C_Q)         0.141     1.842 r  u_fifo_wrap/u_fifo_generator_0/U0/inst_fifo_gen/gconvfifo.rf/grf.rf/gntv_or_sync_fifo.gcx.clkx/rd_pntr_cdc_inst/dest_graysync_ff_reg[0][5]/Q
                         net (fo=1, routed)           0.055     1.897    u_fifo_wrap/u_fifo_generator_0/U0/inst_fifo_gen/gconvfifo.rf/grf.rf/gntv_or_sync_fifo.gcx.clkx/rd_pntr_cdc_inst/dest_graysync_ff[0][5]
    SLICE_X35Y18         FDRE                                         r  u_fifo_wrap/u_fifo_generator_0/U0/inst_fifo_gen/gconvfifo.rf/grf.rf/gntv_or_sync_fifo.gcx.clkx/rd_pntr_cdc_inst/dest_graysync_ff_reg[1][5]/D
  -------------------------------------------------------------------    -------------------

                         (clock adc_clk rise edge)    0.000     0.000 r  
    L16                                               0.000     0.000 r  adc_clk (IN)
                         net (fo=0)                   0.000     0.000    adc_clk
    L16                  IBUF (Prop_ibuf_I_O)         0.466     0.466 r  adc_clk_IBUF_inst/O
                         net (fo=1, routed)           0.907     1.373    adc_clk_IBUF
    BUFGCTRL_X0Y16       BUFG (Prop_bufg_I_O)         0.029     1.402 r  adc_clk_IBUF_BUFG_inst/O
                         net (fo=221, routed)         0.821     2.223    u_fifo_wrap/u_fifo_generator_0/U0/inst_fifo_gen/gconvfifo.rf/grf.rf/gntv_or_sync_fifo.gcx.clkx/rd_pntr_cdc_inst/dest_clk
    SLICE_X35Y18         FDRE                                         r  u_fifo_wrap/u_fifo_generator_0/U0/inst_fifo_gen/gconvfifo.rf/grf.rf/gntv_or_sync_fifo.gcx.clkx/rd_pntr_cdc_inst/dest_graysync_ff_reg[1][5]/C
                         clock pessimism             -0.522     1.701    
    SLICE_X35Y18         FDRE (Hold_fdre_C_D)         0.075     1.776    u_fifo_wrap/u_fifo_generator_0/U0/inst_fifo_gen/gconvfifo.rf/grf.rf/gntv_or_sync_fifo.gcx.clkx/rd_pntr_cdc_inst/dest_graysync_ff_reg[1][5]
  -------------------------------------------------------------------
                         required time                         -1.776    
                         arrival time                           1.897    
  -------------------------------------------------------------------
                         slack                                  0.121    

Slack (MET) :             0.121ns  (arrival time - required time)
  Source:                 u_fifo_wrap/u_fifo_generator_0/U0/inst_fifo_gen/gconvfifo.rf/grf.rf/gntv_or_sync_fifo.gcx.clkx/rd_pntr_cdc_inst/dest_graysync_ff_reg[0][7]/C
                            (rising edge-triggered cell FDRE clocked by adc_clk  {rise@0.000ns fall@15.625ns period=31.250ns})
  Destination:            u_fifo_wrap/u_fifo_generator_0/U0/inst_fifo_gen/gconvfifo.rf/grf.rf/gntv_or_sync_fifo.gcx.clkx/rd_pntr_cdc_inst/dest_graysync_ff_reg[1][7]/D
                            (rising edge-triggered cell FDRE clocked by adc_clk  {rise@0.000ns fall@15.625ns period=31.250ns})
  Path Group:             adc_clk
  Path Type:              Hold (Min at Fast Process Corner)
  Requirement:            0.000ns  (adc_clk rise@0.000ns - adc_clk rise@0.000ns)
  Data Path Delay:        0.196ns  (logic 0.141ns (71.838%)  route 0.055ns (28.162%))
  Logic Levels:           0  
  Clock Path Skew:        0.000ns (DCD - SCD - CPR)
    Destination Clock Delay (DCD):    2.217ns
    Source Clock Delay      (SCD):    1.696ns
    Clock Pessimism Removal (CPR):    0.521ns

    Location             Delay type                Incr(ns)  Path(ns)    Netlist Resource(s)
  -------------------------------------------------------------------    -------------------
                         (clock adc_clk rise edge)    0.000     0.000 r  
    L16                                               0.000     0.000 r  adc_clk (IN)
                         net (fo=0)                   0.000     0.000    adc_clk
    L16                  IBUF (Prop_ibuf_I_O)         0.277     0.277 r  adc_clk_IBUF_inst/O
                         net (fo=1, routed)           0.842     1.118    adc_clk_IBUF
    BUFGCTRL_X0Y16       BUFG (Prop_bufg_I_O)         0.026     1.144 r  adc_clk_IBUF_BUFG_inst/O
                         net (fo=221, routed)         0.552     1.696    u_fifo_wrap/u_fifo_generator_0/U0/inst_fifo_gen/gconvfifo.rf/grf.rf/gntv_or_sync_fifo.gcx.clkx/rd_pntr_cdc_inst/dest_clk
    SLICE_X35Y23         FDRE                                         r  u_fifo_wrap/u_fifo_generator_0/U0/inst_fifo_gen/gconvfifo.rf/grf.rf/gntv_or_sync_fifo.gcx.clkx/rd_pntr_cdc_inst/dest_graysync_ff_reg[0][7]/C
  -------------------------------------------------------------------    -------------------
    SLICE_X35Y23         FDRE (Prop_fdre_C_Q)         0.141     1.837 r  u_fifo_wrap/u_fifo_generator_0/U0/inst_fifo_gen/gconvfifo.rf/grf.rf/gntv_or_sync_fifo.gcx.clkx/rd_pntr_cdc_inst/dest_graysync_ff_reg[0][7]/Q
                         net (fo=1, routed)           0.055     1.892    u_fifo_wrap/u_fifo_generator_0/U0/inst_fifo_gen/gconvfifo.rf/grf.rf/gntv_or_sync_fifo.gcx.clkx/rd_pntr_cdc_inst/dest_graysync_ff[0][7]
    SLICE_X35Y23         FDRE                                         r  u_fifo_wrap/u_fifo_generator_0/U0/inst_fifo_gen/gconvfifo.rf/grf.rf/gntv_or_sync_fifo.gcx.clkx/rd_pntr_cdc_inst/dest_graysync_ff_reg[1][7]/D
  -------------------------------------------------------------------    -------------------

                         (clock adc_clk rise edge)    0.000     0.000 r  
    L16                                               0.000     0.000 r  adc_clk (IN)
                         net (fo=0)                   0.000     0.000    adc_clk
    L16                  IBUF (Prop_ibuf_I_O)         0.466     0.466 r  adc_clk_IBUF_inst/O
                         net (fo=1, routed)           0.907     1.373    adc_clk_IBUF
    BUFGCTRL_X0Y16       BUFG (Prop_bufg_I_O)         0.029     1.402 r  adc_clk_IBUF_BUFG_inst/O
                         net (fo=221, routed)         0.815     2.217    u_fifo_wrap/u_fifo_generator_0/U0/inst_fifo_gen/gconvfifo.rf/grf.rf/gntv_or_sync_fifo.gcx.clkx/rd_pntr_cdc_inst/dest_clk
    SLICE_X35Y23         FDRE                                         r  u_fifo_wrap/u_fifo_generator_0/U0/inst_fifo_gen/gconvfifo.rf/grf.rf/gntv_or_sync_fifo.gcx.clkx/rd_pntr_cdc_inst/dest_graysync_ff_reg[1][7]/C
                         clock pessimism             -0.521     1.696    
    SLICE_X35Y23         FDRE (Hold_fdre_C_D)         0.075     1.771    u_fifo_wrap/u_fifo_generator_0/U0/inst_fifo_gen/gconvfifo.rf/grf.rf/gntv_or_sync_fifo.gcx.clkx/rd_pntr_cdc_inst/dest_graysync_ff_reg[1][7]
  -------------------------------------------------------------------
                         required time                         -1.771    
                         arrival time                           1.892    
  -------------------------------------------------------------------
                         slack                                  0.121    

Slack (MET) :             0.121ns  (arrival time - required time)
  Source:                 u_fifo_wrap/u_fifo_generator_0/U0/inst_fifo_gen/gconvfifo.rf/grf.rf/gntv_or_sync_fifo.gcx.clkx/rd_pntr_cdc_inst/dest_graysync_ff_reg[0][9]/C
                            (rising edge-triggered cell FDRE clocked by adc_clk  {rise@0.000ns fall@15.625ns period=31.250ns})
  Destination:            u_fifo_wrap/u_fifo_generator_0/U0/inst_fifo_gen/gconvfifo.rf/grf.rf/gntv_or_sync_fifo.gcx.clkx/rd_pntr_cdc_inst/dest_graysync_ff_reg[1][9]/D
                            (rising edge-triggered cell FDRE clocked by adc_clk  {rise@0.000ns fall@15.625ns period=31.250ns})
  Path Group:             adc_clk
  Path Type:              Hold (Min at Fast Process Corner)
  Requirement:            0.000ns  (adc_clk rise@0.000ns - adc_clk rise@0.000ns)
  Data Path Delay:        0.196ns  (logic 0.141ns (71.838%)  route 0.055ns (28.162%))
  Logic Levels:           0  
  Clock Path Skew:        0.000ns (DCD - SCD - CPR)
    Destination Clock Delay (DCD):    2.222ns
    Source Clock Delay      (SCD):    1.700ns
    Clock Pessimism Removal (CPR):    0.522ns

    Location             Delay type                Incr(ns)  Path(ns)    Netlist Resource(s)
  -------------------------------------------------------------------    -------------------
                         (clock adc_clk rise edge)    0.000     0.000 r  
    L16                                               0.000     0.000 r  adc_clk (IN)
                         net (fo=0)                   0.000     0.000    adc_clk
    L16                  IBUF (Prop_ibuf_I_O)         0.277     0.277 r  adc_clk_IBUF_inst/O
                         net (fo=1, routed)           0.842     1.118    adc_clk_IBUF
    BUFGCTRL_X0Y16       BUFG (Prop_bufg_I_O)         0.026     1.144 r  adc_clk_IBUF_BUFG_inst/O
                         net (fo=221, routed)         0.556     1.700    u_fifo_wrap/u_fifo_generator_0/U0/inst_fifo_gen/gconvfifo.rf/grf.rf/gntv_or_sync_fifo.gcx.clkx/rd_pntr_cdc_inst/dest_clk
    SLICE_X35Y19         FDRE                                         r  u_fifo_wrap/u_fifo_generator_0/U0/inst_fifo_gen/gconvfifo.rf/grf.rf/gntv_or_sync_fifo.gcx.clkx/rd_pntr_cdc_inst/dest_graysync_ff_reg[0][9]/C
  -------------------------------------------------------------------    -------------------
    SLICE_X35Y19         FDRE (Prop_fdre_C_Q)         0.141     1.841 r  u_fifo_wrap/u_fifo_generator_0/U0/inst_fifo_gen/gconvfifo.rf/grf.rf/gntv_or_sync_fifo.gcx.clkx/rd_pntr_cdc_inst/dest_graysync_ff_reg[0][9]/Q
                         net (fo=1, routed)           0.055     1.896    u_fifo_wrap/u_fifo_generator_0/U0/inst_fifo_gen/gconvfifo.rf/grf.rf/gntv_or_sync_fifo.gcx.clkx/rd_pntr_cdc_inst/dest_graysync_ff[0][9]
    SLICE_X35Y19         FDRE                                         r  u_fifo_wrap/u_fifo_generator_0/U0/inst_fifo_gen/gconvfifo.rf/grf.rf/gntv_or_sync_fifo.gcx.clkx/rd_pntr_cdc_inst/dest_graysync_ff_reg[1][9]/D
  -------------------------------------------------------------------    -------------------

                         (clock adc_clk rise edge)    0.000     0.000 r  
    L16                                               0.000     0.000 r  adc_clk (IN)
                         net (fo=0)                   0.000     0.000    adc_clk
    L16                  IBUF (Prop_ibuf_I_O)         0.466     0.466 r  adc_clk_IBUF_inst/O
                         net (fo=1, routed)           0.907     1.373    adc_clk_IBUF
    BUFGCTRL_X0Y16       BUFG (Prop_bufg_I_O)         0.029     1.402 r  adc_clk_IBUF_BUFG_inst/O
                         net (fo=221, routed)         0.820     2.222    u_fifo_wrap/u_fifo_generator_0/U0/inst_fifo_gen/gconvfifo.rf/grf.rf/gntv_or_sync_fifo.gcx.clkx/rd_pntr_cdc_inst/dest_clk
    SLICE_X35Y19         FDRE                                         r  u_fifo_wrap/u_fifo_generator_0/U0/inst_fifo_gen/gconvfifo.rf/grf.rf/gntv_or_sync_fifo.gcx.clkx/rd_pntr_cdc_inst/dest_graysync_ff_reg[1][9]/C
                         clock pessimism             -0.522     1.700    
    SLICE_X35Y19         FDRE (Hold_fdre_C_D)         0.075     1.775    u_fifo_wrap/u_fifo_generator_0/U0/inst_fifo_gen/gconvfifo.rf/grf.rf/gntv_or_sync_fifo.gcx.clkx/rd_pntr_cdc_inst/dest_graysync_ff_reg[1][9]
  -------------------------------------------------------------------
                         required time                         -1.775    
                         arrival time                           1.896    
  -------------------------------------------------------------------
                         slack                                  0.121    

Slack (MET) :             0.121ns  (arrival time - required time)
  Source:                 u_fifo_wrap/u_frame_ready_cdc/ack_sync_reg[0]/C
                            (rising edge-triggered cell FDRE clocked by adc_clk  {rise@0.000ns fall@15.625ns period=31.250ns})
  Destination:            u_fifo_wrap/u_frame_ready_cdc/ack_sync_reg[1]/D
                            (rising edge-triggered cell FDRE clocked by adc_clk  {rise@0.000ns fall@15.625ns period=31.250ns})
  Path Group:             adc_clk
  Path Type:              Hold (Min at Fast Process Corner)
  Requirement:            0.000ns  (adc_clk rise@0.000ns - adc_clk rise@0.000ns)
  Data Path Delay:        0.196ns  (logic 0.141ns (71.838%)  route 0.055ns (28.162%))
  Logic Levels:           0  
  Clock Path Skew:        0.000ns (DCD - SCD - CPR)
    Destination Clock Delay (DCD):    2.219ns
    Source Clock Delay      (SCD):    1.695ns
    Clock Pessimism Removal (CPR):    0.524ns

    Location             Delay type                Incr(ns)  Path(ns)    Netlist Resource(s)
  -------------------------------------------------------------------    -------------------
                         (clock adc_clk rise edge)    0.000     0.000 r  
    L16                                               0.000     0.000 r  adc_clk (IN)
                         net (fo=0)                   0.000     0.000    adc_clk
    L16                  IBUF (Prop_ibuf_I_O)         0.277     0.277 r  adc_clk_IBUF_inst/O
                         net (fo=1, routed)           0.842     1.118    adc_clk_IBUF
    BUFGCTRL_X0Y16       BUFG (Prop_bufg_I_O)         0.026     1.144 r  adc_clk_IBUF_BUFG_inst/O
                         net (fo=221, routed)         0.551     1.695    u_fifo_wrap/u_frame_ready_cdc/CLK
    SLICE_X39Y83         FDRE                                         r  u_fifo_wrap/u_frame_ready_cdc/ack_sync_reg[0]/C
  -------------------------------------------------------------------    -------------------
    SLICE_X39Y83         FDRE (Prop_fdre_C_Q)         0.141     1.836 r  u_fifo_wrap/u_frame_ready_cdc/ack_sync_reg[0]/Q
                         net (fo=1, routed)           0.055     1.891    u_fifo_wrap/u_frame_ready_cdc/ack_sync[0]
    SLICE_X39Y83         FDRE                                         r  u_fifo_wrap/u_frame_ready_cdc/ack_sync_reg[1]/D
  -------------------------------------------------------------------    -------------------

                         (clock adc_clk rise edge)    0.000     0.000 r  
    L16                                               0.000     0.000 r  adc_clk (IN)
                         net (fo=0)                   0.000     0.000    adc_clk
    L16                  IBUF (Prop_ibuf_I_O)         0.466     0.466 r  adc_clk_IBUF_inst/O
                         net (fo=1, routed)           0.907     1.373    adc_clk_IBUF
    BUFGCTRL_X0Y16       BUFG (Prop_bufg_I_O)         0.029     1.402 r  adc_clk_IBUF_BUFG_inst/O
                         net (fo=221, routed)         0.817     2.219    u_fifo_wrap/u_frame_ready_cdc/CLK
    SLICE_X39Y83         FDRE                                         r  u_fifo_wrap/u_frame_ready_cdc/ack_sync_reg[1]/C
                         clock pessimism             -0.524     1.695    
    SLICE_X39Y83         FDRE (Hold_fdre_C_D)         0.075     1.770    u_fifo_wrap/u_frame_ready_cdc/ack_sync_reg[1]
  -------------------------------------------------------------------
                         required time                         -1.770    
                         arrival time                           1.891    
  -------------------------------------------------------------------
                         slack                                  0.121    

Slack (MET) :             0.121ns  (arrival time - required time)
  Source:                 u_fifo_wrap/u_fifo_generator_0/U0/inst_fifo_gen/gconvfifo.rf/grf.rf/gntv_or_sync_fifo.gcx.clkx/rd_pntr_cdc_inst/dest_graysync_ff_reg[0][0]/C
                            (rising edge-triggered cell FDRE clocked by adc_clk  {rise@0.000ns fall@15.625ns period=31.250ns})
  Destination:            u_fifo_wrap/u_fifo_generator_0/U0/inst_fifo_gen/gconvfifo.rf/grf.rf/gntv_or_sync_fifo.gcx.clkx/rd_pntr_cdc_inst/dest_graysync_ff_reg[1][0]/D
                            (rising edge-triggered cell FDRE clocked by adc_clk  {rise@0.000ns fall@15.625ns period=31.250ns})
  Path Group:             adc_clk
  Path Type:              Hold (Min at Fast Process Corner)
  Requirement:            0.000ns  (adc_clk rise@0.000ns - adc_clk rise@0.000ns)
  Data Path Delay:        0.196ns  (logic 0.141ns (71.838%)  route 0.055ns (28.162%))
  Logic Levels:           0  
  Clock Path Skew:        0.000ns (DCD - SCD - CPR)
    Destination Clock Delay (DCD):    2.252ns
    Source Clock Delay      (SCD):    1.728ns
    Clock Pessimism Removal (CPR):    0.524ns

    Location             Delay type                Incr(ns)  Path(ns)    Netlist Resource(s)
  -------------------------------------------------------------------    -------------------
                         (clock adc_clk rise edge)    0.000     0.000 r  
    L16                                               0.000     0.000 r  adc_clk (IN)
                         net (fo=0)                   0.000     0.000    adc_clk
    L16                  IBUF (Prop_ibuf_I_O)         0.277     0.277 r  adc_clk_IBUF_inst/O
                         net (fo=1, routed)           0.842     1.118    adc_clk_IBUF
    BUFGCTRL_X0Y16       BUFG (Prop_bufg_I_O)         0.026     1.144 r  adc_clk_IBUF_BUFG_inst/O
                         net (fo=221, routed)         0.584     1.728    u_fifo_wrap/u_fifo_generator_0/U0/inst_fifo_gen/gconvfifo.rf/grf.rf/gntv_or_sync_fifo.gcx.clkx/rd_pntr_cdc_inst/dest_clk
    SLICE_X31Y17         FDRE                                         r  u_fifo_wrap/u_fifo_generator_0/U0/inst_fifo_gen/gconvfifo.rf/grf.rf/gntv_or_sync_fifo.gcx.clkx/rd_pntr_cdc_inst/dest_graysync_ff_reg[0][0]/C
  -------------------------------------------------------------------    -------------------
    SLICE_X31Y17         FDRE (Prop_fdre_C_Q)         0.141     1.869 r  u_fifo_wrap/u_fifo_generator_0/U0/inst_fifo_gen/gconvfifo.rf/grf.rf/gntv_or_sync_fifo.gcx.clkx/rd_pntr_cdc_inst/dest_graysync_ff_reg[0][0]/Q
                         net (fo=1, routed)           0.055     1.924    u_fifo_wrap/u_fifo_generator_0/U0/inst_fifo_gen/gconvfifo.rf/grf.rf/gntv_or_sync_fifo.gcx.clkx/rd_pntr_cdc_inst/dest_graysync_ff[0][0]
    SLICE_X31Y17         FDRE                                         r  u_fifo_wrap/u_fifo_generator_0/U0/inst_fifo_gen/gconvfifo.rf/grf.rf/gntv_or_sync_fifo.gcx.clkx/rd_pntr_cdc_inst/dest_graysync_ff_reg[1][0]/D
  -------------------------------------------------------------------    -------------------

                         (clock adc_clk rise edge)    0.000     0.000 r  
    L16                                               0.000     0.000 r  adc_clk (IN)
                         net (fo=0)                   0.000     0.000    adc_clk
    L16                  IBUF (Prop_ibuf_I_O)         0.466     0.466 r  adc_clk_IBUF_inst/O
                         net (fo=1, routed)           0.907     1.373    adc_clk_IBUF
    BUFGCTRL_X0Y16       BUFG (Prop_bufg_I_O)         0.029     1.402 r  adc_clk_IBUF_BUFG_inst/O
                         net (fo=221, routed)         0.850     2.252    u_fifo_wrap/u_fifo_generator_0/U0/inst_fifo_gen/gconvfifo.rf/grf.rf/gntv_or_sync_fifo.gcx.clkx/rd_pntr_cdc_inst/dest_clk
    SLICE_X31Y17         FDRE                                         r  u_fifo_wrap/u_fifo_generator_0/U0/inst_fifo_gen/gconvfifo.rf/grf.rf/gntv_or_sync_fifo.gcx.clkx/rd_pntr_cdc_inst/dest_graysync_ff_reg[1][0]/C
                         clock pessimism             -0.524     1.728    
    SLICE_X31Y17         FDRE (Hold_fdre_C_D)         0.075     1.803    u_fifo_wrap/u_fifo_generator_0/U0/inst_fifo_gen/gconvfifo.rf/grf.rf/gntv_or_sync_fifo.gcx.clkx/rd_pntr_cdc_inst/dest_graysync_ff_reg[1][0]
  -------------------------------------------------------------------
                         required time                         -1.803    
                         arrival time                           1.924    
  -------------------------------------------------------------------
                         slack                                  0.121    

Slack (MET) :             0.121ns  (arrival time - required time)
  Source:                 u_fifo_wrap/u_fifo_generator_0/U0/inst_fifo_gen/gconvfifo.rf/grf.rf/gntv_or_sync_fifo.gcx.clkx/rd_pntr_cdc_inst/dest_graysync_ff_reg[0][10]/C
                            (rising edge-triggered cell FDRE clocked by adc_clk  {rise@0.000ns fall@15.625ns period=31.250ns})
  Destination:            u_fifo_wrap/u_fifo_generator_0/U0/inst_fifo_gen/gconvfifo.rf/grf.rf/gntv_or_sync_fifo.gcx.clkx/rd_pntr_cdc_inst/dest_graysync_ff_reg[1][10]/D
                            (rising edge-triggered cell FDRE clocked by adc_clk  {rise@0.000ns fall@15.625ns period=31.250ns})
  Path Group:             adc_clk
  Path Type:              Hold (Min at Fast Process Corner)
  Requirement:            0.000ns  (adc_clk rise@0.000ns - adc_clk rise@0.000ns)
  Data Path Delay:        0.196ns  (logic 0.141ns (71.838%)  route 0.055ns (28.162%))
  Logic Levels:           0  
  Clock Path Skew:        0.000ns (DCD - SCD - CPR)
    Destination Clock Delay (DCD):    2.245ns
    Source Clock Delay      (SCD):    1.722ns
    Clock Pessimism Removal (CPR):    0.523ns

    Location             Delay type                Incr(ns)  Path(ns)    Netlist Resource(s)
  -------------------------------------------------------------------    -------------------
                         (clock adc_clk rise edge)    0.000     0.000 r  
    L16                                               0.000     0.000 r  adc_clk (IN)
                         net (fo=0)                   0.000     0.000    adc_clk
    L16                  IBUF (Prop_ibuf_I_O)         0.277     0.277 r  adc_clk_IBUF_inst/O
                         net (fo=1, routed)           0.842     1.118    adc_clk_IBUF
    BUFGCTRL_X0Y16       BUFG (Prop_bufg_I_O)         0.026     1.144 r  adc_clk_IBUF_BUFG_inst/O
                         net (fo=221, routed)         0.578     1.722    u_fifo_wrap/u_fifo_generator_0/U0/inst_fifo_gen/gconvfifo.rf/grf.rf/gntv_or_sync_fifo.gcx.clkx/rd_pntr_cdc_inst/dest_clk
    SLICE_X31Y23         FDRE                                         r  u_fifo_wrap/u_fifo_generator_0/U0/inst_fifo_gen/gconvfifo.rf/grf.rf/gntv_or_sync_fifo.gcx.clkx/rd_pntr_cdc_inst/dest_graysync_ff_reg[0][10]/C
  -------------------------------------------------------------------    -------------------
    SLICE_X31Y23         FDRE (Prop_fdre_C_Q)         0.141     1.863 r  u_fifo_wrap/u_fifo_generator_0/U0/inst_fifo_gen/gconvfifo.rf/grf.rf/gntv_or_sync_fifo.gcx.clkx/rd_pntr_cdc_inst/dest_graysync_ff_reg[0][10]/Q
                         net (fo=1, routed)           0.055     1.918    u_fifo_wrap/u_fifo_generator_0/U0/inst_fifo_gen/gconvfifo.rf/grf.rf/gntv_or_sync_fifo.gcx.clkx/rd_pntr_cdc_inst/dest_graysync_ff[0][10]
    SLICE_X31Y23         FDRE                                         r  u_fifo_wrap/u_fifo_generator_0/U0/inst_fifo_gen/gconvfifo.rf/grf.rf/gntv_or_sync_fifo.gcx.clkx/rd_pntr_cdc_inst/dest_graysync_ff_reg[1][10]/D
  -------------------------------------------------------------------    -------------------

                         (clock adc_clk rise edge)    0.000     0.000 r  
    L16                                               0.000     0.000 r  adc_clk (IN)
                         net (fo=0)                   0.000     0.000    adc_clk
    L16                  IBUF (Prop_ibuf_I_O)         0.466     0.466 r  adc_clk_IBUF_inst/O
                         net (fo=1, routed)           0.907     1.373    adc_clk_IBUF
    BUFGCTRL_X0Y16       BUFG (Prop_bufg_I_O)         0.029     1.402 r  adc_clk_IBUF_BUFG_inst/O
                         net (fo=221, routed)         0.843     2.245    u_fifo_wrap/u_fifo_generator_0/U0/inst_fifo_gen/gconvfifo.rf/grf.rf/gntv_or_sync_fifo.gcx.clkx/rd_pntr_cdc_inst/dest_clk
    SLICE_X31Y23         FDRE                                         r  u_fifo_wrap/u_fifo_generator_0/U0/inst_fifo_gen/gconvfifo.rf/grf.rf/gntv_or_sync_fifo.gcx.clkx/rd_pntr_cdc_inst/dest_graysync_ff_reg[1][10]/C
                         clock pessimism             -0.523     1.722    
    SLICE_X31Y23         FDRE (Hold_fdre_C_D)         0.075     1.797    u_fifo_wrap/u_fifo_generator_0/U0/inst_fifo_gen/gconvfifo.rf/grf.rf/gntv_or_sync_fifo.gcx.clkx/rd_pntr_cdc_inst/dest_graysync_ff_reg[1][10]
  -------------------------------------------------------------------
                         required time                         -1.797    
                         arrival time                           1.918    
  -------------------------------------------------------------------
                         slack                                  0.121    

Slack (MET) :             0.121ns  (arrival time - required time)
  Source:                 u_fifo_wrap/u_fifo_generator_0/U0/inst_fifo_gen/gconvfifo.rf/grf.rf/gntv_or_sync_fifo.gcx.clkx/rd_pntr_cdc_inst/dest_graysync_ff_reg[0][2]/C
                            (rising edge-triggered cell FDRE clocked by adc_clk  {rise@0.000ns fall@15.625ns period=31.250ns})
  Destination:            u_fifo_wrap/u_fifo_generator_0/U0/inst_fifo_gen/gconvfifo.rf/grf.rf/gntv_or_sync_fifo.gcx.clkx/rd_pntr_cdc_inst/dest_graysync_ff_reg[1][2]/D
                            (rising edge-triggered cell FDRE clocked by adc_clk  {rise@0.000ns fall@15.625ns period=31.250ns})
  Path Group:             adc_clk
  Path Type:              Hold (Min at Fast Process Corner)
  Requirement:            0.000ns  (adc_clk rise@0.000ns - adc_clk rise@0.000ns)
  Data Path Delay:        0.196ns  (logic 0.141ns (71.838%)  route 0.055ns (28.162%))
  Logic Levels:           0  
  Clock Path Skew:        0.000ns (DCD - SCD - CPR)
    Destination Clock Delay (DCD):    2.251ns
    Source Clock Delay      (SCD):    1.727ns
    Clock Pessimism Removal (CPR):    0.524ns

    Location             Delay type                Incr(ns)  Path(ns)    Netlist Resource(s)
  -------------------------------------------------------------------    -------------------
                         (clock adc_clk rise edge)    0.000     0.000 r  
    L16                                               0.000     0.000 r  adc_clk (IN)
                         net (fo=0)                   0.000     0.000    adc_clk
    L16                  IBUF (Prop_ibuf_I_O)         0.277     0.277 r  adc_clk_IBUF_inst/O
                         net (fo=1, routed)           0.842     1.118    adc_clk_IBUF
    BUFGCTRL_X0Y16       BUFG (Prop_bufg_I_O)         0.026     1.144 r  adc_clk_IBUF_BUFG_inst/O
                         net (fo=221, routed)         0.583     1.727    u_fifo_wrap/u_fifo_generator_0/U0/inst_fifo_gen/gconvfifo.rf/grf.rf/gntv_or_sync_fifo.gcx.clkx/rd_pntr_cdc_inst/dest_clk
    SLICE_X31Y18         FDRE                                         r  u_fifo_wrap/u_fifo_generator_0/U0/inst_fifo_gen/gconvfifo.rf/grf.rf/gntv_or_sync_fifo.gcx.clkx/rd_pntr_cdc_inst/dest_graysync_ff_reg[0][2]/C
  -------------------------------------------------------------------    -------------------
    SLICE_X31Y18         FDRE (Prop_fdre_C_Q)         0.141     1.868 r  u_fifo_wrap/u_fifo_generator_0/U0/inst_fifo_gen/gconvfifo.rf/grf.rf/gntv_or_sync_fifo.gcx.clkx/rd_pntr_cdc_inst/dest_graysync_ff_reg[0][2]/Q
                         net (fo=1, routed)           0.055     1.923    u_fifo_wrap/u_fifo_generator_0/U0/inst_fifo_gen/gconvfifo.rf/grf.rf/gntv_or_sync_fifo.gcx.clkx/rd_pntr_cdc_inst/dest_graysync_ff[0][2]
    SLICE_X31Y18         FDRE                                         r  u_fifo_wrap/u_fifo_generator_0/U0/inst_fifo_gen/gconvfifo.rf/grf.rf/gntv_or_sync_fifo.gcx.clkx/rd_pntr_cdc_inst/dest_graysync_ff_reg[1][2]/D
  -------------------------------------------------------------------    -------------------

                         (clock adc_clk rise edge)    0.000     0.000 r  
    L16                                               0.000     0.000 r  adc_clk (IN)
                         net (fo=0)                   0.000     0.000    adc_clk
    L16                  IBUF (Prop_ibuf_I_O)         0.466     0.466 r  adc_clk_IBUF_inst/O
                         net (fo=1, routed)           0.907     1.373    adc_clk_IBUF
    BUFGCTRL_X0Y16       BUFG (Prop_bufg_I_O)         0.029     1.402 r  adc_clk_IBUF_BUFG_inst/O
                         net (fo=221, routed)         0.849     2.251    u_fifo_wrap/u_fifo_generator_0/U0/inst_fifo_gen/gconvfifo.rf/grf.rf/gntv_or_sync_fifo.gcx.clkx/rd_pntr_cdc_inst/dest_clk
    SLICE_X31Y18         FDRE                                         r  u_fifo_wrap/u_fifo_generator_0/U0/inst_fifo_gen/gconvfifo.rf/grf.rf/gntv_or_sync_fifo.gcx.clkx/rd_pntr_cdc_inst/dest_graysync_ff_reg[1][2]/C
                         clock pessimism             -0.524     1.727    
    SLICE_X31Y18         FDRE (Hold_fdre_C_D)         0.075     1.802    u_fifo_wrap/u_fifo_generator_0/U0/inst_fifo_gen/gconvfifo.rf/grf.rf/gntv_or_sync_fifo.gcx.clkx/rd_pntr_cdc_inst/dest_graysync_ff_reg[1][2]
  -------------------------------------------------------------------
                         required time                         -1.802    
                         arrival time                           1.923    
  -------------------------------------------------------------------
                         slack                                  0.121    

Slack (MET) :             0.125ns  (arrival time - required time)
  Source:                 u_fifo_wrap/u_fifo_generator_0/U0/inst_fifo_gen/gconvfifo.rf/grf.rf/gntv_or_sync_fifo.gcx.clkx/rd_pntr_cdc_inst/dest_graysync_ff_reg[0][8]/C
                            (rising edge-triggered cell FDRE clocked by adc_clk  {rise@0.000ns fall@15.625ns period=31.250ns})
  Destination:            u_fifo_wrap/u_fifo_generator_0/U0/inst_fifo_gen/gconvfifo.rf/grf.rf/gntv_or_sync_fifo.gcx.clkx/rd_pntr_cdc_inst/dest_graysync_ff_reg[1][8]/D
                            (rising edge-triggered cell FDRE clocked by adc_clk  {rise@0.000ns fall@15.625ns period=31.250ns})
  Path Group:             adc_clk
  Path Type:              Hold (Min at Fast Process Corner)
  Requirement:            0.000ns  (adc_clk rise@0.000ns - adc_clk rise@0.000ns)
  Data Path Delay:        0.196ns  (logic 0.141ns (71.838%)  route 0.055ns (28.162%))
  Logic Levels:           0  
  Clock Path Skew:        0.000ns (DCD - SCD - CPR)
    Destination Clock Delay (DCD):    2.223ns
    Source Clock Delay      (SCD):    1.701ns
    Clock Pessimism Removal (CPR):    0.522ns

    Location             Delay type                Incr(ns)  Path(ns)    Netlist Resource(s)
  -------------------------------------------------------------------    -------------------
                         (clock adc_clk rise edge)    0.000     0.000 r  
    L16                                               0.000     0.000 r  adc_clk (IN)
                         net (fo=0)                   0.000     0.000    adc_clk
    L16                  IBUF (Prop_ibuf_I_O)         0.277     0.277 r  adc_clk_IBUF_inst/O
                         net (fo=1, routed)           0.842     1.118    adc_clk_IBUF
    BUFGCTRL_X0Y16       BUFG (Prop_bufg_I_O)         0.026     1.144 r  adc_clk_IBUF_BUFG_inst/O
                         net (fo=221, routed)         0.557     1.701    u_fifo_wrap/u_fifo_generator_0/U0/inst_fifo_gen/gconvfifo.rf/grf.rf/gntv_or_sync_fifo.gcx.clkx/rd_pntr_cdc_inst/dest_clk
    SLICE_X35Y18         FDRE                                         r  u_fifo_wrap/u_fifo_generator_0/U0/inst_fifo_gen/gconvfifo.rf/grf.rf/gntv_or_sync_fifo.gcx.clkx/rd_pntr_cdc_inst/dest_graysync_ff_reg[0][8]/C
  -------------------------------------------------------------------    -------------------
    SLICE_X35Y18         FDRE (Prop_fdre_C_Q)         0.141     1.842 r  u_fifo_wrap/u_fifo_generator_0/U0/inst_fifo_gen/gconvfifo.rf/grf.rf/gntv_or_sync_fifo.gcx.clkx/rd_pntr_cdc_inst/dest_graysync_ff_reg[0][8]/Q
                         net (fo=1, routed)           0.055     1.897    u_fifo_wrap/u_fifo_generator_0/U0/inst_fifo_gen/gconvfifo.rf/grf.rf/gntv_or_sync_fifo.gcx.clkx/rd_pntr_cdc_inst/dest_graysync_ff[0][8]
    SLICE_X35Y18         FDRE                                         r  u_fifo_wrap/u_fifo_generator_0/U0/inst_fifo_gen/gconvfifo.rf/grf.rf/gntv_or_sync_fifo.gcx.clkx/rd_pntr_cdc_inst/dest_graysync_ff_reg[1][8]/D
  -------------------------------------------------------------------    -------------------

                         (clock adc_clk rise edge)    0.000     0.000 r  
    L16                                               0.000     0.000 r  adc_clk (IN)
                         net (fo=0)                   0.000     0.000    adc_clk
    L16                  IBUF (Prop_ibuf_I_O)         0.466     0.466 r  adc_clk_IBUF_inst/O
                         net (fo=1, routed)           0.907     1.373    adc_clk_IBUF
    BUFGCTRL_X0Y16       BUFG (Prop_bufg_I_O)         0.029     1.402 r  adc_clk_IBUF_BUFG_inst/O
                         net (fo=221, routed)         0.821     2.223    u_fifo_wrap/u_fifo_generator_0/U0/inst_fifo_gen/gconvfifo.rf/grf.rf/gntv_or_sync_fifo.gcx.clkx/rd_pntr_cdc_inst/dest_clk
    SLICE_X35Y18         FDRE                                         r  u_fifo_wrap/u_fifo_generator_0/U0/inst_fifo_gen/gconvfifo.rf/grf.rf/gntv_or_sync_fifo.gcx.clkx/rd_pntr_cdc_inst/dest_graysync_ff_reg[1][8]/C
                         clock pessimism             -0.522     1.701    
    SLICE_X35Y18         FDRE (Hold_fdre_C_D)         0.071     1.772    u_fifo_wrap/u_fifo_generator_0/U0/inst_fifo_gen/gconvfifo.rf/grf.rf/gntv_or_sync_fifo.gcx.clkx/rd_pntr_cdc_inst/dest_graysync_ff_reg[1][8]
  -------------------------------------------------------------------
                         required time                         -1.772    
                         arrival time                           1.897    
  -------------------------------------------------------------------
                         slack                                  0.125    

Slack (MET) :             0.125ns  (arrival time - required time)
  Source:                 u_fifo_wrap/u_fifo_generator_0/U0/inst_fifo_gen/gconvfifo.rf/grf.rf/gntv_or_sync_fifo.gcx.clkx/rd_pntr_cdc_inst/dest_graysync_ff_reg[0][11]/C
                            (rising edge-triggered cell FDRE clocked by adc_clk  {rise@0.000ns fall@15.625ns period=31.250ns})
  Destination:            u_fifo_wrap/u_fifo_generator_0/U0/inst_fifo_gen/gconvfifo.rf/grf.rf/gntv_or_sync_fifo.gcx.clkx/rd_pntr_cdc_inst/dest_graysync_ff_reg[1][11]/D
                            (rising edge-triggered cell FDRE clocked by adc_clk  {rise@0.000ns fall@15.625ns period=31.250ns})
  Path Group:             adc_clk
  Path Type:              Hold (Min at Fast Process Corner)
  Requirement:            0.000ns  (adc_clk rise@0.000ns - adc_clk rise@0.000ns)
  Data Path Delay:        0.196ns  (logic 0.141ns (71.838%)  route 0.055ns (28.162%))
  Logic Levels:           0  
  Clock Path Skew:        0.000ns (DCD - SCD - CPR)
    Destination Clock Delay (DCD):    2.245ns
    Source Clock Delay      (SCD):    1.722ns
    Clock Pessimism Removal (CPR):    0.523ns

    Location             Delay type                Incr(ns)  Path(ns)    Netlist Resource(s)
  -------------------------------------------------------------------    -------------------
                         (clock adc_clk rise edge)    0.000     0.000 r  
    L16                                               0.000     0.000 r  adc_clk (IN)
                         net (fo=0)                   0.000     0.000    adc_clk
    L16                  IBUF (Prop_ibuf_I_O)         0.277     0.277 r  adc_clk_IBUF_inst/O
                         net (fo=1, routed)           0.842     1.118    adc_clk_IBUF
    BUFGCTRL_X0Y16       BUFG (Prop_bufg_I_O)         0.026     1.144 r  adc_clk_IBUF_BUFG_inst/O
                         net (fo=221, routed)         0.578     1.722    u_fifo_wrap/u_fifo_generator_0/U0/inst_fifo_gen/gconvfifo.rf/grf.rf/gntv_or_sync_fifo.gcx.clkx/rd_pntr_cdc_inst/dest_clk
    SLICE_X31Y23         FDRE                                         r  u_fifo_wrap/u_fifo_generator_0/U0/inst_fifo_gen/gconvfifo.rf/grf.rf/gntv_or_sync_fifo.gcx.clkx/rd_pntr_cdc_inst/dest_graysync_ff_reg[0][11]/C
  -------------------------------------------------------------------    -------------------
    SLICE_X31Y23         FDRE (Prop_fdre_C_Q)         0.141     1.863 r  u_fifo_wrap/u_fifo_generator_0/U0/inst_fifo_gen/gconvfifo.rf/grf.rf/gntv_or_sync_fifo.gcx.clkx/rd_pntr_cdc_inst/dest_graysync_ff_reg[0][11]/Q
                         net (fo=1, routed)           0.055     1.918    u_fifo_wrap/u_fifo_generator_0/U0/inst_fifo_gen/gconvfifo.rf/grf.rf/gntv_or_sync_fifo.gcx.clkx/rd_pntr_cdc_inst/dest_graysync_ff[0][11]
    SLICE_X31Y23         FDRE                                         r  u_fifo_wrap/u_fifo_generator_0/U0/inst_fifo_gen/gconvfifo.rf/grf.rf/gntv_or_sync_fifo.gcx.clkx/rd_pntr_cdc_inst/dest_graysync_ff_reg[1][11]/D
  -------------------------------------------------------------------    -------------------

                         (clock adc_clk rise edge)    0.000     0.000 r  
    L16                                               0.000     0.000 r  adc_clk (IN)
                         net (fo=0)                   0.000     0.000    adc_clk
    L16                  IBUF (Prop_ibuf_I_O)         0.466     0.466 r  adc_clk_IBUF_inst/O
                         net (fo=1, routed)           0.907     1.373    adc_clk_IBUF
    BUFGCTRL_X0Y16       BUFG (Prop_bufg_I_O)         0.029     1.402 r  adc_clk_IBUF_BUFG_inst/O
                         net (fo=221, routed)         0.843     2.245    u_fifo_wrap/u_fifo_generator_0/U0/inst_fifo_gen/gconvfifo.rf/grf.rf/gntv_or_sync_fifo.gcx.clkx/rd_pntr_cdc_inst/dest_clk
    SLICE_X31Y23         FDRE                                         r  u_fifo_wrap/u_fifo_generator_0/U0/inst_fifo_gen/gconvfifo.rf/grf.rf/gntv_or_sync_fifo.gcx.clkx/rd_pntr_cdc_inst/dest_graysync_ff_reg[1][11]/C
                         clock pessimism             -0.523     1.722    
    SLICE_X31Y23         FDRE (Hold_fdre_C_D)         0.071     1.793    u_fifo_wrap/u_fifo_generator_0/U0/inst_fifo_gen/gconvfifo.rf/grf.rf/gntv_or_sync_fifo.gcx.clkx/rd_pntr_cdc_inst/dest_graysync_ff_reg[1][11]
  -------------------------------------------------------------------
                         required time                         -1.793    
                         arrival time                           1.918    
  -------------------------------------------------------------------
                         slack                                  0.125    

Slack (MET) :             0.125ns  (arrival time - required time)
  Source:                 u_fifo_wrap/u_fifo_generator_0/U0/inst_fifo_gen/gconvfifo.rf/grf.rf/gntv_or_sync_fifo.gcx.clkx/rd_pntr_cdc_inst/dest_graysync_ff_reg[0][1]/C
                            (rising edge-triggered cell FDRE clocked by adc_clk  {rise@0.000ns fall@15.625ns period=31.250ns})
  Destination:            u_fifo_wrap/u_fifo_generator_0/U0/inst_fifo_gen/gconvfifo.rf/grf.rf/gntv_or_sync_fifo.gcx.clkx/rd_pntr_cdc_inst/dest_graysync_ff_reg[1][1]/D
                            (rising edge-triggered cell FDRE clocked by adc_clk  {rise@0.000ns fall@15.625ns period=31.250ns})
  Path Group:             adc_clk
  Path Type:              Hold (Min at Fast Process Corner)
  Requirement:            0.000ns  (adc_clk rise@0.000ns - adc_clk rise@0.000ns)
  Data Path Delay:        0.196ns  (logic 0.141ns (71.838%)  route 0.055ns (28.162%))
  Logic Levels:           0  
  Clock Path Skew:        0.000ns (DCD - SCD - CPR)
    Destination Clock Delay (DCD):    2.252ns
    Source Clock Delay      (SCD):    1.728ns
    Clock Pessimism Removal (CPR):    0.524ns

    Location             Delay type                Incr(ns)  Path(ns)    Netlist Resource(s)
  -------------------------------------------------------------------    -------------------
                         (clock adc_clk rise edge)    0.000     0.000 r  
    L16                                               0.000     0.000 r  adc_clk (IN)
                         net (fo=0)                   0.000     0.000    adc_clk
    L16                  IBUF (Prop_ibuf_I_O)         0.277     0.277 r  adc_clk_IBUF_inst/O
                         net (fo=1, routed)           0.842     1.118    adc_clk_IBUF
    BUFGCTRL_X0Y16       BUFG (Prop_bufg_I_O)         0.026     1.144 r  adc_clk_IBUF_BUFG_inst/O
                         net (fo=221, routed)         0.584     1.728    u_fifo_wrap/u_fifo_generator_0/U0/inst_fifo_gen/gconvfifo.rf/grf.rf/gntv_or_sync_fifo.gcx.clkx/rd_pntr_cdc_inst/dest_clk
    SLICE_X31Y17         FDRE                                         r  u_fifo_wrap/u_fifo_generator_0/U0/inst_fifo_gen/gconvfifo.rf/grf.rf/gntv_or_sync_fifo.gcx.clkx/rd_pntr_cdc_inst/dest_graysync_ff_reg[0][1]/C
  -------------------------------------------------------------------    -------------------
    SLICE_X31Y17         FDRE (Prop_fdre_C_Q)         0.141     1.869 r  u_fifo_wrap/u_fifo_generator_0/U0/inst_fifo_gen/gconvfifo.rf/grf.rf/gntv_or_sync_fifo.gcx.clkx/rd_pntr_cdc_inst/dest_graysync_ff_reg[0][1]/Q
                         net (fo=1, routed)           0.055     1.924    u_fifo_wrap/u_fifo_generator_0/U0/inst_fifo_gen/gconvfifo.rf/grf.rf/gntv_or_sync_fifo.gcx.clkx/rd_pntr_cdc_inst/dest_graysync_ff[0][1]
    SLICE_X31Y17         FDRE                                         r  u_fifo_wrap/u_fifo_generator_0/U0/inst_fifo_gen/gconvfifo.rf/grf.rf/gntv_or_sync_fifo.gcx.clkx/rd_pntr_cdc_inst/dest_graysync_ff_reg[1][1]/D
  -------------------------------------------------------------------    -------------------

                         (clock adc_clk rise edge)    0.000     0.000 r  
    L16                                               0.000     0.000 r  adc_clk (IN)
                         net (fo=0)                   0.000     0.000    adc_clk
    L16                  IBUF (Prop_ibuf_I_O)         0.466     0.466 r  adc_clk_IBUF_inst/O
                         net (fo=1, routed)           0.907     1.373    adc_clk_IBUF
    BUFGCTRL_X0Y16       BUFG (Prop_bufg_I_O)         0.029     1.402 r  adc_clk_IBUF_BUFG_inst/O
                         net (fo=221, routed)         0.850     2.252    u_fifo_wrap/u_fifo_generator_0/U0/inst_fifo_gen/gconvfifo.rf/grf.rf/gntv_or_sync_fifo.gcx.clkx/rd_pntr_cdc_inst/dest_clk
    SLICE_X31Y17         FDRE                                         r  u_fifo_wrap/u_fifo_generator_0/U0/inst_fifo_gen/gconvfifo.rf/grf.rf/gntv_or_sync_fifo.gcx.clkx/rd_pntr_cdc_inst/dest_graysync_ff_reg[1][1]/C
                         clock pessimism             -0.524     1.728    
    SLICE_X31Y17         FDRE (Hold_fdre_C_D)         0.071     1.799    u_fifo_wrap/u_fifo_generator_0/U0/inst_fifo_gen/gconvfifo.rf/grf.rf/gntv_or_sync_fifo.gcx.clkx/rd_pntr_cdc_inst/dest_graysync_ff_reg[1][1]
  -------------------------------------------------------------------
                         required time                         -1.799    
                         arrival time                           1.924    
  -------------------------------------------------------------------
                         slack                                  0.125    

Slack (MET) :             0.125ns  (arrival time - required time)
  Source:                 u_fifo_wrap/u_fifo_generator_0/U0/inst_fifo_gen/gconvfifo.rf/grf.rf/gntv_or_sync_fifo.gcx.clkx/rd_pntr_cdc_inst/dest_graysync_ff_reg[0][3]/C
                            (rising edge-triggered cell FDRE clocked by adc_clk  {rise@0.000ns fall@15.625ns period=31.250ns})
  Destination:            u_fifo_wrap/u_fifo_generator_0/U0/inst_fifo_gen/gconvfifo.rf/grf.rf/gntv_or_sync_fifo.gcx.clkx/rd_pntr_cdc_inst/dest_graysync_ff_reg[1][3]/D
                            (rising edge-triggered cell FDRE clocked by adc_clk  {rise@0.000ns fall@15.625ns period=31.250ns})
  Path Group:             adc_clk
  Path Type:              Hold (Min at Fast Process Corner)
  Requirement:            0.000ns  (adc_clk rise@0.000ns - adc_clk rise@0.000ns)
  Data Path Delay:        0.196ns  (logic 0.141ns (71.838%)  route 0.055ns (28.162%))
  Logic Levels:           0  
  Clock Path Skew:        0.000ns (DCD - SCD - CPR)
    Destination Clock Delay (DCD):    2.251ns
    Source Clock Delay      (SCD):    1.727ns
    Clock Pessimism Removal (CPR):    0.524ns

    Location             Delay type                Incr(ns)  Path(ns)    Netlist Resource(s)
  -------------------------------------------------------------------    -------------------
                         (clock adc_clk rise edge)    0.000     0.000 r  
    L16                                               0.000     0.000 r  adc_clk (IN)
                         net (fo=0)                   0.000     0.000    adc_clk
    L16                  IBUF (Prop_ibuf_I_O)         0.277     0.277 r  adc_clk_IBUF_inst/O
                         net (fo=1, routed)           0.842     1.118    adc_clk_IBUF
    BUFGCTRL_X0Y16       BUFG (Prop_bufg_I_O)         0.026     1.144 r  adc_clk_IBUF_BUFG_inst/O
                         net (fo=221, routed)         0.583     1.727    u_fifo_wrap/u_fifo_generator_0/U0/inst_fifo_gen/gconvfifo.rf/grf.rf/gntv_or_sync_fifo.gcx.clkx/rd_pntr_cdc_inst/dest_clk
    SLICE_X31Y18         FDRE                                         r  u_fifo_wrap/u_fifo_generator_0/U0/inst_fifo_gen/gconvfifo.rf/grf.rf/gntv_or_sync_fifo.gcx.clkx/rd_pntr_cdc_inst/dest_graysync_ff_reg[0][3]/C
  -------------------------------------------------------------------    -------------------
    SLICE_X31Y18         FDRE (Prop_fdre_C_Q)         0.141     1.868 r  u_fifo_wrap/u_fifo_generator_0/U0/inst_fifo_gen/gconvfifo.rf/grf.rf/gntv_or_sync_fifo.gcx.clkx/rd_pntr_cdc_inst/dest_graysync_ff_reg[0][3]/Q
                         net (fo=1, routed)           0.055     1.923    u_fifo_wrap/u_fifo_generator_0/U0/inst_fifo_gen/gconvfifo.rf/grf.rf/gntv_or_sync_fifo.gcx.clkx/rd_pntr_cdc_inst/dest_graysync_ff[0][3]
    SLICE_X31Y18         FDRE                                         r  u_fifo_wrap/u_fifo_generator_0/U0/inst_fifo_gen/gconvfifo.rf/grf.rf/gntv_or_sync_fifo.gcx.clkx/rd_pntr_cdc_inst/dest_graysync_ff_reg[1][3]/D
  -------------------------------------------------------------------    -------------------

                         (clock adc_clk rise edge)    0.000     0.000 r  
    L16                                               0.000     0.000 r  adc_clk (IN)
                         net (fo=0)                   0.000     0.000    adc_clk
    L16                  IBUF (Prop_ibuf_I_O)         0.466     0.466 r  adc_clk_IBUF_inst/O
                         net (fo=1, routed)           0.907     1.373    adc_clk_IBUF
    BUFGCTRL_X0Y16       BUFG (Prop_bufg_I_O)         0.029     1.402 r  adc_clk_IBUF_BUFG_inst/O
                         net (fo=221, routed)         0.849     2.251    u_fifo_wrap/u_fifo_generator_0/U0/inst_fifo_gen/gconvfifo.rf/grf.rf/gntv_or_sync_fifo.gcx.clkx/rd_pntr_cdc_inst/dest_clk
    SLICE_X31Y18         FDRE                                         r  u_fifo_wrap/u_fifo_generator_0/U0/inst_fifo_gen/gconvfifo.rf/grf.rf/gntv_or_sync_fifo.gcx.clkx/rd_pntr_cdc_inst/dest_graysync_ff_reg[1][3]/C
                         clock pessimism             -0.524     1.727    
    SLICE_X31Y18         FDRE (Hold_fdre_C_D)         0.071     1.798    u_fifo_wrap/u_fifo_generator_0/U0/inst_fifo_gen/gconvfifo.rf/grf.rf/gntv_or_sync_fifo.gcx.clkx/rd_pntr_cdc_inst/dest_graysync_ff_reg[1][3]
  -------------------------------------------------------------------
                         required time                         -1.798    
                         arrival time                           1.923    
  -------------------------------------------------------------------
                         slack                                  0.125    

Slack (MET) :             0.135ns  (arrival time - required time)
  Source:                 u_fifo_wrap/u_fifo_generator_0/U0/inst_fifo_gen/gconvfifo.rf/grf.rf/gntv_or_sync_fifo.gl0.wr/wpntr/gic0.gc0.count_d2_reg[5]/C
                            (rising edge-triggered cell FDRE clocked by adc_clk  {rise@0.000ns fall@15.625ns period=31.250ns})
  Destination:            u_fifo_wrap/u_fifo_generator_0/U0/inst_fifo_gen/gconvfifo.rf/grf.rf/gntv_or_sync_fifo.mem/gbm.gbmg.gbmga.ngecc.bmg/inst_blk_mem_gen/gnbram.gnativebmg.native_blk_mem_gen/valid.cstr/ramloop[10].ram.r/prim_noinit.ram/DEVICE_7SERIES.NO_BMM_INFO.SDP.SIMPLE_PRIM36.ram/ADDRARDADDR[8]
                            (rising edge-triggered cell RAMB36E1 clocked by adc_clk  {rise@0.000ns fall@15.625ns period=31.250ns})
  Path Group:             adc_clk
  Path Type:              Hold (Min at Fast Process Corner)
  Requirement:            0.000ns  (adc_clk rise@0.000ns - adc_clk rise@0.000ns)
  Data Path Delay:        0.368ns  (logic 0.141ns (38.341%)  route 0.227ns (61.659%))
  Logic Levels:           0  
  Clock Path Skew:        0.050ns (DCD - SCD - CPR)
    Destination Clock Delay (DCD):    2.256ns
    Source Clock Delay      (SCD):    1.698ns
    Clock Pessimism Removal (CPR):    0.508ns

    Location             Delay type                Incr(ns)  Path(ns)    Netlist Resource(s)
  -------------------------------------------------------------------    -------------------
                         (clock adc_clk rise edge)    0.000     0.000 r  
    L16                                               0.000     0.000 r  adc_clk (IN)
                         net (fo=0)                   0.000     0.000    adc_clk
    L16                  IBUF (Prop_ibuf_I_O)         0.277     0.277 r  adc_clk_IBUF_inst/O
                         net (fo=1, routed)           0.842     1.118    adc_clk_IBUF
    BUFGCTRL_X0Y16       BUFG (Prop_bufg_I_O)         0.026     1.144 r  adc_clk_IBUF_BUFG_inst/O
                         net (fo=221, routed)         0.554     1.698    u_fifo_wrap/u_fifo_generator_0/U0/inst_fifo_gen/gconvfifo.rf/grf.rf/gntv_or_sync_fifo.gl0.wr/wpntr/wr_clk
    SLICE_X33Y21         FDRE                                         r  u_fifo_wrap/u_fifo_generator_0/U0/inst_fifo_gen/gconvfifo.rf/grf.rf/gntv_or_sync_fifo.gl0.wr/wpntr/gic0.gc0.count_d2_reg[5]/C
  -------------------------------------------------------------------    -------------------
    SLICE_X33Y21         FDRE (Prop_fdre_C_Q)         0.141     1.839 r  u_fifo_wrap/u_fifo_generator_0/U0/inst_fifo_gen/gconvfifo.rf/grf.rf/gntv_or_sync_fifo.gl0.wr/wpntr/gic0.gc0.count_d2_reg[5]/Q
                         net (fo=32, routed)          0.227     2.066    u_fifo_wrap/u_fifo_generator_0/U0/inst_fifo_gen/gconvfifo.rf/grf.rf/gntv_or_sync_fifo.mem/gbm.gbmg.gbmga.ngecc.bmg/inst_blk_mem_gen/gnbram.gnativebmg.native_blk_mem_gen/valid.cstr/ramloop[10].ram.r/prim_noinit.ram/ADDRA[5]
    RAMB36_X2Y4          RAMB36E1                                     r  u_fifo_wrap/u_fifo_generator_0/U0/inst_fifo_gen/gconvfifo.rf/grf.rf/gntv_or_sync_fifo.mem/gbm.gbmg.gbmga.ngecc.bmg/inst_blk_mem_gen/gnbram.gnativebmg.native_blk_mem_gen/valid.cstr/ramloop[10].ram.r/prim_noinit.ram/DEVICE_7SERIES.NO_BMM_INFO.SDP.SIMPLE_PRIM36.ram/ADDRARDADDR[8]
  -------------------------------------------------------------------    -------------------

                         (clock adc_clk rise edge)    0.000     0.000 r  
    L16                                               0.000     0.000 r  adc_clk (IN)
                         net (fo=0)                   0.000     0.000    adc_clk
    L16                  IBUF (Prop_ibuf_I_O)         0.466     0.466 r  adc_clk_IBUF_inst/O
                         net (fo=1, routed)           0.907     1.373    adc_clk_IBUF
    BUFGCTRL_X0Y16       BUFG (Prop_bufg_I_O)         0.029     1.402 r  adc_clk_IBUF_BUFG_inst/O
                         net (fo=221, routed)         0.854     2.256    u_fifo_wrap/u_fifo_generator_0/U0/inst_fifo_gen/gconvfifo.rf/grf.rf/gntv_or_sync_fifo.mem/gbm.gbmg.gbmga.ngecc.bmg/inst_blk_mem_gen/gnbram.gnativebmg.native_blk_mem_gen/valid.cstr/ramloop[10].ram.r/prim_noinit.ram/wr_clk
    RAMB36_X2Y4          RAMB36E1                                     r  u_fifo_wrap/u_fifo_generator_0/U0/inst_fifo_gen/gconvfifo.rf/grf.rf/gntv_or_sync_fifo.mem/gbm.gbmg.gbmga.ngecc.bmg/inst_blk_mem_gen/gnbram.gnativebmg.native_blk_mem_gen/valid.cstr/ramloop[10].ram.r/prim_noinit.ram/DEVICE_7SERIES.NO_BMM_INFO.SDP.SIMPLE_PRIM36.ram/CLKARDCLK
                         clock pessimism             -0.508     1.748    
    RAMB36_X2Y4          RAMB36E1 (Hold_ramb36e1_CLKARDCLK_ADDRARDADDR[8])
                                                      0.183     1.931    u_fifo_wrap/u_fifo_generator_0/U0/inst_fifo_gen/gconvfifo.rf/grf.rf/gntv_or_sync_fifo.mem/gbm.gbmg.gbmga.ngecc.bmg/inst_blk_mem_gen/gnbram.gnativebmg.native_blk_mem_gen/valid.cstr/ramloop[10].ram.r/prim_noinit.ram/DEVICE_7SERIES.NO_BMM_INFO.SDP.SIMPLE_PRIM36.ram
  -------------------------------------------------------------------
                         required time                         -1.931    
                         arrival time                           2.066    
  -------------------------------------------------------------------
                         slack                                  0.135    

Slack (MET) :             0.138ns  (arrival time - required time)
  Source:                 u_fifo_wrap/u_fifo_generator_0/U0/inst_fifo_gen/gconvfifo.rf/grf.rf/gntv_or_sync_fifo.gl0.wr/wpntr/gic0.gc0.count_d2_reg[6]/C
                            (rising edge-triggered cell FDRE clocked by adc_clk  {rise@0.000ns fall@15.625ns period=31.250ns})
  Destination:            u_fifo_wrap/u_fifo_generator_0/U0/inst_fifo_gen/gconvfifo.rf/grf.rf/gntv_or_sync_fifo.mem/gbm.gbmg.gbmga.ngecc.bmg/inst_blk_mem_gen/gnbram.gnativebmg.native_blk_mem_gen/valid.cstr/ramloop[10].ram.r/prim_noinit.ram/DEVICE_7SERIES.NO_BMM_INFO.SDP.SIMPLE_PRIM36.ram/ADDRARDADDR[9]
                            (rising edge-triggered cell RAMB36E1 clocked by adc_clk  {rise@0.000ns fall@15.625ns period=31.250ns})
  Path Group:             adc_clk
  Path Type:              Hold (Min at Fast Process Corner)
  Requirement:            0.000ns  (adc_clk rise@0.000ns - adc_clk rise@0.000ns)
  Data Path Delay:        0.388ns  (logic 0.164ns (42.292%)  route 0.224ns (57.708%))
  Logic Levels:           0  
  Clock Path Skew:        0.067ns (DCD - SCD - CPR)
    Destination Clock Delay (DCD):    2.256ns
    Source Clock Delay      (SCD):    1.698ns
    Clock Pessimism Removal (CPR):    0.491ns

    Location             Delay type                Incr(ns)  Path(ns)    Netlist Resource(s)
  -------------------------------------------------------------------    -------------------
                         (clock adc_clk rise edge)    0.000     0.000 r  
    L16                                               0.000     0.000 r  adc_clk (IN)
                         net (fo=0)                   0.000     0.000    adc_clk
    L16                  IBUF (Prop_ibuf_I_O)         0.277     0.277 r  adc_clk_IBUF_inst/O
                         net (fo=1, routed)           0.842     1.118    adc_clk_IBUF
    BUFGCTRL_X0Y16       BUFG (Prop_bufg_I_O)         0.026     1.144 r  adc_clk_IBUF_BUFG_inst/O
                         net (fo=221, routed)         0.554     1.698    u_fifo_wrap/u_fifo_generator_0/U0/inst_fifo_gen/gconvfifo.rf/grf.rf/gntv_or_sync_fifo.gl0.wr/wpntr/wr_clk
    SLICE_X34Y22         FDRE                                         r  u_fifo_wrap/u_fifo_generator_0/U0/inst_fifo_gen/gconvfifo.rf/grf.rf/gntv_or_sync_fifo.gl0.wr/wpntr/gic0.gc0.count_d2_reg[6]/C
  -------------------------------------------------------------------    -------------------
    SLICE_X34Y22         FDRE (Prop_fdre_C_Q)         0.164     1.862 r  u_fifo_wrap/u_fifo_generator_0/U0/inst_fifo_gen/gconvfifo.rf/grf.rf/gntv_or_sync_fifo.gl0.wr/wpntr/gic0.gc0.count_d2_reg[6]/Q
                         net (fo=32, routed)          0.224     2.086    u_fifo_wrap/u_fifo_generator_0/U0/inst_fifo_gen/gconvfifo.rf/grf.rf/gntv_or_sync_fifo.mem/gbm.gbmg.gbmga.ngecc.bmg/inst_blk_mem_gen/gnbram.gnativebmg.native_blk_mem_gen/valid.cstr/ramloop[10].ram.r/prim_noinit.ram/ADDRA[6]
    RAMB36_X2Y4          RAMB36E1                                     r  u_fifo_wrap/u_fifo_generator_0/U0/inst_fifo_gen/gconvfifo.rf/grf.rf/gntv_or_sync_fifo.mem/gbm.gbmg.gbmga.ngecc.bmg/inst_blk_mem_gen/gnbram.gnativebmg.native_blk_mem_gen/valid.cstr/ramloop[10].ram.r/prim_noinit.ram/DEVICE_7SERIES.NO_BMM_INFO.SDP.SIMPLE_PRIM36.ram/ADDRARDADDR[9]
  -------------------------------------------------------------------    -------------------

                         (clock adc_clk rise edge)    0.000     0.000 r  
    L16                                               0.000     0.000 r  adc_clk (IN)
                         net (fo=0)                   0.000     0.000    adc_clk
    L16                  IBUF (Prop_ibuf_I_O)         0.466     0.466 r  adc_clk_IBUF_inst/O
                         net (fo=1, routed)           0.907     1.373    adc_clk_IBUF
    BUFGCTRL_X0Y16       BUFG (Prop_bufg_I_O)         0.029     1.402 r  adc_clk_IBUF_BUFG_inst/O
                         net (fo=221, routed)         0.854     2.256    u_fifo_wrap/u_fifo_generator_0/U0/inst_fifo_gen/gconvfifo.rf/grf.rf/gntv_or_sync_fifo.mem/gbm.gbmg.gbmga.ngecc.bmg/inst_blk_mem_gen/gnbram.gnativebmg.native_blk_mem_gen/valid.cstr/ramloop[10].ram.r/prim_noinit.ram/wr_clk
    RAMB36_X2Y4          RAMB36E1                                     r  u_fifo_wrap/u_fifo_generator_0/U0/inst_fifo_gen/gconvfifo.rf/grf.rf/gntv_or_sync_fifo.mem/gbm.gbmg.gbmga.ngecc.bmg/inst_blk_mem_gen/gnbram.gnativebmg.native_blk_mem_gen/valid.cstr/ramloop[10].ram.r/prim_noinit.ram/DEVICE_7SERIES.NO_BMM_INFO.SDP.SIMPLE_PRIM36.ram/CLKARDCLK
                         clock pessimism             -0.491     1.765    
    RAMB36_X2Y4          RAMB36E1 (Hold_ramb36e1_CLKARDCLK_ADDRARDADDR[9])
                                                      0.183     1.948    u_fifo_wrap/u_fifo_generator_0/U0/inst_fifo_gen/gconvfifo.rf/grf.rf/gntv_or_sync_fifo.mem/gbm.gbmg.gbmga.ngecc.bmg/inst_blk_mem_gen/gnbram.gnativebmg.native_blk_mem_gen/valid.cstr/ramloop[10].ram.r/prim_noinit.ram/DEVICE_7SERIES.NO_BMM_INFO.SDP.SIMPLE_PRIM36.ram
  -------------------------------------------------------------------
                         required time                         -1.948    
                         arrival time                           2.086    
  -------------------------------------------------------------------
                         slack                                  0.138    

Slack (MET) :             0.141ns  (arrival time - required time)
  Source:                 adc_rst
                            (input port clocked by adc_clk  {rise@0.000ns fall@15.625ns period=31.250ns})
  Destination:            u_fifo_wrap/u_adc_write_controller/write_count_reg[10]/R
                            (rising edge-triggered cell FDRE clocked by adc_clk  {rise@0.000ns fall@15.625ns period=31.250ns})
  Path Group:             adc_clk
  Path Type:              Hold (Min at Slow Process Corner)
  Requirement:            0.000ns  (adc_clk rise@0.000ns - adc_clk rise@0.000ns)
  Data Path Delay:        4.766ns  (logic 0.759ns (15.926%)  route 4.007ns (84.074%))
  Logic Levels:           1  (IBUF=1)
  Input Delay:            0.000ns
  Clock Path Skew:        4.612ns (DCD - SCD - CPR)
    Destination Clock Delay (DCD):    4.612ns
    Source Clock Delay      (SCD):    0.000ns
    Clock Pessimism Removal (CPR):    -0.000ns
  Clock Uncertainty:      0.035ns  ((TSJ^2 + TIJ^2)^1/2 + DJ) / 2 + PE
    Total System Jitter     (TSJ):    0.071ns
    Total Input Jitter      (TIJ):    0.000ns
    Discrete Jitter          (DJ):    0.000ns
    Phase Error              (PE):    0.000ns

    Location             Delay type                Incr(ns)  Path(ns)    Netlist Resource(s)
  -------------------------------------------------------------------    -------------------
                         (clock adc_clk rise edge)    0.000     0.000 r  
                         input delay                  0.000     0.000    
    K16                                               0.000     0.000 r  adc_rst (IN)
                         net (fo=0)                   0.000     0.000    adc_rst
    K16                  IBUF (Prop_ibuf_I_O)         0.759     0.759 r  adc_rst_IBUF_inst/O
                         net (fo=61, routed)          4.007     4.766    u_fifo_wrap/u_adc_write_controller/adc_oe_b_OBUF
    SLICE_X40Y87         FDRE                                         r  u_fifo_wrap/u_adc_write_controller/write_count_reg[10]/R
  -------------------------------------------------------------------    -------------------

                         (clock adc_clk rise edge)    0.000     0.000 r  
    L16                                               0.000     0.000 r  adc_clk (IN)
                         net (fo=0)                   0.000     0.000    adc_clk
    L16                  IBUF (Prop_ibuf_I_O)         0.981     0.981 r  adc_clk_IBUF_inst/O
                         net (fo=1, routed)           2.160     3.141    adc_clk_IBUF
    BUFGCTRL_X0Y16       BUFG (Prop_bufg_I_O)         0.085     3.226 r  adc_clk_IBUF_BUFG_inst/O
                         net (fo=221, routed)         1.386     4.612    u_fifo_wrap/u_adc_write_controller/CLK
    SLICE_X40Y87         FDRE                                         r  u_fifo_wrap/u_adc_write_controller/write_count_reg[10]/C
                         clock pessimism              0.000     4.612    
                         clock uncertainty            0.035     4.647    
    SLICE_X40Y87         FDRE (Hold_fdre_C_R)        -0.022     4.625    u_fifo_wrap/u_adc_write_controller/write_count_reg[10]
  -------------------------------------------------------------------
                         required time                         -4.625    
                         arrival time                           4.766    
  -------------------------------------------------------------------
                         slack                                  0.141    

Slack (MET) :             0.141ns  (arrival time - required time)
  Source:                 adc_rst
                            (input port clocked by adc_clk  {rise@0.000ns fall@15.625ns period=31.250ns})
  Destination:            u_fifo_wrap/u_adc_write_controller/write_count_reg[11]/R
                            (rising edge-triggered cell FDRE clocked by adc_clk  {rise@0.000ns fall@15.625ns period=31.250ns})
  Path Group:             adc_clk
  Path Type:              Hold (Min at Slow Process Corner)
  Requirement:            0.000ns  (adc_clk rise@0.000ns - adc_clk rise@0.000ns)
  Data Path Delay:        4.766ns  (logic 0.759ns (15.926%)  route 4.007ns (84.074%))
  Logic Levels:           1  (IBUF=1)
  Input Delay:            0.000ns
  Clock Path Skew:        4.612ns (DCD - SCD - CPR)
    Destination Clock Delay (DCD):    4.612ns
    Source Clock Delay      (SCD):    0.000ns
    Clock Pessimism Removal (CPR):    -0.000ns
  Clock Uncertainty:      0.035ns  ((TSJ^2 + TIJ^2)^1/2 + DJ) / 2 + PE
    Total System Jitter     (TSJ):    0.071ns
    Total Input Jitter      (TIJ):    0.000ns
    Discrete Jitter          (DJ):    0.000ns
    Phase Error              (PE):    0.000ns

    Location             Delay type                Incr(ns)  Path(ns)    Netlist Resource(s)
  -------------------------------------------------------------------    -------------------
                         (clock adc_clk rise edge)    0.000     0.000 r  
                         input delay                  0.000     0.000    
    K16                                               0.000     0.000 r  adc_rst (IN)
                         net (fo=0)                   0.000     0.000    adc_rst
    K16                  IBUF (Prop_ibuf_I_O)         0.759     0.759 r  adc_rst_IBUF_inst/O
                         net (fo=61, routed)          4.007     4.766    u_fifo_wrap/u_adc_write_controller/adc_oe_b_OBUF
    SLICE_X40Y87         FDRE                                         r  u_fifo_wrap/u_adc_write_controller/write_count_reg[11]/R
  -------------------------------------------------------------------    -------------------

                         (clock adc_clk rise edge)    0.000     0.000 r  
    L16                                               0.000     0.000 r  adc_clk (IN)
                         net (fo=0)                   0.000     0.000    adc_clk
    L16                  IBUF (Prop_ibuf_I_O)         0.981     0.981 r  adc_clk_IBUF_inst/O
                         net (fo=1, routed)           2.160     3.141    adc_clk_IBUF
    BUFGCTRL_X0Y16       BUFG (Prop_bufg_I_O)         0.085     3.226 r  adc_clk_IBUF_BUFG_inst/O
                         net (fo=221, routed)         1.386     4.612    u_fifo_wrap/u_adc_write_controller/CLK
    SLICE_X40Y87         FDRE                                         r  u_fifo_wrap/u_adc_write_controller/write_count_reg[11]/C
                         clock pessimism              0.000     4.612    
                         clock uncertainty            0.035     4.647    
    SLICE_X40Y87         FDRE (Hold_fdre_C_R)        -0.022     4.625    u_fifo_wrap/u_adc_write_controller/write_count_reg[11]
  -------------------------------------------------------------------
                         required time                         -4.625    
                         arrival time                           4.766    
  -------------------------------------------------------------------
                         slack                                  0.141    

Slack (MET) :             0.141ns  (arrival time - required time)
  Source:                 adc_rst
                            (input port clocked by adc_clk  {rise@0.000ns fall@15.625ns period=31.250ns})
  Destination:            u_fifo_wrap/u_adc_write_controller/write_count_reg[12]/R
                            (rising edge-triggered cell FDRE clocked by adc_clk  {rise@0.000ns fall@15.625ns period=31.250ns})
  Path Group:             adc_clk
  Path Type:              Hold (Min at Slow Process Corner)
  Requirement:            0.000ns  (adc_clk rise@0.000ns - adc_clk rise@0.000ns)
  Data Path Delay:        4.766ns  (logic 0.759ns (15.926%)  route 4.007ns (84.074%))
  Logic Levels:           1  (IBUF=1)
  Input Delay:            0.000ns
  Clock Path Skew:        4.612ns (DCD - SCD - CPR)
    Destination Clock Delay (DCD):    4.612ns
    Source Clock Delay      (SCD):    0.000ns
    Clock Pessimism Removal (CPR):    -0.000ns
  Clock Uncertainty:      0.035ns  ((TSJ^2 + TIJ^2)^1/2 + DJ) / 2 + PE
    Total System Jitter     (TSJ):    0.071ns
    Total Input Jitter      (TIJ):    0.000ns
    Discrete Jitter          (DJ):    0.000ns
    Phase Error              (PE):    0.000ns

    Location             Delay type                Incr(ns)  Path(ns)    Netlist Resource(s)
  -------------------------------------------------------------------    -------------------
                         (clock adc_clk rise edge)    0.000     0.000 r  
                         input delay                  0.000     0.000    
    K16                                               0.000     0.000 r  adc_rst (IN)
                         net (fo=0)                   0.000     0.000    adc_rst
    K16                  IBUF (Prop_ibuf_I_O)         0.759     0.759 r  adc_rst_IBUF_inst/O
                         net (fo=61, routed)          4.007     4.766    u_fifo_wrap/u_adc_write_controller/adc_oe_b_OBUF
    SLICE_X40Y87         FDRE                                         r  u_fifo_wrap/u_adc_write_controller/write_count_reg[12]/R
  -------------------------------------------------------------------    -------------------

                         (clock adc_clk rise edge)    0.000     0.000 r  
    L16                                               0.000     0.000 r  adc_clk (IN)
                         net (fo=0)                   0.000     0.000    adc_clk
    L16                  IBUF (Prop_ibuf_I_O)         0.981     0.981 r  adc_clk_IBUF_inst/O
                         net (fo=1, routed)           2.160     3.141    adc_clk_IBUF
    BUFGCTRL_X0Y16       BUFG (Prop_bufg_I_O)         0.085     3.226 r  adc_clk_IBUF_BUFG_inst/O
                         net (fo=221, routed)         1.386     4.612    u_fifo_wrap/u_adc_write_controller/CLK
    SLICE_X40Y87         FDRE                                         r  u_fifo_wrap/u_adc_write_controller/write_count_reg[12]/C
                         clock pessimism              0.000     4.612    
                         clock uncertainty            0.035     4.647    
    SLICE_X40Y87         FDRE (Hold_fdre_C_R)        -0.022     4.625    u_fifo_wrap/u_adc_write_controller/write_count_reg[12]
  -------------------------------------------------------------------
                         required time                         -4.625    
                         arrival time                           4.766    
  -------------------------------------------------------------------
                         slack                                  0.141    

Slack (MET) :             0.141ns  (arrival time - required time)
  Source:                 adc_rst
                            (input port clocked by adc_clk  {rise@0.000ns fall@15.625ns period=31.250ns})
  Destination:            u_fifo_wrap/u_adc_write_controller/write_count_reg[13]/R
                            (rising edge-triggered cell FDRE clocked by adc_clk  {rise@0.000ns fall@15.625ns period=31.250ns})
  Path Group:             adc_clk
  Path Type:              Hold (Min at Slow Process Corner)
  Requirement:            0.000ns  (adc_clk rise@0.000ns - adc_clk rise@0.000ns)
  Data Path Delay:        4.766ns  (logic 0.759ns (15.926%)  route 4.007ns (84.074%))
  Logic Levels:           1  (IBUF=1)
  Input Delay:            0.000ns
  Clock Path Skew:        4.612ns (DCD - SCD - CPR)
    Destination Clock Delay (DCD):    4.612ns
    Source Clock Delay      (SCD):    0.000ns
    Clock Pessimism Removal (CPR):    -0.000ns
  Clock Uncertainty:      0.035ns  ((TSJ^2 + TIJ^2)^1/2 + DJ) / 2 + PE
    Total System Jitter     (TSJ):    0.071ns
    Total Input Jitter      (TIJ):    0.000ns
    Discrete Jitter          (DJ):    0.000ns
    Phase Error              (PE):    0.000ns

    Location             Delay type                Incr(ns)  Path(ns)    Netlist Resource(s)
  -------------------------------------------------------------------    -------------------
                         (clock adc_clk rise edge)    0.000     0.000 r  
                         input delay                  0.000     0.000    
    K16                                               0.000     0.000 r  adc_rst (IN)
                         net (fo=0)                   0.000     0.000    adc_rst
    K16                  IBUF (Prop_ibuf_I_O)         0.759     0.759 r  adc_rst_IBUF_inst/O
                         net (fo=61, routed)          4.007     4.766    u_fifo_wrap/u_adc_write_controller/adc_oe_b_OBUF
    SLICE_X40Y87         FDRE                                         r  u_fifo_wrap/u_adc_write_controller/write_count_reg[13]/R
  -------------------------------------------------------------------    -------------------

                         (clock adc_clk rise edge)    0.000     0.000 r  
    L16                                               0.000     0.000 r  adc_clk (IN)
                         net (fo=0)                   0.000     0.000    adc_clk
    L16                  IBUF (Prop_ibuf_I_O)         0.981     0.981 r  adc_clk_IBUF_inst/O
                         net (fo=1, routed)           2.160     3.141    adc_clk_IBUF
    BUFGCTRL_X0Y16       BUFG (Prop_bufg_I_O)         0.085     3.226 r  adc_clk_IBUF_BUFG_inst/O
                         net (fo=221, routed)         1.386     4.612    u_fifo_wrap/u_adc_write_controller/CLK
    SLICE_X40Y87         FDRE                                         r  u_fifo_wrap/u_adc_write_controller/write_count_reg[13]/C
                         clock pessimism              0.000     4.612    
                         clock uncertainty            0.035     4.647    
    SLICE_X40Y87         FDRE (Hold_fdre_C_R)        -0.022     4.625    u_fifo_wrap/u_adc_write_controller/write_count_reg[13]
  -------------------------------------------------------------------
                         required time                         -4.625    
                         arrival time                           4.766    
  -------------------------------------------------------------------
                         slack                                  0.141    





Pulse Width Checks
--------------------------------------------------------------------------------------
Clock Name:         adc_clk
Waveform(ns):       { 0.000 15.625 }
Period(ns):         31.250
Sources:            { adc_clk adc_clk_drive }

Check Type        Corner  Lib Pin             Reference Pin  Required(ns)  Actual(ns)  Slack(ns)  Location      Pin
Min Period        n/a     RAMB36E1/CLKARDCLK  n/a            2.389         31.250      28.861     RAMB36_X2Y7   u_fifo_wrap/u_fifo_generator_0/U0/inst_fifo_gen/gconvfifo.rf/grf.rf/gntv_or_sync_fifo.mem/gbm.gbmg.gbmga.ngecc.bmg/inst_blk_mem_gen/gnbram.gnativebmg.native_blk_mem_gen/valid.cstr/ramloop[16].ram.r/prim_noinit.ram/DEVICE_7SERIES.NO_BMM_INFO.SDP.CASCADED_PRIM36.ram_B/CLKARDCLK
Min Period        n/a     RAMB36E1/CLKARDCLK  n/a            2.389         31.250      28.861     RAMB36_X2Y8   u_fifo_wrap/u_fifo_generator_0/U0/inst_fifo_gen/gconvfifo.rf/grf.rf/gntv_or_sync_fifo.mem/gbm.gbmg.gbmga.ngecc.bmg/inst_blk_mem_gen/gnbram.gnativebmg.native_blk_mem_gen/valid.cstr/ramloop[16].ram.r/prim_noinit.ram/DEVICE_7SERIES.NO_BMM_INFO.SDP.CASCADED_PRIM36.ram_T/CLKARDCLK
Min Period        n/a     RAMB36E1/CLKARDCLK  n/a            2.389         31.250      28.861     RAMB36_X1Y0   u_fifo_wrap/u_fifo_generator_0/U0/inst_fifo_gen/gconvfifo.rf/grf.rf/gntv_or_sync_fifo.mem/gbm.gbmg.gbmga.ngecc.bmg/inst_blk_mem_gen/gnbram.gnativebmg.native_blk_mem_gen/valid.cstr/ramloop[17].ram.r/prim_noinit.ram/DEVICE_7SERIES.NO_BMM_INFO.SDP.CASCADED_PRIM36.ram_B/CLKARDCLK
Min Period        n/a     RAMB36E1/CLKARDCLK  n/a            2.389         31.250      28.861     RAMB36_X1Y1   u_fifo_wrap/u_fifo_generator_0/U0/inst_fifo_gen/gconvfifo.rf/grf.rf/gntv_or_sync_fifo.mem/gbm.gbmg.gbmga.ngecc.bmg/inst_blk_mem_gen/gnbram.gnativebmg.native_blk_mem_gen/valid.cstr/ramloop[17].ram.r/prim_noinit.ram/DEVICE_7SERIES.NO_BMM_INFO.SDP.CASCADED_PRIM36.ram_T/CLKARDCLK
Min Period        n/a     RAMB36E1/CLKARDCLK  n/a            2.389         31.250      28.861     RAMB36_X3Y6   u_fifo_wrap/u_fifo_generator_0/U0/inst_fifo_gen/gconvfifo.rf/grf.rf/gntv_or_sync_fifo.mem/gbm.gbmg.gbmga.ngecc.bmg/inst_blk_mem_gen/gnbram.gnativebmg.native_blk_mem_gen/valid.cstr/ramloop[18].ram.r/prim_noinit.ram/DEVICE_7SERIES.NO_BMM_INFO.SDP.CASCADED_PRIM36.ram_B/CLKARDCLK
Min Period        n/a     RAMB36E1/CLKARDCLK  n/a            2.389         31.250      28.861     RAMB36_X3Y7   u_fifo_wrap/u_fifo_generator_0/U0/inst_fifo_gen/gconvfifo.rf/grf.rf/gntv_or_sync_fifo.mem/gbm.gbmg.gbmga.ngecc.bmg/inst_blk_mem_gen/gnbram.gnativebmg.native_blk_mem_gen/valid.cstr/ramloop[18].ram.r/prim_noinit.ram/DEVICE_7SERIES.NO_BMM_INFO.SDP.CASCADED_PRIM36.ram_T/CLKARDCLK
Min Period        n/a     RAMB36E1/CLKARDCLK  n/a            2.389         31.250      28.861     RAMB36_X3Y0   u_fifo_wrap/u_fifo_generator_0/U0/inst_fifo_gen/gconvfifo.rf/grf.rf/gntv_or_sync_fifo.mem/gbm.gbmg.gbmga.ngecc.bmg/inst_blk_mem_gen/gnbram.gnativebmg.native_blk_mem_gen/valid.cstr/ramloop[19].ram.r/prim_noinit.ram/DEVICE_7SERIES.NO_BMM_INFO.SDP.CASCADED_PRIM36.ram_B/CLKARDCLK
Min Period        n/a     RAMB36E1/CLKARDCLK  n/a            2.389         31.250      28.861     RAMB36_X3Y1   u_fifo_wrap/u_fifo_generator_0/U0/inst_fifo_gen/gconvfifo.rf/grf.rf/gntv_or_sync_fifo.mem/gbm.gbmg.gbmga.ngecc.bmg/inst_blk_mem_gen/gnbram.gnativebmg.native_blk_mem_gen/valid.cstr/ramloop[19].ram.r/prim_noinit.ram/DEVICE_7SERIES.NO_BMM_INFO.SDP.CASCADED_PRIM36.ram_T/CLKARDCLK
Min Period        n/a     RAMB36E1/CLKARDCLK  n/a            2.389         31.250      28.861     RAMB36_X3Y2   u_fifo_wrap/u_fifo_generator_0/U0/inst_fifo_gen/gconvfifo.rf/grf.rf/gntv_or_sync_fifo.mem/gbm.gbmg.gbmga.ngecc.bmg/inst_blk_mem_gen/gnbram.gnativebmg.native_blk_mem_gen/valid.cstr/ramloop[20].ram.r/prim_noinit.ram/DEVICE_7SERIES.NO_BMM_INFO.SDP.CASCADED_PRIM36.ram_B/CLKARDCLK
Min Period        n/a     RAMB36E1/CLKARDCLK  n/a            2.389         31.250      28.861     RAMB36_X3Y3   u_fifo_wrap/u_fifo_generator_0/U0/inst_fifo_gen/gconvfifo.rf/grf.rf/gntv_or_sync_fifo.mem/gbm.gbmg.gbmga.ngecc.bmg/inst_blk_mem_gen/gnbram.gnativebmg.native_blk_mem_gen/valid.cstr/ramloop[20].ram.r/prim_noinit.ram/DEVICE_7SERIES.NO_BMM_INFO.SDP.CASCADED_PRIM36.ram_T/CLKARDCLK
Min Period        n/a     RAMB36E1/CLKARDCLK  n/a            2.389         31.250      28.861     RAMB36_X3Y4   u_fifo_wrap/u_fifo_generator_0/U0/inst_fifo_gen/gconvfifo.rf/grf.rf/gntv_or_sync_fifo.mem/gbm.gbmg.gbmga.ngecc.bmg/inst_blk_mem_gen/gnbram.gnativebmg.native_blk_mem_gen/valid.cstr/ramloop[21].ram.r/prim_noinit.ram/DEVICE_7SERIES.NO_BMM_INFO.SDP.CASCADED_PRIM36.ram_B/CLKARDCLK
Min Period        n/a     RAMB36E1/CLKARDCLK  n/a            2.389         31.250      28.861     RAMB36_X3Y5   u_fifo_wrap/u_fifo_generator_0/U0/inst_fifo_gen/gconvfifo.rf/grf.rf/gntv_or_sync_fifo.mem/gbm.gbmg.gbmga.ngecc.bmg/inst_blk_mem_gen/gnbram.gnativebmg.native_blk_mem_gen/valid.cstr/ramloop[21].ram.r/prim_noinit.ram/DEVICE_7SERIES.NO_BMM_INFO.SDP.CASCADED_PRIM36.ram_T/CLKARDCLK
Min Period        n/a     RAMB36E1/CLKARDCLK  n/a            2.389         31.250      28.861     RAMB36_X2Y0   u_fifo_wrap/u_fifo_generator_0/U0/inst_fifo_gen/gconvfifo.rf/grf.rf/gntv_or_sync_fifo.mem/gbm.gbmg.gbmga.ngecc.bmg/inst_blk_mem_gen/gnbram.gnativebmg.native_blk_mem_gen/valid.cstr/ramloop[22].ram.r/prim_noinit.ram/DEVICE_7SERIES.NO_BMM_INFO.SDP.CASCADED_PRIM36.ram_B/CLKARDCLK
Min Period        n/a     RAMB36E1/CLKARDCLK  n/a            2.389         31.250      28.861     RAMB36_X2Y1   u_fifo_wrap/u_fifo_generator_0/U0/inst_fifo_gen/gconvfifo.rf/grf.rf/gntv_or_sync_fifo.mem/gbm.gbmg.gbmga.ngecc.bmg/inst_blk_mem_gen/gnbram.gnativebmg.native_blk_mem_gen/valid.cstr/ramloop[22].ram.r/prim_noinit.ram/DEVICE_7SERIES.NO_BMM_INFO.SDP.CASCADED_PRIM36.ram_T/CLKARDCLK
Min Period        n/a     RAMB36E1/CLKARDCLK  n/a            2.170         31.250      29.080     RAMB36_X1Y6   u_fifo_wrap/u_fifo_generator_0/U0/inst_fifo_gen/gconvfifo.rf/grf.rf/gntv_or_sync_fifo.mem/gbm.gbmg.gbmga.ngecc.bmg/inst_blk_mem_gen/gnbram.gnativebmg.native_blk_mem_gen/valid.cstr/ramloop[0].ram.r/prim_noinit.ram/DEVICE_7SERIES.NO_BMM_INFO.SDP.SIMPLE_PRIM36.ram/CLKARDCLK
Min Period        n/a     RAMB36E1/CLKARDCLK  n/a            2.170         31.250      29.080     RAMB36_X2Y4   u_fifo_wrap/u_fifo_generator_0/U0/inst_fifo_gen/gconvfifo.rf/grf.rf/gntv_or_sync_fifo.mem/gbm.gbmg.gbmga.ngecc.bmg/inst_blk_mem_gen/gnbram.gnativebmg.native_blk_mem_gen/valid.cstr/ramloop[10].ram.r/prim_noinit.ram/DEVICE_7SERIES.NO_BMM_INFO.SDP.SIMPLE_PRIM36.ram/CLKARDCLK
Min Period        n/a     RAMB36E1/CLKARDCLK  n/a            2.170         31.250      29.080     RAMB36_X1Y3   u_fifo_wrap/u_fifo_generator_0/U0/inst_fifo_gen/gconvfifo.rf/grf.rf/gntv_or_sync_fifo.mem/gbm.gbmg.gbmga.ngecc.bmg/inst_blk_mem_gen/gnbram.gnativebmg.native_blk_mem_gen/valid.cstr/ramloop[11].ram.r/prim_noinit.ram/DEVICE_7SERIES.NO_BMM_INFO.SDP.SIMPLE_PRIM36.ram/CLKARDCLK
Min Period        n/a     RAMB36E1/CLKARDCLK  n/a            2.170         31.250      29.080     RAMB36_X1Y7   u_fifo_wrap/u_fifo_generator_0/U0/inst_fifo_gen/gconvfifo.rf/grf.rf/gntv_or_sync_fifo.mem/gbm.gbmg.gbmga.ngecc.bmg/inst_blk_mem_gen/gnbram.gnativebmg.native_blk_mem_gen/valid.cstr/ramloop[12].ram.r/prim_noinit.ram/DEVICE_7SERIES.NO_BMM_INFO.SDP.SIMPLE_PRIM36.ram/CLKARDCLK
Min Period        n/a     RAMB36E1/CLKARDCLK  n/a            2.170         31.250      29.080     RAMB36_X2Y3   u_fifo_wrap/u_fifo_generator_0/U0/inst_fifo_gen/gconvfifo.rf/grf.rf/gntv_or_sync_fifo.mem/gbm.gbmg.gbmga.ngecc.bmg/inst_blk_mem_gen/gnbram.gnativebmg.native_blk_mem_gen/valid.cstr/ramloop[13].ram.r/prim_noinit.ram/DEVICE_7SERIES.NO_BMM_INFO.SDP.SIMPLE_PRIM36.ram/CLKARDCLK
Min Period        n/a     RAMB36E1/CLKARDCLK  n/a            2.170         31.250      29.080     RAMB36_X2Y6   u_fifo_wrap/u_fifo_generator_0/U0/inst_fifo_gen/gconvfifo.rf/grf.rf/gntv_or_sync_fifo.mem/gbm.gbmg.gbmga.ngecc.bmg/inst_blk_mem_gen/gnbram.gnativebmg.native_blk_mem_gen/valid.cstr/ramloop[14].ram.r/prim_noinit.ram/DEVICE_7SERIES.NO_BMM_INFO.SDP.SIMPLE_PRIM36.ram/CLKARDCLK
Low Pulse Width   Slow    SRL16E/CLK          n/a            0.854         15.625      14.771     SLICE_X34Y30  u_fifo_wrap/u_fifo_generator_0/U0/inst_fifo_gen/gconvfifo.rf/grf.rf/gntv_or_sync_fifo.mem/gbm.gbmg.gbmga.ngecc.bmg/inst_blk_mem_gen/gnbram.gnativebmg.native_blk_mem_gen/valid.cstr/ramloop[22].ram.r/SAFETY_CKT_GEN.RSTA_SHFT_REG_reg[3]_srl3/CLK
Low Pulse Width   Fast    SRL16E/CLK          n/a            0.854         15.625      14.771     SLICE_X34Y30  u_fifo_wrap/u_fifo_generator_0/U0/inst_fifo_gen/gconvfifo.rf/grf.rf/gntv_or_sync_fifo.mem/gbm.gbmg.gbmga.ngecc.bmg/inst_blk_mem_gen/gnbram.gnativebmg.native_blk_mem_gen/valid.cstr/ramloop[22].ram.r/SAFETY_CKT_GEN.RSTA_SHFT_REG_reg[3]_srl3/CLK
Low Pulse Width   Slow    FDRE/C              n/a            0.500         15.625      15.125     SLICE_X42Y88  u_adc_capture/out_valid_reg/C
Low Pulse Width   Fast    FDRE/C              n/a            0.500         15.625      15.125     SLICE_X42Y88  u_adc_capture/out_valid_reg/C
Low Pulse Width   Slow    FDRE/C              n/a            0.500         15.625      15.125     SLICE_X42Y88  u_adc_capture/startup_count_reg[0]/C
Low Pulse Width   Fast    FDRE/C              n/a            0.500         15.625      15.125     SLICE_X42Y88  u_adc_capture/startup_count_reg[0]/C
Low Pulse Width   Slow    FDRE/C              n/a            0.500         15.625      15.125     SLICE_X42Y88  u_adc_capture/startup_count_reg[1]/C
Low Pulse Width   Fast    FDRE/C              n/a            0.500         15.625      15.125     SLICE_X42Y88  u_adc_capture/startup_count_reg[1]/C
Low Pulse Width   Slow    FDRE/C              n/a            0.500         15.625      15.125     SLICE_X42Y88  u_adc_capture/startup_count_reg[2]/C
Low Pulse Width   Fast    FDRE/C              n/a            0.500         15.625      15.125     SLICE_X42Y88  u_adc_capture/startup_count_reg[2]/C
Low Pulse Width   Slow    FDRE/C              n/a            0.500         15.625      15.125     SLICE_X42Y87  u_fifo_wrap/u_adc_write_controller/FSM_sequential_state_reg[0]/C
Low Pulse Width   Fast    FDRE/C              n/a            0.500         15.625      15.125     SLICE_X42Y87  u_fifo_wrap/u_adc_write_controller/FSM_sequential_state_reg[0]/C
Low Pulse Width   Slow    FDRE/C              n/a            0.500         15.625      15.125     SLICE_X42Y87  u_fifo_wrap/u_adc_write_controller/FSM_sequential_state_reg[1]/C
Low Pulse Width   Fast    FDRE/C              n/a            0.500         15.625      15.125     SLICE_X42Y87  u_fifo_wrap/u_adc_write_controller/FSM_sequential_state_reg[1]/C
Low Pulse Width   Slow    FDRE/C              n/a            0.500         15.625      15.125     SLICE_X39Y86  u_fifo_wrap/u_adc_write_controller/frame_done_event_reg/C
Low Pulse Width   Fast    FDRE/C              n/a            0.500         15.625      15.125     SLICE_X39Y86  u_fifo_wrap/u_adc_write_controller/frame_done_event_reg/C
Low Pulse Width   Slow    FDRE/C              n/a            0.500         15.625      15.125     SLICE_X42Y87  u_fifo_wrap/u_adc_write_controller/overflow_error_reg/C
Low Pulse Width   Fast    FDRE/C              n/a            0.500         15.625      15.125     SLICE_X42Y87  u_fifo_wrap/u_adc_write_controller/overflow_error_reg/C
Low Pulse Width   Slow    FDRE/C              n/a            0.500         15.625      15.125     SLICE_X42Y85  u_fifo_wrap/u_adc_write_controller/write_count_reg[0]/C
Low Pulse Width   Fast    FDRE/C              n/a            0.500         15.625      15.125     SLICE_X42Y85  u_fifo_wrap/u_adc_write_controller/write_count_reg[0]/C
High Pulse Width  Slow    SRL16E/CLK          n/a            0.854         15.625      14.771     SLICE_X34Y30  u_fifo_wrap/u_fifo_generator_0/U0/inst_fifo_gen/gconvfifo.rf/grf.rf/gntv_or_sync_fifo.mem/gbm.gbmg.gbmga.ngecc.bmg/inst_blk_mem_gen/gnbram.gnativebmg.native_blk_mem_gen/valid.cstr/ramloop[22].ram.r/SAFETY_CKT_GEN.RSTA_SHFT_REG_reg[3]_srl3/CLK
High Pulse Width  Fast    SRL16E/CLK          n/a            0.854         15.625      14.771     SLICE_X34Y30  u_fifo_wrap/u_fifo_generator_0/U0/inst_fifo_gen/gconvfifo.rf/grf.rf/gntv_or_sync_fifo.mem/gbm.gbmg.gbmga.ngecc.bmg/inst_blk_mem_gen/gnbram.gnativebmg.native_blk_mem_gen/valid.cstr/ramloop[22].ram.r/SAFETY_CKT_GEN.RSTA_SHFT_REG_reg[3]_srl3/CLK
High Pulse Width  Slow    FDRE/C              n/a            0.500         15.625      15.125     SLICE_X42Y88  u_adc_capture/out_valid_reg/C
High Pulse Width  Fast    FDRE/C              n/a            0.500         15.625      15.125     SLICE_X42Y88  u_adc_capture/out_valid_reg/C
High Pulse Width  Slow    FDRE/C              n/a            0.500         15.625      15.125     SLICE_X42Y88  u_adc_capture/startup_count_reg[0]/C
High Pulse Width  Fast    FDRE/C              n/a            0.500         15.625      15.125     SLICE_X42Y88  u_adc_capture/startup_count_reg[0]/C
High Pulse Width  Slow    FDRE/C              n/a            0.500         15.625      15.125     SLICE_X42Y88  u_adc_capture/startup_count_reg[1]/C
High Pulse Width  Fast    FDRE/C              n/a            0.500         15.625      15.125     SLICE_X42Y88  u_adc_capture/startup_count_reg[1]/C
High Pulse Width  Slow    FDRE/C              n/a            0.500         15.625      15.125     SLICE_X42Y88  u_adc_capture/startup_count_reg[2]/C
High Pulse Width  Fast    FDRE/C              n/a            0.500         15.625      15.125     SLICE_X42Y88  u_adc_capture/startup_count_reg[2]/C
High Pulse Width  Slow    FDRE/C              n/a            0.500         15.625      15.125     SLICE_X42Y87  u_fifo_wrap/u_adc_write_controller/FSM_sequential_state_reg[0]/C
High Pulse Width  Fast    FDRE/C              n/a            0.500         15.625      15.125     SLICE_X42Y87  u_fifo_wrap/u_adc_write_controller/FSM_sequential_state_reg[0]/C
High Pulse Width  Slow    FDRE/C              n/a            0.500         15.625      15.125     SLICE_X42Y87  u_fifo_wrap/u_adc_write_controller/FSM_sequential_state_reg[1]/C
High Pulse Width  Fast    FDRE/C              n/a            0.500         15.625      15.125     SLICE_X42Y87  u_fifo_wrap/u_adc_write_controller/FSM_sequential_state_reg[1]/C
High Pulse Width  Slow    FDRE/C              n/a            0.500         15.625      15.125     SLICE_X39Y86  u_fifo_wrap/u_adc_write_controller/frame_done_event_reg/C
High Pulse Width  Fast    FDRE/C              n/a            0.500         15.625      15.125     SLICE_X39Y86  u_fifo_wrap/u_adc_write_controller/frame_done_event_reg/C
High Pulse Width  Slow    FDRE/C              n/a            0.500         15.625      15.125     SLICE_X42Y87  u_fifo_wrap/u_adc_write_controller/overflow_error_reg/C
High Pulse Width  Fast    FDRE/C              n/a            0.500         15.625      15.125     SLICE_X42Y87  u_fifo_wrap/u_adc_write_controller/overflow_error_reg/C
High Pulse Width  Slow    FDRE/C              n/a            0.500         15.625      15.125     SLICE_X42Y85  u_fifo_wrap/u_adc_write_controller/write_count_reg[0]/C
High Pulse Width  Fast    FDRE/C              n/a            0.500         15.625      15.125     SLICE_X42Y85  u_fifo_wrap/u_adc_write_controller/write_count_reg[0]/C



---------------------------------------------------------------------------------------------------
From Clock:  processing_clk
  To Clock:  processing_clk

Setup :          182  Failing Endpoints,  Worst Slack      -10.832ns,  Total Violation     -672.737ns
Hold  :            0  Failing Endpoints,  Worst Slack        0.052ns,  Total Violation        0.000ns
PW    :            0  Failing Endpoints,  Worst Slack        4.146ns,  Total Violation        0.000ns
---------------------------------------------------------------------------------------------------


Max Delay Paths
--------------------------------------------------------------------------------------
Slack (VIOLATED) :        -10.832ns  (required time - arrival time)
  Source:                 u_fir_wrap/u_fir_compiler/U0/i_synth/g_single_rate.i_single_rate/g_m_data_chan_no_fifo.m_axis_data_tdata_int_reg[0]/C
                            (rising edge-triggered cell FDRE clocked by processing_clk  {rise@0.000ns fall@5.000ns period=10.000ns})
  Destination:            u_peak_to_peak_detector/vpp_out_reg[1]/D
                            (rising edge-triggered cell FDRE clocked by processing_clk  {rise@0.000ns fall@5.000ns period=10.000ns})
  Path Group:             processing_clk
  Path Type:              Setup (Max at Slow Process Corner)
  Requirement:            10.000ns  (processing_clk rise@10.000ns - processing_clk rise@0.000ns)
  Data Path Delay:        20.785ns  (logic 8.770ns (42.194%)  route 12.015ns (57.806%))
  Logic Levels:           40  (CARRY4=26 LUT4=2 LUT5=3 LUT6=9)
  Clock Path Skew:        -0.042ns (DCD - SCD + CPR)
    Destination Clock Delay (DCD):    3.819ns = ( 13.819 - 10.000 ) 
    Source Clock Delay      (SCD):    4.266ns
    Clock Pessimism Removal (CPR):    0.405ns
  Clock Uncertainty:      0.035ns  ((TSJ^2 + TIJ^2)^1/2 + DJ) / 2 + PE
    Total System Jitter     (TSJ):    0.071ns
    Total Input Jitter      (TIJ):    0.000ns
    Discrete Jitter          (DJ):    0.000ns
    Phase Error              (PE):    0.000ns

    Location             Delay type                Incr(ns)  Path(ns)    Netlist Resource(s)
  -------------------------------------------------------------------    -------------------
                         (clock processing_clk rise edge)
                                                      0.000     0.000 r  
    Y9                                                0.000     0.000 r  processing_clk (IN)
                         net (fo=0)                   0.000     0.000    processing_clk
    Y9                   IBUF (Prop_ibuf_I_O)         0.962     0.962 r  processing_clk_IBUF_inst/O
                         net (fo=1, routed)           1.843     2.805    processing_clk_IBUF
    BUFGCTRL_X0Y0        BUFG (Prop_bufg_I_O)         0.085     2.890 r  processing_clk_IBUF_BUFG_inst/O
                         net (fo=3610, routed)        1.376     4.266    u_fir_wrap/u_fir_compiler/U0/i_synth/g_single_rate.i_single_rate/aclk
    SLICE_X49Y79         FDRE                                         r  u_fir_wrap/u_fir_compiler/U0/i_synth/g_single_rate.i_single_rate/g_m_data_chan_no_fifo.m_axis_data_tdata_int_reg[0]/C
  -------------------------------------------------------------------    -------------------
    SLICE_X49Y79         FDRE (Prop_fdre_C_Q)         0.379     4.645 r  u_fir_wrap/u_fir_compiler/U0/i_synth/g_single_rate.i_single_rate/g_m_data_chan_no_fifo.m_axis_data_tdata_int_reg[0]/Q
                         net (fo=2, routed)           0.413     5.058    u_fir_wrap/ip_output_data[0]
    SLICE_X48Y79         CARRY4 (Prop_carry4_DI[0]_CO[3])
                                                      0.436     5.494 r  u_fir_wrap/p_0_in1_carry/CO[3]
                         net (fo=1, routed)           0.000     5.494    u_fir_wrap/p_0_in1_carry_n_0
    SLICE_X48Y80         CARRY4 (Prop_carry4_CI_CO[3])
                                                      0.098     5.592 r  u_fir_wrap/p_0_in1_carry__0/CO[3]
                         net (fo=1, routed)           0.000     5.592    u_fir_wrap/p_0_in1_carry__0_n_0
    SLICE_X48Y81         CARRY4 (Prop_carry4_CI_CO[3])
                                                      0.098     5.690 r  u_fir_wrap/p_0_in1_carry__1/CO[3]
                         net (fo=1, routed)           0.000     5.690    u_fir_wrap/p_0_in1_carry__1_n_0
    SLICE_X48Y82         CARRY4 (Prop_carry4_CI_CO[3])
                                                      0.098     5.788 r  u_fir_wrap/p_0_in1_carry__2/CO[3]
                         net (fo=1, routed)           0.000     5.788    u_fir_wrap/p_0_in1_carry__2_n_0
    SLICE_X48Y83         CARRY4 (Prop_carry4_CI_CO[3])
                                                      0.098     5.886 r  u_fir_wrap/p_0_in1_carry__3/CO[3]
                         net (fo=1, routed)           0.000     5.886    u_fir_wrap/p_0_in1_carry__3_n_0
    SLICE_X48Y84         CARRY4 (Prop_carry4_CI_CO[3])
                                                      0.098     5.984 r  u_fir_wrap/p_0_in1_carry__4/CO[3]
                         net (fo=1, routed)           0.000     5.984    u_fir_wrap/p_0_in1_carry__4_n_0
    SLICE_X48Y85         CARRY4 (Prop_carry4_CI_CO[3])
                                                      0.098     6.082 r  u_fir_wrap/p_0_in1_carry__5/CO[3]
                         net (fo=1, routed)           0.000     6.082    u_fir_wrap/p_0_in1_carry__5_n_0
    SLICE_X48Y86         CARRY4 (Prop_carry4_CI_CO[3])
                                                      0.098     6.180 r  u_fir_wrap/p_0_in1_carry__6/CO[3]
                         net (fo=1, routed)           0.000     6.180    u_fir_wrap/p_0_in1_carry__6_n_0
    SLICE_X48Y87         CARRY4 (Prop_carry4_CI_CO[3])
                                                      0.098     6.278 r  u_fir_wrap/p_0_in1_carry__7/CO[3]
                         net (fo=1, routed)           0.000     6.278    u_fir_wrap/p_0_in1_carry__7_n_0
    SLICE_X48Y88         CARRY4 (Prop_carry4_CI_CO[3])
                                                      0.098     6.376 r  u_fir_wrap/p_0_in1_carry__8/CO[3]
                         net (fo=1, routed)           0.000     6.376    u_fir_wrap/p_0_in1_carry__8_n_0
    SLICE_X48Y89         CARRY4 (Prop_carry4_CI_CO[0])
                                                      0.216     6.592 r  u_fir_wrap/saturation_now0_carry__0_i_1/CO[0]
                         net (fo=42, routed)          0.616     7.208    u_fir_wrap/saturation_now0_carry__0_i_1_n_3
    SLICE_X49Y88         CARRY4 (Prop_carry4_S[1]_CO[3])
                                                      0.766     7.974 r  u_fir_wrap/saturation_now1_carry__0/CO[3]
                         net (fo=1, routed)           0.000     7.974    u_fir_wrap/saturation_now1_carry__0_n_0
    SLICE_X49Y89         CARRY4 (Prop_carry4_CI_CO[3])
                                                      0.098     8.072 r  u_fir_wrap/saturation_now1_carry__1/CO[3]
                         net (fo=1, routed)           0.000     8.072    u_fir_wrap/saturation_now1_carry__1_n_0
    SLICE_X49Y90         CARRY4 (Prop_carry4_CI_CO[1])
                                                      0.132     8.204 r  u_fir_wrap/saturation_now1_carry__2/CO[1]
                         net (fo=102, routed)         0.589     8.793    u_fir_wrap/saturation_now1_carry__2_n_2
    SLICE_X45Y88         LUT4 (Prop_lut4_I0_O)        0.275     9.068 r  u_fir_wrap/segment_min_with_sample2_carry_i_10/O
                         net (fo=23, routed)          0.801     9.870    u_fir_wrap/segment_min_with_sample2_carry_i_10_n_0
    SLICE_X44Y89         LUT6 (Prop_lut6_I3_O)        0.105     9.975 r  u_fir_wrap/segment_max_with_sample2_carry_i_2_comp/O
                         net (fo=1, routed)           0.731    10.706    u_peak_to_peak_detector/segment_max_with_sample2_carry__0_0[2]
    SLICE_X45Y90         CARRY4 (Prop_carry4_DI[2]_CO[3])
                                                      0.329    11.035 r  u_peak_to_peak_detector/segment_max_with_sample2_carry/CO[3]
                         net (fo=1, routed)           0.000    11.035    u_peak_to_peak_detector/segment_max_with_sample2_carry_n_0
    SLICE_X45Y91         CARRY4 (Prop_carry4_CI_CO[3])
                                                      0.098    11.133 r  u_peak_to_peak_detector/segment_max_with_sample2_carry__0/CO[3]
                         net (fo=28, routed)          0.950    12.082    u_fir_wrap/CO[0]
    SLICE_X43Y90         LUT6 (Prop_lut6_I4_O)        0.105    12.187 r  u_fir_wrap/segment_max[4]_i_1_comp/O
                         net (fo=2, routed)           0.757    12.944    u_peak_to_peak_detector/D[4]
    SLICE_X47Y90         CARRY4 (Prop_carry4_DI[0]_CO[3])
                                                      0.436    13.380 r  u_peak_to_peak_detector/vpp_sum1_carry__0/CO[3]
                         net (fo=1, routed)           0.000    13.380    u_peak_to_peak_detector/vpp_sum1_carry__0_n_0
    SLICE_X47Y91         CARRY4 (Prop_carry4_CI_O[2])
                                                      0.200    13.580 r  u_peak_to_peak_detector/vpp_sum1_carry__1/O[2]
                         net (fo=17, routed)          0.859    14.440    u_peak_to_peak_detector/vpp_sum1[10]
    SLICE_X48Y93         LUT4 (Prop_lut4_I0_O)        0.253    14.693 r  u_peak_to_peak_detector/i__carry__0_i_7__0/O
                         net (fo=1, routed)           0.000    14.693    u_peak_to_peak_detector/i__carry__0_i_7__0_n_0
    SLICE_X48Y93         CARRY4 (Prop_carry4_S[1]_CO[3])
                                                      0.457    15.150 r  u_peak_to_peak_detector/p_0_out_inferred__1/i__carry__0/CO[3]
                         net (fo=32, routed)          0.842    15.992    u_peak_to_peak_detector/p_0_out_inferred__1/i__carry__0_n_0
    SLICE_X47Y93         LUT6 (Prop_lut6_I5_O)        0.105    16.097 r  u_peak_to_peak_detector/vpp_out2__0_carry_i_10/O
                         net (fo=3, routed)           0.493    16.589    u_peak_to_peak_detector/vpp_out2__0_carry_i_10_n_0
    SLICE_X43Y92         LUT5 (Prop_lut5_I1_O)        0.105    16.694 r  u_peak_to_peak_detector/vpp_out2__0_carry_i_2_comp/O
                         net (fo=1, routed)           0.592    17.286    u_peak_to_peak_detector/vpp_out2__0_carry_i_2_n_0
    SLICE_X49Y93         CARRY4 (Prop_carry4_DI[2]_CO[3])
                                                      0.329    17.615 r  u_peak_to_peak_detector/vpp_out2__0_carry/CO[3]
                         net (fo=1, routed)           0.000    17.615    u_peak_to_peak_detector/vpp_out2__0_carry_n_0
    SLICE_X49Y94         CARRY4 (Prop_carry4_CI_O[1])
                                                      0.265    17.880 r  u_peak_to_peak_detector/vpp_out2__0_carry__0/O[1]
                         net (fo=3, routed)           0.680    18.560    u_peak_to_peak_detector/vpp_out2__0_carry__0_n_6
    SLICE_X41Y94         LUT6 (Prop_lut6_I0_O)        0.250    18.810 r  u_peak_to_peak_detector/vpp_out2__57_carry__0_i_9/O
                         net (fo=3, routed)           0.605    19.415    u_peak_to_peak_detector/vpp_out2__57_carry__0_i_9_n_0
    SLICE_X45Y94         LUT5 (Prop_lut5_I0_O)        0.105    19.520 r  u_peak_to_peak_detector/vpp_out2__57_carry__0_i_5/O
                         net (fo=1, routed)           0.000    19.520    u_peak_to_peak_detector/vpp_out2__57_carry__0_i_5_n_0
    SLICE_X45Y94         CARRY4 (Prop_carry4_S[3]_CO[3])
                                                      0.332    19.852 r  u_peak_to_peak_detector/vpp_out2__57_carry__0/CO[3]
                         net (fo=1, routed)           0.000    19.852    u_peak_to_peak_detector/vpp_out2__57_carry__0_n_0
    SLICE_X45Y95         CARRY4 (Prop_carry4_CI_O[1])
                                                      0.265    20.117 r  u_peak_to_peak_detector/vpp_out2__57_carry__1/O[1]
                         net (fo=1, routed)           0.478    20.596    u_peak_to_peak_detector/vpp_out2__57_carry__1_n_6
    SLICE_X43Y95         CARRY4 (Prop_carry4_S[1]_CO[3])
                                                      0.707    21.303 r  u_peak_to_peak_detector/vpp_out1_carry__1/CO[3]
                         net (fo=1, routed)           0.000    21.303    u_peak_to_peak_detector/vpp_out1_carry__1_n_0
    SLICE_X43Y96         CARRY4 (Prop_carry4_CI_CO[3])
                                                      0.098    21.401 r  u_peak_to_peak_detector/vpp_out1_carry__2/CO[3]
                         net (fo=1, routed)           0.000    21.401    u_peak_to_peak_detector/vpp_out1_carry__2_n_0
    SLICE_X43Y97         CARRY4 (Prop_carry4_CI_O[3])
                                                      0.260    21.661 r  u_peak_to_peak_detector/vpp_out1_carry__3/O[3]
                         net (fo=5, routed)           0.861    22.522    u_peak_to_peak_detector/vpp_out1[19]
    SLICE_X42Y98         LUT6 (Prop_lut6_I1_O)        0.257    22.779 r  u_peak_to_peak_detector/vpp_out[13]_i_1/O
                         net (fo=6, routed)           0.354    23.132    u_peak_to_peak_detector/vpp_out[13]_i_1_n_0
    SLICE_X42Y97         LUT6 (Prop_lut6_I2_O)        0.105    23.237 r  u_peak_to_peak_detector/vpp_out[11]_i_1/O
                         net (fo=4, routed)           0.472    23.709    u_peak_to_peak_detector/vpp_out[11]_i_1_n_0
    SLICE_X41Y97         LUT6 (Prop_lut6_I4_O)        0.105    23.814 r  u_peak_to_peak_detector/vpp_out[9]_i_1/O
                         net (fo=2, routed)           0.343    24.157    u_peak_to_peak_detector/vpp_out[9]_i_1_n_0
    SLICE_X39Y97         LUT6 (Prop_lut6_I3_O)        0.105    24.262 r  u_peak_to_peak_detector/vpp_out[6]_i_1/O
                         net (fo=2, routed)           0.322    24.584    u_peak_to_peak_detector/vpp_out[6]_i_1_n_0
    SLICE_X39Y96         LUT6 (Prop_lut6_I2_O)        0.105    24.689 r  u_peak_to_peak_detector/vpp_out[3]_i_1/O
                         net (fo=3, routed)           0.257    24.946    u_peak_to_peak_detector/vpp_out[3]_i_1_n_0
    SLICE_X37Y97         LUT5 (Prop_lut5_I1_O)        0.105    25.051 r  u_peak_to_peak_detector/vpp_out[1]_i_1/O
                         net (fo=1, routed)           0.000    25.051    u_peak_to_peak_detector/vpp_out[1]_i_1_n_0
    SLICE_X37Y97         FDRE                                         r  u_peak_to_peak_detector/vpp_out_reg[1]/D
  -------------------------------------------------------------------    -------------------

                         (clock processing_clk rise edge)
                                                     10.000    10.000 r  
    Y9                                                0.000    10.000 r  processing_clk (IN)
                         net (fo=0)                   0.000    10.000    processing_clk
    Y9                   IBUF (Prop_ibuf_I_O)         0.831    10.831 r  processing_clk_IBUF_inst/O
                         net (fo=1, routed)           1.673    12.504    processing_clk_IBUF
    BUFGCTRL_X0Y0        BUFG (Prop_bufg_I_O)         0.077    12.581 r  processing_clk_IBUF_BUFG_inst/O
                         net (fo=3610, routed)        1.238    13.819    u_peak_to_peak_detector/processing_clk_IBUF_BUFG
    SLICE_X37Y97         FDRE                                         r  u_peak_to_peak_detector/vpp_out_reg[1]/C
                         clock pessimism              0.405    14.224    
                         clock uncertainty           -0.035    14.189    
    SLICE_X37Y97         FDRE (Setup_fdre_C_D)        0.030    14.219    u_peak_to_peak_detector/vpp_out_reg[1]
  -------------------------------------------------------------------
                         required time                         14.219    
                         arrival time                         -25.051    
  -------------------------------------------------------------------
                         slack                                -10.832    

Slack (VIOLATED) :        -10.827ns  (required time - arrival time)
  Source:                 u_fir_wrap/u_fir_compiler/U0/i_synth/g_single_rate.i_single_rate/g_m_data_chan_no_fifo.m_axis_data_tdata_int_reg[0]/C
                            (rising edge-triggered cell FDRE clocked by processing_clk  {rise@0.000ns fall@5.000ns period=10.000ns})
  Destination:            u_peak_to_peak_detector/vpp_out_reg[0]/D
                            (rising edge-triggered cell FDRE clocked by processing_clk  {rise@0.000ns fall@5.000ns period=10.000ns})
  Path Group:             processing_clk
  Path Type:              Setup (Max at Slow Process Corner)
  Requirement:            10.000ns  (processing_clk rise@10.000ns - processing_clk rise@0.000ns)
  Data Path Delay:        20.782ns  (logic 8.770ns (42.200%)  route 12.012ns (57.799%))
  Logic Levels:           40  (CARRY4=26 LUT4=2 LUT5=2 LUT6=10)
  Clock Path Skew:        -0.042ns (DCD - SCD + CPR)
    Destination Clock Delay (DCD):    3.819ns = ( 13.819 - 10.000 ) 
    Source Clock Delay      (SCD):    4.266ns
    Clock Pessimism Removal (CPR):    0.405ns
  Clock Uncertainty:      0.035ns  ((TSJ^2 + TIJ^2)^1/2 + DJ) / 2 + PE
    Total System Jitter     (TSJ):    0.071ns
    Total Input Jitter      (TIJ):    0.000ns
    Discrete Jitter          (DJ):    0.000ns
    Phase Error              (PE):    0.000ns

    Location             Delay type                Incr(ns)  Path(ns)    Netlist Resource(s)
  -------------------------------------------------------------------    -------------------
                         (clock processing_clk rise edge)
                                                      0.000     0.000 r  
    Y9                                                0.000     0.000 r  processing_clk (IN)
                         net (fo=0)                   0.000     0.000    processing_clk
    Y9                   IBUF (Prop_ibuf_I_O)         0.962     0.962 r  processing_clk_IBUF_inst/O
                         net (fo=1, routed)           1.843     2.805    processing_clk_IBUF
    BUFGCTRL_X0Y0        BUFG (Prop_bufg_I_O)         0.085     2.890 r  processing_clk_IBUF_BUFG_inst/O
                         net (fo=3610, routed)        1.376     4.266    u_fir_wrap/u_fir_compiler/U0/i_synth/g_single_rate.i_single_rate/aclk
    SLICE_X49Y79         FDRE                                         r  u_fir_wrap/u_fir_compiler/U0/i_synth/g_single_rate.i_single_rate/g_m_data_chan_no_fifo.m_axis_data_tdata_int_reg[0]/C
  -------------------------------------------------------------------    -------------------
    SLICE_X49Y79         FDRE (Prop_fdre_C_Q)         0.379     4.645 r  u_fir_wrap/u_fir_compiler/U0/i_synth/g_single_rate.i_single_rate/g_m_data_chan_no_fifo.m_axis_data_tdata_int_reg[0]/Q
                         net (fo=2, routed)           0.413     5.058    u_fir_wrap/ip_output_data[0]
    SLICE_X48Y79         CARRY4 (Prop_carry4_DI[0]_CO[3])
                                                      0.436     5.494 r  u_fir_wrap/p_0_in1_carry/CO[3]
                         net (fo=1, routed)           0.000     5.494    u_fir_wrap/p_0_in1_carry_n_0
    SLICE_X48Y80         CARRY4 (Prop_carry4_CI_CO[3])
                                                      0.098     5.592 r  u_fir_wrap/p_0_in1_carry__0/CO[3]
                         net (fo=1, routed)           0.000     5.592    u_fir_wrap/p_0_in1_carry__0_n_0
    SLICE_X48Y81         CARRY4 (Prop_carry4_CI_CO[3])
                                                      0.098     5.690 r  u_fir_wrap/p_0_in1_carry__1/CO[3]
                         net (fo=1, routed)           0.000     5.690    u_fir_wrap/p_0_in1_carry__1_n_0
    SLICE_X48Y82         CARRY4 (Prop_carry4_CI_CO[3])
                                                      0.098     5.788 r  u_fir_wrap/p_0_in1_carry__2/CO[3]
                         net (fo=1, routed)           0.000     5.788    u_fir_wrap/p_0_in1_carry__2_n_0
    SLICE_X48Y83         CARRY4 (Prop_carry4_CI_CO[3])
                                                      0.098     5.886 r  u_fir_wrap/p_0_in1_carry__3/CO[3]
                         net (fo=1, routed)           0.000     5.886    u_fir_wrap/p_0_in1_carry__3_n_0
    SLICE_X48Y84         CARRY4 (Prop_carry4_CI_CO[3])
                                                      0.098     5.984 r  u_fir_wrap/p_0_in1_carry__4/CO[3]
                         net (fo=1, routed)           0.000     5.984    u_fir_wrap/p_0_in1_carry__4_n_0
    SLICE_X48Y85         CARRY4 (Prop_carry4_CI_CO[3])
                                                      0.098     6.082 r  u_fir_wrap/p_0_in1_carry__5/CO[3]
                         net (fo=1, routed)           0.000     6.082    u_fir_wrap/p_0_in1_carry__5_n_0
    SLICE_X48Y86         CARRY4 (Prop_carry4_CI_CO[3])
                                                      0.098     6.180 r  u_fir_wrap/p_0_in1_carry__6/CO[3]
                         net (fo=1, routed)           0.000     6.180    u_fir_wrap/p_0_in1_carry__6_n_0
    SLICE_X48Y87         CARRY4 (Prop_carry4_CI_CO[3])
                                                      0.098     6.278 r  u_fir_wrap/p_0_in1_carry__7/CO[3]
                         net (fo=1, routed)           0.000     6.278    u_fir_wrap/p_0_in1_carry__7_n_0
    SLICE_X48Y88         CARRY4 (Prop_carry4_CI_CO[3])
                                                      0.098     6.376 r  u_fir_wrap/p_0_in1_carry__8/CO[3]
                         net (fo=1, routed)           0.000     6.376    u_fir_wrap/p_0_in1_carry__8_n_0
    SLICE_X48Y89         CARRY4 (Prop_carry4_CI_CO[0])
                                                      0.216     6.592 r  u_fir_wrap/saturation_now0_carry__0_i_1/CO[0]
                         net (fo=42, routed)          0.616     7.208    u_fir_wrap/saturation_now0_carry__0_i_1_n_3
    SLICE_X49Y88         CARRY4 (Prop_carry4_S[1]_CO[3])
                                                      0.766     7.974 r  u_fir_wrap/saturation_now1_carry__0/CO[3]
                         net (fo=1, routed)           0.000     7.974    u_fir_wrap/saturation_now1_carry__0_n_0
    SLICE_X49Y89         CARRY4 (Prop_carry4_CI_CO[3])
                                                      0.098     8.072 r  u_fir_wrap/saturation_now1_carry__1/CO[3]
                         net (fo=1, routed)           0.000     8.072    u_fir_wrap/saturation_now1_carry__1_n_0
    SLICE_X49Y90         CARRY4 (Prop_carry4_CI_CO[1])
                                                      0.132     8.204 r  u_fir_wrap/saturation_now1_carry__2/CO[1]
                         net (fo=102, routed)         0.589     8.793    u_fir_wrap/saturation_now1_carry__2_n_2
    SLICE_X45Y88         LUT4 (Prop_lut4_I0_O)        0.275     9.068 r  u_fir_wrap/segment_min_with_sample2_carry_i_10/O
                         net (fo=23, routed)          0.801     9.870    u_fir_wrap/segment_min_with_sample2_carry_i_10_n_0
    SLICE_X44Y89         LUT6 (Prop_lut6_I3_O)        0.105     9.975 r  u_fir_wrap/segment_max_with_sample2_carry_i_2_comp/O
                         net (fo=1, routed)           0.731    10.706    u_peak_to_peak_detector/segment_max_with_sample2_carry__0_0[2]
    SLICE_X45Y90         CARRY4 (Prop_carry4_DI[2]_CO[3])
                                                      0.329    11.035 r  u_peak_to_peak_detector/segment_max_with_sample2_carry/CO[3]
                         net (fo=1, routed)           0.000    11.035    u_peak_to_peak_detector/segment_max_with_sample2_carry_n_0
    SLICE_X45Y91         CARRY4 (Prop_carry4_CI_CO[3])
                                                      0.098    11.133 r  u_peak_to_peak_detector/segment_max_with_sample2_carry__0/CO[3]
                         net (fo=28, routed)          0.950    12.082    u_fir_wrap/CO[0]
    SLICE_X43Y90         LUT6 (Prop_lut6_I4_O)        0.105    12.187 r  u_fir_wrap/segment_max[4]_i_1_comp/O
                         net (fo=2, routed)           0.757    12.944    u_peak_to_peak_detector/D[4]
    SLICE_X47Y90         CARRY4 (Prop_carry4_DI[0]_CO[3])
                                                      0.436    13.380 r  u_peak_to_peak_detector/vpp_sum1_carry__0/CO[3]
                         net (fo=1, routed)           0.000    13.380    u_peak_to_peak_detector/vpp_sum1_carry__0_n_0
    SLICE_X47Y91         CARRY4 (Prop_carry4_CI_O[2])
                                                      0.200    13.580 r  u_peak_to_peak_detector/vpp_sum1_carry__1/O[2]
                         net (fo=17, routed)          0.859    14.440    u_peak_to_peak_detector/vpp_sum1[10]
    SLICE_X48Y93         LUT4 (Prop_lut4_I0_O)        0.253    14.693 r  u_peak_to_peak_detector/i__carry__0_i_7__0/O
                         net (fo=1, routed)           0.000    14.693    u_peak_to_peak_detector/i__carry__0_i_7__0_n_0
    SLICE_X48Y93         CARRY4 (Prop_carry4_S[1]_CO[3])
                                                      0.457    15.150 r  u_peak_to_peak_detector/p_0_out_inferred__1/i__carry__0/CO[3]
                         net (fo=32, routed)          0.842    15.992    u_peak_to_peak_detector/p_0_out_inferred__1/i__carry__0_n_0
    SLICE_X47Y93         LUT6 (Prop_lut6_I5_O)        0.105    16.097 r  u_peak_to_peak_detector/vpp_out2__0_carry_i_10/O
                         net (fo=3, routed)           0.493    16.589    u_peak_to_peak_detector/vpp_out2__0_carry_i_10_n_0
    SLICE_X43Y92         LUT5 (Prop_lut5_I1_O)        0.105    16.694 r  u_peak_to_peak_detector/vpp_out2__0_carry_i_2_comp/O
                         net (fo=1, routed)           0.592    17.286    u_peak_to_peak_detector/vpp_out2__0_carry_i_2_n_0
    SLICE_X49Y93         CARRY4 (Prop_carry4_DI[2]_CO[3])
                                                      0.329    17.615 r  u_peak_to_peak_detector/vpp_out2__0_carry/CO[3]
                         net (fo=1, routed)           0.000    17.615    u_peak_to_peak_detector/vpp_out2__0_carry_n_0
    SLICE_X49Y94         CARRY4 (Prop_carry4_CI_O[1])
                                                      0.265    17.880 r  u_peak_to_peak_detector/vpp_out2__0_carry__0/O[1]
                         net (fo=3, routed)           0.680    18.560    u_peak_to_peak_detector/vpp_out2__0_carry__0_n_6
    SLICE_X41Y94         LUT6 (Prop_lut6_I0_O)        0.250    18.810 r  u_peak_to_peak_detector/vpp_out2__57_carry__0_i_9/O
                         net (fo=3, routed)           0.605    19.415    u_peak_to_peak_detector/vpp_out2__57_carry__0_i_9_n_0
    SLICE_X45Y94         LUT5 (Prop_lut5_I0_O)        0.105    19.520 r  u_peak_to_peak_detector/vpp_out2__57_carry__0_i_5/O
                         net (fo=1, routed)           0.000    19.520    u_peak_to_peak_detector/vpp_out2__57_carry__0_i_5_n_0
    SLICE_X45Y94         CARRY4 (Prop_carry4_S[3]_CO[3])
                                                      0.332    19.852 r  u_peak_to_peak_detector/vpp_out2__57_carry__0/CO[3]
                         net (fo=1, routed)           0.000    19.852    u_peak_to_peak_detector/vpp_out2__57_carry__0_n_0
    SLICE_X45Y95         CARRY4 (Prop_carry4_CI_O[1])
                                                      0.265    20.117 r  u_peak_to_peak_detector/vpp_out2__57_carry__1/O[1]
                         net (fo=1, routed)           0.478    20.596    u_peak_to_peak_detector/vpp_out2__57_carry__1_n_6
    SLICE_X43Y95         CARRY4 (Prop_carry4_S[1]_CO[3])
                                                      0.707    21.303 r  u_peak_to_peak_detector/vpp_out1_carry__1/CO[3]
                         net (fo=1, routed)           0.000    21.303    u_peak_to_peak_detector/vpp_out1_carry__1_n_0
    SLICE_X43Y96         CARRY4 (Prop_carry4_CI_CO[3])
                                                      0.098    21.401 r  u_peak_to_peak_detector/vpp_out1_carry__2/CO[3]
                         net (fo=1, routed)           0.000    21.401    u_peak_to_peak_detector/vpp_out1_carry__2_n_0
    SLICE_X43Y97         CARRY4 (Prop_carry4_CI_O[3])
                                                      0.260    21.661 r  u_peak_to_peak_detector/vpp_out1_carry__3/O[3]
                         net (fo=5, routed)           0.861    22.522    u_peak_to_peak_detector/vpp_out1[19]
    SLICE_X42Y98         LUT6 (Prop_lut6_I1_O)        0.257    22.779 r  u_peak_to_peak_detector/vpp_out[13]_i_1/O
                         net (fo=6, routed)           0.354    23.132    u_peak_to_peak_detector/vpp_out[13]_i_1_n_0
    SLICE_X42Y97         LUT6 (Prop_lut6_I2_O)        0.105    23.237 r  u_peak_to_peak_detector/vpp_out[11]_i_1/O
                         net (fo=4, routed)           0.472    23.709    u_peak_to_peak_detector/vpp_out[11]_i_1_n_0
    SLICE_X41Y97         LUT6 (Prop_lut6_I4_O)        0.105    23.814 r  u_peak_to_peak_detector/vpp_out[9]_i_1/O
                         net (fo=2, routed)           0.343    24.157    u_peak_to_peak_detector/vpp_out[9]_i_1_n_0
    SLICE_X39Y97         LUT6 (Prop_lut6_I3_O)        0.105    24.262 r  u_peak_to_peak_detector/vpp_out[6]_i_1/O
                         net (fo=2, routed)           0.322    24.584    u_peak_to_peak_detector/vpp_out[6]_i_1_n_0
    SLICE_X39Y96         LUT6 (Prop_lut6_I2_O)        0.105    24.689 r  u_peak_to_peak_detector/vpp_out[3]_i_1/O
                         net (fo=3, routed)           0.254    24.943    u_peak_to_peak_detector/vpp_out[3]_i_1_n_0
    SLICE_X37Y97         LUT6 (Prop_lut6_I4_O)        0.105    25.048 r  u_peak_to_peak_detector/vpp_out[0]_i_1/O
                         net (fo=1, routed)           0.000    25.048    u_peak_to_peak_detector/vpp_out[0]_i_1_n_0
    SLICE_X37Y97         FDRE                                         r  u_peak_to_peak_detector/vpp_out_reg[0]/D
  -------------------------------------------------------------------    -------------------

                         (clock processing_clk rise edge)
                                                     10.000    10.000 r  
    Y9                                                0.000    10.000 r  processing_clk (IN)
                         net (fo=0)                   0.000    10.000    processing_clk
    Y9                   IBUF (Prop_ibuf_I_O)         0.831    10.831 r  processing_clk_IBUF_inst/O
                         net (fo=1, routed)           1.673    12.504    processing_clk_IBUF
    BUFGCTRL_X0Y0        BUFG (Prop_bufg_I_O)         0.077    12.581 r  processing_clk_IBUF_BUFG_inst/O
                         net (fo=3610, routed)        1.238    13.819    u_peak_to_peak_detector/processing_clk_IBUF_BUFG
    SLICE_X37Y97         FDRE                                         r  u_peak_to_peak_detector/vpp_out_reg[0]/C
                         clock pessimism              0.405    14.224    
                         clock uncertainty           -0.035    14.189    
    SLICE_X37Y97         FDRE (Setup_fdre_C_D)        0.032    14.221    u_peak_to_peak_detector/vpp_out_reg[0]
  -------------------------------------------------------------------
                         required time                         14.221    
                         arrival time                         -25.048    
  -------------------------------------------------------------------
                         slack                                -10.827    

Slack (VIOLATED) :        -10.789ns  (required time - arrival time)
  Source:                 u_fir_wrap/u_fir_compiler/U0/i_synth/g_single_rate.i_single_rate/g_m_data_chan_no_fifo.m_axis_data_tdata_int_reg[0]/C
                            (rising edge-triggered cell FDRE clocked by processing_clk  {rise@0.000ns fall@5.000ns period=10.000ns})
  Destination:            u_peak_to_peak_detector/vpp_out_reg[3]/D
                            (rising edge-triggered cell FDRE clocked by processing_clk  {rise@0.000ns fall@5.000ns period=10.000ns})
  Path Group:             processing_clk
  Path Type:              Setup (Max at Slow Process Corner)
  Requirement:            10.000ns  (processing_clk rise@10.000ns - processing_clk rise@0.000ns)
  Data Path Delay:        20.687ns  (logic 8.665ns (41.886%)  route 12.022ns (58.114%))
  Logic Levels:           39  (CARRY4=26 LUT4=2 LUT5=2 LUT6=9)
  Clock Path Skew:        -0.042ns (DCD - SCD + CPR)
    Destination Clock Delay (DCD):    3.819ns = ( 13.819 - 10.000 ) 
    Source Clock Delay      (SCD):    4.266ns
    Clock Pessimism Removal (CPR):    0.405ns
  Clock Uncertainty:      0.035ns  ((TSJ^2 + TIJ^2)^1/2 + DJ) / 2 + PE
    Total System Jitter     (TSJ):    0.071ns
    Total Input Jitter      (TIJ):    0.000ns
    Discrete Jitter          (DJ):    0.000ns
    Phase Error              (PE):    0.000ns

    Location             Delay type                Incr(ns)  Path(ns)    Netlist Resource(s)
  -------------------------------------------------------------------    -------------------
                         (clock processing_clk rise edge)
                                                      0.000     0.000 r  
    Y9                                                0.000     0.000 r  processing_clk (IN)
                         net (fo=0)                   0.000     0.000    processing_clk
    Y9                   IBUF (Prop_ibuf_I_O)         0.962     0.962 r  processing_clk_IBUF_inst/O
                         net (fo=1, routed)           1.843     2.805    processing_clk_IBUF
    BUFGCTRL_X0Y0        BUFG (Prop_bufg_I_O)         0.085     2.890 r  processing_clk_IBUF_BUFG_inst/O
                         net (fo=3610, routed)        1.376     4.266    u_fir_wrap/u_fir_compiler/U0/i_synth/g_single_rate.i_single_rate/aclk
    SLICE_X49Y79         FDRE                                         r  u_fir_wrap/u_fir_compiler/U0/i_synth/g_single_rate.i_single_rate/g_m_data_chan_no_fifo.m_axis_data_tdata_int_reg[0]/C
  -------------------------------------------------------------------    -------------------
    SLICE_X49Y79         FDRE (Prop_fdre_C_Q)         0.379     4.645 r  u_fir_wrap/u_fir_compiler/U0/i_synth/g_single_rate.i_single_rate/g_m_data_chan_no_fifo.m_axis_data_tdata_int_reg[0]/Q
                         net (fo=2, routed)           0.413     5.058    u_fir_wrap/ip_output_data[0]
    SLICE_X48Y79         CARRY4 (Prop_carry4_DI[0]_CO[3])
                                                      0.436     5.494 r  u_fir_wrap/p_0_in1_carry/CO[3]
                         net (fo=1, routed)           0.000     5.494    u_fir_wrap/p_0_in1_carry_n_0
    SLICE_X48Y80         CARRY4 (Prop_carry4_CI_CO[3])
                                                      0.098     5.592 r  u_fir_wrap/p_0_in1_carry__0/CO[3]
                         net (fo=1, routed)           0.000     5.592    u_fir_wrap/p_0_in1_carry__0_n_0
    SLICE_X48Y81         CARRY4 (Prop_carry4_CI_CO[3])
                                                      0.098     5.690 r  u_fir_wrap/p_0_in1_carry__1/CO[3]
                         net (fo=1, routed)           0.000     5.690    u_fir_wrap/p_0_in1_carry__1_n_0
    SLICE_X48Y82         CARRY4 (Prop_carry4_CI_CO[3])
                                                      0.098     5.788 r  u_fir_wrap/p_0_in1_carry__2/CO[3]
                         net (fo=1, routed)           0.000     5.788    u_fir_wrap/p_0_in1_carry__2_n_0
    SLICE_X48Y83         CARRY4 (Prop_carry4_CI_CO[3])
                                                      0.098     5.886 r  u_fir_wrap/p_0_in1_carry__3/CO[3]
                         net (fo=1, routed)           0.000     5.886    u_fir_wrap/p_0_in1_carry__3_n_0
    SLICE_X48Y84         CARRY4 (Prop_carry4_CI_CO[3])
                                                      0.098     5.984 r  u_fir_wrap/p_0_in1_carry__4/CO[3]
                         net (fo=1, routed)           0.000     5.984    u_fir_wrap/p_0_in1_carry__4_n_0
    SLICE_X48Y85         CARRY4 (Prop_carry4_CI_CO[3])
                                                      0.098     6.082 r  u_fir_wrap/p_0_in1_carry__5/CO[3]
                         net (fo=1, routed)           0.000     6.082    u_fir_wrap/p_0_in1_carry__5_n_0
    SLICE_X48Y86         CARRY4 (Prop_carry4_CI_CO[3])
                                                      0.098     6.180 r  u_fir_wrap/p_0_in1_carry__6/CO[3]
                         net (fo=1, routed)           0.000     6.180    u_fir_wrap/p_0_in1_carry__6_n_0
    SLICE_X48Y87         CARRY4 (Prop_carry4_CI_CO[3])
                                                      0.098     6.278 r  u_fir_wrap/p_0_in1_carry__7/CO[3]
                         net (fo=1, routed)           0.000     6.278    u_fir_wrap/p_0_in1_carry__7_n_0
    SLICE_X48Y88         CARRY4 (Prop_carry4_CI_CO[3])
                                                      0.098     6.376 r  u_fir_wrap/p_0_in1_carry__8/CO[3]
                         net (fo=1, routed)           0.000     6.376    u_fir_wrap/p_0_in1_carry__8_n_0
    SLICE_X48Y89         CARRY4 (Prop_carry4_CI_CO[0])
                                                      0.216     6.592 r  u_fir_wrap/saturation_now0_carry__0_i_1/CO[0]
                         net (fo=42, routed)          0.616     7.208    u_fir_wrap/saturation_now0_carry__0_i_1_n_3
    SLICE_X49Y88         CARRY4 (Prop_carry4_S[1]_CO[3])
                                                      0.766     7.974 r  u_fir_wrap/saturation_now1_carry__0/CO[3]
                         net (fo=1, routed)           0.000     7.974    u_fir_wrap/saturation_now1_carry__0_n_0
    SLICE_X49Y89         CARRY4 (Prop_carry4_CI_CO[3])
                                                      0.098     8.072 r  u_fir_wrap/saturation_now1_carry__1/CO[3]
                         net (fo=1, routed)           0.000     8.072    u_fir_wrap/saturation_now1_carry__1_n_0
    SLICE_X49Y90         CARRY4 (Prop_carry4_CI_CO[1])
                                                      0.132     8.204 r  u_fir_wrap/saturation_now1_carry__2/CO[1]
                         net (fo=102, routed)         0.589     8.793    u_fir_wrap/saturation_now1_carry__2_n_2
    SLICE_X45Y88         LUT4 (Prop_lut4_I0_O)        0.275     9.068 r  u_fir_wrap/segment_min_with_sample2_carry_i_10/O
                         net (fo=23, routed)          0.801     9.870    u_fir_wrap/segment_min_with_sample2_carry_i_10_n_0
    SLICE_X44Y89         LUT6 (Prop_lut6_I3_O)        0.105     9.975 r  u_fir_wrap/segment_max_with_sample2_carry_i_2_comp/O
                         net (fo=1, routed)           0.731    10.706    u_peak_to_peak_detector/segment_max_with_sample2_carry__0_0[2]
    SLICE_X45Y90         CARRY4 (Prop_carry4_DI[2]_CO[3])
                                                      0.329    11.035 r  u_peak_to_peak_detector/segment_max_with_sample2_carry/CO[3]
                         net (fo=1, routed)           0.000    11.035    u_peak_to_peak_detector/segment_max_with_sample2_carry_n_0
    SLICE_X45Y91         CARRY4 (Prop_carry4_CI_CO[3])
                                                      0.098    11.133 r  u_peak_to_peak_detector/segment_max_with_sample2_carry__0/CO[3]
                         net (fo=28, routed)          0.950    12.082    u_fir_wrap/CO[0]
    SLICE_X43Y90         LUT6 (Prop_lut6_I4_O)        0.105    12.187 r  u_fir_wrap/segment_max[4]_i_1_comp/O
                         net (fo=2, routed)           0.757    12.944    u_peak_to_peak_detector/D[4]
    SLICE_X47Y90         CARRY4 (Prop_carry4_DI[0]_CO[3])
                                                      0.436    13.380 r  u_peak_to_peak_detector/vpp_sum1_carry__0/CO[3]
                         net (fo=1, routed)           0.000    13.380    u_peak_to_peak_detector/vpp_sum1_carry__0_n_0
    SLICE_X47Y91         CARRY4 (Prop_carry4_CI_O[2])
                                                      0.200    13.580 r  u_peak_to_peak_detector/vpp_sum1_carry__1/O[2]
                         net (fo=17, routed)          0.859    14.440    u_peak_to_peak_detector/vpp_sum1[10]
    SLICE_X48Y93         LUT4 (Prop_lut4_I0_O)        0.253    14.693 r  u_peak_to_peak_detector/i__carry__0_i_7__0/O
                         net (fo=1, routed)           0.000    14.693    u_peak_to_peak_detector/i__carry__0_i_7__0_n_0
    SLICE_X48Y93         CARRY4 (Prop_carry4_S[1]_CO[3])
                                                      0.457    15.150 r  u_peak_to_peak_detector/p_0_out_inferred__1/i__carry__0/CO[3]
                         net (fo=32, routed)          0.842    15.992    u_peak_to_peak_detector/p_0_out_inferred__1/i__carry__0_n_0
    SLICE_X47Y93         LUT6 (Prop_lut6_I5_O)        0.105    16.097 r  u_peak_to_peak_detector/vpp_out2__0_carry_i_10/O
                         net (fo=3, routed)           0.493    16.589    u_peak_to_peak_detector/vpp_out2__0_carry_i_10_n_0
    SLICE_X43Y92         LUT5 (Prop_lut5_I1_O)        0.105    16.694 r  u_peak_to_peak_detector/vpp_out2__0_carry_i_2_comp/O
                         net (fo=1, routed)           0.592    17.286    u_peak_to_peak_detector/vpp_out2__0_carry_i_2_n_0
    SLICE_X49Y93         CARRY4 (Prop_carry4_DI[2]_CO[3])
                                                      0.329    17.615 r  u_peak_to_peak_detector/vpp_out2__0_carry/CO[3]
                         net (fo=1, routed)           0.000    17.615    u_peak_to_peak_detector/vpp_out2__0_carry_n_0
    SLICE_X49Y94         CARRY4 (Prop_carry4_CI_O[1])
                                                      0.265    17.880 r  u_peak_to_peak_detector/vpp_out2__0_carry__0/O[1]
                         net (fo=3, routed)           0.680    18.560    u_peak_to_peak_detector/vpp_out2__0_carry__0_n_6
    SLICE_X41Y94         LUT6 (Prop_lut6_I0_O)        0.250    18.810 r  u_peak_to_peak_detector/vpp_out2__57_carry__0_i_9/O
                         net (fo=3, routed)           0.605    19.415    u_peak_to_peak_detector/vpp_out2__57_carry__0_i_9_n_0
    SLICE_X45Y94         LUT5 (Prop_lut5_I0_O)        0.105    19.520 r  u_peak_to_peak_detector/vpp_out2__57_carry__0_i_5/O
                         net (fo=1, routed)           0.000    19.520    u_peak_to_peak_detector/vpp_out2__57_carry__0_i_5_n_0
    SLICE_X45Y94         CARRY4 (Prop_carry4_S[3]_CO[3])
                                                      0.332    19.852 r  u_peak_to_peak_detector/vpp_out2__57_carry__0/CO[3]
                         net (fo=1, routed)           0.000    19.852    u_peak_to_peak_detector/vpp_out2__57_carry__0_n_0
    SLICE_X45Y95         CARRY4 (Prop_carry4_CI_O[1])
                                                      0.265    20.117 r  u_peak_to_peak_detector/vpp_out2__57_carry__1/O[1]
                         net (fo=1, routed)           0.478    20.596    u_peak_to_peak_detector/vpp_out2__57_carry__1_n_6
    SLICE_X43Y95         CARRY4 (Prop_carry4_S[1]_CO[3])
                                                      0.707    21.303 r  u_peak_to_peak_detector/vpp_out1_carry__1/CO[3]
                         net (fo=1, routed)           0.000    21.303    u_peak_to_peak_detector/vpp_out1_carry__1_n_0
    SLICE_X43Y96         CARRY4 (Prop_carry4_CI_CO[3])
                                                      0.098    21.401 r  u_peak_to_peak_detector/vpp_out1_carry__2/CO[3]
                         net (fo=1, routed)           0.000    21.401    u_peak_to_peak_detector/vpp_out1_carry__2_n_0
    SLICE_X43Y97         CARRY4 (Prop_carry4_CI_O[3])
                                                      0.260    21.661 r  u_peak_to_peak_detector/vpp_out1_carry__3/O[3]
                         net (fo=5, routed)           0.861    22.522    u_peak_to_peak_detector/vpp_out1[19]
    SLICE_X42Y98         LUT6 (Prop_lut6_I1_O)        0.257    22.779 r  u_peak_to_peak_detector/vpp_out[13]_i_1/O
                         net (fo=6, routed)           0.354    23.132    u_peak_to_peak_detector/vpp_out[13]_i_1_n_0
    SLICE_X42Y97         LUT6 (Prop_lut6_I2_O)        0.105    23.237 r  u_peak_to_peak_detector/vpp_out[11]_i_1/O
                         net (fo=4, routed)           0.472    23.709    u_peak_to_peak_detector/vpp_out[11]_i_1_n_0
    SLICE_X41Y97         LUT6 (Prop_lut6_I4_O)        0.105    23.814 r  u_peak_to_peak_detector/vpp_out[9]_i_1/O
                         net (fo=2, routed)           0.343    24.157    u_peak_to_peak_detector/vpp_out[9]_i_1_n_0
    SLICE_X39Y97         LUT6 (Prop_lut6_I3_O)        0.105    24.262 r  u_peak_to_peak_detector/vpp_out[6]_i_1/O
                         net (fo=2, routed)           0.322    24.584    u_peak_to_peak_detector/vpp_out[6]_i_1_n_0
    SLICE_X39Y96         LUT6 (Prop_lut6_I2_O)        0.105    24.689 r  u_peak_to_peak_detector/vpp_out[3]_i_1/O
                         net (fo=3, routed)           0.264    24.954    u_peak_to_peak_detector/vpp_out[3]_i_1_n_0
    SLICE_X39Y97         FDRE                                         r  u_peak_to_peak_detector/vpp_out_reg[3]/D
  -------------------------------------------------------------------    -------------------

                         (clock processing_clk rise edge)
                                                     10.000    10.000 r  
    Y9                                                0.000    10.000 r  processing_clk (IN)
                         net (fo=0)                   0.000    10.000    processing_clk
    Y9                   IBUF (Prop_ibuf_I_O)         0.831    10.831 r  processing_clk_IBUF_inst/O
                         net (fo=1, routed)           1.673    12.504    processing_clk_IBUF
    BUFGCTRL_X0Y0        BUFG (Prop_bufg_I_O)         0.077    12.581 r  processing_clk_IBUF_BUFG_inst/O
                         net (fo=3610, routed)        1.238    13.819    u_peak_to_peak_detector/processing_clk_IBUF_BUFG
    SLICE_X39Y97         FDRE                                         r  u_peak_to_peak_detector/vpp_out_reg[3]/C
                         clock pessimism              0.405    14.224    
                         clock uncertainty           -0.035    14.189    
    SLICE_X39Y97         FDRE (Setup_fdre_C_D)       -0.024    14.165    u_peak_to_peak_detector/vpp_out_reg[3]
  -------------------------------------------------------------------
                         required time                         14.165    
                         arrival time                         -24.954    
  -------------------------------------------------------------------
                         slack                                -10.789    

Slack (VIOLATED) :        -10.388ns  (required time - arrival time)
  Source:                 u_fir_wrap/u_fir_compiler/U0/i_synth/g_single_rate.i_single_rate/g_m_data_chan_no_fifo.m_axis_data_tdata_int_reg[0]/C
                            (rising edge-triggered cell FDRE clocked by processing_clk  {rise@0.000ns fall@5.000ns period=10.000ns})
  Destination:            u_peak_to_peak_detector/vpp_out_reg[6]/D
                            (rising edge-triggered cell FDRE clocked by processing_clk  {rise@0.000ns fall@5.000ns period=10.000ns})
  Path Group:             processing_clk
  Path Type:              Setup (Max at Slow Process Corner)
  Requirement:            10.000ns  (processing_clk rise@10.000ns - processing_clk rise@0.000ns)
  Data Path Delay:        20.277ns  (logic 8.560ns (42.215%)  route 11.717ns (57.785%))
  Logic Levels:           38  (CARRY4=26 LUT4=2 LUT5=2 LUT6=8)
  Clock Path Skew:        -0.043ns (DCD - SCD + CPR)
    Destination Clock Delay (DCD):    3.818ns = ( 13.818 - 10.000 ) 
    Source Clock Delay      (SCD):    4.266ns
    Clock Pessimism Removal (CPR):    0.405ns
  Clock Uncertainty:      0.035ns  ((TSJ^2 + TIJ^2)^1/2 + DJ) / 2 + PE
    Total System Jitter     (TSJ):    0.071ns
    Total Input Jitter      (TIJ):    0.000ns
    Discrete Jitter          (DJ):    0.000ns
    Phase Error              (PE):    0.000ns

    Location             Delay type                Incr(ns)  Path(ns)    Netlist Resource(s)
  -------------------------------------------------------------------    -------------------
                         (clock processing_clk rise edge)
                                                      0.000     0.000 r  
    Y9                                                0.000     0.000 r  processing_clk (IN)
                         net (fo=0)                   0.000     0.000    processing_clk
    Y9                   IBUF (Prop_ibuf_I_O)         0.962     0.962 r  processing_clk_IBUF_inst/O
                         net (fo=1, routed)           1.843     2.805    processing_clk_IBUF
    BUFGCTRL_X0Y0        BUFG (Prop_bufg_I_O)         0.085     2.890 r  processing_clk_IBUF_BUFG_inst/O
                         net (fo=3610, routed)        1.376     4.266    u_fir_wrap/u_fir_compiler/U0/i_synth/g_single_rate.i_single_rate/aclk
    SLICE_X49Y79         FDRE                                         r  u_fir_wrap/u_fir_compiler/U0/i_synth/g_single_rate.i_single_rate/g_m_data_chan_no_fifo.m_axis_data_tdata_int_reg[0]/C
  -------------------------------------------------------------------    -------------------
    SLICE_X49Y79         FDRE (Prop_fdre_C_Q)         0.379     4.645 r  u_fir_wrap/u_fir_compiler/U0/i_synth/g_single_rate.i_single_rate/g_m_data_chan_no_fifo.m_axis_data_tdata_int_reg[0]/Q
                         net (fo=2, routed)           0.413     5.058    u_fir_wrap/ip_output_data[0]
    SLICE_X48Y79         CARRY4 (Prop_carry4_DI[0]_CO[3])
                                                      0.436     5.494 r  u_fir_wrap/p_0_in1_carry/CO[3]
                         net (fo=1, routed)           0.000     5.494    u_fir_wrap/p_0_in1_carry_n_0
    SLICE_X48Y80         CARRY4 (Prop_carry4_CI_CO[3])
                                                      0.098     5.592 r  u_fir_wrap/p_0_in1_carry__0/CO[3]
                         net (fo=1, routed)           0.000     5.592    u_fir_wrap/p_0_in1_carry__0_n_0
    SLICE_X48Y81         CARRY4 (Prop_carry4_CI_CO[3])
                                                      0.098     5.690 r  u_fir_wrap/p_0_in1_carry__1/CO[3]
                         net (fo=1, routed)           0.000     5.690    u_fir_wrap/p_0_in1_carry__1_n_0
    SLICE_X48Y82         CARRY4 (Prop_carry4_CI_CO[3])
                                                      0.098     5.788 r  u_fir_wrap/p_0_in1_carry__2/CO[3]
                         net (fo=1, routed)           0.000     5.788    u_fir_wrap/p_0_in1_carry__2_n_0
    SLICE_X48Y83         CARRY4 (Prop_carry4_CI_CO[3])
                                                      0.098     5.886 r  u_fir_wrap/p_0_in1_carry__3/CO[3]
                         net (fo=1, routed)           0.000     5.886    u_fir_wrap/p_0_in1_carry__3_n_0
    SLICE_X48Y84         CARRY4 (Prop_carry4_CI_CO[3])
                                                      0.098     5.984 r  u_fir_wrap/p_0_in1_carry__4/CO[3]
                         net (fo=1, routed)           0.000     5.984    u_fir_wrap/p_0_in1_carry__4_n_0
    SLICE_X48Y85         CARRY4 (Prop_carry4_CI_CO[3])
                                                      0.098     6.082 r  u_fir_wrap/p_0_in1_carry__5/CO[3]
                         net (fo=1, routed)           0.000     6.082    u_fir_wrap/p_0_in1_carry__5_n_0
    SLICE_X48Y86         CARRY4 (Prop_carry4_CI_CO[3])
                                                      0.098     6.180 r  u_fir_wrap/p_0_in1_carry__6/CO[3]
                         net (fo=1, routed)           0.000     6.180    u_fir_wrap/p_0_in1_carry__6_n_0
    SLICE_X48Y87         CARRY4 (Prop_carry4_CI_CO[3])
                                                      0.098     6.278 r  u_fir_wrap/p_0_in1_carry__7/CO[3]
                         net (fo=1, routed)           0.000     6.278    u_fir_wrap/p_0_in1_carry__7_n_0
    SLICE_X48Y88         CARRY4 (Prop_carry4_CI_CO[3])
                                                      0.098     6.376 r  u_fir_wrap/p_0_in1_carry__8/CO[3]
                         net (fo=1, routed)           0.000     6.376    u_fir_wrap/p_0_in1_carry__8_n_0
    SLICE_X48Y89         CARRY4 (Prop_carry4_CI_CO[0])
                                                      0.216     6.592 r  u_fir_wrap/saturation_now0_carry__0_i_1/CO[0]
                         net (fo=42, routed)          0.616     7.208    u_fir_wrap/saturation_now0_carry__0_i_1_n_3
    SLICE_X49Y88         CARRY4 (Prop_carry4_S[1]_CO[3])
                                                      0.766     7.974 r  u_fir_wrap/saturation_now1_carry__0/CO[3]
                         net (fo=1, routed)           0.000     7.974    u_fir_wrap/saturation_now1_carry__0_n_0
    SLICE_X49Y89         CARRY4 (Prop_carry4_CI_CO[3])
                                                      0.098     8.072 r  u_fir_wrap/saturation_now1_carry__1/CO[3]
                         net (fo=1, routed)           0.000     8.072    u_fir_wrap/saturation_now1_carry__1_n_0
    SLICE_X49Y90         CARRY4 (Prop_carry4_CI_CO[1])
                                                      0.132     8.204 r  u_fir_wrap/saturation_now1_carry__2/CO[1]
                         net (fo=102, routed)         0.589     8.793    u_fir_wrap/saturation_now1_carry__2_n_2
    SLICE_X45Y88         LUT4 (Prop_lut4_I0_O)        0.275     9.068 r  u_fir_wrap/segment_min_with_sample2_carry_i_10/O
                         net (fo=23, routed)          0.801     9.870    u_fir_wrap/segment_min_with_sample2_carry_i_10_n_0
    SLICE_X44Y89         LUT6 (Prop_lut6_I3_O)        0.105     9.975 r  u_fir_wrap/segment_max_with_sample2_carry_i_2_comp/O
                         net (fo=1, routed)           0.731    10.706    u_peak_to_peak_detector/segment_max_with_sample2_carry__0_0[2]
    SLICE_X45Y90         CARRY4 (Prop_carry4_DI[2]_CO[3])
                                                      0.329    11.035 r  u_peak_to_peak_detector/segment_max_with_sample2_carry/CO[3]
                         net (fo=1, routed)           0.000    11.035    u_peak_to_peak_detector/segment_max_with_sample2_carry_n_0
    SLICE_X45Y91         CARRY4 (Prop_carry4_CI_CO[3])
                                                      0.098    11.133 r  u_peak_to_peak_detector/segment_max_with_sample2_carry__0/CO[3]
                         net (fo=28, routed)          0.950    12.082    u_fir_wrap/CO[0]
    SLICE_X43Y90         LUT6 (Prop_lut6_I4_O)        0.105    12.187 r  u_fir_wrap/segment_max[4]_i_1_comp/O
                         net (fo=2, routed)           0.757    12.944    u_peak_to_peak_detector/D[4]
    SLICE_X47Y90         CARRY4 (Prop_carry4_DI[0]_CO[3])
                                                      0.436    13.380 r  u_peak_to_peak_detector/vpp_sum1_carry__0/CO[3]
                         net (fo=1, routed)           0.000    13.380    u_peak_to_peak_detector/vpp_sum1_carry__0_n_0
    SLICE_X47Y91         CARRY4 (Prop_carry4_CI_O[2])
                                                      0.200    13.580 r  u_peak_to_peak_detector/vpp_sum1_carry__1/O[2]
                         net (fo=17, routed)          0.859    14.440    u_peak_to_peak_detector/vpp_sum1[10]
    SLICE_X48Y93         LUT4 (Prop_lut4_I0_O)        0.253    14.693 r  u_peak_to_peak_detector/i__carry__0_i_7__0/O
                         net (fo=1, routed)           0.000    14.693    u_peak_to_peak_detector/i__carry__0_i_7__0_n_0
    SLICE_X48Y93         CARRY4 (Prop_carry4_S[1]_CO[3])
                                                      0.457    15.150 r  u_peak_to_peak_detector/p_0_out_inferred__1/i__carry__0/CO[3]
                         net (fo=32, routed)          0.842    15.992    u_peak_to_peak_detector/p_0_out_inferred__1/i__carry__0_n_0
    SLICE_X47Y93         LUT6 (Prop_lut6_I5_O)        0.105    16.097 r  u_peak_to_peak_detector/vpp_out2__0_carry_i_10/O
                         net (fo=3, routed)           0.493    16.589    u_peak_to_peak_detector/vpp_out2__0_carry_i_10_n_0
    SLICE_X43Y92         LUT5 (Prop_lut5_I1_O)        0.105    16.694 r  u_peak_to_peak_detector/vpp_out2__0_carry_i_2_comp/O
                         net (fo=1, routed)           0.592    17.286    u_peak_to_peak_detector/vpp_out2__0_carry_i_2_n_0
    SLICE_X49Y93         CARRY4 (Prop_carry4_DI[2]_CO[3])
                                                      0.329    17.615 r  u_peak_to_peak_detector/vpp_out2__0_carry/CO[3]
                         net (fo=1, routed)           0.000    17.615    u_peak_to_peak_detector/vpp_out2__0_carry_n_0
    SLICE_X49Y94         CARRY4 (Prop_carry4_CI_O[1])
                                                      0.265    17.880 r  u_peak_to_peak_detector/vpp_out2__0_carry__0/O[1]
                         net (fo=3, routed)           0.680    18.560    u_peak_to_peak_detector/vpp_out2__0_carry__0_n_6
    SLICE_X41Y94         LUT6 (Prop_lut6_I0_O)        0.250    18.810 r  u_peak_to_peak_detector/vpp_out2__57_carry__0_i_9/O
                         net (fo=3, routed)           0.605    19.415    u_peak_to_peak_detector/vpp_out2__57_carry__0_i_9_n_0
    SLICE_X45Y94         LUT5 (Prop_lut5_I0_O)        0.105    19.520 r  u_peak_to_peak_detector/vpp_out2__57_carry__0_i_5/O
                         net (fo=1, routed)           0.000    19.520    u_peak_to_peak_detector/vpp_out2__57_carry__0_i_5_n_0
    SLICE_X45Y94         CARRY4 (Prop_carry4_S[3]_CO[3])
                                                      0.332    19.852 r  u_peak_to_peak_detector/vpp_out2__57_carry__0/CO[3]
                         net (fo=1, routed)           0.000    19.852    u_peak_to_peak_detector/vpp_out2__57_carry__0_n_0
    SLICE_X45Y95         CARRY4 (Prop_carry4_CI_O[1])
                                                      0.265    20.117 r  u_peak_to_peak_detector/vpp_out2__57_carry__1/O[1]
                         net (fo=1, routed)           0.478    20.596    u_peak_to_peak_detector/vpp_out2__57_carry__1_n_6
    SLICE_X43Y95         CARRY4 (Prop_carry4_S[1]_CO[3])
                                                      0.707    21.303 r  u_peak_to_peak_detector/vpp_out1_carry__1/CO[3]
                         net (fo=1, routed)           0.000    21.303    u_peak_to_peak_detector/vpp_out1_carry__1_n_0
    SLICE_X43Y96         CARRY4 (Prop_carry4_CI_CO[3])
                                                      0.098    21.401 r  u_peak_to_peak_detector/vpp_out1_carry__2/CO[3]
                         net (fo=1, routed)           0.000    21.401    u_peak_to_peak_detector/vpp_out1_carry__2_n_0
    SLICE_X43Y97         CARRY4 (Prop_carry4_CI_O[3])
                                                      0.260    21.661 r  u_peak_to_peak_detector/vpp_out1_carry__3/O[3]
                         net (fo=5, routed)           0.861    22.522    u_peak_to_peak_detector/vpp_out1[19]
    SLICE_X42Y98         LUT6 (Prop_lut6_I1_O)        0.257    22.779 r  u_peak_to_peak_detector/vpp_out[13]_i_1/O
                         net (fo=6, routed)           0.354    23.132    u_peak_to_peak_detector/vpp_out[13]_i_1_n_0
    SLICE_X42Y97         LUT6 (Prop_lut6_I2_O)        0.105    23.237 r  u_peak_to_peak_detector/vpp_out[11]_i_1/O
                         net (fo=4, routed)           0.472    23.709    u_peak_to_peak_detector/vpp_out[11]_i_1_n_0
    SLICE_X41Y97         LUT6 (Prop_lut6_I4_O)        0.105    23.814 r  u_peak_to_peak_detector/vpp_out[9]_i_1/O
                         net (fo=2, routed)           0.343    24.157    u_peak_to_peak_detector/vpp_out[9]_i_1_n_0
    SLICE_X39Y97         LUT6 (Prop_lut6_I3_O)        0.105    24.262 r  u_peak_to_peak_detector/vpp_out[6]_i_1/O
                         net (fo=2, routed)           0.282    24.544    u_peak_to_peak_detector/vpp_out[6]_i_1_n_0
    SLICE_X41Y98         FDRE                                         r  u_peak_to_peak_detector/vpp_out_reg[6]/D
  -------------------------------------------------------------------    -------------------

                         (clock processing_clk rise edge)
                                                     10.000    10.000 r  
    Y9                                                0.000    10.000 r  processing_clk (IN)
                         net (fo=0)                   0.000    10.000    processing_clk
    Y9                   IBUF (Prop_ibuf_I_O)         0.831    10.831 r  processing_clk_IBUF_inst/O
                         net (fo=1, routed)           1.673    12.504    processing_clk_IBUF
    BUFGCTRL_X0Y0        BUFG (Prop_bufg_I_O)         0.077    12.581 r  processing_clk_IBUF_BUFG_inst/O
                         net (fo=3610, routed)        1.237    13.818    u_peak_to_peak_detector/processing_clk_IBUF_BUFG
    SLICE_X41Y98         FDRE                                         r  u_peak_to_peak_detector/vpp_out_reg[6]/C
                         clock pessimism              0.405    14.223    
                         clock uncertainty           -0.035    14.188    
    SLICE_X41Y98         FDRE (Setup_fdre_C_D)       -0.032    14.156    u_peak_to_peak_detector/vpp_out_reg[6]
  -------------------------------------------------------------------
                         required time                         14.156    
                         arrival time                         -24.544    
  -------------------------------------------------------------------
                         slack                                -10.388    

Slack (VIOLATED) :        -10.374ns  (required time - arrival time)
  Source:                 u_fir_wrap/u_fir_compiler/U0/i_synth/g_single_rate.i_single_rate/g_m_data_chan_no_fifo.m_axis_data_tdata_int_reg[0]/C
                            (rising edge-triggered cell FDRE clocked by processing_clk  {rise@0.000ns fall@5.000ns period=10.000ns})
  Destination:            u_peak_to_peak_detector/vpp_out_reg[4]/D
                            (rising edge-triggered cell FDRE clocked by processing_clk  {rise@0.000ns fall@5.000ns period=10.000ns})
  Path Group:             processing_clk
  Path Type:              Setup (Max at Slow Process Corner)
  Requirement:            10.000ns  (processing_clk rise@10.000ns - processing_clk rise@0.000ns)
  Data Path Delay:        20.248ns  (logic 8.560ns (42.275%)  route 11.688ns (57.725%))
  Logic Levels:           38  (CARRY4=26 LUT4=2 LUT5=2 LUT6=8)
  Clock Path Skew:        -0.043ns (DCD - SCD + CPR)
    Destination Clock Delay (DCD):    3.818ns = ( 13.818 - 10.000 ) 
    Source Clock Delay      (SCD):    4.266ns
    Clock Pessimism Removal (CPR):    0.405ns
  Clock Uncertainty:      0.035ns  ((TSJ^2 + TIJ^2)^1/2 + DJ) / 2 + PE
    Total System Jitter     (TSJ):    0.071ns
    Total Input Jitter      (TIJ):    0.000ns
    Discrete Jitter          (DJ):    0.000ns
    Phase Error              (PE):    0.000ns

    Location             Delay type                Incr(ns)  Path(ns)    Netlist Resource(s)
  -------------------------------------------------------------------    -------------------
                         (clock processing_clk rise edge)
                                                      0.000     0.000 r  
    Y9                                                0.000     0.000 r  processing_clk (IN)
                         net (fo=0)                   0.000     0.000    processing_clk
    Y9                   IBUF (Prop_ibuf_I_O)         0.962     0.962 r  processing_clk_IBUF_inst/O
                         net (fo=1, routed)           1.843     2.805    processing_clk_IBUF
    BUFGCTRL_X0Y0        BUFG (Prop_bufg_I_O)         0.085     2.890 r  processing_clk_IBUF_BUFG_inst/O
                         net (fo=3610, routed)        1.376     4.266    u_fir_wrap/u_fir_compiler/U0/i_synth/g_single_rate.i_single_rate/aclk
    SLICE_X49Y79         FDRE                                         r  u_fir_wrap/u_fir_compiler/U0/i_synth/g_single_rate.i_single_rate/g_m_data_chan_no_fifo.m_axis_data_tdata_int_reg[0]/C
  -------------------------------------------------------------------    -------------------
    SLICE_X49Y79         FDRE (Prop_fdre_C_Q)         0.379     4.645 r  u_fir_wrap/u_fir_compiler/U0/i_synth/g_single_rate.i_single_rate/g_m_data_chan_no_fifo.m_axis_data_tdata_int_reg[0]/Q
                         net (fo=2, routed)           0.413     5.058    u_fir_wrap/ip_output_data[0]
    SLICE_X48Y79         CARRY4 (Prop_carry4_DI[0]_CO[3])
                                                      0.436     5.494 r  u_fir_wrap/p_0_in1_carry/CO[3]
                         net (fo=1, routed)           0.000     5.494    u_fir_wrap/p_0_in1_carry_n_0
    SLICE_X48Y80         CARRY4 (Prop_carry4_CI_CO[3])
                                                      0.098     5.592 r  u_fir_wrap/p_0_in1_carry__0/CO[3]
                         net (fo=1, routed)           0.000     5.592    u_fir_wrap/p_0_in1_carry__0_n_0
    SLICE_X48Y81         CARRY4 (Prop_carry4_CI_CO[3])
                                                      0.098     5.690 r  u_fir_wrap/p_0_in1_carry__1/CO[3]
                         net (fo=1, routed)           0.000     5.690    u_fir_wrap/p_0_in1_carry__1_n_0
    SLICE_X48Y82         CARRY4 (Prop_carry4_CI_CO[3])
                                                      0.098     5.788 r  u_fir_wrap/p_0_in1_carry__2/CO[3]
                         net (fo=1, routed)           0.000     5.788    u_fir_wrap/p_0_in1_carry__2_n_0
    SLICE_X48Y83         CARRY4 (Prop_carry4_CI_CO[3])
                                                      0.098     5.886 r  u_fir_wrap/p_0_in1_carry__3/CO[3]
                         net (fo=1, routed)           0.000     5.886    u_fir_wrap/p_0_in1_carry__3_n_0
    SLICE_X48Y84         CARRY4 (Prop_carry4_CI_CO[3])
                                                      0.098     5.984 r  u_fir_wrap/p_0_in1_carry__4/CO[3]
                         net (fo=1, routed)           0.000     5.984    u_fir_wrap/p_0_in1_carry__4_n_0
    SLICE_X48Y85         CARRY4 (Prop_carry4_CI_CO[3])
                                                      0.098     6.082 r  u_fir_wrap/p_0_in1_carry__5/CO[3]
                         net (fo=1, routed)           0.000     6.082    u_fir_wrap/p_0_in1_carry__5_n_0
    SLICE_X48Y86         CARRY4 (Prop_carry4_CI_CO[3])
                                                      0.098     6.180 r  u_fir_wrap/p_0_in1_carry__6/CO[3]
                         net (fo=1, routed)           0.000     6.180    u_fir_wrap/p_0_in1_carry__6_n_0
    SLICE_X48Y87         CARRY4 (Prop_carry4_CI_CO[3])
                                                      0.098     6.278 r  u_fir_wrap/p_0_in1_carry__7/CO[3]
                         net (fo=1, routed)           0.000     6.278    u_fir_wrap/p_0_in1_carry__7_n_0
    SLICE_X48Y88         CARRY4 (Prop_carry4_CI_CO[3])
                                                      0.098     6.376 r  u_fir_wrap/p_0_in1_carry__8/CO[3]
                         net (fo=1, routed)           0.000     6.376    u_fir_wrap/p_0_in1_carry__8_n_0
    SLICE_X48Y89         CARRY4 (Prop_carry4_CI_CO[0])
                                                      0.216     6.592 r  u_fir_wrap/saturation_now0_carry__0_i_1/CO[0]
                         net (fo=42, routed)          0.616     7.208    u_fir_wrap/saturation_now0_carry__0_i_1_n_3
    SLICE_X49Y88         CARRY4 (Prop_carry4_S[1]_CO[3])
                                                      0.766     7.974 r  u_fir_wrap/saturation_now1_carry__0/CO[3]
                         net (fo=1, routed)           0.000     7.974    u_fir_wrap/saturation_now1_carry__0_n_0
    SLICE_X49Y89         CARRY4 (Prop_carry4_CI_CO[3])
                                                      0.098     8.072 r  u_fir_wrap/saturation_now1_carry__1/CO[3]
                         net (fo=1, routed)           0.000     8.072    u_fir_wrap/saturation_now1_carry__1_n_0
    SLICE_X49Y90         CARRY4 (Prop_carry4_CI_CO[1])
                                                      0.132     8.204 r  u_fir_wrap/saturation_now1_carry__2/CO[1]
                         net (fo=102, routed)         0.589     8.793    u_fir_wrap/saturation_now1_carry__2_n_2
    SLICE_X45Y88         LUT4 (Prop_lut4_I0_O)        0.275     9.068 r  u_fir_wrap/segment_min_with_sample2_carry_i_10/O
                         net (fo=23, routed)          0.801     9.870    u_fir_wrap/segment_min_with_sample2_carry_i_10_n_0
    SLICE_X44Y89         LUT6 (Prop_lut6_I3_O)        0.105     9.975 r  u_fir_wrap/segment_max_with_sample2_carry_i_2_comp/O
                         net (fo=1, routed)           0.731    10.706    u_peak_to_peak_detector/segment_max_with_sample2_carry__0_0[2]
    SLICE_X45Y90         CARRY4 (Prop_carry4_DI[2]_CO[3])
                                                      0.329    11.035 r  u_peak_to_peak_detector/segment_max_with_sample2_carry/CO[3]
                         net (fo=1, routed)           0.000    11.035    u_peak_to_peak_detector/segment_max_with_sample2_carry_n_0
    SLICE_X45Y91         CARRY4 (Prop_carry4_CI_CO[3])
                                                      0.098    11.133 r  u_peak_to_peak_detector/segment_max_with_sample2_carry__0/CO[3]
                         net (fo=28, routed)          0.950    12.082    u_fir_wrap/CO[0]
    SLICE_X43Y90         LUT6 (Prop_lut6_I4_O)        0.105    12.187 r  u_fir_wrap/segment_max[4]_i_1_comp/O
                         net (fo=2, routed)           0.757    12.944    u_peak_to_peak_detector/D[4]
    SLICE_X47Y90         CARRY4 (Prop_carry4_DI[0]_CO[3])
                                                      0.436    13.380 r  u_peak_to_peak_detector/vpp_sum1_carry__0/CO[3]
                         net (fo=1, routed)           0.000    13.380    u_peak_to_peak_detector/vpp_sum1_carry__0_n_0
    SLICE_X47Y91         CARRY4 (Prop_carry4_CI_O[2])
                                                      0.200    13.580 r  u_peak_to_peak_detector/vpp_sum1_carry__1/O[2]
                         net (fo=17, routed)          0.859    14.440    u_peak_to_peak_detector/vpp_sum1[10]
    SLICE_X48Y93         LUT4 (Prop_lut4_I0_O)        0.253    14.693 r  u_peak_to_peak_detector/i__carry__0_i_7__0/O
                         net (fo=1, routed)           0.000    14.693    u_peak_to_peak_detector/i__carry__0_i_7__0_n_0
    SLICE_X48Y93         CARRY4 (Prop_carry4_S[1]_CO[3])
                                                      0.457    15.150 r  u_peak_to_peak_detector/p_0_out_inferred__1/i__carry__0/CO[3]
                         net (fo=32, routed)          0.842    15.992    u_peak_to_peak_detector/p_0_out_inferred__1/i__carry__0_n_0
    SLICE_X47Y93         LUT6 (Prop_lut6_I5_O)        0.105    16.097 r  u_peak_to_peak_detector/vpp_out2__0_carry_i_10/O
                         net (fo=3, routed)           0.493    16.589    u_peak_to_peak_detector/vpp_out2__0_carry_i_10_n_0
    SLICE_X43Y92         LUT5 (Prop_lut5_I1_O)        0.105    16.694 r  u_peak_to_peak_detector/vpp_out2__0_carry_i_2_comp/O
                         net (fo=1, routed)           0.592    17.286    u_peak_to_peak_detector/vpp_out2__0_carry_i_2_n_0
    SLICE_X49Y93         CARRY4 (Prop_carry4_DI[2]_CO[3])
                                                      0.329    17.615 r  u_peak_to_peak_detector/vpp_out2__0_carry/CO[3]
                         net (fo=1, routed)           0.000    17.615    u_peak_to_peak_detector/vpp_out2__0_carry_n_0
    SLICE_X49Y94         CARRY4 (Prop_carry4_CI_O[1])
                                                      0.265    17.880 r  u_peak_to_peak_detector/vpp_out2__0_carry__0/O[1]
                         net (fo=3, routed)           0.680    18.560    u_peak_to_peak_detector/vpp_out2__0_carry__0_n_6
    SLICE_X41Y94         LUT6 (Prop_lut6_I0_O)        0.250    18.810 r  u_peak_to_peak_detector/vpp_out2__57_carry__0_i_9/O
                         net (fo=3, routed)           0.605    19.415    u_peak_to_peak_detector/vpp_out2__57_carry__0_i_9_n_0
    SLICE_X45Y94         LUT5 (Prop_lut5_I0_O)        0.105    19.520 r  u_peak_to_peak_detector/vpp_out2__57_carry__0_i_5/O
                         net (fo=1, routed)           0.000    19.520    u_peak_to_peak_detector/vpp_out2__57_carry__0_i_5_n_0
    SLICE_X45Y94         CARRY4 (Prop_carry4_S[3]_CO[3])
                                                      0.332    19.852 r  u_peak_to_peak_detector/vpp_out2__57_carry__0/CO[3]
                         net (fo=1, routed)           0.000    19.852    u_peak_to_peak_detector/vpp_out2__57_carry__0_n_0
    SLICE_X45Y95         CARRY4 (Prop_carry4_CI_O[1])
                                                      0.265    20.117 r  u_peak_to_peak_detector/vpp_out2__57_carry__1/O[1]
                         net (fo=1, routed)           0.478    20.596    u_peak_to_peak_detector/vpp_out2__57_carry__1_n_6
    SLICE_X43Y95         CARRY4 (Prop_carry4_S[1]_CO[3])
                                                      0.707    21.303 r  u_peak_to_peak_detector/vpp_out1_carry__1/CO[3]
                         net (fo=1, routed)           0.000    21.303    u_peak_to_peak_detector/vpp_out1_carry__1_n_0
    SLICE_X43Y96         CARRY4 (Prop_carry4_CI_CO[3])
                                                      0.098    21.401 r  u_peak_to_peak_detector/vpp_out1_carry__2/CO[3]
                         net (fo=1, routed)           0.000    21.401    u_peak_to_peak_detector/vpp_out1_carry__2_n_0
    SLICE_X43Y97         CARRY4 (Prop_carry4_CI_O[3])
                                                      0.260    21.661 r  u_peak_to_peak_detector/vpp_out1_carry__3/O[3]
                         net (fo=5, routed)           0.861    22.522    u_peak_to_peak_detector/vpp_out1[19]
    SLICE_X42Y98         LUT6 (Prop_lut6_I1_O)        0.257    22.779 r  u_peak_to_peak_detector/vpp_out[13]_i_1/O
                         net (fo=6, routed)           0.354    23.132    u_peak_to_peak_detector/vpp_out[13]_i_1_n_0
    SLICE_X42Y97         LUT6 (Prop_lut6_I2_O)        0.105    23.237 r  u_peak_to_peak_detector/vpp_out[11]_i_1/O
                         net (fo=4, routed)           0.335    23.573    u_peak_to_peak_detector/vpp_out[11]_i_1_n_0
    SLICE_X41Y97         LUT6 (Prop_lut6_I2_O)        0.105    23.678 r  u_peak_to_peak_detector/vpp_out[4]_i_2/O
                         net (fo=1, routed)           0.329    24.006    u_peak_to_peak_detector/vpp_out[4]_i_2_n_0
    SLICE_X39Y97         LUT6 (Prop_lut6_I1_O)        0.105    24.111 r  u_peak_to_peak_detector/vpp_out[4]_i_1/O
                         net (fo=2, routed)           0.404    24.515    u_peak_to_peak_detector/vpp_out[4]_i_1_n_0
    SLICE_X40Y97         FDRE                                         r  u_peak_to_peak_detector/vpp_out_reg[4]/D
  -------------------------------------------------------------------    -------------------

                         (clock processing_clk rise edge)
                                                     10.000    10.000 r  
    Y9                                                0.000    10.000 r  processing_clk (IN)
                         net (fo=0)                   0.000    10.000    processing_clk
    Y9                   IBUF (Prop_ibuf_I_O)         0.831    10.831 r  processing_clk_IBUF_inst/O
                         net (fo=1, routed)           1.673    12.504    processing_clk_IBUF
    BUFGCTRL_X0Y0        BUFG (Prop_bufg_I_O)         0.077    12.581 r  processing_clk_IBUF_BUFG_inst/O
                         net (fo=3610, routed)        1.237    13.818    u_peak_to_peak_detector/processing_clk_IBUF_BUFG
    SLICE_X40Y97         FDRE                                         r  u_peak_to_peak_detector/vpp_out_reg[4]/C
                         clock pessimism              0.405    14.223    
                         clock uncertainty           -0.035    14.188    
    SLICE_X40Y97         FDRE (Setup_fdre_C_D)       -0.047    14.141    u_peak_to_peak_detector/vpp_out_reg[4]
  -------------------------------------------------------------------
                         required time                         14.141    
                         arrival time                         -24.515    
  -------------------------------------------------------------------
                         slack                                -10.374    

Slack (VIOLATED) :        -10.219ns  (required time - arrival time)
  Source:                 u_fir_wrap/u_fir_compiler/U0/i_synth/g_single_rate.i_single_rate/g_m_data_chan_no_fifo.m_axis_data_tdata_int_reg[0]/C
                            (rising edge-triggered cell FDRE clocked by processing_clk  {rise@0.000ns fall@5.000ns period=10.000ns})
  Destination:            u_peak_to_peak_detector/vpp_out_reg[2]/D
                            (rising edge-triggered cell FDRE clocked by processing_clk  {rise@0.000ns fall@5.000ns period=10.000ns})
  Path Group:             processing_clk
  Path Type:              Setup (Max at Slow Process Corner)
  Requirement:            10.000ns  (processing_clk rise@10.000ns - processing_clk rise@0.000ns)
  Data Path Delay:        20.173ns  (logic 8.665ns (42.952%)  route 11.508ns (57.048%))
  Logic Levels:           39  (CARRY4=26 LUT4=2 LUT5=2 LUT6=9)
  Clock Path Skew:        -0.042ns (DCD - SCD + CPR)
    Destination Clock Delay (DCD):    3.819ns = ( 13.819 - 10.000 ) 
    Source Clock Delay      (SCD):    4.266ns
    Clock Pessimism Removal (CPR):    0.405ns
  Clock Uncertainty:      0.035ns  ((TSJ^2 + TIJ^2)^1/2 + DJ) / 2 + PE
    Total System Jitter     (TSJ):    0.071ns
    Total Input Jitter      (TIJ):    0.000ns
    Discrete Jitter          (DJ):    0.000ns
    Phase Error              (PE):    0.000ns

    Location             Delay type                Incr(ns)  Path(ns)    Netlist Resource(s)
  -------------------------------------------------------------------    -------------------
                         (clock processing_clk rise edge)
                                                      0.000     0.000 r  
    Y9                                                0.000     0.000 r  processing_clk (IN)
                         net (fo=0)                   0.000     0.000    processing_clk
    Y9                   IBUF (Prop_ibuf_I_O)         0.962     0.962 r  processing_clk_IBUF_inst/O
                         net (fo=1, routed)           1.843     2.805    processing_clk_IBUF
    BUFGCTRL_X0Y0        BUFG (Prop_bufg_I_O)         0.085     2.890 r  processing_clk_IBUF_BUFG_inst/O
                         net (fo=3610, routed)        1.376     4.266    u_fir_wrap/u_fir_compiler/U0/i_synth/g_single_rate.i_single_rate/aclk
    SLICE_X49Y79         FDRE                                         r  u_fir_wrap/u_fir_compiler/U0/i_synth/g_single_rate.i_single_rate/g_m_data_chan_no_fifo.m_axis_data_tdata_int_reg[0]/C
  -------------------------------------------------------------------    -------------------
    SLICE_X49Y79         FDRE (Prop_fdre_C_Q)         0.379     4.645 r  u_fir_wrap/u_fir_compiler/U0/i_synth/g_single_rate.i_single_rate/g_m_data_chan_no_fifo.m_axis_data_tdata_int_reg[0]/Q
                         net (fo=2, routed)           0.413     5.058    u_fir_wrap/ip_output_data[0]
    SLICE_X48Y79         CARRY4 (Prop_carry4_DI[0]_CO[3])
                                                      0.436     5.494 r  u_fir_wrap/p_0_in1_carry/CO[3]
                         net (fo=1, routed)           0.000     5.494    u_fir_wrap/p_0_in1_carry_n_0
    SLICE_X48Y80         CARRY4 (Prop_carry4_CI_CO[3])
                                                      0.098     5.592 r  u_fir_wrap/p_0_in1_carry__0/CO[3]
                         net (fo=1, routed)           0.000     5.592    u_fir_wrap/p_0_in1_carry__0_n_0
    SLICE_X48Y81         CARRY4 (Prop_carry4_CI_CO[3])
                                                      0.098     5.690 r  u_fir_wrap/p_0_in1_carry__1/CO[3]
                         net (fo=1, routed)           0.000     5.690    u_fir_wrap/p_0_in1_carry__1_n_0
    SLICE_X48Y82         CARRY4 (Prop_carry4_CI_CO[3])
                                                      0.098     5.788 r  u_fir_wrap/p_0_in1_carry__2/CO[3]
                         net (fo=1, routed)           0.000     5.788    u_fir_wrap/p_0_in1_carry__2_n_0
    SLICE_X48Y83         CARRY4 (Prop_carry4_CI_CO[3])
                                                      0.098     5.886 r  u_fir_wrap/p_0_in1_carry__3/CO[3]
                         net (fo=1, routed)           0.000     5.886    u_fir_wrap/p_0_in1_carry__3_n_0
    SLICE_X48Y84         CARRY4 (Prop_carry4_CI_CO[3])
                                                      0.098     5.984 r  u_fir_wrap/p_0_in1_carry__4/CO[3]
                         net (fo=1, routed)           0.000     5.984    u_fir_wrap/p_0_in1_carry__4_n_0
    SLICE_X48Y85         CARRY4 (Prop_carry4_CI_CO[3])
                                                      0.098     6.082 r  u_fir_wrap/p_0_in1_carry__5/CO[3]
                         net (fo=1, routed)           0.000     6.082    u_fir_wrap/p_0_in1_carry__5_n_0
    SLICE_X48Y86         CARRY4 (Prop_carry4_CI_CO[3])
                                                      0.098     6.180 r  u_fir_wrap/p_0_in1_carry__6/CO[3]
                         net (fo=1, routed)           0.000     6.180    u_fir_wrap/p_0_in1_carry__6_n_0
    SLICE_X48Y87         CARRY4 (Prop_carry4_CI_CO[3])
                                                      0.098     6.278 r  u_fir_wrap/p_0_in1_carry__7/CO[3]
                         net (fo=1, routed)           0.000     6.278    u_fir_wrap/p_0_in1_carry__7_n_0
    SLICE_X48Y88         CARRY4 (Prop_carry4_CI_CO[3])
                                                      0.098     6.376 r  u_fir_wrap/p_0_in1_carry__8/CO[3]
                         net (fo=1, routed)           0.000     6.376    u_fir_wrap/p_0_in1_carry__8_n_0
    SLICE_X48Y89         CARRY4 (Prop_carry4_CI_CO[0])
                                                      0.216     6.592 r  u_fir_wrap/saturation_now0_carry__0_i_1/CO[0]
                         net (fo=42, routed)          0.616     7.208    u_fir_wrap/saturation_now0_carry__0_i_1_n_3
    SLICE_X49Y88         CARRY4 (Prop_carry4_S[1]_CO[3])
                                                      0.766     7.974 r  u_fir_wrap/saturation_now1_carry__0/CO[3]
                         net (fo=1, routed)           0.000     7.974    u_fir_wrap/saturation_now1_carry__0_n_0
    SLICE_X49Y89         CARRY4 (Prop_carry4_CI_CO[3])
                                                      0.098     8.072 r  u_fir_wrap/saturation_now1_carry__1/CO[3]
                         net (fo=1, routed)           0.000     8.072    u_fir_wrap/saturation_now1_carry__1_n_0
    SLICE_X49Y90         CARRY4 (Prop_carry4_CI_CO[1])
                                                      0.132     8.204 r  u_fir_wrap/saturation_now1_carry__2/CO[1]
                         net (fo=102, routed)         0.589     8.793    u_fir_wrap/saturation_now1_carry__2_n_2
    SLICE_X45Y88         LUT4 (Prop_lut4_I0_O)        0.275     9.068 r  u_fir_wrap/segment_min_with_sample2_carry_i_10/O
                         net (fo=23, routed)          0.801     9.870    u_fir_wrap/segment_min_with_sample2_carry_i_10_n_0
    SLICE_X44Y89         LUT6 (Prop_lut6_I3_O)        0.105     9.975 r  u_fir_wrap/segment_max_with_sample2_carry_i_2_comp/O
                         net (fo=1, routed)           0.731    10.706    u_peak_to_peak_detector/segment_max_with_sample2_carry__0_0[2]
    SLICE_X45Y90         CARRY4 (Prop_carry4_DI[2]_CO[3])
                                                      0.329    11.035 r  u_peak_to_peak_detector/segment_max_with_sample2_carry/CO[3]
                         net (fo=1, routed)           0.000    11.035    u_peak_to_peak_detector/segment_max_with_sample2_carry_n_0
    SLICE_X45Y91         CARRY4 (Prop_carry4_CI_CO[3])
                                                      0.098    11.133 r  u_peak_to_peak_detector/segment_max_with_sample2_carry__0/CO[3]
                         net (fo=28, routed)          0.950    12.082    u_fir_wrap/CO[0]
    SLICE_X43Y90         LUT6 (Prop_lut6_I4_O)        0.105    12.187 r  u_fir_wrap/segment_max[4]_i_1_comp/O
                         net (fo=2, routed)           0.757    12.944    u_peak_to_peak_detector/D[4]
    SLICE_X47Y90         CARRY4 (Prop_carry4_DI[0]_CO[3])
                                                      0.436    13.380 r  u_peak_to_peak_detector/vpp_sum1_carry__0/CO[3]
                         net (fo=1, routed)           0.000    13.380    u_peak_to_peak_detector/vpp_sum1_carry__0_n_0
    SLICE_X47Y91         CARRY4 (Prop_carry4_CI_O[2])
                                                      0.200    13.580 r  u_peak_to_peak_detector/vpp_sum1_carry__1/O[2]
                         net (fo=17, routed)          0.859    14.440    u_peak_to_peak_detector/vpp_sum1[10]
    SLICE_X48Y93         LUT4 (Prop_lut4_I0_O)        0.253    14.693 r  u_peak_to_peak_detector/i__carry__0_i_7__0/O
                         net (fo=1, routed)           0.000    14.693    u_peak_to_peak_detector/i__carry__0_i_7__0_n_0
    SLICE_X48Y93         CARRY4 (Prop_carry4_S[1]_CO[3])
                                                      0.457    15.150 r  u_peak_to_peak_detector/p_0_out_inferred__1/i__carry__0/CO[3]
                         net (fo=32, routed)          0.842    15.992    u_peak_to_peak_detector/p_0_out_inferred__1/i__carry__0_n_0
    SLICE_X47Y93         LUT6 (Prop_lut6_I5_O)        0.105    16.097 r  u_peak_to_peak_detector/vpp_out2__0_carry_i_10/O
                         net (fo=3, routed)           0.493    16.589    u_peak_to_peak_detector/vpp_out2__0_carry_i_10_n_0
    SLICE_X43Y92         LUT5 (Prop_lut5_I1_O)        0.105    16.694 r  u_peak_to_peak_detector/vpp_out2__0_carry_i_2_comp/O
                         net (fo=1, routed)           0.592    17.286    u_peak_to_peak_detector/vpp_out2__0_carry_i_2_n_0
    SLICE_X49Y93         CARRY4 (Prop_carry4_DI[2]_CO[3])
                                                      0.329    17.615 r  u_peak_to_peak_detector/vpp_out2__0_carry/CO[3]
                         net (fo=1, routed)           0.000    17.615    u_peak_to_peak_detector/vpp_out2__0_carry_n_0
    SLICE_X49Y94         CARRY4 (Prop_carry4_CI_O[1])
                                                      0.265    17.880 r  u_peak_to_peak_detector/vpp_out2__0_carry__0/O[1]
                         net (fo=3, routed)           0.680    18.560    u_peak_to_peak_detector/vpp_out2__0_carry__0_n_6
    SLICE_X41Y94         LUT6 (Prop_lut6_I0_O)        0.250    18.810 r  u_peak_to_peak_detector/vpp_out2__57_carry__0_i_9/O
                         net (fo=3, routed)           0.605    19.415    u_peak_to_peak_detector/vpp_out2__57_carry__0_i_9_n_0
    SLICE_X45Y94         LUT5 (Prop_lut5_I0_O)        0.105    19.520 r  u_peak_to_peak_detector/vpp_out2__57_carry__0_i_5/O
                         net (fo=1, routed)           0.000    19.520    u_peak_to_peak_detector/vpp_out2__57_carry__0_i_5_n_0
    SLICE_X45Y94         CARRY4 (Prop_carry4_S[3]_CO[3])
                                                      0.332    19.852 r  u_peak_to_peak_detector/vpp_out2__57_carry__0/CO[3]
                         net (fo=1, routed)           0.000    19.852    u_peak_to_peak_detector/vpp_out2__57_carry__0_n_0
    SLICE_X45Y95         CARRY4 (Prop_carry4_CI_O[1])
                                                      0.265    20.117 r  u_peak_to_peak_detector/vpp_out2__57_carry__1/O[1]
                         net (fo=1, routed)           0.478    20.596    u_peak_to_peak_detector/vpp_out2__57_carry__1_n_6
    SLICE_X43Y95         CARRY4 (Prop_carry4_S[1]_CO[3])
                                                      0.707    21.303 r  u_peak_to_peak_detector/vpp_out1_carry__1/CO[3]
                         net (fo=1, routed)           0.000    21.303    u_peak_to_peak_detector/vpp_out1_carry__1_n_0
    SLICE_X43Y96         CARRY4 (Prop_carry4_CI_CO[3])
                                                      0.098    21.401 r  u_peak_to_peak_detector/vpp_out1_carry__2/CO[3]
                         net (fo=1, routed)           0.000    21.401    u_peak_to_peak_detector/vpp_out1_carry__2_n_0
    SLICE_X43Y97         CARRY4 (Prop_carry4_CI_O[3])
                                                      0.260    21.661 r  u_peak_to_peak_detector/vpp_out1_carry__3/O[3]
                         net (fo=5, routed)           0.861    22.522    u_peak_to_peak_detector/vpp_out1[19]
    SLICE_X42Y98         LUT6 (Prop_lut6_I1_O)        0.257    22.779 r  u_peak_to_peak_detector/vpp_out[13]_i_1/O
                         net (fo=6, routed)           0.387    23.166    u_peak_to_peak_detector/vpp_out[13]_i_1_n_0
    SLICE_X40Y97         LUT6 (Prop_lut6_I2_O)        0.105    23.271 r  u_peak_to_peak_detector/vpp_out[10]_i_1/O
                         net (fo=4, routed)           0.248    23.518    u_peak_to_peak_detector/vpp_out[10]_i_1_n_0
    SLICE_X40Y97         LUT6 (Prop_lut6_I1_O)        0.105    23.623 r  u_peak_to_peak_detector/vpp_out[8]_i_1/O
                         net (fo=3, routed)           0.355    23.978    u_peak_to_peak_detector/vpp_out[8]_i_1_n_0
    SLICE_X40Y97         LUT6 (Prop_lut6_I2_O)        0.105    24.083 r  u_peak_to_peak_detector/vpp_out[5]_i_1/O
                         net (fo=3, routed)           0.252    24.335    u_peak_to_peak_detector/vpp_out[5]_i_1_n_0
    SLICE_X39Y97         LUT6 (Prop_lut6_I3_O)        0.105    24.440 r  u_peak_to_peak_detector/vpp_out[2]_i_1/O
                         net (fo=3, routed)           0.000    24.440    u_peak_to_peak_detector/vpp_out[2]_i_1_n_0
    SLICE_X39Y97         FDRE                                         r  u_peak_to_peak_detector/vpp_out_reg[2]/D
  -------------------------------------------------------------------    -------------------

                         (clock processing_clk rise edge)
                                                     10.000    10.000 r  
    Y9                                                0.000    10.000 r  processing_clk (IN)
                         net (fo=0)                   0.000    10.000    processing_clk
    Y9                   IBUF (Prop_ibuf_I_O)         0.831    10.831 r  processing_clk_IBUF_inst/O
                         net (fo=1, routed)           1.673    12.504    processing_clk_IBUF
    BUFGCTRL_X0Y0        BUFG (Prop_bufg_I_O)         0.077    12.581 r  processing_clk_IBUF_BUFG_inst/O
                         net (fo=3610, routed)        1.238    13.819    u_peak_to_peak_detector/processing_clk_IBUF_BUFG
    SLICE_X39Y97         FDRE                                         r  u_peak_to_peak_detector/vpp_out_reg[2]/C
                         clock pessimism              0.405    14.224    
                         clock uncertainty           -0.035    14.189    
    SLICE_X39Y97         FDRE (Setup_fdre_C_D)        0.032    14.221    u_peak_to_peak_detector/vpp_out_reg[2]
  -------------------------------------------------------------------
                         required time                         14.221    
                         arrival time                         -24.440    
  -------------------------------------------------------------------
                         slack                                -10.219    

Slack (VIOLATED) :        -10.091ns  (required time - arrival time)
  Source:                 u_fir_wrap/u_fir_compiler/U0/i_synth/g_single_rate.i_single_rate/g_m_data_chan_no_fifo.m_axis_data_tdata_int_reg[0]/C
                            (rising edge-triggered cell FDRE clocked by processing_clk  {rise@0.000ns fall@5.000ns period=10.000ns})
  Destination:            u_peak_to_peak_detector/vpp_out_reg[9]/D
                            (rising edge-triggered cell FDRE clocked by processing_clk  {rise@0.000ns fall@5.000ns period=10.000ns})
  Path Group:             processing_clk
  Path Type:              Setup (Max at Slow Process Corner)
  Requirement:            10.000ns  (processing_clk rise@10.000ns - processing_clk rise@0.000ns)
  Data Path Delay:        19.966ns  (logic 8.455ns (42.347%)  route 11.511ns (57.653%))
  Logic Levels:           37  (CARRY4=26 LUT4=2 LUT5=2 LUT6=7)
  Clock Path Skew:        -0.043ns (DCD - SCD + CPR)
    Destination Clock Delay (DCD):    3.818ns = ( 13.818 - 10.000 ) 
    Source Clock Delay      (SCD):    4.266ns
    Clock Pessimism Removal (CPR):    0.405ns
  Clock Uncertainty:      0.035ns  ((TSJ^2 + TIJ^2)^1/2 + DJ) / 2 + PE
    Total System Jitter     (TSJ):    0.071ns
    Total Input Jitter      (TIJ):    0.000ns
    Discrete Jitter          (DJ):    0.000ns
    Phase Error              (PE):    0.000ns

    Location             Delay type                Incr(ns)  Path(ns)    Netlist Resource(s)
  -------------------------------------------------------------------    -------------------
                         (clock processing_clk rise edge)
                                                      0.000     0.000 r  
    Y9                                                0.000     0.000 r  processing_clk (IN)
                         net (fo=0)                   0.000     0.000    processing_clk
    Y9                   IBUF (Prop_ibuf_I_O)         0.962     0.962 r  processing_clk_IBUF_inst/O
                         net (fo=1, routed)           1.843     2.805    processing_clk_IBUF
    BUFGCTRL_X0Y0        BUFG (Prop_bufg_I_O)         0.085     2.890 r  processing_clk_IBUF_BUFG_inst/O
                         net (fo=3610, routed)        1.376     4.266    u_fir_wrap/u_fir_compiler/U0/i_synth/g_single_rate.i_single_rate/aclk
    SLICE_X49Y79         FDRE                                         r  u_fir_wrap/u_fir_compiler/U0/i_synth/g_single_rate.i_single_rate/g_m_data_chan_no_fifo.m_axis_data_tdata_int_reg[0]/C
  -------------------------------------------------------------------    -------------------
    SLICE_X49Y79         FDRE (Prop_fdre_C_Q)         0.379     4.645 r  u_fir_wrap/u_fir_compiler/U0/i_synth/g_single_rate.i_single_rate/g_m_data_chan_no_fifo.m_axis_data_tdata_int_reg[0]/Q
                         net (fo=2, routed)           0.413     5.058    u_fir_wrap/ip_output_data[0]
    SLICE_X48Y79         CARRY4 (Prop_carry4_DI[0]_CO[3])
                                                      0.436     5.494 r  u_fir_wrap/p_0_in1_carry/CO[3]
                         net (fo=1, routed)           0.000     5.494    u_fir_wrap/p_0_in1_carry_n_0
    SLICE_X48Y80         CARRY4 (Prop_carry4_CI_CO[3])
                                                      0.098     5.592 r  u_fir_wrap/p_0_in1_carry__0/CO[3]
                         net (fo=1, routed)           0.000     5.592    u_fir_wrap/p_0_in1_carry__0_n_0
    SLICE_X48Y81         CARRY4 (Prop_carry4_CI_CO[3])
                                                      0.098     5.690 r  u_fir_wrap/p_0_in1_carry__1/CO[3]
                         net (fo=1, routed)           0.000     5.690    u_fir_wrap/p_0_in1_carry__1_n_0
    SLICE_X48Y82         CARRY4 (Prop_carry4_CI_CO[3])
                                                      0.098     5.788 r  u_fir_wrap/p_0_in1_carry__2/CO[3]
                         net (fo=1, routed)           0.000     5.788    u_fir_wrap/p_0_in1_carry__2_n_0
    SLICE_X48Y83         CARRY4 (Prop_carry4_CI_CO[3])
                                                      0.098     5.886 r  u_fir_wrap/p_0_in1_carry__3/CO[3]
                         net (fo=1, routed)           0.000     5.886    u_fir_wrap/p_0_in1_carry__3_n_0
    SLICE_X48Y84         CARRY4 (Prop_carry4_CI_CO[3])
                                                      0.098     5.984 r  u_fir_wrap/p_0_in1_carry__4/CO[3]
                         net (fo=1, routed)           0.000     5.984    u_fir_wrap/p_0_in1_carry__4_n_0
    SLICE_X48Y85         CARRY4 (Prop_carry4_CI_CO[3])
                                                      0.098     6.082 r  u_fir_wrap/p_0_in1_carry__5/CO[3]
                         net (fo=1, routed)           0.000     6.082    u_fir_wrap/p_0_in1_carry__5_n_0
    SLICE_X48Y86         CARRY4 (Prop_carry4_CI_CO[3])
                                                      0.098     6.180 r  u_fir_wrap/p_0_in1_carry__6/CO[3]
                         net (fo=1, routed)           0.000     6.180    u_fir_wrap/p_0_in1_carry__6_n_0
    SLICE_X48Y87         CARRY4 (Prop_carry4_CI_CO[3])
                                                      0.098     6.278 r  u_fir_wrap/p_0_in1_carry__7/CO[3]
                         net (fo=1, routed)           0.000     6.278    u_fir_wrap/p_0_in1_carry__7_n_0
    SLICE_X48Y88         CARRY4 (Prop_carry4_CI_CO[3])
                                                      0.098     6.376 r  u_fir_wrap/p_0_in1_carry__8/CO[3]
                         net (fo=1, routed)           0.000     6.376    u_fir_wrap/p_0_in1_carry__8_n_0
    SLICE_X48Y89         CARRY4 (Prop_carry4_CI_CO[0])
                                                      0.216     6.592 r  u_fir_wrap/saturation_now0_carry__0_i_1/CO[0]
                         net (fo=42, routed)          0.616     7.208    u_fir_wrap/saturation_now0_carry__0_i_1_n_3
    SLICE_X49Y88         CARRY4 (Prop_carry4_S[1]_CO[3])
                                                      0.766     7.974 r  u_fir_wrap/saturation_now1_carry__0/CO[3]
                         net (fo=1, routed)           0.000     7.974    u_fir_wrap/saturation_now1_carry__0_n_0
    SLICE_X49Y89         CARRY4 (Prop_carry4_CI_CO[3])
                                                      0.098     8.072 r  u_fir_wrap/saturation_now1_carry__1/CO[3]
                         net (fo=1, routed)           0.000     8.072    u_fir_wrap/saturation_now1_carry__1_n_0
    SLICE_X49Y90         CARRY4 (Prop_carry4_CI_CO[1])
                                                      0.132     8.204 r  u_fir_wrap/saturation_now1_carry__2/CO[1]
                         net (fo=102, routed)         0.589     8.793    u_fir_wrap/saturation_now1_carry__2_n_2
    SLICE_X45Y88         LUT4 (Prop_lut4_I0_O)        0.275     9.068 r  u_fir_wrap/segment_min_with_sample2_carry_i_10/O
                         net (fo=23, routed)          0.801     9.870    u_fir_wrap/segment_min_with_sample2_carry_i_10_n_0
    SLICE_X44Y89         LUT6 (Prop_lut6_I3_O)        0.105     9.975 r  u_fir_wrap/segment_max_with_sample2_carry_i_2_comp/O
                         net (fo=1, routed)           0.731    10.706    u_peak_to_peak_detector/segment_max_with_sample2_carry__0_0[2]
    SLICE_X45Y90         CARRY4 (Prop_carry4_DI[2]_CO[3])
                                                      0.329    11.035 r  u_peak_to_peak_detector/segment_max_with_sample2_carry/CO[3]
                         net (fo=1, routed)           0.000    11.035    u_peak_to_peak_detector/segment_max_with_sample2_carry_n_0
    SLICE_X45Y91         CARRY4 (Prop_carry4_CI_CO[3])
                                                      0.098    11.133 r  u_peak_to_peak_detector/segment_max_with_sample2_carry__0/CO[3]
                         net (fo=28, routed)          0.950    12.082    u_fir_wrap/CO[0]
    SLICE_X43Y90         LUT6 (Prop_lut6_I4_O)        0.105    12.187 r  u_fir_wrap/segment_max[4]_i_1_comp/O
                         net (fo=2, routed)           0.757    12.944    u_peak_to_peak_detector/D[4]
    SLICE_X47Y90         CARRY4 (Prop_carry4_DI[0]_CO[3])
                                                      0.436    13.380 r  u_peak_to_peak_detector/vpp_sum1_carry__0/CO[3]
                         net (fo=1, routed)           0.000    13.380    u_peak_to_peak_detector/vpp_sum1_carry__0_n_0
    SLICE_X47Y91         CARRY4 (Prop_carry4_CI_O[2])
                                                      0.200    13.580 r  u_peak_to_peak_detector/vpp_sum1_carry__1/O[2]
                         net (fo=17, routed)          0.859    14.440    u_peak_to_peak_detector/vpp_sum1[10]
    SLICE_X48Y93         LUT4 (Prop_lut4_I0_O)        0.253    14.693 r  u_peak_to_peak_detector/i__carry__0_i_7__0/O
                         net (fo=1, routed)           0.000    14.693    u_peak_to_peak_detector/i__carry__0_i_7__0_n_0
    SLICE_X48Y93         CARRY4 (Prop_carry4_S[1]_CO[3])
                                                      0.457    15.150 r  u_peak_to_peak_detector/p_0_out_inferred__1/i__carry__0/CO[3]
                         net (fo=32, routed)          0.842    15.992    u_peak_to_peak_detector/p_0_out_inferred__1/i__carry__0_n_0
    SLICE_X47Y93         LUT6 (Prop_lut6_I5_O)        0.105    16.097 r  u_peak_to_peak_detector/vpp_out2__0_carry_i_10/O
                         net (fo=3, routed)           0.493    16.589    u_peak_to_peak_detector/vpp_out2__0_carry_i_10_n_0
    SLICE_X43Y92         LUT5 (Prop_lut5_I1_O)        0.105    16.694 r  u_peak_to_peak_detector/vpp_out2__0_carry_i_2_comp/O
                         net (fo=1, routed)           0.592    17.286    u_peak_to_peak_detector/vpp_out2__0_carry_i_2_n_0
    SLICE_X49Y93         CARRY4 (Prop_carry4_DI[2]_CO[3])
                                                      0.329    17.615 r  u_peak_to_peak_detector/vpp_out2__0_carry/CO[3]
                         net (fo=1, routed)           0.000    17.615    u_peak_to_peak_detector/vpp_out2__0_carry_n_0
    SLICE_X49Y94         CARRY4 (Prop_carry4_CI_O[1])
                                                      0.265    17.880 r  u_peak_to_peak_detector/vpp_out2__0_carry__0/O[1]
                         net (fo=3, routed)           0.680    18.560    u_peak_to_peak_detector/vpp_out2__0_carry__0_n_6
    SLICE_X41Y94         LUT6 (Prop_lut6_I0_O)        0.250    18.810 r  u_peak_to_peak_detector/vpp_out2__57_carry__0_i_9/O
                         net (fo=3, routed)           0.605    19.415    u_peak_to_peak_detector/vpp_out2__57_carry__0_i_9_n_0
    SLICE_X45Y94         LUT5 (Prop_lut5_I0_O)        0.105    19.520 r  u_peak_to_peak_detector/vpp_out2__57_carry__0_i_5/O
                         net (fo=1, routed)           0.000    19.520    u_peak_to_peak_detector/vpp_out2__57_carry__0_i_5_n_0
    SLICE_X45Y94         CARRY4 (Prop_carry4_S[3]_CO[3])
                                                      0.332    19.852 r  u_peak_to_peak_detector/vpp_out2__57_carry__0/CO[3]
                         net (fo=1, routed)           0.000    19.852    u_peak_to_peak_detector/vpp_out2__57_carry__0_n_0
    SLICE_X45Y95         CARRY4 (Prop_carry4_CI_O[1])
                                                      0.265    20.117 r  u_peak_to_peak_detector/vpp_out2__57_carry__1/O[1]
                         net (fo=1, routed)           0.478    20.596    u_peak_to_peak_detector/vpp_out2__57_carry__1_n_6
    SLICE_X43Y95         CARRY4 (Prop_carry4_S[1]_CO[3])
                                                      0.707    21.303 r  u_peak_to_peak_detector/vpp_out1_carry__1/CO[3]
                         net (fo=1, routed)           0.000    21.303    u_peak_to_peak_detector/vpp_out1_carry__1_n_0
    SLICE_X43Y96         CARRY4 (Prop_carry4_CI_CO[3])
                                                      0.098    21.401 r  u_peak_to_peak_detector/vpp_out1_carry__2/CO[3]
                         net (fo=1, routed)           0.000    21.401    u_peak_to_peak_detector/vpp_out1_carry__2_n_0
    SLICE_X43Y97         CARRY4 (Prop_carry4_CI_O[3])
                                                      0.260    21.661 r  u_peak_to_peak_detector/vpp_out1_carry__3/O[3]
                         net (fo=5, routed)           0.861    22.522    u_peak_to_peak_detector/vpp_out1[19]
    SLICE_X42Y98         LUT6 (Prop_lut6_I1_O)        0.257    22.779 r  u_peak_to_peak_detector/vpp_out[13]_i_1/O
                         net (fo=6, routed)           0.354    23.132    u_peak_to_peak_detector/vpp_out[13]_i_1_n_0
    SLICE_X42Y97         LUT6 (Prop_lut6_I2_O)        0.105    23.237 r  u_peak_to_peak_detector/vpp_out[11]_i_1/O
                         net (fo=4, routed)           0.472    23.709    u_peak_to_peak_detector/vpp_out[11]_i_1_n_0
    SLICE_X41Y97         LUT6 (Prop_lut6_I4_O)        0.105    23.814 r  u_peak_to_peak_detector/vpp_out[9]_i_1/O
                         net (fo=2, routed)           0.418    24.232    u_peak_to_peak_detector/vpp_out[9]_i_1_n_0
    SLICE_X41Y99         FDRE                                         r  u_peak_to_peak_detector/vpp_out_reg[9]/D
  -------------------------------------------------------------------    -------------------

                         (clock processing_clk rise edge)
                                                     10.000    10.000 r  
    Y9                                                0.000    10.000 r  processing_clk (IN)
                         net (fo=0)                   0.000    10.000    processing_clk
    Y9                   IBUF (Prop_ibuf_I_O)         0.831    10.831 r  processing_clk_IBUF_inst/O
                         net (fo=1, routed)           1.673    12.504    processing_clk_IBUF
    BUFGCTRL_X0Y0        BUFG (Prop_bufg_I_O)         0.077    12.581 r  processing_clk_IBUF_BUFG_inst/O
                         net (fo=3610, routed)        1.237    13.818    u_peak_to_peak_detector/processing_clk_IBUF_BUFG
    SLICE_X41Y99         FDRE                                         r  u_peak_to_peak_detector/vpp_out_reg[9]/C
                         clock pessimism              0.405    14.223    
                         clock uncertainty           -0.035    14.188    
    SLICE_X41Y99         FDRE (Setup_fdre_C_D)       -0.047    14.141    u_peak_to_peak_detector/vpp_out_reg[9]
  -------------------------------------------------------------------
                         required time                         14.141    
                         arrival time                         -24.232    
  -------------------------------------------------------------------
                         slack                                -10.091    

Slack (VIOLATED) :        -9.863ns  (required time - arrival time)
  Source:                 u_fir_wrap/u_fir_compiler/U0/i_synth/g_single_rate.i_single_rate/g_m_data_chan_no_fifo.m_axis_data_tdata_int_reg[0]/C
                            (rising edge-triggered cell FDRE clocked by processing_clk  {rise@0.000ns fall@5.000ns period=10.000ns})
  Destination:            u_peak_to_peak_detector/vpp_out_reg[5]/D
                            (rising edge-triggered cell FDRE clocked by processing_clk  {rise@0.000ns fall@5.000ns period=10.000ns})
  Path Group:             processing_clk
  Path Type:              Setup (Max at Slow Process Corner)
  Requirement:            10.000ns  (processing_clk rise@10.000ns - processing_clk rise@0.000ns)
  Data Path Delay:        19.817ns  (logic 8.560ns (43.196%)  route 11.257ns (56.804%))
  Logic Levels:           38  (CARRY4=26 LUT4=2 LUT5=2 LUT6=8)
  Clock Path Skew:        -0.043ns (DCD - SCD + CPR)
    Destination Clock Delay (DCD):    3.818ns = ( 13.818 - 10.000 ) 
    Source Clock Delay      (SCD):    4.266ns
    Clock Pessimism Removal (CPR):    0.405ns
  Clock Uncertainty:      0.035ns  ((TSJ^2 + TIJ^2)^1/2 + DJ) / 2 + PE
    Total System Jitter     (TSJ):    0.071ns
    Total Input Jitter      (TIJ):    0.000ns
    Discrete Jitter          (DJ):    0.000ns
    Phase Error              (PE):    0.000ns

    Location             Delay type                Incr(ns)  Path(ns)    Netlist Resource(s)
  -------------------------------------------------------------------    -------------------
                         (clock processing_clk rise edge)
                                                      0.000     0.000 r  
    Y9                                                0.000     0.000 r  processing_clk (IN)
                         net (fo=0)                   0.000     0.000    processing_clk
    Y9                   IBUF (Prop_ibuf_I_O)         0.962     0.962 r  processing_clk_IBUF_inst/O
                         net (fo=1, routed)           1.843     2.805    processing_clk_IBUF
    BUFGCTRL_X0Y0        BUFG (Prop_bufg_I_O)         0.085     2.890 r  processing_clk_IBUF_BUFG_inst/O
                         net (fo=3610, routed)        1.376     4.266    u_fir_wrap/u_fir_compiler/U0/i_synth/g_single_rate.i_single_rate/aclk
    SLICE_X49Y79         FDRE                                         r  u_fir_wrap/u_fir_compiler/U0/i_synth/g_single_rate.i_single_rate/g_m_data_chan_no_fifo.m_axis_data_tdata_int_reg[0]/C
  -------------------------------------------------------------------    -------------------
    SLICE_X49Y79         FDRE (Prop_fdre_C_Q)         0.379     4.645 r  u_fir_wrap/u_fir_compiler/U0/i_synth/g_single_rate.i_single_rate/g_m_data_chan_no_fifo.m_axis_data_tdata_int_reg[0]/Q
                         net (fo=2, routed)           0.413     5.058    u_fir_wrap/ip_output_data[0]
    SLICE_X48Y79         CARRY4 (Prop_carry4_DI[0]_CO[3])
                                                      0.436     5.494 r  u_fir_wrap/p_0_in1_carry/CO[3]
                         net (fo=1, routed)           0.000     5.494    u_fir_wrap/p_0_in1_carry_n_0
    SLICE_X48Y80         CARRY4 (Prop_carry4_CI_CO[3])
                                                      0.098     5.592 r  u_fir_wrap/p_0_in1_carry__0/CO[3]
                         net (fo=1, routed)           0.000     5.592    u_fir_wrap/p_0_in1_carry__0_n_0
    SLICE_X48Y81         CARRY4 (Prop_carry4_CI_CO[3])
                                                      0.098     5.690 r  u_fir_wrap/p_0_in1_carry__1/CO[3]
                         net (fo=1, routed)           0.000     5.690    u_fir_wrap/p_0_in1_carry__1_n_0
    SLICE_X48Y82         CARRY4 (Prop_carry4_CI_CO[3])
                                                      0.098     5.788 r  u_fir_wrap/p_0_in1_carry__2/CO[3]
                         net (fo=1, routed)           0.000     5.788    u_fir_wrap/p_0_in1_carry__2_n_0
    SLICE_X48Y83         CARRY4 (Prop_carry4_CI_CO[3])
                                                      0.098     5.886 r  u_fir_wrap/p_0_in1_carry__3/CO[3]
                         net (fo=1, routed)           0.000     5.886    u_fir_wrap/p_0_in1_carry__3_n_0
    SLICE_X48Y84         CARRY4 (Prop_carry4_CI_CO[3])
                                                      0.098     5.984 r  u_fir_wrap/p_0_in1_carry__4/CO[3]
                         net (fo=1, routed)           0.000     5.984    u_fir_wrap/p_0_in1_carry__4_n_0
    SLICE_X48Y85         CARRY4 (Prop_carry4_CI_CO[3])
                                                      0.098     6.082 r  u_fir_wrap/p_0_in1_carry__5/CO[3]
                         net (fo=1, routed)           0.000     6.082    u_fir_wrap/p_0_in1_carry__5_n_0
    SLICE_X48Y86         CARRY4 (Prop_carry4_CI_CO[3])
                                                      0.098     6.180 r  u_fir_wrap/p_0_in1_carry__6/CO[3]
                         net (fo=1, routed)           0.000     6.180    u_fir_wrap/p_0_in1_carry__6_n_0
    SLICE_X48Y87         CARRY4 (Prop_carry4_CI_CO[3])
                                                      0.098     6.278 r  u_fir_wrap/p_0_in1_carry__7/CO[3]
                         net (fo=1, routed)           0.000     6.278    u_fir_wrap/p_0_in1_carry__7_n_0
    SLICE_X48Y88         CARRY4 (Prop_carry4_CI_CO[3])
                                                      0.098     6.376 r  u_fir_wrap/p_0_in1_carry__8/CO[3]
                         net (fo=1, routed)           0.000     6.376    u_fir_wrap/p_0_in1_carry__8_n_0
    SLICE_X48Y89         CARRY4 (Prop_carry4_CI_CO[0])
                                                      0.216     6.592 r  u_fir_wrap/saturation_now0_carry__0_i_1/CO[0]
                         net (fo=42, routed)          0.616     7.208    u_fir_wrap/saturation_now0_carry__0_i_1_n_3
    SLICE_X49Y88         CARRY4 (Prop_carry4_S[1]_CO[3])
                                                      0.766     7.974 r  u_fir_wrap/saturation_now1_carry__0/CO[3]
                         net (fo=1, routed)           0.000     7.974    u_fir_wrap/saturation_now1_carry__0_n_0
    SLICE_X49Y89         CARRY4 (Prop_carry4_CI_CO[3])
                                                      0.098     8.072 r  u_fir_wrap/saturation_now1_carry__1/CO[3]
                         net (fo=1, routed)           0.000     8.072    u_fir_wrap/saturation_now1_carry__1_n_0
    SLICE_X49Y90         CARRY4 (Prop_carry4_CI_CO[1])
                                                      0.132     8.204 r  u_fir_wrap/saturation_now1_carry__2/CO[1]
                         net (fo=102, routed)         0.589     8.793    u_fir_wrap/saturation_now1_carry__2_n_2
    SLICE_X45Y88         LUT4 (Prop_lut4_I0_O)        0.275     9.068 r  u_fir_wrap/segment_min_with_sample2_carry_i_10/O
                         net (fo=23, routed)          0.801     9.870    u_fir_wrap/segment_min_with_sample2_carry_i_10_n_0
    SLICE_X44Y89         LUT6 (Prop_lut6_I3_O)        0.105     9.975 r  u_fir_wrap/segment_max_with_sample2_carry_i_2_comp/O
                         net (fo=1, routed)           0.731    10.706    u_peak_to_peak_detector/segment_max_with_sample2_carry__0_0[2]
    SLICE_X45Y90         CARRY4 (Prop_carry4_DI[2]_CO[3])
                                                      0.329    11.035 r  u_peak_to_peak_detector/segment_max_with_sample2_carry/CO[3]
                         net (fo=1, routed)           0.000    11.035    u_peak_to_peak_detector/segment_max_with_sample2_carry_n_0
    SLICE_X45Y91         CARRY4 (Prop_carry4_CI_CO[3])
                                                      0.098    11.133 r  u_peak_to_peak_detector/segment_max_with_sample2_carry__0/CO[3]
                         net (fo=28, routed)          0.950    12.082    u_fir_wrap/CO[0]
    SLICE_X43Y90         LUT6 (Prop_lut6_I4_O)        0.105    12.187 r  u_fir_wrap/segment_max[4]_i_1_comp/O
                         net (fo=2, routed)           0.757    12.944    u_peak_to_peak_detector/D[4]
    SLICE_X47Y90         CARRY4 (Prop_carry4_DI[0]_CO[3])
                                                      0.436    13.380 r  u_peak_to_peak_detector/vpp_sum1_carry__0/CO[3]
                         net (fo=1, routed)           0.000    13.380    u_peak_to_peak_detector/vpp_sum1_carry__0_n_0
    SLICE_X47Y91         CARRY4 (Prop_carry4_CI_O[2])
                                                      0.200    13.580 r  u_peak_to_peak_detector/vpp_sum1_carry__1/O[2]
                         net (fo=17, routed)          0.859    14.440    u_peak_to_peak_detector/vpp_sum1[10]
    SLICE_X48Y93         LUT4 (Prop_lut4_I0_O)        0.253    14.693 r  u_peak_to_peak_detector/i__carry__0_i_7__0/O
                         net (fo=1, routed)           0.000    14.693    u_peak_to_peak_detector/i__carry__0_i_7__0_n_0
    SLICE_X48Y93         CARRY4 (Prop_carry4_S[1]_CO[3])
                                                      0.457    15.150 r  u_peak_to_peak_detector/p_0_out_inferred__1/i__carry__0/CO[3]
                         net (fo=32, routed)          0.842    15.992    u_peak_to_peak_detector/p_0_out_inferred__1/i__carry__0_n_0
    SLICE_X47Y93         LUT6 (Prop_lut6_I5_O)        0.105    16.097 r  u_peak_to_peak_detector/vpp_out2__0_carry_i_10/O
                         net (fo=3, routed)           0.493    16.589    u_peak_to_peak_detector/vpp_out2__0_carry_i_10_n_0
    SLICE_X43Y92         LUT5 (Prop_lut5_I1_O)        0.105    16.694 r  u_peak_to_peak_detector/vpp_out2__0_carry_i_2_comp/O
                         net (fo=1, routed)           0.592    17.286    u_peak_to_peak_detector/vpp_out2__0_carry_i_2_n_0
    SLICE_X49Y93         CARRY4 (Prop_carry4_DI[2]_CO[3])
                                                      0.329    17.615 r  u_peak_to_peak_detector/vpp_out2__0_carry/CO[3]
                         net (fo=1, routed)           0.000    17.615    u_peak_to_peak_detector/vpp_out2__0_carry_n_0
    SLICE_X49Y94         CARRY4 (Prop_carry4_CI_O[1])
                                                      0.265    17.880 r  u_peak_to_peak_detector/vpp_out2__0_carry__0/O[1]
                         net (fo=3, routed)           0.680    18.560    u_peak_to_peak_detector/vpp_out2__0_carry__0_n_6
    SLICE_X41Y94         LUT6 (Prop_lut6_I0_O)        0.250    18.810 r  u_peak_to_peak_detector/vpp_out2__57_carry__0_i_9/O
                         net (fo=3, routed)           0.605    19.415    u_peak_to_peak_detector/vpp_out2__57_carry__0_i_9_n_0
    SLICE_X45Y94         LUT5 (Prop_lut5_I0_O)        0.105    19.520 r  u_peak_to_peak_detector/vpp_out2__57_carry__0_i_5/O
                         net (fo=1, routed)           0.000    19.520    u_peak_to_peak_detector/vpp_out2__57_carry__0_i_5_n_0
    SLICE_X45Y94         CARRY4 (Prop_carry4_S[3]_CO[3])
                                                      0.332    19.852 r  u_peak_to_peak_detector/vpp_out2__57_carry__0/CO[3]
                         net (fo=1, routed)           0.000    19.852    u_peak_to_peak_detector/vpp_out2__57_carry__0_n_0
    SLICE_X45Y95         CARRY4 (Prop_carry4_CI_O[1])
                                                      0.265    20.117 r  u_peak_to_peak_detector/vpp_out2__57_carry__1/O[1]
                         net (fo=1, routed)           0.478    20.596    u_peak_to_peak_detector/vpp_out2__57_carry__1_n_6
    SLICE_X43Y95         CARRY4 (Prop_carry4_S[1]_CO[3])
                                                      0.707    21.303 r  u_peak_to_peak_detector/vpp_out1_carry__1/CO[3]
                         net (fo=1, routed)           0.000    21.303    u_peak_to_peak_detector/vpp_out1_carry__1_n_0
    SLICE_X43Y96         CARRY4 (Prop_carry4_CI_CO[3])
                                                      0.098    21.401 r  u_peak_to_peak_detector/vpp_out1_carry__2/CO[3]
                         net (fo=1, routed)           0.000    21.401    u_peak_to_peak_detector/vpp_out1_carry__2_n_0
    SLICE_X43Y97         CARRY4 (Prop_carry4_CI_O[3])
                                                      0.260    21.661 r  u_peak_to_peak_detector/vpp_out1_carry__3/O[3]
                         net (fo=5, routed)           0.861    22.522    u_peak_to_peak_detector/vpp_out1[19]
    SLICE_X42Y98         LUT6 (Prop_lut6_I1_O)        0.257    22.779 r  u_peak_to_peak_detector/vpp_out[13]_i_1/O
                         net (fo=6, routed)           0.387    23.166    u_peak_to_peak_detector/vpp_out[13]_i_1_n_0
    SLICE_X40Y97         LUT6 (Prop_lut6_I2_O)        0.105    23.271 r  u_peak_to_peak_detector/vpp_out[10]_i_1/O
                         net (fo=4, routed)           0.248    23.518    u_peak_to_peak_detector/vpp_out[10]_i_1_n_0
    SLICE_X40Y97         LUT6 (Prop_lut6_I1_O)        0.105    23.623 r  u_peak_to_peak_detector/vpp_out[8]_i_1/O
                         net (fo=3, routed)           0.355    23.978    u_peak_to_peak_detector/vpp_out[8]_i_1_n_0
    SLICE_X40Y97         LUT6 (Prop_lut6_I2_O)        0.105    24.083 r  u_peak_to_peak_detector/vpp_out[5]_i_1/O
                         net (fo=3, routed)           0.000    24.083    u_peak_to_peak_detector/vpp_out[5]_i_1_n_0
    SLICE_X40Y97         FDRE                                         r  u_peak_to_peak_detector/vpp_out_reg[5]/D
  -------------------------------------------------------------------    -------------------

                         (clock processing_clk rise edge)
                                                     10.000    10.000 r  
    Y9                                                0.000    10.000 r  processing_clk (IN)
                         net (fo=0)                   0.000    10.000    processing_clk
    Y9                   IBUF (Prop_ibuf_I_O)         0.831    10.831 r  processing_clk_IBUF_inst/O
                         net (fo=1, routed)           1.673    12.504    processing_clk_IBUF
    BUFGCTRL_X0Y0        BUFG (Prop_bufg_I_O)         0.077    12.581 r  processing_clk_IBUF_BUFG_inst/O
                         net (fo=3610, routed)        1.237    13.818    u_peak_to_peak_detector/processing_clk_IBUF_BUFG
    SLICE_X40Y97         FDRE                                         r  u_peak_to_peak_detector/vpp_out_reg[5]/C
                         clock pessimism              0.405    14.223    
                         clock uncertainty           -0.035    14.188    
    SLICE_X40Y97         FDRE (Setup_fdre_C_D)        0.032    14.220    u_peak_to_peak_detector/vpp_out_reg[5]
  -------------------------------------------------------------------
                         required time                         14.220    
                         arrival time                         -24.083    
  -------------------------------------------------------------------
                         slack                                 -9.863    

Slack (VIOLATED) :        -9.779ns  (required time - arrival time)
  Source:                 u_fir_wrap/u_fir_compiler/U0/i_synth/g_single_rate.i_single_rate/g_m_data_chan_no_fifo.m_axis_data_tdata_int_reg[0]/C
                            (rising edge-triggered cell FDRE clocked by processing_clk  {rise@0.000ns fall@5.000ns period=10.000ns})
  Destination:            u_peak_to_peak_detector/vpp_out_reg[7]/D
                            (rising edge-triggered cell FDRE clocked by processing_clk  {rise@0.000ns fall@5.000ns period=10.000ns})
  Path Group:             processing_clk
  Path Type:              Setup (Max at Slow Process Corner)
  Requirement:            10.000ns  (processing_clk rise@10.000ns - processing_clk rise@0.000ns)
  Data Path Delay:        19.642ns  (logic 8.455ns (43.046%)  route 11.187ns (56.954%))
  Logic Levels:           37  (CARRY4=26 LUT4=2 LUT5=2 LUT6=7)
  Clock Path Skew:        -0.043ns (DCD - SCD + CPR)
    Destination Clock Delay (DCD):    3.818ns = ( 13.818 - 10.000 ) 
    Source Clock Delay      (SCD):    4.266ns
    Clock Pessimism Removal (CPR):    0.405ns
  Clock Uncertainty:      0.035ns  ((TSJ^2 + TIJ^2)^1/2 + DJ) / 2 + PE
    Total System Jitter     (TSJ):    0.071ns
    Total Input Jitter      (TIJ):    0.000ns
    Discrete Jitter          (DJ):    0.000ns
    Phase Error              (PE):    0.000ns

    Location             Delay type                Incr(ns)  Path(ns)    Netlist Resource(s)
  -------------------------------------------------------------------    -------------------
                         (clock processing_clk rise edge)
                                                      0.000     0.000 r  
    Y9                                                0.000     0.000 r  processing_clk (IN)
                         net (fo=0)                   0.000     0.000    processing_clk
    Y9                   IBUF (Prop_ibuf_I_O)         0.962     0.962 r  processing_clk_IBUF_inst/O
                         net (fo=1, routed)           1.843     2.805    processing_clk_IBUF
    BUFGCTRL_X0Y0        BUFG (Prop_bufg_I_O)         0.085     2.890 r  processing_clk_IBUF_BUFG_inst/O
                         net (fo=3610, routed)        1.376     4.266    u_fir_wrap/u_fir_compiler/U0/i_synth/g_single_rate.i_single_rate/aclk
    SLICE_X49Y79         FDRE                                         r  u_fir_wrap/u_fir_compiler/U0/i_synth/g_single_rate.i_single_rate/g_m_data_chan_no_fifo.m_axis_data_tdata_int_reg[0]/C
  -------------------------------------------------------------------    -------------------
    SLICE_X49Y79         FDRE (Prop_fdre_C_Q)         0.379     4.645 r  u_fir_wrap/u_fir_compiler/U0/i_synth/g_single_rate.i_single_rate/g_m_data_chan_no_fifo.m_axis_data_tdata_int_reg[0]/Q
                         net (fo=2, routed)           0.413     5.058    u_fir_wrap/ip_output_data[0]
    SLICE_X48Y79         CARRY4 (Prop_carry4_DI[0]_CO[3])
                                                      0.436     5.494 r  u_fir_wrap/p_0_in1_carry/CO[3]
                         net (fo=1, routed)           0.000     5.494    u_fir_wrap/p_0_in1_carry_n_0
    SLICE_X48Y80         CARRY4 (Prop_carry4_CI_CO[3])
                                                      0.098     5.592 r  u_fir_wrap/p_0_in1_carry__0/CO[3]
                         net (fo=1, routed)           0.000     5.592    u_fir_wrap/p_0_in1_carry__0_n_0
    SLICE_X48Y81         CARRY4 (Prop_carry4_CI_CO[3])
                                                      0.098     5.690 r  u_fir_wrap/p_0_in1_carry__1/CO[3]
                         net (fo=1, routed)           0.000     5.690    u_fir_wrap/p_0_in1_carry__1_n_0
    SLICE_X48Y82         CARRY4 (Prop_carry4_CI_CO[3])
                                                      0.098     5.788 r  u_fir_wrap/p_0_in1_carry__2/CO[3]
                         net (fo=1, routed)           0.000     5.788    u_fir_wrap/p_0_in1_carry__2_n_0
    SLICE_X48Y83         CARRY4 (Prop_carry4_CI_CO[3])
                                                      0.098     5.886 r  u_fir_wrap/p_0_in1_carry__3/CO[3]
                         net (fo=1, routed)           0.000     5.886    u_fir_wrap/p_0_in1_carry__3_n_0
    SLICE_X48Y84         CARRY4 (Prop_carry4_CI_CO[3])
                                                      0.098     5.984 r  u_fir_wrap/p_0_in1_carry__4/CO[3]
                         net (fo=1, routed)           0.000     5.984    u_fir_wrap/p_0_in1_carry__4_n_0
    SLICE_X48Y85         CARRY4 (Prop_carry4_CI_CO[3])
                                                      0.098     6.082 r  u_fir_wrap/p_0_in1_carry__5/CO[3]
                         net (fo=1, routed)           0.000     6.082    u_fir_wrap/p_0_in1_carry__5_n_0
    SLICE_X48Y86         CARRY4 (Prop_carry4_CI_CO[3])
                                                      0.098     6.180 r  u_fir_wrap/p_0_in1_carry__6/CO[3]
                         net (fo=1, routed)           0.000     6.180    u_fir_wrap/p_0_in1_carry__6_n_0
    SLICE_X48Y87         CARRY4 (Prop_carry4_CI_CO[3])
                                                      0.098     6.278 r  u_fir_wrap/p_0_in1_carry__7/CO[3]
                         net (fo=1, routed)           0.000     6.278    u_fir_wrap/p_0_in1_carry__7_n_0
    SLICE_X48Y88         CARRY4 (Prop_carry4_CI_CO[3])
                                                      0.098     6.376 r  u_fir_wrap/p_0_in1_carry__8/CO[3]
                         net (fo=1, routed)           0.000     6.376    u_fir_wrap/p_0_in1_carry__8_n_0
    SLICE_X48Y89         CARRY4 (Prop_carry4_CI_CO[0])
                                                      0.216     6.592 r  u_fir_wrap/saturation_now0_carry__0_i_1/CO[0]
                         net (fo=42, routed)          0.616     7.208    u_fir_wrap/saturation_now0_carry__0_i_1_n_3
    SLICE_X49Y88         CARRY4 (Prop_carry4_S[1]_CO[3])
                                                      0.766     7.974 r  u_fir_wrap/saturation_now1_carry__0/CO[3]
                         net (fo=1, routed)           0.000     7.974    u_fir_wrap/saturation_now1_carry__0_n_0
    SLICE_X49Y89         CARRY4 (Prop_carry4_CI_CO[3])
                                                      0.098     8.072 r  u_fir_wrap/saturation_now1_carry__1/CO[3]
                         net (fo=1, routed)           0.000     8.072    u_fir_wrap/saturation_now1_carry__1_n_0
    SLICE_X49Y90         CARRY4 (Prop_carry4_CI_CO[1])
                                                      0.132     8.204 r  u_fir_wrap/saturation_now1_carry__2/CO[1]
                         net (fo=102, routed)         0.589     8.793    u_fir_wrap/saturation_now1_carry__2_n_2
    SLICE_X45Y88         LUT4 (Prop_lut4_I0_O)        0.275     9.068 r  u_fir_wrap/segment_min_with_sample2_carry_i_10/O
                         net (fo=23, routed)          0.801     9.870    u_fir_wrap/segment_min_with_sample2_carry_i_10_n_0
    SLICE_X44Y89         LUT6 (Prop_lut6_I3_O)        0.105     9.975 r  u_fir_wrap/segment_max_with_sample2_carry_i_2_comp/O
                         net (fo=1, routed)           0.731    10.706    u_peak_to_peak_detector/segment_max_with_sample2_carry__0_0[2]
    SLICE_X45Y90         CARRY4 (Prop_carry4_DI[2]_CO[3])
                                                      0.329    11.035 r  u_peak_to_peak_detector/segment_max_with_sample2_carry/CO[3]
                         net (fo=1, routed)           0.000    11.035    u_peak_to_peak_detector/segment_max_with_sample2_carry_n_0
    SLICE_X45Y91         CARRY4 (Prop_carry4_CI_CO[3])
                                                      0.098    11.133 r  u_peak_to_peak_detector/segment_max_with_sample2_carry__0/CO[3]
                         net (fo=28, routed)          0.950    12.082    u_fir_wrap/CO[0]
    SLICE_X43Y90         LUT6 (Prop_lut6_I4_O)        0.105    12.187 r  u_fir_wrap/segment_max[4]_i_1_comp/O
                         net (fo=2, routed)           0.757    12.944    u_peak_to_peak_detector/D[4]
    SLICE_X47Y90         CARRY4 (Prop_carry4_DI[0]_CO[3])
                                                      0.436    13.380 r  u_peak_to_peak_detector/vpp_sum1_carry__0/CO[3]
                         net (fo=1, routed)           0.000    13.380    u_peak_to_peak_detector/vpp_sum1_carry__0_n_0
    SLICE_X47Y91         CARRY4 (Prop_carry4_CI_O[2])
                                                      0.200    13.580 r  u_peak_to_peak_detector/vpp_sum1_carry__1/O[2]
                         net (fo=17, routed)          0.859    14.440    u_peak_to_peak_detector/vpp_sum1[10]
    SLICE_X48Y93         LUT4 (Prop_lut4_I0_O)        0.253    14.693 r  u_peak_to_peak_detector/i__carry__0_i_7__0/O
                         net (fo=1, routed)           0.000    14.693    u_peak_to_peak_detector/i__carry__0_i_7__0_n_0
    SLICE_X48Y93         CARRY4 (Prop_carry4_S[1]_CO[3])
                                                      0.457    15.150 r  u_peak_to_peak_detector/p_0_out_inferred__1/i__carry__0/CO[3]
                         net (fo=32, routed)          0.842    15.992    u_peak_to_peak_detector/p_0_out_inferred__1/i__carry__0_n_0
    SLICE_X47Y93         LUT6 (Prop_lut6_I5_O)        0.105    16.097 r  u_peak_to_peak_detector/vpp_out2__0_carry_i_10/O
                         net (fo=3, routed)           0.493    16.589    u_peak_to_peak_detector/vpp_out2__0_carry_i_10_n_0
    SLICE_X43Y92         LUT5 (Prop_lut5_I1_O)        0.105    16.694 r  u_peak_to_peak_detector/vpp_out2__0_carry_i_2_comp/O
                         net (fo=1, routed)           0.592    17.286    u_peak_to_peak_detector/vpp_out2__0_carry_i_2_n_0
    SLICE_X49Y93         CARRY4 (Prop_carry4_DI[2]_CO[3])
                                                      0.329    17.615 r  u_peak_to_peak_detector/vpp_out2__0_carry/CO[3]
                         net (fo=1, routed)           0.000    17.615    u_peak_to_peak_detector/vpp_out2__0_carry_n_0
    SLICE_X49Y94         CARRY4 (Prop_carry4_CI_O[1])
                                                      0.265    17.880 r  u_peak_to_peak_detector/vpp_out2__0_carry__0/O[1]
                         net (fo=3, routed)           0.680    18.560    u_peak_to_peak_detector/vpp_out2__0_carry__0_n_6
    SLICE_X41Y94         LUT6 (Prop_lut6_I0_O)        0.250    18.810 r  u_peak_to_peak_detector/vpp_out2__57_carry__0_i_9/O
                         net (fo=3, routed)           0.605    19.415    u_peak_to_peak_detector/vpp_out2__57_carry__0_i_9_n_0
    SLICE_X45Y94         LUT5 (Prop_lut5_I0_O)        0.105    19.520 r  u_peak_to_peak_detector/vpp_out2__57_carry__0_i_5/O
                         net (fo=1, routed)           0.000    19.520    u_peak_to_peak_detector/vpp_out2__57_carry__0_i_5_n_0
    SLICE_X45Y94         CARRY4 (Prop_carry4_S[3]_CO[3])
                                                      0.332    19.852 r  u_peak_to_peak_detector/vpp_out2__57_carry__0/CO[3]
                         net (fo=1, routed)           0.000    19.852    u_peak_to_peak_detector/vpp_out2__57_carry__0_n_0
    SLICE_X45Y95         CARRY4 (Prop_carry4_CI_O[1])
                                                      0.265    20.117 r  u_peak_to_peak_detector/vpp_out2__57_carry__1/O[1]
                         net (fo=1, routed)           0.478    20.596    u_peak_to_peak_detector/vpp_out2__57_carry__1_n_6
    SLICE_X43Y95         CARRY4 (Prop_carry4_S[1]_CO[3])
                                                      0.707    21.303 r  u_peak_to_peak_detector/vpp_out1_carry__1/CO[3]
                         net (fo=1, routed)           0.000    21.303    u_peak_to_peak_detector/vpp_out1_carry__1_n_0
    SLICE_X43Y96         CARRY4 (Prop_carry4_CI_CO[3])
                                                      0.098    21.401 r  u_peak_to_peak_detector/vpp_out1_carry__2/CO[3]
                         net (fo=1, routed)           0.000    21.401    u_peak_to_peak_detector/vpp_out1_carry__2_n_0
    SLICE_X43Y97         CARRY4 (Prop_carry4_CI_O[3])
                                                      0.260    21.661 r  u_peak_to_peak_detector/vpp_out1_carry__3/O[3]
                         net (fo=5, routed)           0.861    22.522    u_peak_to_peak_detector/vpp_out1[19]
    SLICE_X42Y98         LUT6 (Prop_lut6_I1_O)        0.257    22.779 r  u_peak_to_peak_detector/vpp_out[13]_i_1/O
                         net (fo=6, routed)           0.387    23.166    u_peak_to_peak_detector/vpp_out[13]_i_1_n_0
    SLICE_X40Y97         LUT6 (Prop_lut6_I2_O)        0.105    23.271 r  u_peak_to_peak_detector/vpp_out[10]_i_1/O
                         net (fo=4, routed)           0.261    23.531    u_peak_to_peak_detector/vpp_out[10]_i_1_n_0
    SLICE_X42Y97         LUT6 (Prop_lut6_I3_O)        0.105    23.636 r  u_peak_to_peak_detector/vpp_out[7]_i_1/O
                         net (fo=3, routed)           0.272    23.908    u_peak_to_peak_detector/vpp_out[7]_i_1_n_0
    SLICE_X41Y97         FDRE                                         r  u_peak_to_peak_detector/vpp_out_reg[7]/D
  -------------------------------------------------------------------    -------------------

                         (clock processing_clk rise edge)
                                                     10.000    10.000 r  
    Y9                                                0.000    10.000 r  processing_clk (IN)
                         net (fo=0)                   0.000    10.000    processing_clk
    Y9                   IBUF (Prop_ibuf_I_O)         0.831    10.831 r  processing_clk_IBUF_inst/O
                         net (fo=1, routed)           1.673    12.504    processing_clk_IBUF
    BUFGCTRL_X0Y0        BUFG (Prop_bufg_I_O)         0.077    12.581 r  processing_clk_IBUF_BUFG_inst/O
                         net (fo=3610, routed)        1.237    13.818    u_peak_to_peak_detector/processing_clk_IBUF_BUFG
    SLICE_X41Y97         FDRE                                         r  u_peak_to_peak_detector/vpp_out_reg[7]/C
                         clock pessimism              0.405    14.223    
                         clock uncertainty           -0.035    14.188    
    SLICE_X41Y97         FDRE (Setup_fdre_C_D)       -0.059    14.129    u_peak_to_peak_detector/vpp_out_reg[7]
  -------------------------------------------------------------------
                         required time                         14.129    
                         arrival time                         -23.908    
  -------------------------------------------------------------------
                         slack                                 -9.779    

Slack (VIOLATED) :        -9.761ns  (required time - arrival time)
  Source:                 u_fir_wrap/u_fir_compiler/U0/i_synth/g_single_rate.i_single_rate/g_m_data_chan_no_fifo.m_axis_data_tdata_int_reg[0]/C
                            (rising edge-triggered cell FDRE clocked by processing_clk  {rise@0.000ns fall@5.000ns period=10.000ns})
  Destination:            u_peak_to_peak_detector/vpp_out_reg[8]/D
                            (rising edge-triggered cell FDRE clocked by processing_clk  {rise@0.000ns fall@5.000ns period=10.000ns})
  Path Group:             processing_clk
  Path Type:              Setup (Max at Slow Process Corner)
  Requirement:            10.000ns  (processing_clk rise@10.000ns - processing_clk rise@0.000ns)
  Data Path Delay:        19.635ns  (logic 8.455ns (43.060%)  route 11.180ns (56.940%))
  Logic Levels:           37  (CARRY4=26 LUT4=2 LUT5=2 LUT6=7)
  Clock Path Skew:        -0.043ns (DCD - SCD + CPR)
    Destination Clock Delay (DCD):    3.818ns = ( 13.818 - 10.000 ) 
    Source Clock Delay      (SCD):    4.266ns
    Clock Pessimism Removal (CPR):    0.405ns
  Clock Uncertainty:      0.035ns  ((TSJ^2 + TIJ^2)^1/2 + DJ) / 2 + PE
    Total System Jitter     (TSJ):    0.071ns
    Total Input Jitter      (TIJ):    0.000ns
    Discrete Jitter          (DJ):    0.000ns
    Phase Error              (PE):    0.000ns

    Location             Delay type                Incr(ns)  Path(ns)    Netlist Resource(s)
  -------------------------------------------------------------------    -------------------
                         (clock processing_clk rise edge)
                                                      0.000     0.000 r  
    Y9                                                0.000     0.000 r  processing_clk (IN)
                         net (fo=0)                   0.000     0.000    processing_clk
    Y9                   IBUF (Prop_ibuf_I_O)         0.962     0.962 r  processing_clk_IBUF_inst/O
                         net (fo=1, routed)           1.843     2.805    processing_clk_IBUF
    BUFGCTRL_X0Y0        BUFG (Prop_bufg_I_O)         0.085     2.890 r  processing_clk_IBUF_BUFG_inst/O
                         net (fo=3610, routed)        1.376     4.266    u_fir_wrap/u_fir_compiler/U0/i_synth/g_single_rate.i_single_rate/aclk
    SLICE_X49Y79         FDRE                                         r  u_fir_wrap/u_fir_compiler/U0/i_synth/g_single_rate.i_single_rate/g_m_data_chan_no_fifo.m_axis_data_tdata_int_reg[0]/C
  -------------------------------------------------------------------    -------------------
    SLICE_X49Y79         FDRE (Prop_fdre_C_Q)         0.379     4.645 r  u_fir_wrap/u_fir_compiler/U0/i_synth/g_single_rate.i_single_rate/g_m_data_chan_no_fifo.m_axis_data_tdata_int_reg[0]/Q
                         net (fo=2, routed)           0.413     5.058    u_fir_wrap/ip_output_data[0]
    SLICE_X48Y79         CARRY4 (Prop_carry4_DI[0]_CO[3])
                                                      0.436     5.494 r  u_fir_wrap/p_0_in1_carry/CO[3]
                         net (fo=1, routed)           0.000     5.494    u_fir_wrap/p_0_in1_carry_n_0
    SLICE_X48Y80         CARRY4 (Prop_carry4_CI_CO[3])
                                                      0.098     5.592 r  u_fir_wrap/p_0_in1_carry__0/CO[3]
                         net (fo=1, routed)           0.000     5.592    u_fir_wrap/p_0_in1_carry__0_n_0
    SLICE_X48Y81         CARRY4 (Prop_carry4_CI_CO[3])
                                                      0.098     5.690 r  u_fir_wrap/p_0_in1_carry__1/CO[3]
                         net (fo=1, routed)           0.000     5.690    u_fir_wrap/p_0_in1_carry__1_n_0
    SLICE_X48Y82         CARRY4 (Prop_carry4_CI_CO[3])
                                                      0.098     5.788 r  u_fir_wrap/p_0_in1_carry__2/CO[3]
                         net (fo=1, routed)           0.000     5.788    u_fir_wrap/p_0_in1_carry__2_n_0
    SLICE_X48Y83         CARRY4 (Prop_carry4_CI_CO[3])
                                                      0.098     5.886 r  u_fir_wrap/p_0_in1_carry__3/CO[3]
                         net (fo=1, routed)           0.000     5.886    u_fir_wrap/p_0_in1_carry__3_n_0
    SLICE_X48Y84         CARRY4 (Prop_carry4_CI_CO[3])
                                                      0.098     5.984 r  u_fir_wrap/p_0_in1_carry__4/CO[3]
                         net (fo=1, routed)           0.000     5.984    u_fir_wrap/p_0_in1_carry__4_n_0
    SLICE_X48Y85         CARRY4 (Prop_carry4_CI_CO[3])
                                                      0.098     6.082 r  u_fir_wrap/p_0_in1_carry__5/CO[3]
                         net (fo=1, routed)           0.000     6.082    u_fir_wrap/p_0_in1_carry__5_n_0
    SLICE_X48Y86         CARRY4 (Prop_carry4_CI_CO[3])
                                                      0.098     6.180 r  u_fir_wrap/p_0_in1_carry__6/CO[3]
                         net (fo=1, routed)           0.000     6.180    u_fir_wrap/p_0_in1_carry__6_n_0
    SLICE_X48Y87         CARRY4 (Prop_carry4_CI_CO[3])
                                                      0.098     6.278 r  u_fir_wrap/p_0_in1_carry__7/CO[3]
                         net (fo=1, routed)           0.000     6.278    u_fir_wrap/p_0_in1_carry__7_n_0
    SLICE_X48Y88         CARRY4 (Prop_carry4_CI_CO[3])
                                                      0.098     6.376 r  u_fir_wrap/p_0_in1_carry__8/CO[3]
                         net (fo=1, routed)           0.000     6.376    u_fir_wrap/p_0_in1_carry__8_n_0
    SLICE_X48Y89         CARRY4 (Prop_carry4_CI_CO[0])
                                                      0.216     6.592 r  u_fir_wrap/saturation_now0_carry__0_i_1/CO[0]
                         net (fo=42, routed)          0.616     7.208    u_fir_wrap/saturation_now0_carry__0_i_1_n_3
    SLICE_X49Y88         CARRY4 (Prop_carry4_S[1]_CO[3])
                                                      0.766     7.974 r  u_fir_wrap/saturation_now1_carry__0/CO[3]
                         net (fo=1, routed)           0.000     7.974    u_fir_wrap/saturation_now1_carry__0_n_0
    SLICE_X49Y89         CARRY4 (Prop_carry4_CI_CO[3])
                                                      0.098     8.072 r  u_fir_wrap/saturation_now1_carry__1/CO[3]
                         net (fo=1, routed)           0.000     8.072    u_fir_wrap/saturation_now1_carry__1_n_0
    SLICE_X49Y90         CARRY4 (Prop_carry4_CI_CO[1])
                                                      0.132     8.204 r  u_fir_wrap/saturation_now1_carry__2/CO[1]
                         net (fo=102, routed)         0.589     8.793    u_fir_wrap/saturation_now1_carry__2_n_2
    SLICE_X45Y88         LUT4 (Prop_lut4_I0_O)        0.275     9.068 r  u_fir_wrap/segment_min_with_sample2_carry_i_10/O
                         net (fo=23, routed)          0.801     9.870    u_fir_wrap/segment_min_with_sample2_carry_i_10_n_0
    SLICE_X44Y89         LUT6 (Prop_lut6_I3_O)        0.105     9.975 r  u_fir_wrap/segment_max_with_sample2_carry_i_2_comp/O
                         net (fo=1, routed)           0.731    10.706    u_peak_to_peak_detector/segment_max_with_sample2_carry__0_0[2]
    SLICE_X45Y90         CARRY4 (Prop_carry4_DI[2]_CO[3])
                                                      0.329    11.035 r  u_peak_to_peak_detector/segment_max_with_sample2_carry/CO[3]
                         net (fo=1, routed)           0.000    11.035    u_peak_to_peak_detector/segment_max_with_sample2_carry_n_0
    SLICE_X45Y91         CARRY4 (Prop_carry4_CI_CO[3])
                                                      0.098    11.133 r  u_peak_to_peak_detector/segment_max_with_sample2_carry__0/CO[3]
                         net (fo=28, routed)          0.950    12.082    u_fir_wrap/CO[0]
    SLICE_X43Y90         LUT6 (Prop_lut6_I4_O)        0.105    12.187 r  u_fir_wrap/segment_max[4]_i_1_comp/O
                         net (fo=2, routed)           0.757    12.944    u_peak_to_peak_detector/D[4]
    SLICE_X47Y90         CARRY4 (Prop_carry4_DI[0]_CO[3])
                                                      0.436    13.380 r  u_peak_to_peak_detector/vpp_sum1_carry__0/CO[3]
                         net (fo=1, routed)           0.000    13.380    u_peak_to_peak_detector/vpp_sum1_carry__0_n_0
    SLICE_X47Y91         CARRY4 (Prop_carry4_CI_O[2])
                                                      0.200    13.580 r  u_peak_to_peak_detector/vpp_sum1_carry__1/O[2]
                         net (fo=17, routed)          0.859    14.440    u_peak_to_peak_detector/vpp_sum1[10]
    SLICE_X48Y93         LUT4 (Prop_lut4_I0_O)        0.253    14.693 r  u_peak_to_peak_detector/i__carry__0_i_7__0/O
                         net (fo=1, routed)           0.000    14.693    u_peak_to_peak_detector/i__carry__0_i_7__0_n_0
    SLICE_X48Y93         CARRY4 (Prop_carry4_S[1]_CO[3])
                                                      0.457    15.150 r  u_peak_to_peak_detector/p_0_out_inferred__1/i__carry__0/CO[3]
                         net (fo=32, routed)          0.842    15.992    u_peak_to_peak_detector/p_0_out_inferred__1/i__carry__0_n_0
    SLICE_X47Y93         LUT6 (Prop_lut6_I5_O)        0.105    16.097 r  u_peak_to_peak_detector/vpp_out2__0_carry_i_10/O
                         net (fo=3, routed)           0.493    16.589    u_peak_to_peak_detector/vpp_out2__0_carry_i_10_n_0
    SLICE_X43Y92         LUT5 (Prop_lut5_I1_O)        0.105    16.694 r  u_peak_to_peak_detector/vpp_out2__0_carry_i_2_comp/O
                         net (fo=1, routed)           0.592    17.286    u_peak_to_peak_detector/vpp_out2__0_carry_i_2_n_0
    SLICE_X49Y93         CARRY4 (Prop_carry4_DI[2]_CO[3])
                                                      0.329    17.615 r  u_peak_to_peak_detector/vpp_out2__0_carry/CO[3]
                         net (fo=1, routed)           0.000    17.615    u_peak_to_peak_detector/vpp_out2__0_carry_n_0
    SLICE_X49Y94         CARRY4 (Prop_carry4_CI_O[1])
                                                      0.265    17.880 r  u_peak_to_peak_detector/vpp_out2__0_carry__0/O[1]
                         net (fo=3, routed)           0.680    18.560    u_peak_to_peak_detector/vpp_out2__0_carry__0_n_6
    SLICE_X41Y94         LUT6 (Prop_lut6_I0_O)        0.250    18.810 r  u_peak_to_peak_detector/vpp_out2__57_carry__0_i_9/O
                         net (fo=3, routed)           0.605    19.415    u_peak_to_peak_detector/vpp_out2__57_carry__0_i_9_n_0
    SLICE_X45Y94         LUT5 (Prop_lut5_I0_O)        0.105    19.520 r  u_peak_to_peak_detector/vpp_out2__57_carry__0_i_5/O
                         net (fo=1, routed)           0.000    19.520    u_peak_to_peak_detector/vpp_out2__57_carry__0_i_5_n_0
    SLICE_X45Y94         CARRY4 (Prop_carry4_S[3]_CO[3])
                                                      0.332    19.852 r  u_peak_to_peak_detector/vpp_out2__57_carry__0/CO[3]
                         net (fo=1, routed)           0.000    19.852    u_peak_to_peak_detector/vpp_out2__57_carry__0_n_0
    SLICE_X45Y95         CARRY4 (Prop_carry4_CI_O[1])
                                                      0.265    20.117 r  u_peak_to_peak_detector/vpp_out2__57_carry__1/O[1]
                         net (fo=1, routed)           0.478    20.596    u_peak_to_peak_detector/vpp_out2__57_carry__1_n_6
    SLICE_X43Y95         CARRY4 (Prop_carry4_S[1]_CO[3])
                                                      0.707    21.303 r  u_peak_to_peak_detector/vpp_out1_carry__1/CO[3]
                         net (fo=1, routed)           0.000    21.303    u_peak_to_peak_detector/vpp_out1_carry__1_n_0
    SLICE_X43Y96         CARRY4 (Prop_carry4_CI_CO[3])
                                                      0.098    21.401 r  u_peak_to_peak_detector/vpp_out1_carry__2/CO[3]
                         net (fo=1, routed)           0.000    21.401    u_peak_to_peak_detector/vpp_out1_carry__2_n_0
    SLICE_X43Y97         CARRY4 (Prop_carry4_CI_O[3])
                                                      0.260    21.661 r  u_peak_to_peak_detector/vpp_out1_carry__3/O[3]
                         net (fo=5, routed)           0.861    22.522    u_peak_to_peak_detector/vpp_out1[19]
    SLICE_X42Y98         LUT6 (Prop_lut6_I1_O)        0.257    22.779 r  u_peak_to_peak_detector/vpp_out[13]_i_1/O
                         net (fo=6, routed)           0.387    23.166    u_peak_to_peak_detector/vpp_out[13]_i_1_n_0
    SLICE_X40Y97         LUT6 (Prop_lut6_I2_O)        0.105    23.271 r  u_peak_to_peak_detector/vpp_out[10]_i_1/O
                         net (fo=4, routed)           0.248    23.518    u_peak_to_peak_detector/vpp_out[10]_i_1_n_0
    SLICE_X40Y97         LUT6 (Prop_lut6_I1_O)        0.105    23.623 r  u_peak_to_peak_detector/vpp_out[8]_i_1/O
                         net (fo=3, routed)           0.279    23.902    u_peak_to_peak_detector/vpp_out[8]_i_1_n_0
    SLICE_X41Y97         FDRE                                         r  u_peak_to_peak_detector/vpp_out_reg[8]/D
  -------------------------------------------------------------------    -------------------

                         (clock processing_clk rise edge)
                                                     10.000    10.000 r  
    Y9                                                0.000    10.000 r  processing_clk (IN)
                         net (fo=0)                   0.000    10.000    processing_clk
    Y9                   IBUF (Prop_ibuf_I_O)         0.831    10.831 r  processing_clk_IBUF_inst/O
                         net (fo=1, routed)           1.673    12.504    processing_clk_IBUF
    BUFGCTRL_X0Y0        BUFG (Prop_bufg_I_O)         0.077    12.581 r  processing_clk_IBUF_BUFG_inst/O
                         net (fo=3610, routed)        1.237    13.818    u_peak_to_peak_detector/processing_clk_IBUF_BUFG
    SLICE_X41Y97         FDRE                                         r  u_peak_to_peak_detector/vpp_out_reg[8]/C
                         clock pessimism              0.405    14.223    
                         clock uncertainty           -0.035    14.188    
    SLICE_X41Y97         FDRE (Setup_fdre_C_D)       -0.047    14.141    u_peak_to_peak_detector/vpp_out_reg[8]
  -------------------------------------------------------------------
                         required time                         14.141    
                         arrival time                         -23.902    
  -------------------------------------------------------------------
                         slack                                 -9.761    

Slack (VIOLATED) :        -9.583ns  (required time - arrival time)
  Source:                 u_fir_wrap/u_fir_compiler/U0/i_synth/g_single_rate.i_single_rate/g_m_data_chan_no_fifo.m_axis_data_tdata_int_reg[0]/C
                            (rising edge-triggered cell FDRE clocked by processing_clk  {rise@0.000ns fall@5.000ns period=10.000ns})
  Destination:            u_peak_to_peak_detector/vpp_out_reg[11]/D
                            (rising edge-triggered cell FDRE clocked by processing_clk  {rise@0.000ns fall@5.000ns period=10.000ns})
  Path Group:             processing_clk
  Path Type:              Setup (Max at Slow Process Corner)
  Requirement:            10.000ns  (processing_clk rise@10.000ns - processing_clk rise@0.000ns)
  Data Path Delay:        19.478ns  (logic 8.350ns (42.868%)  route 11.128ns (57.132%))
  Logic Levels:           36  (CARRY4=26 LUT4=2 LUT5=2 LUT6=6)
  Clock Path Skew:        -0.042ns (DCD - SCD + CPR)
    Destination Clock Delay (DCD):    3.819ns = ( 13.819 - 10.000 ) 
    Source Clock Delay      (SCD):    4.266ns
    Clock Pessimism Removal (CPR):    0.405ns
  Clock Uncertainty:      0.035ns  ((TSJ^2 + TIJ^2)^1/2 + DJ) / 2 + PE
    Total System Jitter     (TSJ):    0.071ns
    Total Input Jitter      (TIJ):    0.000ns
    Discrete Jitter          (DJ):    0.000ns
    Phase Error              (PE):    0.000ns

    Location             Delay type                Incr(ns)  Path(ns)    Netlist Resource(s)
  -------------------------------------------------------------------    -------------------
                         (clock processing_clk rise edge)
                                                      0.000     0.000 r  
    Y9                                                0.000     0.000 r  processing_clk (IN)
                         net (fo=0)                   0.000     0.000    processing_clk
    Y9                   IBUF (Prop_ibuf_I_O)         0.962     0.962 r  processing_clk_IBUF_inst/O
                         net (fo=1, routed)           1.843     2.805    processing_clk_IBUF
    BUFGCTRL_X0Y0        BUFG (Prop_bufg_I_O)         0.085     2.890 r  processing_clk_IBUF_BUFG_inst/O
                         net (fo=3610, routed)        1.376     4.266    u_fir_wrap/u_fir_compiler/U0/i_synth/g_single_rate.i_single_rate/aclk
    SLICE_X49Y79         FDRE                                         r  u_fir_wrap/u_fir_compiler/U0/i_synth/g_single_rate.i_single_rate/g_m_data_chan_no_fifo.m_axis_data_tdata_int_reg[0]/C
  -------------------------------------------------------------------    -------------------
    SLICE_X49Y79         FDRE (Prop_fdre_C_Q)         0.379     4.645 r  u_fir_wrap/u_fir_compiler/U0/i_synth/g_single_rate.i_single_rate/g_m_data_chan_no_fifo.m_axis_data_tdata_int_reg[0]/Q
                         net (fo=2, routed)           0.413     5.058    u_fir_wrap/ip_output_data[0]
    SLICE_X48Y79         CARRY4 (Prop_carry4_DI[0]_CO[3])
                                                      0.436     5.494 r  u_fir_wrap/p_0_in1_carry/CO[3]
                         net (fo=1, routed)           0.000     5.494    u_fir_wrap/p_0_in1_carry_n_0
    SLICE_X48Y80         CARRY4 (Prop_carry4_CI_CO[3])
                                                      0.098     5.592 r  u_fir_wrap/p_0_in1_carry__0/CO[3]
                         net (fo=1, routed)           0.000     5.592    u_fir_wrap/p_0_in1_carry__0_n_0
    SLICE_X48Y81         CARRY4 (Prop_carry4_CI_CO[3])
                                                      0.098     5.690 r  u_fir_wrap/p_0_in1_carry__1/CO[3]
                         net (fo=1, routed)           0.000     5.690    u_fir_wrap/p_0_in1_carry__1_n_0
    SLICE_X48Y82         CARRY4 (Prop_carry4_CI_CO[3])
                                                      0.098     5.788 r  u_fir_wrap/p_0_in1_carry__2/CO[3]
                         net (fo=1, routed)           0.000     5.788    u_fir_wrap/p_0_in1_carry__2_n_0
    SLICE_X48Y83         CARRY4 (Prop_carry4_CI_CO[3])
                                                      0.098     5.886 r  u_fir_wrap/p_0_in1_carry__3/CO[3]
                         net (fo=1, routed)           0.000     5.886    u_fir_wrap/p_0_in1_carry__3_n_0
    SLICE_X48Y84         CARRY4 (Prop_carry4_CI_CO[3])
                                                      0.098     5.984 r  u_fir_wrap/p_0_in1_carry__4/CO[3]
                         net (fo=1, routed)           0.000     5.984    u_fir_wrap/p_0_in1_carry__4_n_0
    SLICE_X48Y85         CARRY4 (Prop_carry4_CI_CO[3])
                                                      0.098     6.082 r  u_fir_wrap/p_0_in1_carry__5/CO[3]
                         net (fo=1, routed)           0.000     6.082    u_fir_wrap/p_0_in1_carry__5_n_0
    SLICE_X48Y86         CARRY4 (Prop_carry4_CI_CO[3])
                                                      0.098     6.180 r  u_fir_wrap/p_0_in1_carry__6/CO[3]
                         net (fo=1, routed)           0.000     6.180    u_fir_wrap/p_0_in1_carry__6_n_0
    SLICE_X48Y87         CARRY4 (Prop_carry4_CI_CO[3])
                                                      0.098     6.278 r  u_fir_wrap/p_0_in1_carry__7/CO[3]
                         net (fo=1, routed)           0.000     6.278    u_fir_wrap/p_0_in1_carry__7_n_0
    SLICE_X48Y88         CARRY4 (Prop_carry4_CI_CO[3])
                                                      0.098     6.376 r  u_fir_wrap/p_0_in1_carry__8/CO[3]
                         net (fo=1, routed)           0.000     6.376    u_fir_wrap/p_0_in1_carry__8_n_0
    SLICE_X48Y89         CARRY4 (Prop_carry4_CI_CO[0])
                                                      0.216     6.592 r  u_fir_wrap/saturation_now0_carry__0_i_1/CO[0]
                         net (fo=42, routed)          0.616     7.208    u_fir_wrap/saturation_now0_carry__0_i_1_n_3
    SLICE_X49Y88         CARRY4 (Prop_carry4_S[1]_CO[3])
                                                      0.766     7.974 r  u_fir_wrap/saturation_now1_carry__0/CO[3]
                         net (fo=1, routed)           0.000     7.974    u_fir_wrap/saturation_now1_carry__0_n_0
    SLICE_X49Y89         CARRY4 (Prop_carry4_CI_CO[3])
                                                      0.098     8.072 r  u_fir_wrap/saturation_now1_carry__1/CO[3]
                         net (fo=1, routed)           0.000     8.072    u_fir_wrap/saturation_now1_carry__1_n_0
    SLICE_X49Y90         CARRY4 (Prop_carry4_CI_CO[1])
                                                      0.132     8.204 r  u_fir_wrap/saturation_now1_carry__2/CO[1]
                         net (fo=102, routed)         0.589     8.793    u_fir_wrap/saturation_now1_carry__2_n_2
    SLICE_X45Y88         LUT4 (Prop_lut4_I0_O)        0.275     9.068 r  u_fir_wrap/segment_min_with_sample2_carry_i_10/O
                         net (fo=23, routed)          0.801     9.870    u_fir_wrap/segment_min_with_sample2_carry_i_10_n_0
    SLICE_X44Y89         LUT6 (Prop_lut6_I3_O)        0.105     9.975 r  u_fir_wrap/segment_max_with_sample2_carry_i_2_comp/O
                         net (fo=1, routed)           0.731    10.706    u_peak_to_peak_detector/segment_max_with_sample2_carry__0_0[2]
    SLICE_X45Y90         CARRY4 (Prop_carry4_DI[2]_CO[3])
                                                      0.329    11.035 r  u_peak_to_peak_detector/segment_max_with_sample2_carry/CO[3]
                         net (fo=1, routed)           0.000    11.035    u_peak_to_peak_detector/segment_max_with_sample2_carry_n_0
    SLICE_X45Y91         CARRY4 (Prop_carry4_CI_CO[3])
                                                      0.098    11.133 r  u_peak_to_peak_detector/segment_max_with_sample2_carry__0/CO[3]
                         net (fo=28, routed)          0.950    12.082    u_fir_wrap/CO[0]
    SLICE_X43Y90         LUT6 (Prop_lut6_I4_O)        0.105    12.187 r  u_fir_wrap/segment_max[4]_i_1_comp/O
                         net (fo=2, routed)           0.757    12.944    u_peak_to_peak_detector/D[4]
    SLICE_X47Y90         CARRY4 (Prop_carry4_DI[0]_CO[3])
                                                      0.436    13.380 r  u_peak_to_peak_detector/vpp_sum1_carry__0/CO[3]
                         net (fo=1, routed)           0.000    13.380    u_peak_to_peak_detector/vpp_sum1_carry__0_n_0
    SLICE_X47Y91         CARRY4 (Prop_carry4_CI_O[2])
                                                      0.200    13.580 r  u_peak_to_peak_detector/vpp_sum1_carry__1/O[2]
                         net (fo=17, routed)          0.859    14.440    u_peak_to_peak_detector/vpp_sum1[10]
    SLICE_X48Y93         LUT4 (Prop_lut4_I0_O)        0.253    14.693 r  u_peak_to_peak_detector/i__carry__0_i_7__0/O
                         net (fo=1, routed)           0.000    14.693    u_peak_to_peak_detector/i__carry__0_i_7__0_n_0
    SLICE_X48Y93         CARRY4 (Prop_carry4_S[1]_CO[3])
                                                      0.457    15.150 r  u_peak_to_peak_detector/p_0_out_inferred__1/i__carry__0/CO[3]
                         net (fo=32, routed)          0.842    15.992    u_peak_to_peak_detector/p_0_out_inferred__1/i__carry__0_n_0
    SLICE_X47Y93         LUT6 (Prop_lut6_I5_O)        0.105    16.097 r  u_peak_to_peak_detector/vpp_out2__0_carry_i_10/O
                         net (fo=3, routed)           0.493    16.589    u_peak_to_peak_detector/vpp_out2__0_carry_i_10_n_0
    SLICE_X43Y92         LUT5 (Prop_lut5_I1_O)        0.105    16.694 r  u_peak_to_peak_detector/vpp_out2__0_carry_i_2_comp/O
                         net (fo=1, routed)           0.592    17.286    u_peak_to_peak_detector/vpp_out2__0_carry_i_2_n_0
    SLICE_X49Y93         CARRY4 (Prop_carry4_DI[2]_CO[3])
                                                      0.329    17.615 r  u_peak_to_peak_detector/vpp_out2__0_carry/CO[3]
                         net (fo=1, routed)           0.000    17.615    u_peak_to_peak_detector/vpp_out2__0_carry_n_0
    SLICE_X49Y94         CARRY4 (Prop_carry4_CI_O[1])
                                                      0.265    17.880 r  u_peak_to_peak_detector/vpp_out2__0_carry__0/O[1]
                         net (fo=3, routed)           0.680    18.560    u_peak_to_peak_detector/vpp_out2__0_carry__0_n_6
    SLICE_X41Y94         LUT6 (Prop_lut6_I0_O)        0.250    18.810 r  u_peak_to_peak_detector/vpp_out2__57_carry__0_i_9/O
                         net (fo=3, routed)           0.605    19.415    u_peak_to_peak_detector/vpp_out2__57_carry__0_i_9_n_0
    SLICE_X45Y94         LUT5 (Prop_lut5_I0_O)        0.105    19.520 r  u_peak_to_peak_detector/vpp_out2__57_carry__0_i_5/O
                         net (fo=1, routed)           0.000    19.520    u_peak_to_peak_detector/vpp_out2__57_carry__0_i_5_n_0
    SLICE_X45Y94         CARRY4 (Prop_carry4_S[3]_CO[3])
                                                      0.332    19.852 r  u_peak_to_peak_detector/vpp_out2__57_carry__0/CO[3]
                         net (fo=1, routed)           0.000    19.852    u_peak_to_peak_detector/vpp_out2__57_carry__0_n_0
    SLICE_X45Y95         CARRY4 (Prop_carry4_CI_O[1])
                                                      0.265    20.117 r  u_peak_to_peak_detector/vpp_out2__57_carry__1/O[1]
                         net (fo=1, routed)           0.478    20.596    u_peak_to_peak_detector/vpp_out2__57_carry__1_n_6
    SLICE_X43Y95         CARRY4 (Prop_carry4_S[1]_CO[3])
                                                      0.707    21.303 r  u_peak_to_peak_detector/vpp_out1_carry__1/CO[3]
                         net (fo=1, routed)           0.000    21.303    u_peak_to_peak_detector/vpp_out1_carry__1_n_0
    SLICE_X43Y96         CARRY4 (Prop_carry4_CI_CO[3])
                                                      0.098    21.401 r  u_peak_to_peak_detector/vpp_out1_carry__2/CO[3]
                         net (fo=1, routed)           0.000    21.401    u_peak_to_peak_detector/vpp_out1_carry__2_n_0
    SLICE_X43Y97         CARRY4 (Prop_carry4_CI_O[3])
                                                      0.260    21.661 r  u_peak_to_peak_detector/vpp_out1_carry__3/O[3]
                         net (fo=5, routed)           0.861    22.522    u_peak_to_peak_detector/vpp_out1[19]
    SLICE_X42Y98         LUT6 (Prop_lut6_I1_O)        0.257    22.779 r  u_peak_to_peak_detector/vpp_out[13]_i_1/O
                         net (fo=6, routed)           0.354    23.132    u_peak_to_peak_detector/vpp_out[13]_i_1_n_0
    SLICE_X42Y97         LUT6 (Prop_lut6_I2_O)        0.105    23.237 r  u_peak_to_peak_detector/vpp_out[11]_i_1/O
                         net (fo=4, routed)           0.507    23.745    u_peak_to_peak_detector/vpp_out[11]_i_1_n_0
    SLICE_X38Y97         FDRE                                         r  u_peak_to_peak_detector/vpp_out_reg[11]/D
  -------------------------------------------------------------------    -------------------

                         (clock processing_clk rise edge)
                                                     10.000    10.000 r  
    Y9                                                0.000    10.000 r  processing_clk (IN)
                         net (fo=0)                   0.000    10.000    processing_clk
    Y9                   IBUF (Prop_ibuf_I_O)         0.831    10.831 r  processing_clk_IBUF_inst/O
                         net (fo=1, routed)           1.673    12.504    processing_clk_IBUF
    BUFGCTRL_X0Y0        BUFG (Prop_bufg_I_O)         0.077    12.581 r  processing_clk_IBUF_BUFG_inst/O
                         net (fo=3610, routed)        1.238    13.819    u_peak_to_peak_detector/processing_clk_IBUF_BUFG
    SLICE_X38Y97         FDRE                                         r  u_peak_to_peak_detector/vpp_out_reg[11]/C
                         clock pessimism              0.405    14.224    
                         clock uncertainty           -0.035    14.189    
    SLICE_X38Y97         FDRE (Setup_fdre_C_D)       -0.027    14.162    u_peak_to_peak_detector/vpp_out_reg[11]
  -------------------------------------------------------------------
                         required time                         14.162    
                         arrival time                         -23.745    
  -------------------------------------------------------------------
                         slack                                 -9.583    

Slack (VIOLATED) :        -9.498ns  (required time - arrival time)
  Source:                 u_fir_wrap/u_fir_compiler/U0/i_synth/g_single_rate.i_single_rate/g_m_data_chan_no_fifo.m_axis_data_tdata_int_reg[0]/C
                            (rising edge-triggered cell FDRE clocked by processing_clk  {rise@0.000ns fall@5.000ns period=10.000ns})
  Destination:            u_peak_to_peak_detector/vpp_out_reg[10]/D
                            (rising edge-triggered cell FDRE clocked by processing_clk  {rise@0.000ns fall@5.000ns period=10.000ns})
  Path Group:             processing_clk
  Path Type:              Setup (Max at Slow Process Corner)
  Requirement:            10.000ns  (processing_clk rise@10.000ns - processing_clk rise@0.000ns)
  Data Path Delay:        19.417ns  (logic 8.350ns (43.004%)  route 11.067ns (56.996%))
  Logic Levels:           36  (CARRY4=26 LUT4=2 LUT5=2 LUT6=6)
  Clock Path Skew:        -0.042ns (DCD - SCD + CPR)
    Destination Clock Delay (DCD):    3.819ns = ( 13.819 - 10.000 ) 
    Source Clock Delay      (SCD):    4.266ns
    Clock Pessimism Removal (CPR):    0.405ns
  Clock Uncertainty:      0.035ns  ((TSJ^2 + TIJ^2)^1/2 + DJ) / 2 + PE
    Total System Jitter     (TSJ):    0.071ns
    Total Input Jitter      (TIJ):    0.000ns
    Discrete Jitter          (DJ):    0.000ns
    Phase Error              (PE):    0.000ns

    Location             Delay type                Incr(ns)  Path(ns)    Netlist Resource(s)
  -------------------------------------------------------------------    -------------------
                         (clock processing_clk rise edge)
                                                      0.000     0.000 r  
    Y9                                                0.000     0.000 r  processing_clk (IN)
                         net (fo=0)                   0.000     0.000    processing_clk
    Y9                   IBUF (Prop_ibuf_I_O)         0.962     0.962 r  processing_clk_IBUF_inst/O
                         net (fo=1, routed)           1.843     2.805    processing_clk_IBUF
    BUFGCTRL_X0Y0        BUFG (Prop_bufg_I_O)         0.085     2.890 r  processing_clk_IBUF_BUFG_inst/O
                         net (fo=3610, routed)        1.376     4.266    u_fir_wrap/u_fir_compiler/U0/i_synth/g_single_rate.i_single_rate/aclk
    SLICE_X49Y79         FDRE                                         r  u_fir_wrap/u_fir_compiler/U0/i_synth/g_single_rate.i_single_rate/g_m_data_chan_no_fifo.m_axis_data_tdata_int_reg[0]/C
  -------------------------------------------------------------------    -------------------
    SLICE_X49Y79         FDRE (Prop_fdre_C_Q)         0.379     4.645 r  u_fir_wrap/u_fir_compiler/U0/i_synth/g_single_rate.i_single_rate/g_m_data_chan_no_fifo.m_axis_data_tdata_int_reg[0]/Q
                         net (fo=2, routed)           0.413     5.058    u_fir_wrap/ip_output_data[0]
    SLICE_X48Y79         CARRY4 (Prop_carry4_DI[0]_CO[3])
                                                      0.436     5.494 r  u_fir_wrap/p_0_in1_carry/CO[3]
                         net (fo=1, routed)           0.000     5.494    u_fir_wrap/p_0_in1_carry_n_0
    SLICE_X48Y80         CARRY4 (Prop_carry4_CI_CO[3])
                                                      0.098     5.592 r  u_fir_wrap/p_0_in1_carry__0/CO[3]
                         net (fo=1, routed)           0.000     5.592    u_fir_wrap/p_0_in1_carry__0_n_0
    SLICE_X48Y81         CARRY4 (Prop_carry4_CI_CO[3])
                                                      0.098     5.690 r  u_fir_wrap/p_0_in1_carry__1/CO[3]
                         net (fo=1, routed)           0.000     5.690    u_fir_wrap/p_0_in1_carry__1_n_0
    SLICE_X48Y82         CARRY4 (Prop_carry4_CI_CO[3])
                                                      0.098     5.788 r  u_fir_wrap/p_0_in1_carry__2/CO[3]
                         net (fo=1, routed)           0.000     5.788    u_fir_wrap/p_0_in1_carry__2_n_0
    SLICE_X48Y83         CARRY4 (Prop_carry4_CI_CO[3])
                                                      0.098     5.886 r  u_fir_wrap/p_0_in1_carry__3/CO[3]
                         net (fo=1, routed)           0.000     5.886    u_fir_wrap/p_0_in1_carry__3_n_0
    SLICE_X48Y84         CARRY4 (Prop_carry4_CI_CO[3])
                                                      0.098     5.984 r  u_fir_wrap/p_0_in1_carry__4/CO[3]
                         net (fo=1, routed)           0.000     5.984    u_fir_wrap/p_0_in1_carry__4_n_0
    SLICE_X48Y85         CARRY4 (Prop_carry4_CI_CO[3])
                                                      0.098     6.082 r  u_fir_wrap/p_0_in1_carry__5/CO[3]
                         net (fo=1, routed)           0.000     6.082    u_fir_wrap/p_0_in1_carry__5_n_0
    SLICE_X48Y86         CARRY4 (Prop_carry4_CI_CO[3])
                                                      0.098     6.180 r  u_fir_wrap/p_0_in1_carry__6/CO[3]
                         net (fo=1, routed)           0.000     6.180    u_fir_wrap/p_0_in1_carry__6_n_0
    SLICE_X48Y87         CARRY4 (Prop_carry4_CI_CO[3])
                                                      0.098     6.278 r  u_fir_wrap/p_0_in1_carry__7/CO[3]
                         net (fo=1, routed)           0.000     6.278    u_fir_wrap/p_0_in1_carry__7_n_0
    SLICE_X48Y88         CARRY4 (Prop_carry4_CI_CO[3])
                                                      0.098     6.376 r  u_fir_wrap/p_0_in1_carry__8/CO[3]
                         net (fo=1, routed)           0.000     6.376    u_fir_wrap/p_0_in1_carry__8_n_0
    SLICE_X48Y89         CARRY4 (Prop_carry4_CI_CO[0])
                                                      0.216     6.592 r  u_fir_wrap/saturation_now0_carry__0_i_1/CO[0]
                         net (fo=42, routed)          0.616     7.208    u_fir_wrap/saturation_now0_carry__0_i_1_n_3
    SLICE_X49Y88         CARRY4 (Prop_carry4_S[1]_CO[3])
                                                      0.766     7.974 r  u_fir_wrap/saturation_now1_carry__0/CO[3]
                         net (fo=1, routed)           0.000     7.974    u_fir_wrap/saturation_now1_carry__0_n_0
    SLICE_X49Y89         CARRY4 (Prop_carry4_CI_CO[3])
                                                      0.098     8.072 r  u_fir_wrap/saturation_now1_carry__1/CO[3]
                         net (fo=1, routed)           0.000     8.072    u_fir_wrap/saturation_now1_carry__1_n_0
    SLICE_X49Y90         CARRY4 (Prop_carry4_CI_CO[1])
                                                      0.132     8.204 r  u_fir_wrap/saturation_now1_carry__2/CO[1]
                         net (fo=102, routed)         0.589     8.793    u_fir_wrap/saturation_now1_carry__2_n_2
    SLICE_X45Y88         LUT4 (Prop_lut4_I0_O)        0.275     9.068 r  u_fir_wrap/segment_min_with_sample2_carry_i_10/O
                         net (fo=23, routed)          0.801     9.870    u_fir_wrap/segment_min_with_sample2_carry_i_10_n_0
    SLICE_X44Y89         LUT6 (Prop_lut6_I3_O)        0.105     9.975 r  u_fir_wrap/segment_max_with_sample2_carry_i_2_comp/O
                         net (fo=1, routed)           0.731    10.706    u_peak_to_peak_detector/segment_max_with_sample2_carry__0_0[2]
    SLICE_X45Y90         CARRY4 (Prop_carry4_DI[2]_CO[3])
                                                      0.329    11.035 r  u_peak_to_peak_detector/segment_max_with_sample2_carry/CO[3]
                         net (fo=1, routed)           0.000    11.035    u_peak_to_peak_detector/segment_max_with_sample2_carry_n_0
    SLICE_X45Y91         CARRY4 (Prop_carry4_CI_CO[3])
                                                      0.098    11.133 r  u_peak_to_peak_detector/segment_max_with_sample2_carry__0/CO[3]
                         net (fo=28, routed)          0.950    12.082    u_fir_wrap/CO[0]
    SLICE_X43Y90         LUT6 (Prop_lut6_I4_O)        0.105    12.187 r  u_fir_wrap/segment_max[4]_i_1_comp/O
                         net (fo=2, routed)           0.757    12.944    u_peak_to_peak_detector/D[4]
    SLICE_X47Y90         CARRY4 (Prop_carry4_DI[0]_CO[3])
                                                      0.436    13.380 r  u_peak_to_peak_detector/vpp_sum1_carry__0/CO[3]
                         net (fo=1, routed)           0.000    13.380    u_peak_to_peak_detector/vpp_sum1_carry__0_n_0
    SLICE_X47Y91         CARRY4 (Prop_carry4_CI_O[2])
                                                      0.200    13.580 r  u_peak_to_peak_detector/vpp_sum1_carry__1/O[2]
                         net (fo=17, routed)          0.859    14.440    u_peak_to_peak_detector/vpp_sum1[10]
    SLICE_X48Y93         LUT4 (Prop_lut4_I0_O)        0.253    14.693 r  u_peak_to_peak_detector/i__carry__0_i_7__0/O
                         net (fo=1, routed)           0.000    14.693    u_peak_to_peak_detector/i__carry__0_i_7__0_n_0
    SLICE_X48Y93         CARRY4 (Prop_carry4_S[1]_CO[3])
                                                      0.457    15.150 r  u_peak_to_peak_detector/p_0_out_inferred__1/i__carry__0/CO[3]
                         net (fo=32, routed)          0.842    15.992    u_peak_to_peak_detector/p_0_out_inferred__1/i__carry__0_n_0
    SLICE_X47Y93         LUT6 (Prop_lut6_I5_O)        0.105    16.097 r  u_peak_to_peak_detector/vpp_out2__0_carry_i_10/O
                         net (fo=3, routed)           0.493    16.589    u_peak_to_peak_detector/vpp_out2__0_carry_i_10_n_0
    SLICE_X43Y92         LUT5 (Prop_lut5_I1_O)        0.105    16.694 r  u_peak_to_peak_detector/vpp_out2__0_carry_i_2_comp/O
                         net (fo=1, routed)           0.592    17.286    u_peak_to_peak_detector/vpp_out2__0_carry_i_2_n_0
    SLICE_X49Y93         CARRY4 (Prop_carry4_DI[2]_CO[3])
                                                      0.329    17.615 r  u_peak_to_peak_detector/vpp_out2__0_carry/CO[3]
                         net (fo=1, routed)           0.000    17.615    u_peak_to_peak_detector/vpp_out2__0_carry_n_0
    SLICE_X49Y94         CARRY4 (Prop_carry4_CI_O[1])
                                                      0.265    17.880 r  u_peak_to_peak_detector/vpp_out2__0_carry__0/O[1]
                         net (fo=3, routed)           0.680    18.560    u_peak_to_peak_detector/vpp_out2__0_carry__0_n_6
    SLICE_X41Y94         LUT6 (Prop_lut6_I0_O)        0.250    18.810 r  u_peak_to_peak_detector/vpp_out2__57_carry__0_i_9/O
                         net (fo=3, routed)           0.605    19.415    u_peak_to_peak_detector/vpp_out2__57_carry__0_i_9_n_0
    SLICE_X45Y94         LUT5 (Prop_lut5_I0_O)        0.105    19.520 r  u_peak_to_peak_detector/vpp_out2__57_carry__0_i_5/O
                         net (fo=1, routed)           0.000    19.520    u_peak_to_peak_detector/vpp_out2__57_carry__0_i_5_n_0
    SLICE_X45Y94         CARRY4 (Prop_carry4_S[3]_CO[3])
                                                      0.332    19.852 r  u_peak_to_peak_detector/vpp_out2__57_carry__0/CO[3]
                         net (fo=1, routed)           0.000    19.852    u_peak_to_peak_detector/vpp_out2__57_carry__0_n_0
    SLICE_X45Y95         CARRY4 (Prop_carry4_CI_O[1])
                                                      0.265    20.117 r  u_peak_to_peak_detector/vpp_out2__57_carry__1/O[1]
                         net (fo=1, routed)           0.478    20.596    u_peak_to_peak_detector/vpp_out2__57_carry__1_n_6
    SLICE_X43Y95         CARRY4 (Prop_carry4_S[1]_CO[3])
                                                      0.707    21.303 r  u_peak_to_peak_detector/vpp_out1_carry__1/CO[3]
                         net (fo=1, routed)           0.000    21.303    u_peak_to_peak_detector/vpp_out1_carry__1_n_0
    SLICE_X43Y96         CARRY4 (Prop_carry4_CI_CO[3])
                                                      0.098    21.401 r  u_peak_to_peak_detector/vpp_out1_carry__2/CO[3]
                         net (fo=1, routed)           0.000    21.401    u_peak_to_peak_detector/vpp_out1_carry__2_n_0
    SLICE_X43Y97         CARRY4 (Prop_carry4_CI_O[3])
                                                      0.260    21.661 r  u_peak_to_peak_detector/vpp_out1_carry__3/O[3]
                         net (fo=5, routed)           0.861    22.522    u_peak_to_peak_detector/vpp_out1[19]
    SLICE_X42Y98         LUT6 (Prop_lut6_I1_O)        0.257    22.779 r  u_peak_to_peak_detector/vpp_out[13]_i_1/O
                         net (fo=6, routed)           0.387    23.166    u_peak_to_peak_detector/vpp_out[13]_i_1_n_0
    SLICE_X40Y97         LUT6 (Prop_lut6_I2_O)        0.105    23.271 r  u_peak_to_peak_detector/vpp_out[10]_i_1/O
                         net (fo=4, routed)           0.413    23.683    u_peak_to_peak_detector/vpp_out[10]_i_1_n_0
    SLICE_X38Y97         FDRE                                         r  u_peak_to_peak_detector/vpp_out_reg[10]/D
  -------------------------------------------------------------------    -------------------

                         (clock processing_clk rise edge)
                                                     10.000    10.000 r  
    Y9                                                0.000    10.000 r  processing_clk (IN)
                         net (fo=0)                   0.000    10.000    processing_clk
    Y9                   IBUF (Prop_ibuf_I_O)         0.831    10.831 r  processing_clk_IBUF_inst/O
                         net (fo=1, routed)           1.673    12.504    processing_clk_IBUF
    BUFGCTRL_X0Y0        BUFG (Prop_bufg_I_O)         0.077    12.581 r  processing_clk_IBUF_BUFG_inst/O
                         net (fo=3610, routed)        1.238    13.819    u_peak_to_peak_detector/processing_clk_IBUF_BUFG
    SLICE_X38Y97         FDRE                                         r  u_peak_to_peak_detector/vpp_out_reg[10]/C
                         clock pessimism              0.405    14.224    
                         clock uncertainty           -0.035    14.189    
    SLICE_X38Y97         FDRE (Setup_fdre_C_D)       -0.004    14.185    u_peak_to_peak_detector/vpp_out_reg[10]
  -------------------------------------------------------------------
                         required time                         14.185    
                         arrival time                         -23.683    
  -------------------------------------------------------------------
                         slack                                 -9.498    

Slack (VIOLATED) :        -9.160ns  (required time - arrival time)
  Source:                 u_fir_wrap/u_fir_compiler/U0/i_synth/g_single_rate.i_single_rate/g_m_data_chan_no_fifo.m_axis_data_tdata_int_reg[0]/C
                            (rising edge-triggered cell FDRE clocked by processing_clk  {rise@0.000ns fall@5.000ns period=10.000ns})
  Destination:            u_peak_to_peak_detector/vpp_out_reg[12]/D
                            (rising edge-triggered cell FDRE clocked by processing_clk  {rise@0.000ns fall@5.000ns period=10.000ns})
  Path Group:             processing_clk
  Path Type:              Setup (Max at Slow Process Corner)
  Requirement:            10.000ns  (processing_clk rise@10.000ns - processing_clk rise@0.000ns)
  Data Path Delay:        19.112ns  (logic 8.350ns (43.691%)  route 10.762ns (56.309%))
  Logic Levels:           36  (CARRY4=26 LUT4=2 LUT5=3 LUT6=5)
  Clock Path Skew:        -0.043ns (DCD - SCD + CPR)
    Destination Clock Delay (DCD):    3.818ns = ( 13.818 - 10.000 ) 
    Source Clock Delay      (SCD):    4.266ns
    Clock Pessimism Removal (CPR):    0.405ns
  Clock Uncertainty:      0.035ns  ((TSJ^2 + TIJ^2)^1/2 + DJ) / 2 + PE
    Total System Jitter     (TSJ):    0.071ns
    Total Input Jitter      (TIJ):    0.000ns
    Discrete Jitter          (DJ):    0.000ns
    Phase Error              (PE):    0.000ns

    Location             Delay type                Incr(ns)  Path(ns)    Netlist Resource(s)
  -------------------------------------------------------------------    -------------------
                         (clock processing_clk rise edge)
                                                      0.000     0.000 r  
    Y9                                                0.000     0.000 r  processing_clk (IN)
                         net (fo=0)                   0.000     0.000    processing_clk
    Y9                   IBUF (Prop_ibuf_I_O)         0.962     0.962 r  processing_clk_IBUF_inst/O
                         net (fo=1, routed)           1.843     2.805    processing_clk_IBUF
    BUFGCTRL_X0Y0        BUFG (Prop_bufg_I_O)         0.085     2.890 r  processing_clk_IBUF_BUFG_inst/O
                         net (fo=3610, routed)        1.376     4.266    u_fir_wrap/u_fir_compiler/U0/i_synth/g_single_rate.i_single_rate/aclk
    SLICE_X49Y79         FDRE                                         r  u_fir_wrap/u_fir_compiler/U0/i_synth/g_single_rate.i_single_rate/g_m_data_chan_no_fifo.m_axis_data_tdata_int_reg[0]/C
  -------------------------------------------------------------------    -------------------
    SLICE_X49Y79         FDRE (Prop_fdre_C_Q)         0.379     4.645 r  u_fir_wrap/u_fir_compiler/U0/i_synth/g_single_rate.i_single_rate/g_m_data_chan_no_fifo.m_axis_data_tdata_int_reg[0]/Q
                         net (fo=2, routed)           0.413     5.058    u_fir_wrap/ip_output_data[0]
    SLICE_X48Y79         CARRY4 (Prop_carry4_DI[0]_CO[3])
                                                      0.436     5.494 r  u_fir_wrap/p_0_in1_carry/CO[3]
                         net (fo=1, routed)           0.000     5.494    u_fir_wrap/p_0_in1_carry_n_0
    SLICE_X48Y80         CARRY4 (Prop_carry4_CI_CO[3])
                                                      0.098     5.592 r  u_fir_wrap/p_0_in1_carry__0/CO[3]
                         net (fo=1, routed)           0.000     5.592    u_fir_wrap/p_0_in1_carry__0_n_0
    SLICE_X48Y81         CARRY4 (Prop_carry4_CI_CO[3])
                                                      0.098     5.690 r  u_fir_wrap/p_0_in1_carry__1/CO[3]
                         net (fo=1, routed)           0.000     5.690    u_fir_wrap/p_0_in1_carry__1_n_0
    SLICE_X48Y82         CARRY4 (Prop_carry4_CI_CO[3])
                                                      0.098     5.788 r  u_fir_wrap/p_0_in1_carry__2/CO[3]
                         net (fo=1, routed)           0.000     5.788    u_fir_wrap/p_0_in1_carry__2_n_0
    SLICE_X48Y83         CARRY4 (Prop_carry4_CI_CO[3])
                                                      0.098     5.886 r  u_fir_wrap/p_0_in1_carry__3/CO[3]
                         net (fo=1, routed)           0.000     5.886    u_fir_wrap/p_0_in1_carry__3_n_0
    SLICE_X48Y84         CARRY4 (Prop_carry4_CI_CO[3])
                                                      0.098     5.984 r  u_fir_wrap/p_0_in1_carry__4/CO[3]
                         net (fo=1, routed)           0.000     5.984    u_fir_wrap/p_0_in1_carry__4_n_0
    SLICE_X48Y85         CARRY4 (Prop_carry4_CI_CO[3])
                                                      0.098     6.082 r  u_fir_wrap/p_0_in1_carry__5/CO[3]
                         net (fo=1, routed)           0.000     6.082    u_fir_wrap/p_0_in1_carry__5_n_0
    SLICE_X48Y86         CARRY4 (Prop_carry4_CI_CO[3])
                                                      0.098     6.180 r  u_fir_wrap/p_0_in1_carry__6/CO[3]
                         net (fo=1, routed)           0.000     6.180    u_fir_wrap/p_0_in1_carry__6_n_0
    SLICE_X48Y87         CARRY4 (Prop_carry4_CI_CO[3])
                                                      0.098     6.278 r  u_fir_wrap/p_0_in1_carry__7/CO[3]
                         net (fo=1, routed)           0.000     6.278    u_fir_wrap/p_0_in1_carry__7_n_0
    SLICE_X48Y88         CARRY4 (Prop_carry4_CI_CO[3])
                                                      0.098     6.376 r  u_fir_wrap/p_0_in1_carry__8/CO[3]
                         net (fo=1, routed)           0.000     6.376    u_fir_wrap/p_0_in1_carry__8_n_0
    SLICE_X48Y89         CARRY4 (Prop_carry4_CI_CO[0])
                                                      0.216     6.592 r  u_fir_wrap/saturation_now0_carry__0_i_1/CO[0]
                         net (fo=42, routed)          0.616     7.208    u_fir_wrap/saturation_now0_carry__0_i_1_n_3
    SLICE_X49Y88         CARRY4 (Prop_carry4_S[1]_CO[3])
                                                      0.766     7.974 r  u_fir_wrap/saturation_now1_carry__0/CO[3]
                         net (fo=1, routed)           0.000     7.974    u_fir_wrap/saturation_now1_carry__0_n_0
    SLICE_X49Y89         CARRY4 (Prop_carry4_CI_CO[3])
                                                      0.098     8.072 r  u_fir_wrap/saturation_now1_carry__1/CO[3]
                         net (fo=1, routed)           0.000     8.072    u_fir_wrap/saturation_now1_carry__1_n_0
    SLICE_X49Y90         CARRY4 (Prop_carry4_CI_CO[1])
                                                      0.132     8.204 r  u_fir_wrap/saturation_now1_carry__2/CO[1]
                         net (fo=102, routed)         0.589     8.793    u_fir_wrap/saturation_now1_carry__2_n_2
    SLICE_X45Y88         LUT4 (Prop_lut4_I0_O)        0.275     9.068 r  u_fir_wrap/segment_min_with_sample2_carry_i_10/O
                         net (fo=23, routed)          0.801     9.870    u_fir_wrap/segment_min_with_sample2_carry_i_10_n_0
    SLICE_X44Y89         LUT6 (Prop_lut6_I3_O)        0.105     9.975 r  u_fir_wrap/segment_max_with_sample2_carry_i_2_comp/O
                         net (fo=1, routed)           0.731    10.706    u_peak_to_peak_detector/segment_max_with_sample2_carry__0_0[2]
    SLICE_X45Y90         CARRY4 (Prop_carry4_DI[2]_CO[3])
                                                      0.329    11.035 r  u_peak_to_peak_detector/segment_max_with_sample2_carry/CO[3]
                         net (fo=1, routed)           0.000    11.035    u_peak_to_peak_detector/segment_max_with_sample2_carry_n_0
    SLICE_X45Y91         CARRY4 (Prop_carry4_CI_CO[3])
                                                      0.098    11.133 r  u_peak_to_peak_detector/segment_max_with_sample2_carry__0/CO[3]
                         net (fo=28, routed)          0.950    12.082    u_fir_wrap/CO[0]
    SLICE_X43Y90         LUT6 (Prop_lut6_I4_O)        0.105    12.187 r  u_fir_wrap/segment_max[4]_i_1_comp/O
                         net (fo=2, routed)           0.757    12.944    u_peak_to_peak_detector/D[4]
    SLICE_X47Y90         CARRY4 (Prop_carry4_DI[0]_CO[3])
                                                      0.436    13.380 r  u_peak_to_peak_detector/vpp_sum1_carry__0/CO[3]
                         net (fo=1, routed)           0.000    13.380    u_peak_to_peak_detector/vpp_sum1_carry__0_n_0
    SLICE_X47Y91         CARRY4 (Prop_carry4_CI_O[2])
                                                      0.200    13.580 r  u_peak_to_peak_detector/vpp_sum1_carry__1/O[2]
                         net (fo=17, routed)          0.859    14.440    u_peak_to_peak_detector/vpp_sum1[10]
    SLICE_X48Y93         LUT4 (Prop_lut4_I0_O)        0.253    14.693 r  u_peak_to_peak_detector/i__carry__0_i_7__0/O
                         net (fo=1, routed)           0.000    14.693    u_peak_to_peak_detector/i__carry__0_i_7__0_n_0
    SLICE_X48Y93         CARRY4 (Prop_carry4_S[1]_CO[3])
                                                      0.457    15.150 r  u_peak_to_peak_detector/p_0_out_inferred__1/i__carry__0/CO[3]
                         net (fo=32, routed)          0.842    15.992    u_peak_to_peak_detector/p_0_out_inferred__1/i__carry__0_n_0
    SLICE_X47Y93         LUT6 (Prop_lut6_I5_O)        0.105    16.097 r  u_peak_to_peak_detector/vpp_out2__0_carry_i_10/O
                         net (fo=3, routed)           0.493    16.589    u_peak_to_peak_detector/vpp_out2__0_carry_i_10_n_0
    SLICE_X43Y92         LUT5 (Prop_lut5_I1_O)        0.105    16.694 r  u_peak_to_peak_detector/vpp_out2__0_carry_i_2_comp/O
                         net (fo=1, routed)           0.592    17.286    u_peak_to_peak_detector/vpp_out2__0_carry_i_2_n_0
    SLICE_X49Y93         CARRY4 (Prop_carry4_DI[2]_CO[3])
                                                      0.329    17.615 r  u_peak_to_peak_detector/vpp_out2__0_carry/CO[3]
                         net (fo=1, routed)           0.000    17.615    u_peak_to_peak_detector/vpp_out2__0_carry_n_0
    SLICE_X49Y94         CARRY4 (Prop_carry4_CI_O[1])
                                                      0.265    17.880 r  u_peak_to_peak_detector/vpp_out2__0_carry__0/O[1]
                         net (fo=3, routed)           0.680    18.560    u_peak_to_peak_detector/vpp_out2__0_carry__0_n_6
    SLICE_X41Y94         LUT6 (Prop_lut6_I0_O)        0.250    18.810 r  u_peak_to_peak_detector/vpp_out2__57_carry__0_i_9/O
                         net (fo=3, routed)           0.605    19.415    u_peak_to_peak_detector/vpp_out2__57_carry__0_i_9_n_0
    SLICE_X45Y94         LUT5 (Prop_lut5_I0_O)        0.105    19.520 r  u_peak_to_peak_detector/vpp_out2__57_carry__0_i_5/O
                         net (fo=1, routed)           0.000    19.520    u_peak_to_peak_detector/vpp_out2__57_carry__0_i_5_n_0
    SLICE_X45Y94         CARRY4 (Prop_carry4_S[3]_CO[3])
                                                      0.332    19.852 r  u_peak_to_peak_detector/vpp_out2__57_carry__0/CO[3]
                         net (fo=1, routed)           0.000    19.852    u_peak_to_peak_detector/vpp_out2__57_carry__0_n_0
    SLICE_X45Y95         CARRY4 (Prop_carry4_CI_O[1])
                                                      0.265    20.117 r  u_peak_to_peak_detector/vpp_out2__57_carry__1/O[1]
                         net (fo=1, routed)           0.478    20.596    u_peak_to_peak_detector/vpp_out2__57_carry__1_n_6
    SLICE_X43Y95         CARRY4 (Prop_carry4_S[1]_CO[3])
                                                      0.707    21.303 r  u_peak_to_peak_detector/vpp_out1_carry__1/CO[3]
                         net (fo=1, routed)           0.000    21.303    u_peak_to_peak_detector/vpp_out1_carry__1_n_0
    SLICE_X43Y96         CARRY4 (Prop_carry4_CI_CO[3])
                                                      0.098    21.401 r  u_peak_to_peak_detector/vpp_out1_carry__2/CO[3]
                         net (fo=1, routed)           0.000    21.401    u_peak_to_peak_detector/vpp_out1_carry__2_n_0
    SLICE_X43Y97         CARRY4 (Prop_carry4_CI_O[3])
                                                      0.260    21.661 r  u_peak_to_peak_detector/vpp_out1_carry__3/O[3]
                         net (fo=5, routed)           0.861    22.522    u_peak_to_peak_detector/vpp_out1[19]
    SLICE_X42Y98         LUT6 (Prop_lut6_I1_O)        0.257    22.779 r  u_peak_to_peak_detector/vpp_out[13]_i_1/O
                         net (fo=6, routed)           0.495    23.273    u_peak_to_peak_detector/vpp_out[13]_i_1_n_0
    SLICE_X41Y98         LUT5 (Prop_lut5_I0_O)        0.105    23.378 r  u_peak_to_peak_detector/vpp_out[12]_i_1/O
                         net (fo=1, routed)           0.000    23.378    u_peak_to_peak_detector/vpp_out[12]_i_1_n_0
    SLICE_X41Y98         FDRE                                         r  u_peak_to_peak_detector/vpp_out_reg[12]/D
  -------------------------------------------------------------------    -------------------

                         (clock processing_clk rise edge)
                                                     10.000    10.000 r  
    Y9                                                0.000    10.000 r  processing_clk (IN)
                         net (fo=0)                   0.000    10.000    processing_clk
    Y9                   IBUF (Prop_ibuf_I_O)         0.831    10.831 r  processing_clk_IBUF_inst/O
                         net (fo=1, routed)           1.673    12.504    processing_clk_IBUF
    BUFGCTRL_X0Y0        BUFG (Prop_bufg_I_O)         0.077    12.581 r  processing_clk_IBUF_BUFG_inst/O
                         net (fo=3610, routed)        1.237    13.818    u_peak_to_peak_detector/processing_clk_IBUF_BUFG
    SLICE_X41Y98         FDRE                                         r  u_peak_to_peak_detector/vpp_out_reg[12]/C
                         clock pessimism              0.405    14.223    
                         clock uncertainty           -0.035    14.188    
    SLICE_X41Y98         FDRE (Setup_fdre_C_D)        0.030    14.218    u_peak_to_peak_detector/vpp_out_reg[12]
  -------------------------------------------------------------------
                         required time                         14.218    
                         arrival time                         -23.378    
  -------------------------------------------------------------------
                         slack                                 -9.160    

Slack (VIOLATED) :        -9.005ns  (required time - arrival time)
  Source:                 u_fir_wrap/u_fir_compiler/U0/i_synth/g_single_rate.i_single_rate/g_m_data_chan_no_fifo.m_axis_data_tdata_int_reg[0]/C
                            (rising edge-triggered cell FDRE clocked by processing_clk  {rise@0.000ns fall@5.000ns period=10.000ns})
  Destination:            u_peak_to_peak_detector/vpp_out_reg[13]/D
                            (rising edge-triggered cell FDRE clocked by processing_clk  {rise@0.000ns fall@5.000ns period=10.000ns})
  Path Group:             processing_clk
  Path Type:              Setup (Max at Slow Process Corner)
  Requirement:            10.000ns  (processing_clk rise@10.000ns - processing_clk rise@0.000ns)
  Data Path Delay:        18.915ns  (logic 8.245ns (43.589%)  route 10.670ns (56.411%))
  Logic Levels:           35  (CARRY4=26 LUT4=2 LUT5=2 LUT6=5)
  Clock Path Skew:        -0.042ns (DCD - SCD + CPR)
    Destination Clock Delay (DCD):    3.819ns = ( 13.819 - 10.000 ) 
    Source Clock Delay      (SCD):    4.266ns
    Clock Pessimism Removal (CPR):    0.405ns
  Clock Uncertainty:      0.035ns  ((TSJ^2 + TIJ^2)^1/2 + DJ) / 2 + PE
    Total System Jitter     (TSJ):    0.071ns
    Total Input Jitter      (TIJ):    0.000ns
    Discrete Jitter          (DJ):    0.000ns
    Phase Error              (PE):    0.000ns

    Location             Delay type                Incr(ns)  Path(ns)    Netlist Resource(s)
  -------------------------------------------------------------------    -------------------
                         (clock processing_clk rise edge)
                                                      0.000     0.000 r  
    Y9                                                0.000     0.000 r  processing_clk (IN)
                         net (fo=0)                   0.000     0.000    processing_clk
    Y9                   IBUF (Prop_ibuf_I_O)         0.962     0.962 r  processing_clk_IBUF_inst/O
                         net (fo=1, routed)           1.843     2.805    processing_clk_IBUF
    BUFGCTRL_X0Y0        BUFG (Prop_bufg_I_O)         0.085     2.890 r  processing_clk_IBUF_BUFG_inst/O
                         net (fo=3610, routed)        1.376     4.266    u_fir_wrap/u_fir_compiler/U0/i_synth/g_single_rate.i_single_rate/aclk
    SLICE_X49Y79         FDRE                                         r  u_fir_wrap/u_fir_compiler/U0/i_synth/g_single_rate.i_single_rate/g_m_data_chan_no_fifo.m_axis_data_tdata_int_reg[0]/C
  -------------------------------------------------------------------    -------------------
    SLICE_X49Y79         FDRE (Prop_fdre_C_Q)         0.379     4.645 r  u_fir_wrap/u_fir_compiler/U0/i_synth/g_single_rate.i_single_rate/g_m_data_chan_no_fifo.m_axis_data_tdata_int_reg[0]/Q
                         net (fo=2, routed)           0.413     5.058    u_fir_wrap/ip_output_data[0]
    SLICE_X48Y79         CARRY4 (Prop_carry4_DI[0]_CO[3])
                                                      0.436     5.494 r  u_fir_wrap/p_0_in1_carry/CO[3]
                         net (fo=1, routed)           0.000     5.494    u_fir_wrap/p_0_in1_carry_n_0
    SLICE_X48Y80         CARRY4 (Prop_carry4_CI_CO[3])
                                                      0.098     5.592 r  u_fir_wrap/p_0_in1_carry__0/CO[3]
                         net (fo=1, routed)           0.000     5.592    u_fir_wrap/p_0_in1_carry__0_n_0
    SLICE_X48Y81         CARRY4 (Prop_carry4_CI_CO[3])
                                                      0.098     5.690 r  u_fir_wrap/p_0_in1_carry__1/CO[3]
                         net (fo=1, routed)           0.000     5.690    u_fir_wrap/p_0_in1_carry__1_n_0
    SLICE_X48Y82         CARRY4 (Prop_carry4_CI_CO[3])
                                                      0.098     5.788 r  u_fir_wrap/p_0_in1_carry__2/CO[3]
                         net (fo=1, routed)           0.000     5.788    u_fir_wrap/p_0_in1_carry__2_n_0
    SLICE_X48Y83         CARRY4 (Prop_carry4_CI_CO[3])
                                                      0.098     5.886 r  u_fir_wrap/p_0_in1_carry__3/CO[3]
                         net (fo=1, routed)           0.000     5.886    u_fir_wrap/p_0_in1_carry__3_n_0
    SLICE_X48Y84         CARRY4 (Prop_carry4_CI_CO[3])
                                                      0.098     5.984 r  u_fir_wrap/p_0_in1_carry__4/CO[3]
                         net (fo=1, routed)           0.000     5.984    u_fir_wrap/p_0_in1_carry__4_n_0
    SLICE_X48Y85         CARRY4 (Prop_carry4_CI_CO[3])
                                                      0.098     6.082 r  u_fir_wrap/p_0_in1_carry__5/CO[3]
                         net (fo=1, routed)           0.000     6.082    u_fir_wrap/p_0_in1_carry__5_n_0
    SLICE_X48Y86         CARRY4 (Prop_carry4_CI_CO[3])
                                                      0.098     6.180 r  u_fir_wrap/p_0_in1_carry__6/CO[3]
                         net (fo=1, routed)           0.000     6.180    u_fir_wrap/p_0_in1_carry__6_n_0
    SLICE_X48Y87         CARRY4 (Prop_carry4_CI_CO[3])
                                                      0.098     6.278 r  u_fir_wrap/p_0_in1_carry__7/CO[3]
                         net (fo=1, routed)           0.000     6.278    u_fir_wrap/p_0_in1_carry__7_n_0
    SLICE_X48Y88         CARRY4 (Prop_carry4_CI_CO[3])
                                                      0.098     6.376 r  u_fir_wrap/p_0_in1_carry__8/CO[3]
                         net (fo=1, routed)           0.000     6.376    u_fir_wrap/p_0_in1_carry__8_n_0
    SLICE_X48Y89         CARRY4 (Prop_carry4_CI_CO[0])
                                                      0.216     6.592 r  u_fir_wrap/saturation_now0_carry__0_i_1/CO[0]
                         net (fo=42, routed)          0.616     7.208    u_fir_wrap/saturation_now0_carry__0_i_1_n_3
    SLICE_X49Y88         CARRY4 (Prop_carry4_S[1]_CO[3])
                                                      0.766     7.974 r  u_fir_wrap/saturation_now1_carry__0/CO[3]
                         net (fo=1, routed)           0.000     7.974    u_fir_wrap/saturation_now1_carry__0_n_0
    SLICE_X49Y89         CARRY4 (Prop_carry4_CI_CO[3])
                                                      0.098     8.072 r  u_fir_wrap/saturation_now1_carry__1/CO[3]
                         net (fo=1, routed)           0.000     8.072    u_fir_wrap/saturation_now1_carry__1_n_0
    SLICE_X49Y90         CARRY4 (Prop_carry4_CI_CO[1])
                                                      0.132     8.204 r  u_fir_wrap/saturation_now1_carry__2/CO[1]
                         net (fo=102, routed)         0.589     8.793    u_fir_wrap/saturation_now1_carry__2_n_2
    SLICE_X45Y88         LUT4 (Prop_lut4_I0_O)        0.275     9.068 r  u_fir_wrap/segment_min_with_sample2_carry_i_10/O
                         net (fo=23, routed)          0.801     9.870    u_fir_wrap/segment_min_with_sample2_carry_i_10_n_0
    SLICE_X44Y89         LUT6 (Prop_lut6_I3_O)        0.105     9.975 r  u_fir_wrap/segment_max_with_sample2_carry_i_2_comp/O
                         net (fo=1, routed)           0.731    10.706    u_peak_to_peak_detector/segment_max_with_sample2_carry__0_0[2]
    SLICE_X45Y90         CARRY4 (Prop_carry4_DI[2]_CO[3])
                                                      0.329    11.035 r  u_peak_to_peak_detector/segment_max_with_sample2_carry/CO[3]
                         net (fo=1, routed)           0.000    11.035    u_peak_to_peak_detector/segment_max_with_sample2_carry_n_0
    SLICE_X45Y91         CARRY4 (Prop_carry4_CI_CO[3])
                                                      0.098    11.133 r  u_peak_to_peak_detector/segment_max_with_sample2_carry__0/CO[3]
                         net (fo=28, routed)          0.950    12.082    u_fir_wrap/CO[0]
    SLICE_X43Y90         LUT6 (Prop_lut6_I4_O)        0.105    12.187 r  u_fir_wrap/segment_max[4]_i_1_comp/O
                         net (fo=2, routed)           0.757    12.944    u_peak_to_peak_detector/D[4]
    SLICE_X47Y90         CARRY4 (Prop_carry4_DI[0]_CO[3])
                                                      0.436    13.380 r  u_peak_to_peak_detector/vpp_sum1_carry__0/CO[3]
                         net (fo=1, routed)           0.000    13.380    u_peak_to_peak_detector/vpp_sum1_carry__0_n_0
    SLICE_X47Y91         CARRY4 (Prop_carry4_CI_O[2])
                                                      0.200    13.580 r  u_peak_to_peak_detector/vpp_sum1_carry__1/O[2]
                         net (fo=17, routed)          0.859    14.440    u_peak_to_peak_detector/vpp_sum1[10]
    SLICE_X48Y93         LUT4 (Prop_lut4_I0_O)        0.253    14.693 r  u_peak_to_peak_detector/i__carry__0_i_7__0/O
                         net (fo=1, routed)           0.000    14.693    u_peak_to_peak_detector/i__carry__0_i_7__0_n_0
    SLICE_X48Y93         CARRY4 (Prop_carry4_S[1]_CO[3])
                                                      0.457    15.150 r  u_peak_to_peak_detector/p_0_out_inferred__1/i__carry__0/CO[3]
                         net (fo=32, routed)          0.842    15.992    u_peak_to_peak_detector/p_0_out_inferred__1/i__carry__0_n_0
    SLICE_X47Y93         LUT6 (Prop_lut6_I5_O)        0.105    16.097 r  u_peak_to_peak_detector/vpp_out2__0_carry_i_10/O
                         net (fo=3, routed)           0.493    16.589    u_peak_to_peak_detector/vpp_out2__0_carry_i_10_n_0
    SLICE_X43Y92         LUT5 (Prop_lut5_I1_O)        0.105    16.694 r  u_peak_to_peak_detector/vpp_out2__0_carry_i_2_comp/O
                         net (fo=1, routed)           0.592    17.286    u_peak_to_peak_detector/vpp_out2__0_carry_i_2_n_0
    SLICE_X49Y93         CARRY4 (Prop_carry4_DI[2]_CO[3])
                                                      0.329    17.615 r  u_peak_to_peak_detector/vpp_out2__0_carry/CO[3]
                         net (fo=1, routed)           0.000    17.615    u_peak_to_peak_detector/vpp_out2__0_carry_n_0
    SLICE_X49Y94         CARRY4 (Prop_carry4_CI_O[1])
                                                      0.265    17.880 r  u_peak_to_peak_detector/vpp_out2__0_carry__0/O[1]
                         net (fo=3, routed)           0.680    18.560    u_peak_to_peak_detector/vpp_out2__0_carry__0_n_6
    SLICE_X41Y94         LUT6 (Prop_lut6_I0_O)        0.250    18.810 r  u_peak_to_peak_detector/vpp_out2__57_carry__0_i_9/O
                         net (fo=3, routed)           0.605    19.415    u_peak_to_peak_detector/vpp_out2__57_carry__0_i_9_n_0
    SLICE_X45Y94         LUT5 (Prop_lut5_I0_O)        0.105    19.520 r  u_peak_to_peak_detector/vpp_out2__57_carry__0_i_5/O
                         net (fo=1, routed)           0.000    19.520    u_peak_to_peak_detector/vpp_out2__57_carry__0_i_5_n_0
    SLICE_X45Y94         CARRY4 (Prop_carry4_S[3]_CO[3])
                                                      0.332    19.852 r  u_peak_to_peak_detector/vpp_out2__57_carry__0/CO[3]
                         net (fo=1, routed)           0.000    19.852    u_peak_to_peak_detector/vpp_out2__57_carry__0_n_0
    SLICE_X45Y95         CARRY4 (Prop_carry4_CI_O[1])
                                                      0.265    20.117 r  u_peak_to_peak_detector/vpp_out2__57_carry__1/O[1]
                         net (fo=1, routed)           0.478    20.596    u_peak_to_peak_detector/vpp_out2__57_carry__1_n_6
    SLICE_X43Y95         CARRY4 (Prop_carry4_S[1]_CO[3])
                                                      0.707    21.303 r  u_peak_to_peak_detector/vpp_out1_carry__1/CO[3]
                         net (fo=1, routed)           0.000    21.303    u_peak_to_peak_detector/vpp_out1_carry__1_n_0
    SLICE_X43Y96         CARRY4 (Prop_carry4_CI_CO[3])
                                                      0.098    21.401 r  u_peak_to_peak_detector/vpp_out1_carry__2/CO[3]
                         net (fo=1, routed)           0.000    21.401    u_peak_to_peak_detector/vpp_out1_carry__2_n_0
    SLICE_X43Y97         CARRY4 (Prop_carry4_CI_O[3])
                                                      0.260    21.661 r  u_peak_to_peak_detector/vpp_out1_carry__3/O[3]
                         net (fo=5, routed)           0.861    22.522    u_peak_to_peak_detector/vpp_out1[19]
    SLICE_X42Y98         LUT6 (Prop_lut6_I1_O)        0.257    22.779 r  u_peak_to_peak_detector/vpp_out[13]_i_1/O
                         net (fo=6, routed)           0.403    23.182    u_peak_to_peak_detector/vpp_out[13]_i_1_n_0
    SLICE_X38Y97         FDRE                                         r  u_peak_to_peak_detector/vpp_out_reg[13]/D
  -------------------------------------------------------------------    -------------------

                         (clock processing_clk rise edge)
                                                     10.000    10.000 r  
    Y9                                                0.000    10.000 r  processing_clk (IN)
                         net (fo=0)                   0.000    10.000    processing_clk
    Y9                   IBUF (Prop_ibuf_I_O)         0.831    10.831 r  processing_clk_IBUF_inst/O
                         net (fo=1, routed)           1.673    12.504    processing_clk_IBUF
    BUFGCTRL_X0Y0        BUFG (Prop_bufg_I_O)         0.077    12.581 r  processing_clk_IBUF_BUFG_inst/O
                         net (fo=3610, routed)        1.238    13.819    u_peak_to_peak_detector/processing_clk_IBUF_BUFG
    SLICE_X38Y97         FDRE                                         r  u_peak_to_peak_detector/vpp_out_reg[13]/C
                         clock pessimism              0.405    14.224    
                         clock uncertainty           -0.035    14.189    
    SLICE_X38Y97         FDRE (Setup_fdre_C_D)       -0.012    14.177    u_peak_to_peak_detector/vpp_out_reg[13]
  -------------------------------------------------------------------
                         required time                         14.177    
                         arrival time                         -23.182    
  -------------------------------------------------------------------
                         slack                                 -9.005    

Slack (VIOLATED) :        -8.392ns  (required time - arrival time)
  Source:                 u_fir_wrap/u_fir_compiler/U0/i_synth/g_single_rate.i_single_rate/g_m_data_chan_no_fifo.m_axis_data_tdata_int_reg[0]/C
                            (rising edge-triggered cell FDRE clocked by processing_clk  {rise@0.000ns fall@5.000ns period=10.000ns})
  Destination:            u_peak_to_peak_detector/vpp_out_reg[14]/D
                            (rising edge-triggered cell FDRE clocked by processing_clk  {rise@0.000ns fall@5.000ns period=10.000ns})
  Path Group:             processing_clk
  Path Type:              Setup (Max at Slow Process Corner)
  Requirement:            10.000ns  (processing_clk rise@10.000ns - processing_clk rise@0.000ns)
  Data Path Delay:        18.386ns  (logic 8.243ns (44.833%)  route 10.143ns (55.167%))
  Logic Levels:           35  (CARRY4=26 LUT4=2 LUT5=3 LUT6=4)
  Clock Path Skew:        -0.043ns (DCD - SCD + CPR)
    Destination Clock Delay (DCD):    3.818ns = ( 13.818 - 10.000 ) 
    Source Clock Delay      (SCD):    4.266ns
    Clock Pessimism Removal (CPR):    0.405ns
  Clock Uncertainty:      0.035ns  ((TSJ^2 + TIJ^2)^1/2 + DJ) / 2 + PE
    Total System Jitter     (TSJ):    0.071ns
    Total Input Jitter      (TIJ):    0.000ns
    Discrete Jitter          (DJ):    0.000ns
    Phase Error              (PE):    0.000ns

    Location             Delay type                Incr(ns)  Path(ns)    Netlist Resource(s)
  -------------------------------------------------------------------    -------------------
                         (clock processing_clk rise edge)
                                                      0.000     0.000 r  
    Y9                                                0.000     0.000 r  processing_clk (IN)
                         net (fo=0)                   0.000     0.000    processing_clk
    Y9                   IBUF (Prop_ibuf_I_O)         0.962     0.962 r  processing_clk_IBUF_inst/O
                         net (fo=1, routed)           1.843     2.805    processing_clk_IBUF
    BUFGCTRL_X0Y0        BUFG (Prop_bufg_I_O)         0.085     2.890 r  processing_clk_IBUF_BUFG_inst/O
                         net (fo=3610, routed)        1.376     4.266    u_fir_wrap/u_fir_compiler/U0/i_synth/g_single_rate.i_single_rate/aclk
    SLICE_X49Y79         FDRE                                         r  u_fir_wrap/u_fir_compiler/U0/i_synth/g_single_rate.i_single_rate/g_m_data_chan_no_fifo.m_axis_data_tdata_int_reg[0]/C
  -------------------------------------------------------------------    -------------------
    SLICE_X49Y79         FDRE (Prop_fdre_C_Q)         0.379     4.645 r  u_fir_wrap/u_fir_compiler/U0/i_synth/g_single_rate.i_single_rate/g_m_data_chan_no_fifo.m_axis_data_tdata_int_reg[0]/Q
                         net (fo=2, routed)           0.413     5.058    u_fir_wrap/ip_output_data[0]
    SLICE_X48Y79         CARRY4 (Prop_carry4_DI[0]_CO[3])
                                                      0.436     5.494 r  u_fir_wrap/p_0_in1_carry/CO[3]
                         net (fo=1, routed)           0.000     5.494    u_fir_wrap/p_0_in1_carry_n_0
    SLICE_X48Y80         CARRY4 (Prop_carry4_CI_CO[3])
                                                      0.098     5.592 r  u_fir_wrap/p_0_in1_carry__0/CO[3]
                         net (fo=1, routed)           0.000     5.592    u_fir_wrap/p_0_in1_carry__0_n_0
    SLICE_X48Y81         CARRY4 (Prop_carry4_CI_CO[3])
                                                      0.098     5.690 r  u_fir_wrap/p_0_in1_carry__1/CO[3]
                         net (fo=1, routed)           0.000     5.690    u_fir_wrap/p_0_in1_carry__1_n_0
    SLICE_X48Y82         CARRY4 (Prop_carry4_CI_CO[3])
                                                      0.098     5.788 r  u_fir_wrap/p_0_in1_carry__2/CO[3]
                         net (fo=1, routed)           0.000     5.788    u_fir_wrap/p_0_in1_carry__2_n_0
    SLICE_X48Y83         CARRY4 (Prop_carry4_CI_CO[3])
                                                      0.098     5.886 r  u_fir_wrap/p_0_in1_carry__3/CO[3]
                         net (fo=1, routed)           0.000     5.886    u_fir_wrap/p_0_in1_carry__3_n_0
    SLICE_X48Y84         CARRY4 (Prop_carry4_CI_CO[3])
                                                      0.098     5.984 r  u_fir_wrap/p_0_in1_carry__4/CO[3]
                         net (fo=1, routed)           0.000     5.984    u_fir_wrap/p_0_in1_carry__4_n_0
    SLICE_X48Y85         CARRY4 (Prop_carry4_CI_CO[3])
                                                      0.098     6.082 r  u_fir_wrap/p_0_in1_carry__5/CO[3]
                         net (fo=1, routed)           0.000     6.082    u_fir_wrap/p_0_in1_carry__5_n_0
    SLICE_X48Y86         CARRY4 (Prop_carry4_CI_CO[3])
                                                      0.098     6.180 r  u_fir_wrap/p_0_in1_carry__6/CO[3]
                         net (fo=1, routed)           0.000     6.180    u_fir_wrap/p_0_in1_carry__6_n_0
    SLICE_X48Y87         CARRY4 (Prop_carry4_CI_CO[3])
                                                      0.098     6.278 r  u_fir_wrap/p_0_in1_carry__7/CO[3]
                         net (fo=1, routed)           0.000     6.278    u_fir_wrap/p_0_in1_carry__7_n_0
    SLICE_X48Y88         CARRY4 (Prop_carry4_CI_CO[3])
                                                      0.098     6.376 r  u_fir_wrap/p_0_in1_carry__8/CO[3]
                         net (fo=1, routed)           0.000     6.376    u_fir_wrap/p_0_in1_carry__8_n_0
    SLICE_X48Y89         CARRY4 (Prop_carry4_CI_CO[0])
                                                      0.216     6.592 r  u_fir_wrap/saturation_now0_carry__0_i_1/CO[0]
                         net (fo=42, routed)          0.616     7.208    u_fir_wrap/saturation_now0_carry__0_i_1_n_3
    SLICE_X49Y88         CARRY4 (Prop_carry4_S[1]_CO[3])
                                                      0.766     7.974 r  u_fir_wrap/saturation_now1_carry__0/CO[3]
                         net (fo=1, routed)           0.000     7.974    u_fir_wrap/saturation_now1_carry__0_n_0
    SLICE_X49Y89         CARRY4 (Prop_carry4_CI_CO[3])
                                                      0.098     8.072 r  u_fir_wrap/saturation_now1_carry__1/CO[3]
                         net (fo=1, routed)           0.000     8.072    u_fir_wrap/saturation_now1_carry__1_n_0
    SLICE_X49Y90         CARRY4 (Prop_carry4_CI_CO[1])
                                                      0.132     8.204 r  u_fir_wrap/saturation_now1_carry__2/CO[1]
                         net (fo=102, routed)         0.589     8.793    u_fir_wrap/saturation_now1_carry__2_n_2
    SLICE_X45Y88         LUT4 (Prop_lut4_I0_O)        0.275     9.068 r  u_fir_wrap/segment_min_with_sample2_carry_i_10/O
                         net (fo=23, routed)          0.801     9.870    u_fir_wrap/segment_min_with_sample2_carry_i_10_n_0
    SLICE_X44Y89         LUT6 (Prop_lut6_I3_O)        0.105     9.975 r  u_fir_wrap/segment_max_with_sample2_carry_i_2_comp/O
                         net (fo=1, routed)           0.731    10.706    u_peak_to_peak_detector/segment_max_with_sample2_carry__0_0[2]
    SLICE_X45Y90         CARRY4 (Prop_carry4_DI[2]_CO[3])
                                                      0.329    11.035 r  u_peak_to_peak_detector/segment_max_with_sample2_carry/CO[3]
                         net (fo=1, routed)           0.000    11.035    u_peak_to_peak_detector/segment_max_with_sample2_carry_n_0
    SLICE_X45Y91         CARRY4 (Prop_carry4_CI_CO[3])
                                                      0.098    11.133 r  u_peak_to_peak_detector/segment_max_with_sample2_carry__0/CO[3]
                         net (fo=28, routed)          0.950    12.082    u_fir_wrap/CO[0]
    SLICE_X43Y90         LUT6 (Prop_lut6_I4_O)        0.105    12.187 r  u_fir_wrap/segment_max[4]_i_1_comp/O
                         net (fo=2, routed)           0.757    12.944    u_peak_to_peak_detector/D[4]
    SLICE_X47Y90         CARRY4 (Prop_carry4_DI[0]_CO[3])
                                                      0.436    13.380 r  u_peak_to_peak_detector/vpp_sum1_carry__0/CO[3]
                         net (fo=1, routed)           0.000    13.380    u_peak_to_peak_detector/vpp_sum1_carry__0_n_0
    SLICE_X47Y91         CARRY4 (Prop_carry4_CI_O[2])
                                                      0.200    13.580 r  u_peak_to_peak_detector/vpp_sum1_carry__1/O[2]
                         net (fo=17, routed)          0.859    14.440    u_peak_to_peak_detector/vpp_sum1[10]
    SLICE_X48Y93         LUT4 (Prop_lut4_I0_O)        0.253    14.693 r  u_peak_to_peak_detector/i__carry__0_i_7__0/O
                         net (fo=1, routed)           0.000    14.693    u_peak_to_peak_detector/i__carry__0_i_7__0_n_0
    SLICE_X48Y93         CARRY4 (Prop_carry4_S[1]_CO[3])
                                                      0.457    15.150 r  u_peak_to_peak_detector/p_0_out_inferred__1/i__carry__0/CO[3]
                         net (fo=32, routed)          0.842    15.992    u_peak_to_peak_detector/p_0_out_inferred__1/i__carry__0_n_0
    SLICE_X47Y93         LUT6 (Prop_lut6_I5_O)        0.105    16.097 r  u_peak_to_peak_detector/vpp_out2__0_carry_i_10/O
                         net (fo=3, routed)           0.493    16.589    u_peak_to_peak_detector/vpp_out2__0_carry_i_10_n_0
    SLICE_X43Y92         LUT5 (Prop_lut5_I1_O)        0.105    16.694 r  u_peak_to_peak_detector/vpp_out2__0_carry_i_2_comp/O
                         net (fo=1, routed)           0.592    17.286    u_peak_to_peak_detector/vpp_out2__0_carry_i_2_n_0
    SLICE_X49Y93         CARRY4 (Prop_carry4_DI[2]_CO[3])
                                                      0.329    17.615 r  u_peak_to_peak_detector/vpp_out2__0_carry/CO[3]
                         net (fo=1, routed)           0.000    17.615    u_peak_to_peak_detector/vpp_out2__0_carry_n_0
    SLICE_X49Y94         CARRY4 (Prop_carry4_CI_O[1])
                                                      0.265    17.880 r  u_peak_to_peak_detector/vpp_out2__0_carry__0/O[1]
                         net (fo=3, routed)           0.680    18.560    u_peak_to_peak_detector/vpp_out2__0_carry__0_n_6
    SLICE_X41Y94         LUT6 (Prop_lut6_I0_O)        0.250    18.810 r  u_peak_to_peak_detector/vpp_out2__57_carry__0_i_9/O
                         net (fo=3, routed)           0.605    19.415    u_peak_to_peak_detector/vpp_out2__57_carry__0_i_9_n_0
    SLICE_X45Y94         LUT5 (Prop_lut5_I0_O)        0.105    19.520 r  u_peak_to_peak_detector/vpp_out2__57_carry__0_i_5/O
                         net (fo=1, routed)           0.000    19.520    u_peak_to_peak_detector/vpp_out2__57_carry__0_i_5_n_0
    SLICE_X45Y94         CARRY4 (Prop_carry4_S[3]_CO[3])
                                                      0.332    19.852 r  u_peak_to_peak_detector/vpp_out2__57_carry__0/CO[3]
                         net (fo=1, routed)           0.000    19.852    u_peak_to_peak_detector/vpp_out2__57_carry__0_n_0
    SLICE_X45Y95         CARRY4 (Prop_carry4_CI_O[1])
                                                      0.265    20.117 r  u_peak_to_peak_detector/vpp_out2__57_carry__1/O[1]
                         net (fo=1, routed)           0.478    20.596    u_peak_to_peak_detector/vpp_out2__57_carry__1_n_6
    SLICE_X43Y95         CARRY4 (Prop_carry4_S[1]_CO[3])
                                                      0.707    21.303 r  u_peak_to_peak_detector/vpp_out1_carry__1/CO[3]
                         net (fo=1, routed)           0.000    21.303    u_peak_to_peak_detector/vpp_out1_carry__1_n_0
    SLICE_X43Y96         CARRY4 (Prop_carry4_CI_CO[3])
                                                      0.098    21.401 r  u_peak_to_peak_detector/vpp_out1_carry__2/CO[3]
                         net (fo=1, routed)           0.000    21.401    u_peak_to_peak_detector/vpp_out1_carry__2_n_0
    SLICE_X43Y97         CARRY4 (Prop_carry4_CI_O[1])
                                                      0.265    21.666 r  u_peak_to_peak_detector/vpp_out1_carry__3/O[1]
                         net (fo=5, routed)           0.737    22.402    u_peak_to_peak_detector/vpp_out1[17]
    SLICE_X42Y99         LUT5 (Prop_lut5_I4_O)        0.250    22.652 r  u_peak_to_peak_detector/vpp_out[14]_i_1/O
                         net (fo=1, routed)           0.000    22.652    u_peak_to_peak_detector/vpp_out[14]_i_1_n_0
    SLICE_X42Y99         FDRE                                         r  u_peak_to_peak_detector/vpp_out_reg[14]/D
  -------------------------------------------------------------------    -------------------

                         (clock processing_clk rise edge)
                                                     10.000    10.000 r  
    Y9                                                0.000    10.000 r  processing_clk (IN)
                         net (fo=0)                   0.000    10.000    processing_clk
    Y9                   IBUF (Prop_ibuf_I_O)         0.831    10.831 r  processing_clk_IBUF_inst/O
                         net (fo=1, routed)           1.673    12.504    processing_clk_IBUF
    BUFGCTRL_X0Y0        BUFG (Prop_bufg_I_O)         0.077    12.581 r  processing_clk_IBUF_BUFG_inst/O
                         net (fo=3610, routed)        1.237    13.818    u_peak_to_peak_detector/processing_clk_IBUF_BUFG
    SLICE_X42Y99         FDRE                                         r  u_peak_to_peak_detector/vpp_out_reg[14]/C
                         clock pessimism              0.405    14.223    
                         clock uncertainty           -0.035    14.188    
    SLICE_X42Y99         FDRE (Setup_fdre_C_D)        0.072    14.260    u_peak_to_peak_detector/vpp_out_reg[14]
  -------------------------------------------------------------------
                         required time                         14.260    
                         arrival time                         -22.652    
  -------------------------------------------------------------------
                         slack                                 -8.392    

Slack (VIOLATED) :        -8.327ns  (required time - arrival time)
  Source:                 u_fir_wrap/u_fir_compiler/U0/i_synth/g_single_rate.i_single_rate/g_m_data_chan_no_fifo.m_axis_data_tdata_int_reg[0]/C
                            (rising edge-triggered cell FDRE clocked by processing_clk  {rise@0.000ns fall@5.000ns period=10.000ns})
  Destination:            u_peak_to_peak_detector/vpp_out_reg[15]/D
                            (rising edge-triggered cell FDRE clocked by processing_clk  {rise@0.000ns fall@5.000ns period=10.000ns})
  Path Group:             processing_clk
  Path Type:              Setup (Max at Slow Process Corner)
  Requirement:            10.000ns  (processing_clk rise@10.000ns - processing_clk rise@0.000ns)
  Data Path Delay:        18.325ns  (logic 8.245ns (44.994%)  route 10.080ns (55.006%))
  Logic Levels:           35  (CARRY4=26 LUT4=3 LUT5=2 LUT6=4)
  Clock Path Skew:        -0.043ns (DCD - SCD + CPR)
    Destination Clock Delay (DCD):    3.818ns = ( 13.818 - 10.000 ) 
    Source Clock Delay      (SCD):    4.266ns
    Clock Pessimism Removal (CPR):    0.405ns
  Clock Uncertainty:      0.035ns  ((TSJ^2 + TIJ^2)^1/2 + DJ) / 2 + PE
    Total System Jitter     (TSJ):    0.071ns
    Total Input Jitter      (TIJ):    0.000ns
    Discrete Jitter          (DJ):    0.000ns
    Phase Error              (PE):    0.000ns

    Location             Delay type                Incr(ns)  Path(ns)    Netlist Resource(s)
  -------------------------------------------------------------------    -------------------
                         (clock processing_clk rise edge)
                                                      0.000     0.000 r  
    Y9                                                0.000     0.000 r  processing_clk (IN)
                         net (fo=0)                   0.000     0.000    processing_clk
    Y9                   IBUF (Prop_ibuf_I_O)         0.962     0.962 r  processing_clk_IBUF_inst/O
                         net (fo=1, routed)           1.843     2.805    processing_clk_IBUF
    BUFGCTRL_X0Y0        BUFG (Prop_bufg_I_O)         0.085     2.890 r  processing_clk_IBUF_BUFG_inst/O
                         net (fo=3610, routed)        1.376     4.266    u_fir_wrap/u_fir_compiler/U0/i_synth/g_single_rate.i_single_rate/aclk
    SLICE_X49Y79         FDRE                                         r  u_fir_wrap/u_fir_compiler/U0/i_synth/g_single_rate.i_single_rate/g_m_data_chan_no_fifo.m_axis_data_tdata_int_reg[0]/C
  -------------------------------------------------------------------    -------------------
    SLICE_X49Y79         FDRE (Prop_fdre_C_Q)         0.379     4.645 r  u_fir_wrap/u_fir_compiler/U0/i_synth/g_single_rate.i_single_rate/g_m_data_chan_no_fifo.m_axis_data_tdata_int_reg[0]/Q
                         net (fo=2, routed)           0.413     5.058    u_fir_wrap/ip_output_data[0]
    SLICE_X48Y79         CARRY4 (Prop_carry4_DI[0]_CO[3])
                                                      0.436     5.494 r  u_fir_wrap/p_0_in1_carry/CO[3]
                         net (fo=1, routed)           0.000     5.494    u_fir_wrap/p_0_in1_carry_n_0
    SLICE_X48Y80         CARRY4 (Prop_carry4_CI_CO[3])
                                                      0.098     5.592 r  u_fir_wrap/p_0_in1_carry__0/CO[3]
                         net (fo=1, routed)           0.000     5.592    u_fir_wrap/p_0_in1_carry__0_n_0
    SLICE_X48Y81         CARRY4 (Prop_carry4_CI_CO[3])
                                                      0.098     5.690 r  u_fir_wrap/p_0_in1_carry__1/CO[3]
                         net (fo=1, routed)           0.000     5.690    u_fir_wrap/p_0_in1_carry__1_n_0
    SLICE_X48Y82         CARRY4 (Prop_carry4_CI_CO[3])
                                                      0.098     5.788 r  u_fir_wrap/p_0_in1_carry__2/CO[3]
                         net (fo=1, routed)           0.000     5.788    u_fir_wrap/p_0_in1_carry__2_n_0
    SLICE_X48Y83         CARRY4 (Prop_carry4_CI_CO[3])
                                                      0.098     5.886 r  u_fir_wrap/p_0_in1_carry__3/CO[3]
                         net (fo=1, routed)           0.000     5.886    u_fir_wrap/p_0_in1_carry__3_n_0
    SLICE_X48Y84         CARRY4 (Prop_carry4_CI_CO[3])
                                                      0.098     5.984 r  u_fir_wrap/p_0_in1_carry__4/CO[3]
                         net (fo=1, routed)           0.000     5.984    u_fir_wrap/p_0_in1_carry__4_n_0
    SLICE_X48Y85         CARRY4 (Prop_carry4_CI_CO[3])
                                                      0.098     6.082 r  u_fir_wrap/p_0_in1_carry__5/CO[3]
                         net (fo=1, routed)           0.000     6.082    u_fir_wrap/p_0_in1_carry__5_n_0
    SLICE_X48Y86         CARRY4 (Prop_carry4_CI_CO[3])
                                                      0.098     6.180 r  u_fir_wrap/p_0_in1_carry__6/CO[3]
                         net (fo=1, routed)           0.000     6.180    u_fir_wrap/p_0_in1_carry__6_n_0
    SLICE_X48Y87         CARRY4 (Prop_carry4_CI_CO[3])
                                                      0.098     6.278 r  u_fir_wrap/p_0_in1_carry__7/CO[3]
                         net (fo=1, routed)           0.000     6.278    u_fir_wrap/p_0_in1_carry__7_n_0
    SLICE_X48Y88         CARRY4 (Prop_carry4_CI_CO[3])
                                                      0.098     6.376 r  u_fir_wrap/p_0_in1_carry__8/CO[3]
                         net (fo=1, routed)           0.000     6.376    u_fir_wrap/p_0_in1_carry__8_n_0
    SLICE_X48Y89         CARRY4 (Prop_carry4_CI_CO[0])
                                                      0.216     6.592 r  u_fir_wrap/saturation_now0_carry__0_i_1/CO[0]
                         net (fo=42, routed)          0.616     7.208    u_fir_wrap/saturation_now0_carry__0_i_1_n_3
    SLICE_X49Y88         CARRY4 (Prop_carry4_S[1]_CO[3])
                                                      0.766     7.974 r  u_fir_wrap/saturation_now1_carry__0/CO[3]
                         net (fo=1, routed)           0.000     7.974    u_fir_wrap/saturation_now1_carry__0_n_0
    SLICE_X49Y89         CARRY4 (Prop_carry4_CI_CO[3])
                                                      0.098     8.072 r  u_fir_wrap/saturation_now1_carry__1/CO[3]
                         net (fo=1, routed)           0.000     8.072    u_fir_wrap/saturation_now1_carry__1_n_0
    SLICE_X49Y90         CARRY4 (Prop_carry4_CI_CO[1])
                                                      0.132     8.204 r  u_fir_wrap/saturation_now1_carry__2/CO[1]
                         net (fo=102, routed)         0.589     8.793    u_fir_wrap/saturation_now1_carry__2_n_2
    SLICE_X45Y88         LUT4 (Prop_lut4_I0_O)        0.275     9.068 r  u_fir_wrap/segment_min_with_sample2_carry_i_10/O
                         net (fo=23, routed)          0.801     9.870    u_fir_wrap/segment_min_with_sample2_carry_i_10_n_0
    SLICE_X44Y89         LUT6 (Prop_lut6_I3_O)        0.105     9.975 r  u_fir_wrap/segment_max_with_sample2_carry_i_2_comp/O
                         net (fo=1, routed)           0.731    10.706    u_peak_to_peak_detector/segment_max_with_sample2_carry__0_0[2]
    SLICE_X45Y90         CARRY4 (Prop_carry4_DI[2]_CO[3])
                                                      0.329    11.035 r  u_peak_to_peak_detector/segment_max_with_sample2_carry/CO[3]
                         net (fo=1, routed)           0.000    11.035    u_peak_to_peak_detector/segment_max_with_sample2_carry_n_0
    SLICE_X45Y91         CARRY4 (Prop_carry4_CI_CO[3])
                                                      0.098    11.133 r  u_peak_to_peak_detector/segment_max_with_sample2_carry__0/CO[3]
                         net (fo=28, routed)          0.950    12.082    u_fir_wrap/CO[0]
    SLICE_X43Y90         LUT6 (Prop_lut6_I4_O)        0.105    12.187 r  u_fir_wrap/segment_max[4]_i_1_comp/O
                         net (fo=2, routed)           0.757    12.944    u_peak_to_peak_detector/D[4]
    SLICE_X47Y90         CARRY4 (Prop_carry4_DI[0]_CO[3])
                                                      0.436    13.380 r  u_peak_to_peak_detector/vpp_sum1_carry__0/CO[3]
                         net (fo=1, routed)           0.000    13.380    u_peak_to_peak_detector/vpp_sum1_carry__0_n_0
    SLICE_X47Y91         CARRY4 (Prop_carry4_CI_O[2])
                                                      0.200    13.580 r  u_peak_to_peak_detector/vpp_sum1_carry__1/O[2]
                         net (fo=17, routed)          0.859    14.440    u_peak_to_peak_detector/vpp_sum1[10]
    SLICE_X48Y93         LUT4 (Prop_lut4_I0_O)        0.253    14.693 r  u_peak_to_peak_detector/i__carry__0_i_7__0/O
                         net (fo=1, routed)           0.000    14.693    u_peak_to_peak_detector/i__carry__0_i_7__0_n_0
    SLICE_X48Y93         CARRY4 (Prop_carry4_S[1]_CO[3])
                                                      0.457    15.150 r  u_peak_to_peak_detector/p_0_out_inferred__1/i__carry__0/CO[3]
                         net (fo=32, routed)          0.842    15.992    u_peak_to_peak_detector/p_0_out_inferred__1/i__carry__0_n_0
    SLICE_X47Y93         LUT6 (Prop_lut6_I5_O)        0.105    16.097 r  u_peak_to_peak_detector/vpp_out2__0_carry_i_10/O
                         net (fo=3, routed)           0.493    16.589    u_peak_to_peak_detector/vpp_out2__0_carry_i_10_n_0
    SLICE_X43Y92         LUT5 (Prop_lut5_I1_O)        0.105    16.694 r  u_peak_to_peak_detector/vpp_out2__0_carry_i_2_comp/O
                         net (fo=1, routed)           0.592    17.286    u_peak_to_peak_detector/vpp_out2__0_carry_i_2_n_0
    SLICE_X49Y93         CARRY4 (Prop_carry4_DI[2]_CO[3])
                                                      0.329    17.615 r  u_peak_to_peak_detector/vpp_out2__0_carry/CO[3]
                         net (fo=1, routed)           0.000    17.615    u_peak_to_peak_detector/vpp_out2__0_carry_n_0
    SLICE_X49Y94         CARRY4 (Prop_carry4_CI_O[1])
                                                      0.265    17.880 r  u_peak_to_peak_detector/vpp_out2__0_carry__0/O[1]
                         net (fo=3, routed)           0.680    18.560    u_peak_to_peak_detector/vpp_out2__0_carry__0_n_6
    SLICE_X41Y94         LUT6 (Prop_lut6_I0_O)        0.250    18.810 r  u_peak_to_peak_detector/vpp_out2__57_carry__0_i_9/O
                         net (fo=3, routed)           0.605    19.415    u_peak_to_peak_detector/vpp_out2__57_carry__0_i_9_n_0
    SLICE_X45Y94         LUT5 (Prop_lut5_I0_O)        0.105    19.520 r  u_peak_to_peak_detector/vpp_out2__57_carry__0_i_5/O
                         net (fo=1, routed)           0.000    19.520    u_peak_to_peak_detector/vpp_out2__57_carry__0_i_5_n_0
    SLICE_X45Y94         CARRY4 (Prop_carry4_S[3]_CO[3])
                                                      0.332    19.852 r  u_peak_to_peak_detector/vpp_out2__57_carry__0/CO[3]
                         net (fo=1, routed)           0.000    19.852    u_peak_to_peak_detector/vpp_out2__57_carry__0_n_0
    SLICE_X45Y95         CARRY4 (Prop_carry4_CI_O[1])
                                                      0.265    20.117 r  u_peak_to_peak_detector/vpp_out2__57_carry__1/O[1]
                         net (fo=1, routed)           0.478    20.596    u_peak_to_peak_detector/vpp_out2__57_carry__1_n_6
    SLICE_X43Y95         CARRY4 (Prop_carry4_S[1]_CO[3])
                                                      0.707    21.303 r  u_peak_to_peak_detector/vpp_out1_carry__1/CO[3]
                         net (fo=1, routed)           0.000    21.303    u_peak_to_peak_detector/vpp_out1_carry__1_n_0
    SLICE_X43Y96         CARRY4 (Prop_carry4_CI_CO[3])
                                                      0.098    21.401 r  u_peak_to_peak_detector/vpp_out1_carry__2/CO[3]
                         net (fo=1, routed)           0.000    21.401    u_peak_to_peak_detector/vpp_out1_carry__2_n_0
    SLICE_X43Y97         CARRY4 (Prop_carry4_CI_O[3])
                                                      0.260    21.661 r  u_peak_to_peak_detector/vpp_out1_carry__3/O[3]
                         net (fo=5, routed)           0.673    22.334    u_peak_to_peak_detector/vpp_out1[19]
    SLICE_X42Y99         LUT4 (Prop_lut4_I1_O)        0.257    22.591 r  u_peak_to_peak_detector/vpp_out[15]_i_2/O
                         net (fo=1, routed)           0.000    22.591    u_peak_to_peak_detector/vpp_out[15]_i_2_n_0
    SLICE_X42Y99         FDRE                                         r  u_peak_to_peak_detector/vpp_out_reg[15]/D
  -------------------------------------------------------------------    -------------------

                         (clock processing_clk rise edge)
                                                     10.000    10.000 r  
    Y9                                                0.000    10.000 r  processing_clk (IN)
                         net (fo=0)                   0.000    10.000    processing_clk
    Y9                   IBUF (Prop_ibuf_I_O)         0.831    10.831 r  processing_clk_IBUF_inst/O
                         net (fo=1, routed)           1.673    12.504    processing_clk_IBUF
    BUFGCTRL_X0Y0        BUFG (Prop_bufg_I_O)         0.077    12.581 r  processing_clk_IBUF_BUFG_inst/O
                         net (fo=3610, routed)        1.237    13.818    u_peak_to_peak_detector/processing_clk_IBUF_BUFG
    SLICE_X42Y99         FDRE                                         r  u_peak_to_peak_detector/vpp_out_reg[15]/C
                         clock pessimism              0.405    14.223    
                         clock uncertainty           -0.035    14.188    
    SLICE_X42Y99         FDRE (Setup_fdre_C_D)        0.076    14.264    u_peak_to_peak_detector/vpp_out_reg[15]
  -------------------------------------------------------------------
                         required time                         14.264    
                         arrival time                         -22.591    
  -------------------------------------------------------------------
                         slack                                 -8.327    

Slack (VIOLATED) :        -5.955ns  (required time - arrival time)
  Source:                 u_fir_wrap/u_fir_compiler/U0/i_synth/g_single_rate.i_single_rate/g_m_data_chan_no_fifo.m_axis_data_tdata_int_reg[0]/C
                            (rising edge-triggered cell FDRE clocked by processing_clk  {rise@0.000ns fall@5.000ns period=10.000ns})
  Destination:            u_mean_square_calculator/overflow_reg/D
                            (rising edge-triggered cell FDRE clocked by processing_clk  {rise@0.000ns fall@5.000ns period=10.000ns})
  Path Group:             processing_clk
  Path Type:              Setup (Max at Slow Process Corner)
  Requirement:            10.000ns  (processing_clk rise@10.000ns - processing_clk rise@0.000ns)
  Data Path Delay:        15.940ns  (logic 10.445ns (65.525%)  route 5.495ns (34.475%))
  Logic Levels:           36  (CARRY4=31 DSP48E1=1 LUT2=2 LUT6=2)
  Clock Path Skew:        -0.051ns (DCD - SCD + CPR)
    Destination Clock Delay (DCD):    3.810ns = ( 13.810 - 10.000 ) 
    Source Clock Delay      (SCD):    4.266ns
    Clock Pessimism Removal (CPR):    0.405ns
  Clock Uncertainty:      0.035ns  ((TSJ^2 + TIJ^2)^1/2 + DJ) / 2 + PE
    Total System Jitter     (TSJ):    0.071ns
    Total Input Jitter      (TIJ):    0.000ns
    Discrete Jitter          (DJ):    0.000ns
    Phase Error              (PE):    0.000ns

    Location             Delay type                Incr(ns)  Path(ns)    Netlist Resource(s)
  -------------------------------------------------------------------    -------------------
                         (clock processing_clk rise edge)
                                                      0.000     0.000 r  
    Y9                                                0.000     0.000 r  processing_clk (IN)
                         net (fo=0)                   0.000     0.000    processing_clk
    Y9                   IBUF (Prop_ibuf_I_O)         0.962     0.962 r  processing_clk_IBUF_inst/O
                         net (fo=1, routed)           1.843     2.805    processing_clk_IBUF
    BUFGCTRL_X0Y0        BUFG (Prop_bufg_I_O)         0.085     2.890 r  processing_clk_IBUF_BUFG_inst/O
                         net (fo=3610, routed)        1.376     4.266    u_fir_wrap/u_fir_compiler/U0/i_synth/g_single_rate.i_single_rate/aclk
    SLICE_X49Y79         FDRE                                         r  u_fir_wrap/u_fir_compiler/U0/i_synth/g_single_rate.i_single_rate/g_m_data_chan_no_fifo.m_axis_data_tdata_int_reg[0]/C
  -------------------------------------------------------------------    -------------------
    SLICE_X49Y79         FDRE (Prop_fdre_C_Q)         0.379     4.645 r  u_fir_wrap/u_fir_compiler/U0/i_synth/g_single_rate.i_single_rate/g_m_data_chan_no_fifo.m_axis_data_tdata_int_reg[0]/Q
                         net (fo=2, routed)           0.413     5.058    u_fir_wrap/ip_output_data[0]
    SLICE_X48Y79         CARRY4 (Prop_carry4_DI[0]_CO[3])
                                                      0.436     5.494 r  u_fir_wrap/p_0_in1_carry/CO[3]
                         net (fo=1, routed)           0.000     5.494    u_fir_wrap/p_0_in1_carry_n_0
    SLICE_X48Y80         CARRY4 (Prop_carry4_CI_CO[3])
                                                      0.098     5.592 r  u_fir_wrap/p_0_in1_carry__0/CO[3]
                         net (fo=1, routed)           0.000     5.592    u_fir_wrap/p_0_in1_carry__0_n_0
    SLICE_X48Y81         CARRY4 (Prop_carry4_CI_CO[3])
                                                      0.098     5.690 r  u_fir_wrap/p_0_in1_carry__1/CO[3]
                         net (fo=1, routed)           0.000     5.690    u_fir_wrap/p_0_in1_carry__1_n_0
    SLICE_X48Y82         CARRY4 (Prop_carry4_CI_CO[3])
                                                      0.098     5.788 r  u_fir_wrap/p_0_in1_carry__2/CO[3]
                         net (fo=1, routed)           0.000     5.788    u_fir_wrap/p_0_in1_carry__2_n_0
    SLICE_X48Y83         CARRY4 (Prop_carry4_CI_CO[3])
                                                      0.098     5.886 r  u_fir_wrap/p_0_in1_carry__3/CO[3]
                         net (fo=1, routed)           0.000     5.886    u_fir_wrap/p_0_in1_carry__3_n_0
    SLICE_X48Y84         CARRY4 (Prop_carry4_CI_CO[3])
                                                      0.098     5.984 r  u_fir_wrap/p_0_in1_carry__4/CO[3]
                         net (fo=1, routed)           0.000     5.984    u_fir_wrap/p_0_in1_carry__4_n_0
    SLICE_X48Y85         CARRY4 (Prop_carry4_CI_CO[3])
                                                      0.098     6.082 r  u_fir_wrap/p_0_in1_carry__5/CO[3]
                         net (fo=1, routed)           0.000     6.082    u_fir_wrap/p_0_in1_carry__5_n_0
    SLICE_X48Y86         CARRY4 (Prop_carry4_CI_CO[3])
                                                      0.098     6.180 r  u_fir_wrap/p_0_in1_carry__6/CO[3]
                         net (fo=1, routed)           0.000     6.180    u_fir_wrap/p_0_in1_carry__6_n_0
    SLICE_X48Y87         CARRY4 (Prop_carry4_CI_CO[3])
                                                      0.098     6.278 r  u_fir_wrap/p_0_in1_carry__7/CO[3]
                         net (fo=1, routed)           0.000     6.278    u_fir_wrap/p_0_in1_carry__7_n_0
    SLICE_X48Y88         CARRY4 (Prop_carry4_CI_CO[3])
                                                      0.098     6.376 r  u_fir_wrap/p_0_in1_carry__8/CO[3]
                         net (fo=1, routed)           0.000     6.376    u_fir_wrap/p_0_in1_carry__8_n_0
    SLICE_X48Y89         CARRY4 (Prop_carry4_CI_CO[0])
                                                      0.216     6.592 r  u_fir_wrap/saturation_now0_carry__0_i_1/CO[0]
                         net (fo=42, routed)          0.616     7.208    u_fir_wrap/saturation_now0_carry__0_i_1_n_3
    SLICE_X49Y88         CARRY4 (Prop_carry4_S[1]_CO[3])
                                                      0.766     7.974 r  u_fir_wrap/saturation_now1_carry__0/CO[3]
                         net (fo=1, routed)           0.000     7.974    u_fir_wrap/saturation_now1_carry__0_n_0
    SLICE_X49Y89         CARRY4 (Prop_carry4_CI_CO[3])
                                                      0.098     8.072 r  u_fir_wrap/saturation_now1_carry__1/CO[3]
                         net (fo=1, routed)           0.000     8.072    u_fir_wrap/saturation_now1_carry__1_n_0
    SLICE_X49Y90         CARRY4 (Prop_carry4_CI_CO[1])
                                                      0.132     8.204 f  u_fir_wrap/saturation_now1_carry__2/CO[1]
                         net (fo=102, routed)         1.155     9.360    u_fir_wrap/saturation_now1_carry__2_n_2
    SLICE_X41Y74         LUT6 (Prop_lut6_I0_O)        0.275     9.635 r  u_fir_wrap/square_sum1_i_35/O
                         net (fo=1, routed)           0.329     9.964    u_fir_wrap/square_sum1_i_35_n_0
    SLICE_X40Y74         CARRY4 (Prop_carry4_S[0]_CO[3])
                                                      0.545    10.509 r  u_fir_wrap/square_sum1_i_20/CO[3]
                         net (fo=1, routed)           0.008    10.517    u_fir_wrap/square_sum1_i_20_n_0
    SLICE_X40Y75         CARRY4 (Prop_carry4_CI_CO[3])
                                                      0.098    10.615 r  u_fir_wrap/square_sum1_i_19/CO[3]
                         net (fo=1, routed)           0.000    10.615    u_fir_wrap/square_sum1_i_19_n_0
    SLICE_X40Y76         CARRY4 (Prop_carry4_CI_CO[3])
                                                      0.098    10.713 r  u_fir_wrap/square_sum1_i_18/CO[3]
                         net (fo=1, routed)           0.000    10.713    u_fir_wrap/square_sum1_i_18_n_0
    SLICE_X40Y77         CARRY4 (Prop_carry4_CI_O[0])
                                                      0.180    10.893 r  u_fir_wrap/square_sum1_i_17/O[0]
                         net (fo=1, routed)           0.488    11.381    u_fir_wrap/u_mean_square_calculator/square_sum3[13]
    SLICE_X41Y77         LUT6 (Prop_lut6_I0_O)        0.249    11.630 r  u_fir_wrap/square_sum1_i_3/O
                         net (fo=2, routed)           0.856    12.485    u_mean_square_calculator/A[13]
    DSP48_X2Y24          DSP48E1 (Prop_dsp48e1_A[13]_P[0])
                                                      3.230    15.715 r  u_mean_square_calculator/square_sum1/P[0]
                         net (fo=1, routed)           0.695    16.411    u_mean_square_calculator/square_sum1_n_105
    SLICE_X36Y55         LUT2 (Prop_lut2_I1_O)        0.105    16.516 r  u_mean_square_calculator/square_sum[3]_i_5/O
                         net (fo=1, routed)           0.000    16.516    u_mean_square_calculator/square_sum[3]_i_5_n_0
    SLICE_X36Y55         CARRY4 (Prop_carry4_S[0]_CO[3])
                                                      0.423    16.939 r  u_mean_square_calculator/square_sum_reg[3]_i_1/CO[3]
                         net (fo=1, routed)           0.000    16.939    u_mean_square_calculator/square_sum_reg[3]_i_1_n_0
    SLICE_X36Y56         CARRY4 (Prop_carry4_CI_CO[3])
                                                      0.100    17.039 r  u_mean_square_calculator/square_sum_reg[7]_i_1/CO[3]
                         net (fo=1, routed)           0.000    17.039    u_mean_square_calculator/square_sum_reg[7]_i_1_n_0
    SLICE_X36Y57         CARRY4 (Prop_carry4_CI_CO[3])
                                                      0.100    17.139 r  u_mean_square_calculator/square_sum_reg[11]_i_1/CO[3]
                         net (fo=1, routed)           0.000    17.139    u_mean_square_calculator/square_sum_reg[11]_i_1_n_0
    SLICE_X36Y58         CARRY4 (Prop_carry4_CI_CO[3])
                                                      0.100    17.239 r  u_mean_square_calculator/square_sum_reg[15]_i_1/CO[3]
                         net (fo=1, routed)           0.000    17.239    u_mean_square_calculator/square_sum_reg[15]_i_1_n_0
    SLICE_X36Y59         CARRY4 (Prop_carry4_CI_CO[3])
                                                      0.100    17.339 r  u_mean_square_calculator/square_sum_reg[19]_i_1/CO[3]
                         net (fo=1, routed)           0.000    17.339    u_mean_square_calculator/square_sum_reg[19]_i_1_n_0
    SLICE_X36Y60         CARRY4 (Prop_carry4_CI_CO[3])
                                                      0.100    17.439 r  u_mean_square_calculator/square_sum_reg[23]_i_1/CO[3]
                         net (fo=1, routed)           0.000    17.439    u_mean_square_calculator/square_sum_reg[23]_i_1_n_0
    SLICE_X36Y61         CARRY4 (Prop_carry4_CI_CO[3])
                                                      0.100    17.539 r  u_mean_square_calculator/square_sum_reg[27]_i_1/CO[3]
                         net (fo=1, routed)           0.000    17.539    u_mean_square_calculator/square_sum_reg[27]_i_1_n_0
    SLICE_X36Y62         CARRY4 (Prop_carry4_CI_CO[3])
                                                      0.100    17.639 r  u_mean_square_calculator/square_sum_reg[31]_i_1/CO[3]
                         net (fo=1, routed)           0.000    17.639    u_mean_square_calculator/square_sum_reg[31]_i_1_n_0
    SLICE_X36Y63         CARRY4 (Prop_carry4_CI_O[3])
                                                      0.277    17.916 r  u_mean_square_calculator/square_sum_reg[35]_i_1/O[3]
                         net (fo=2, routed)           0.518    18.434    u_mean_square_calculator/sum_with_sample[35]
    SLICE_X37Y66         CARRY4 (Prop_carry4_S[1]_CO[3])
                                                      0.707    19.141 r  u_mean_square_calculator/mean_square_out0_carry__4/CO[3]
                         net (fo=1, routed)           0.000    19.141    u_mean_square_calculator/mean_square_out0_carry__4_n_0
    SLICE_X37Y67         CARRY4 (Prop_carry4_CI_CO[3])
                                                      0.098    19.239 r  u_mean_square_calculator/mean_square_out0_carry__5/CO[3]
                         net (fo=1, routed)           0.000    19.239    u_mean_square_calculator/mean_square_out0_carry__5_n_0
    SLICE_X37Y68         CARRY4 (Prop_carry4_CI_CO[3])
                                                      0.098    19.337 r  u_mean_square_calculator/mean_square_out0_carry__6/CO[3]
                         net (fo=1, routed)           0.000    19.337    u_mean_square_calculator/mean_square_out0_carry__6_n_0
    SLICE_X37Y69         CARRY4 (Prop_carry4_CI_O[2])
                                                      0.200    19.537 r  u_mean_square_calculator/mean_square_out0_carry__7/O[2]
                         net (fo=1, routed)           0.417    19.954    u_mean_square_calculator/rounded_sum__0[48]
    SLICE_X36Y69         LUT2 (Prop_lut2_I0_O)        0.253    20.207 r  u_mean_square_calculator/overflow_i_1/O
                         net (fo=1, routed)           0.000    20.207    u_mean_square_calculator/overflow0
    SLICE_X36Y69         FDRE                                         r  u_mean_square_calculator/overflow_reg/D
  -------------------------------------------------------------------    -------------------

                         (clock processing_clk rise edge)
                                                     10.000    10.000 r  
    Y9                                                0.000    10.000 r  processing_clk (IN)
                         net (fo=0)                   0.000    10.000    processing_clk
    Y9                   IBUF (Prop_ibuf_I_O)         0.831    10.831 r  processing_clk_IBUF_inst/O
                         net (fo=1, routed)           1.673    12.504    processing_clk_IBUF
    BUFGCTRL_X0Y0        BUFG (Prop_bufg_I_O)         0.077    12.581 r  processing_clk_IBUF_BUFG_inst/O
                         net (fo=3610, routed)        1.229    13.810    u_mean_square_calculator/processing_clk_IBUF_BUFG
    SLICE_X36Y69         FDRE                                         r  u_mean_square_calculator/overflow_reg/C
                         clock pessimism              0.405    14.215    
                         clock uncertainty           -0.035    14.180    
    SLICE_X36Y69         FDRE (Setup_fdre_C_D)        0.072    14.252    u_mean_square_calculator/overflow_reg
  -------------------------------------------------------------------
                         required time                         14.252    
                         arrival time                         -20.207    
  -------------------------------------------------------------------
                         slack                                 -5.955    

Slack (VIOLATED) :        -5.363ns  (required time - arrival time)
  Source:                 u_fir_wrap/u_fir_compiler/U0/i_synth/g_single_rate.i_single_rate/g_m_data_chan_no_fifo.m_axis_data_tdata_int_reg[0]/C
                            (rising edge-triggered cell FDRE clocked by processing_clk  {rise@0.000ns fall@5.000ns period=10.000ns})
  Destination:            u_mean_square_calculator/mean_square_out_reg[31]/D
                            (rising edge-triggered cell FDRE clocked by processing_clk  {rise@0.000ns fall@5.000ns period=10.000ns})
  Path Group:             processing_clk
  Path Type:              Setup (Max at Slow Process Corner)
  Requirement:            10.000ns  (processing_clk rise@10.000ns - processing_clk rise@0.000ns)
  Data Path Delay:        15.335ns  (logic 10.257ns (66.885%)  route 5.078ns (33.115%))
  Logic Levels:           35  (CARRY4=31 DSP48E1=1 LUT2=1 LUT6=2)
  Clock Path Skew:        -0.051ns (DCD - SCD + CPR)
    Destination Clock Delay (DCD):    3.810ns = ( 13.810 - 10.000 ) 
    Source Clock Delay      (SCD):    4.266ns
    Clock Pessimism Removal (CPR):    0.405ns
  Clock Uncertainty:      0.035ns  ((TSJ^2 + TIJ^2)^1/2 + DJ) / 2 + PE
    Total System Jitter     (TSJ):    0.071ns
    Total Input Jitter      (TIJ):    0.000ns
    Discrete Jitter          (DJ):    0.000ns
    Phase Error              (PE):    0.000ns

    Location             Delay type                Incr(ns)  Path(ns)    Netlist Resource(s)
  -------------------------------------------------------------------    -------------------
                         (clock processing_clk rise edge)
                                                      0.000     0.000 r  
    Y9                                                0.000     0.000 r  processing_clk (IN)
                         net (fo=0)                   0.000     0.000    processing_clk
    Y9                   IBUF (Prop_ibuf_I_O)         0.962     0.962 r  processing_clk_IBUF_inst/O
                         net (fo=1, routed)           1.843     2.805    processing_clk_IBUF
    BUFGCTRL_X0Y0        BUFG (Prop_bufg_I_O)         0.085     2.890 r  processing_clk_IBUF_BUFG_inst/O
                         net (fo=3610, routed)        1.376     4.266    u_fir_wrap/u_fir_compiler/U0/i_synth/g_single_rate.i_single_rate/aclk
    SLICE_X49Y79         FDRE                                         r  u_fir_wrap/u_fir_compiler/U0/i_synth/g_single_rate.i_single_rate/g_m_data_chan_no_fifo.m_axis_data_tdata_int_reg[0]/C
  -------------------------------------------------------------------    -------------------
    SLICE_X49Y79         FDRE (Prop_fdre_C_Q)         0.379     4.645 r  u_fir_wrap/u_fir_compiler/U0/i_synth/g_single_rate.i_single_rate/g_m_data_chan_no_fifo.m_axis_data_tdata_int_reg[0]/Q
                         net (fo=2, routed)           0.413     5.058    u_fir_wrap/ip_output_data[0]
    SLICE_X48Y79         CARRY4 (Prop_carry4_DI[0]_CO[3])
                                                      0.436     5.494 r  u_fir_wrap/p_0_in1_carry/CO[3]
                         net (fo=1, routed)           0.000     5.494    u_fir_wrap/p_0_in1_carry_n_0
    SLICE_X48Y80         CARRY4 (Prop_carry4_CI_CO[3])
                                                      0.098     5.592 r  u_fir_wrap/p_0_in1_carry__0/CO[3]
                         net (fo=1, routed)           0.000     5.592    u_fir_wrap/p_0_in1_carry__0_n_0
    SLICE_X48Y81         CARRY4 (Prop_carry4_CI_CO[3])
                                                      0.098     5.690 r  u_fir_wrap/p_0_in1_carry__1/CO[3]
                         net (fo=1, routed)           0.000     5.690    u_fir_wrap/p_0_in1_carry__1_n_0
    SLICE_X48Y82         CARRY4 (Prop_carry4_CI_CO[3])
                                                      0.098     5.788 r  u_fir_wrap/p_0_in1_carry__2/CO[3]
                         net (fo=1, routed)           0.000     5.788    u_fir_wrap/p_0_in1_carry__2_n_0
    SLICE_X48Y83         CARRY4 (Prop_carry4_CI_CO[3])
                                                      0.098     5.886 r  u_fir_wrap/p_0_in1_carry__3/CO[3]
                         net (fo=1, routed)           0.000     5.886    u_fir_wrap/p_0_in1_carry__3_n_0
    SLICE_X48Y84         CARRY4 (Prop_carry4_CI_CO[3])
                                                      0.098     5.984 r  u_fir_wrap/p_0_in1_carry__4/CO[3]
                         net (fo=1, routed)           0.000     5.984    u_fir_wrap/p_0_in1_carry__4_n_0
    SLICE_X48Y85         CARRY4 (Prop_carry4_CI_CO[3])
                                                      0.098     6.082 r  u_fir_wrap/p_0_in1_carry__5/CO[3]
                         net (fo=1, routed)           0.000     6.082    u_fir_wrap/p_0_in1_carry__5_n_0
    SLICE_X48Y86         CARRY4 (Prop_carry4_CI_CO[3])
                                                      0.098     6.180 r  u_fir_wrap/p_0_in1_carry__6/CO[3]
                         net (fo=1, routed)           0.000     6.180    u_fir_wrap/p_0_in1_carry__6_n_0
    SLICE_X48Y87         CARRY4 (Prop_carry4_CI_CO[3])
                                                      0.098     6.278 r  u_fir_wrap/p_0_in1_carry__7/CO[3]
                         net (fo=1, routed)           0.000     6.278    u_fir_wrap/p_0_in1_carry__7_n_0
    SLICE_X48Y88         CARRY4 (Prop_carry4_CI_CO[3])
                                                      0.098     6.376 r  u_fir_wrap/p_0_in1_carry__8/CO[3]
                         net (fo=1, routed)           0.000     6.376    u_fir_wrap/p_0_in1_carry__8_n_0
    SLICE_X48Y89         CARRY4 (Prop_carry4_CI_CO[0])
                                                      0.216     6.592 r  u_fir_wrap/saturation_now0_carry__0_i_1/CO[0]
                         net (fo=42, routed)          0.616     7.208    u_fir_wrap/saturation_now0_carry__0_i_1_n_3
    SLICE_X49Y88         CARRY4 (Prop_carry4_S[1]_CO[3])
                                                      0.766     7.974 r  u_fir_wrap/saturation_now1_carry__0/CO[3]
                         net (fo=1, routed)           0.000     7.974    u_fir_wrap/saturation_now1_carry__0_n_0
    SLICE_X49Y89         CARRY4 (Prop_carry4_CI_CO[3])
                                                      0.098     8.072 r  u_fir_wrap/saturation_now1_carry__1/CO[3]
                         net (fo=1, routed)           0.000     8.072    u_fir_wrap/saturation_now1_carry__1_n_0
    SLICE_X49Y90         CARRY4 (Prop_carry4_CI_CO[1])
                                                      0.132     8.204 f  u_fir_wrap/saturation_now1_carry__2/CO[1]
                         net (fo=102, routed)         1.155     9.360    u_fir_wrap/saturation_now1_carry__2_n_2
    SLICE_X41Y74         LUT6 (Prop_lut6_I0_O)        0.275     9.635 r  u_fir_wrap/square_sum1_i_35/O
                         net (fo=1, routed)           0.329     9.964    u_fir_wrap/square_sum1_i_35_n_0
    SLICE_X40Y74         CARRY4 (Prop_carry4_S[0]_CO[3])
                                                      0.545    10.509 r  u_fir_wrap/square_sum1_i_20/CO[3]
                         net (fo=1, routed)           0.008    10.517    u_fir_wrap/square_sum1_i_20_n_0
    SLICE_X40Y75         CARRY4 (Prop_carry4_CI_CO[3])
                                                      0.098    10.615 r  u_fir_wrap/square_sum1_i_19/CO[3]
                         net (fo=1, routed)           0.000    10.615    u_fir_wrap/square_sum1_i_19_n_0
    SLICE_X40Y76         CARRY4 (Prop_carry4_CI_CO[3])
                                                      0.098    10.713 r  u_fir_wrap/square_sum1_i_18/CO[3]
                         net (fo=1, routed)           0.000    10.713    u_fir_wrap/square_sum1_i_18_n_0
    SLICE_X40Y77         CARRY4 (Prop_carry4_CI_O[0])
                                                      0.180    10.893 r  u_fir_wrap/square_sum1_i_17/O[0]
                         net (fo=1, routed)           0.488    11.381    u_fir_wrap/u_mean_square_calculator/square_sum3[13]
    SLICE_X41Y77         LUT6 (Prop_lut6_I0_O)        0.249    11.630 r  u_fir_wrap/square_sum1_i_3/O
                         net (fo=2, routed)           0.856    12.485    u_mean_square_calculator/A[13]
    DSP48_X2Y24          DSP48E1 (Prop_dsp48e1_A[13]_P[0])
                                                      3.230    15.715 r  u_mean_square_calculator/square_sum1/P[0]
                         net (fo=1, routed)           0.695    16.411    u_mean_square_calculator/square_sum1_n_105
    SLICE_X36Y55         LUT2 (Prop_lut2_I1_O)        0.105    16.516 r  u_mean_square_calculator/square_sum[3]_i_5/O
                         net (fo=1, routed)           0.000    16.516    u_mean_square_calculator/square_sum[3]_i_5_n_0
    SLICE_X36Y55         CARRY4 (Prop_carry4_S[0]_CO[3])
                                                      0.423    16.939 r  u_mean_square_calculator/square_sum_reg[3]_i_1/CO[3]
                         net (fo=1, routed)           0.000    16.939    u_mean_square_calculator/square_sum_reg[3]_i_1_n_0
    SLICE_X36Y56         CARRY4 (Prop_carry4_CI_CO[3])
                                                      0.100    17.039 r  u_mean_square_calculator/square_sum_reg[7]_i_1/CO[3]
                         net (fo=1, routed)           0.000    17.039    u_mean_square_calculator/square_sum_reg[7]_i_1_n_0
    SLICE_X36Y57         CARRY4 (Prop_carry4_CI_CO[3])
                                                      0.100    17.139 r  u_mean_square_calculator/square_sum_reg[11]_i_1/CO[3]
                         net (fo=1, routed)           0.000    17.139    u_mean_square_calculator/square_sum_reg[11]_i_1_n_0
    SLICE_X36Y58         CARRY4 (Prop_carry4_CI_CO[3])
                                                      0.100    17.239 r  u_mean_square_calculator/square_sum_reg[15]_i_1/CO[3]
                         net (fo=1, routed)           0.000    17.239    u_mean_square_calculator/square_sum_reg[15]_i_1_n_0
    SLICE_X36Y59         CARRY4 (Prop_carry4_CI_CO[3])
                                                      0.100    17.339 r  u_mean_square_calculator/square_sum_reg[19]_i_1/CO[3]
                         net (fo=1, routed)           0.000    17.339    u_mean_square_calculator/square_sum_reg[19]_i_1_n_0
    SLICE_X36Y60         CARRY4 (Prop_carry4_CI_CO[3])
                                                      0.100    17.439 r  u_mean_square_calculator/square_sum_reg[23]_i_1/CO[3]
                         net (fo=1, routed)           0.000    17.439    u_mean_square_calculator/square_sum_reg[23]_i_1_n_0
    SLICE_X36Y61         CARRY4 (Prop_carry4_CI_CO[3])
                                                      0.100    17.539 r  u_mean_square_calculator/square_sum_reg[27]_i_1/CO[3]
                         net (fo=1, routed)           0.000    17.539    u_mean_square_calculator/square_sum_reg[27]_i_1_n_0
    SLICE_X36Y62         CARRY4 (Prop_carry4_CI_CO[3])
                                                      0.100    17.639 r  u_mean_square_calculator/square_sum_reg[31]_i_1/CO[3]
                         net (fo=1, routed)           0.000    17.639    u_mean_square_calculator/square_sum_reg[31]_i_1_n_0
    SLICE_X36Y63         CARRY4 (Prop_carry4_CI_O[3])
                                                      0.277    17.916 r  u_mean_square_calculator/square_sum_reg[35]_i_1/O[3]
                         net (fo=2, routed)           0.518    18.434    u_mean_square_calculator/sum_with_sample[35]
    SLICE_X37Y66         CARRY4 (Prop_carry4_S[1]_CO[3])
                                                      0.707    19.141 r  u_mean_square_calculator/mean_square_out0_carry__4/CO[3]
                         net (fo=1, routed)           0.000    19.141    u_mean_square_calculator/mean_square_out0_carry__4_n_0
    SLICE_X37Y67         CARRY4 (Prop_carry4_CI_CO[3])
                                                      0.098    19.239 r  u_mean_square_calculator/mean_square_out0_carry__5/CO[3]
                         net (fo=1, routed)           0.000    19.239    u_mean_square_calculator/mean_square_out0_carry__5_n_0
    SLICE_X37Y68         CARRY4 (Prop_carry4_CI_CO[3])
                                                      0.098    19.337 r  u_mean_square_calculator/mean_square_out0_carry__6/CO[3]
                         net (fo=1, routed)           0.000    19.337    u_mean_square_calculator/mean_square_out0_carry__6_n_0
    SLICE_X37Y69         CARRY4 (Prop_carry4_CI_O[1])
                                                      0.265    19.602 r  u_mean_square_calculator/mean_square_out0_carry__7/O[1]
                         net (fo=1, routed)           0.000    19.602    u_mean_square_calculator/rounded_sum[47]
    SLICE_X37Y69         FDRE                                         r  u_mean_square_calculator/mean_square_out_reg[31]/D
  -------------------------------------------------------------------    -------------------

                         (clock processing_clk rise edge)
                                                     10.000    10.000 r  
    Y9                                                0.000    10.000 r  processing_clk (IN)
                         net (fo=0)                   0.000    10.000    processing_clk
    Y9                   IBUF (Prop_ibuf_I_O)         0.831    10.831 r  processing_clk_IBUF_inst/O
                         net (fo=1, routed)           1.673    12.504    processing_clk_IBUF
    BUFGCTRL_X0Y0        BUFG (Prop_bufg_I_O)         0.077    12.581 r  processing_clk_IBUF_BUFG_inst/O
                         net (fo=3610, routed)        1.229    13.810    u_mean_square_calculator/processing_clk_IBUF_BUFG
    SLICE_X37Y69         FDRE                                         r  u_mean_square_calculator/mean_square_out_reg[31]/C
                         clock pessimism              0.405    14.215    
                         clock uncertainty           -0.035    14.180    
    SLICE_X37Y69         FDRE (Setup_fdre_C_D)        0.059    14.239    u_mean_square_calculator/mean_square_out_reg[31]
  -------------------------------------------------------------------
                         required time                         14.239    
                         arrival time                         -19.602    
  -------------------------------------------------------------------
                         slack                                 -5.363    

Slack (VIOLATED) :        -5.279ns  (required time - arrival time)
  Source:                 u_fir_wrap/u_fir_compiler/U0/i_synth/g_single_rate.i_single_rate/g_m_data_chan_no_fifo.m_axis_data_tdata_int_reg[0]/C
                            (rising edge-triggered cell FDRE clocked by processing_clk  {rise@0.000ns fall@5.000ns period=10.000ns})
  Destination:            u_mean_square_calculator/mean_square_out_reg[30]/D
                            (rising edge-triggered cell FDRE clocked by processing_clk  {rise@0.000ns fall@5.000ns period=10.000ns})
  Path Group:             processing_clk
  Path Type:              Setup (Max at Slow Process Corner)
  Requirement:            10.000ns  (processing_clk rise@10.000ns - processing_clk rise@0.000ns)
  Data Path Delay:        15.251ns  (logic 10.173ns (66.703%)  route 5.078ns (33.297%))
  Logic Levels:           35  (CARRY4=31 DSP48E1=1 LUT2=1 LUT6=2)
  Clock Path Skew:        -0.051ns (DCD - SCD + CPR)
    Destination Clock Delay (DCD):    3.810ns = ( 13.810 - 10.000 ) 
    Source Clock Delay      (SCD):    4.266ns
    Clock Pessimism Removal (CPR):    0.405ns
  Clock Uncertainty:      0.035ns  ((TSJ^2 + TIJ^2)^1/2 + DJ) / 2 + PE
    Total System Jitter     (TSJ):    0.071ns
    Total Input Jitter      (TIJ):    0.000ns
    Discrete Jitter          (DJ):    0.000ns
    Phase Error              (PE):    0.000ns

    Location             Delay type                Incr(ns)  Path(ns)    Netlist Resource(s)
  -------------------------------------------------------------------    -------------------
                         (clock processing_clk rise edge)
                                                      0.000     0.000 r  
    Y9                                                0.000     0.000 r  processing_clk (IN)
                         net (fo=0)                   0.000     0.000    processing_clk
    Y9                   IBUF (Prop_ibuf_I_O)         0.962     0.962 r  processing_clk_IBUF_inst/O
                         net (fo=1, routed)           1.843     2.805    processing_clk_IBUF
    BUFGCTRL_X0Y0        BUFG (Prop_bufg_I_O)         0.085     2.890 r  processing_clk_IBUF_BUFG_inst/O
                         net (fo=3610, routed)        1.376     4.266    u_fir_wrap/u_fir_compiler/U0/i_synth/g_single_rate.i_single_rate/aclk
    SLICE_X49Y79         FDRE                                         r  u_fir_wrap/u_fir_compiler/U0/i_synth/g_single_rate.i_single_rate/g_m_data_chan_no_fifo.m_axis_data_tdata_int_reg[0]/C
  -------------------------------------------------------------------    -------------------
    SLICE_X49Y79         FDRE (Prop_fdre_C_Q)         0.379     4.645 r  u_fir_wrap/u_fir_compiler/U0/i_synth/g_single_rate.i_single_rate/g_m_data_chan_no_fifo.m_axis_data_tdata_int_reg[0]/Q
                         net (fo=2, routed)           0.413     5.058    u_fir_wrap/ip_output_data[0]
    SLICE_X48Y79         CARRY4 (Prop_carry4_DI[0]_CO[3])
                                                      0.436     5.494 r  u_fir_wrap/p_0_in1_carry/CO[3]
                         net (fo=1, routed)           0.000     5.494    u_fir_wrap/p_0_in1_carry_n_0
    SLICE_X48Y80         CARRY4 (Prop_carry4_CI_CO[3])
                                                      0.098     5.592 r  u_fir_wrap/p_0_in1_carry__0/CO[3]
                         net (fo=1, routed)           0.000     5.592    u_fir_wrap/p_0_in1_carry__0_n_0
    SLICE_X48Y81         CARRY4 (Prop_carry4_CI_CO[3])
                                                      0.098     5.690 r  u_fir_wrap/p_0_in1_carry__1/CO[3]
                         net (fo=1, routed)           0.000     5.690    u_fir_wrap/p_0_in1_carry__1_n_0
    SLICE_X48Y82         CARRY4 (Prop_carry4_CI_CO[3])
                                                      0.098     5.788 r  u_fir_wrap/p_0_in1_carry__2/CO[3]
                         net (fo=1, routed)           0.000     5.788    u_fir_wrap/p_0_in1_carry__2_n_0
    SLICE_X48Y83         CARRY4 (Prop_carry4_CI_CO[3])
                                                      0.098     5.886 r  u_fir_wrap/p_0_in1_carry__3/CO[3]
                         net (fo=1, routed)           0.000     5.886    u_fir_wrap/p_0_in1_carry__3_n_0
    SLICE_X48Y84         CARRY4 (Prop_carry4_CI_CO[3])
                                                      0.098     5.984 r  u_fir_wrap/p_0_in1_carry__4/CO[3]
                         net (fo=1, routed)           0.000     5.984    u_fir_wrap/p_0_in1_carry__4_n_0
    SLICE_X48Y85         CARRY4 (Prop_carry4_CI_CO[3])
                                                      0.098     6.082 r  u_fir_wrap/p_0_in1_carry__5/CO[3]
                         net (fo=1, routed)           0.000     6.082    u_fir_wrap/p_0_in1_carry__5_n_0
    SLICE_X48Y86         CARRY4 (Prop_carry4_CI_CO[3])
                                                      0.098     6.180 r  u_fir_wrap/p_0_in1_carry__6/CO[3]
                         net (fo=1, routed)           0.000     6.180    u_fir_wrap/p_0_in1_carry__6_n_0
    SLICE_X48Y87         CARRY4 (Prop_carry4_CI_CO[3])
                                                      0.098     6.278 r  u_fir_wrap/p_0_in1_carry__7/CO[3]
                         net (fo=1, routed)           0.000     6.278    u_fir_wrap/p_0_in1_carry__7_n_0
    SLICE_X48Y88         CARRY4 (Prop_carry4_CI_CO[3])
                                                      0.098     6.376 r  u_fir_wrap/p_0_in1_carry__8/CO[3]
                         net (fo=1, routed)           0.000     6.376    u_fir_wrap/p_0_in1_carry__8_n_0
    SLICE_X48Y89         CARRY4 (Prop_carry4_CI_CO[0])
                                                      0.216     6.592 r  u_fir_wrap/saturation_now0_carry__0_i_1/CO[0]
                         net (fo=42, routed)          0.616     7.208    u_fir_wrap/saturation_now0_carry__0_i_1_n_3
    SLICE_X49Y88         CARRY4 (Prop_carry4_S[1]_CO[3])
                                                      0.766     7.974 r  u_fir_wrap/saturation_now1_carry__0/CO[3]
                         net (fo=1, routed)           0.000     7.974    u_fir_wrap/saturation_now1_carry__0_n_0
    SLICE_X49Y89         CARRY4 (Prop_carry4_CI_CO[3])
                                                      0.098     8.072 r  u_fir_wrap/saturation_now1_carry__1/CO[3]
                         net (fo=1, routed)           0.000     8.072    u_fir_wrap/saturation_now1_carry__1_n_0
    SLICE_X49Y90         CARRY4 (Prop_carry4_CI_CO[1])
                                                      0.132     8.204 f  u_fir_wrap/saturation_now1_carry__2/CO[1]
                         net (fo=102, routed)         1.155     9.360    u_fir_wrap/saturation_now1_carry__2_n_2
    SLICE_X41Y74         LUT6 (Prop_lut6_I0_O)        0.275     9.635 r  u_fir_wrap/square_sum1_i_35/O
                         net (fo=1, routed)           0.329     9.964    u_fir_wrap/square_sum1_i_35_n_0
    SLICE_X40Y74         CARRY4 (Prop_carry4_S[0]_CO[3])
                                                      0.545    10.509 r  u_fir_wrap/square_sum1_i_20/CO[3]
                         net (fo=1, routed)           0.008    10.517    u_fir_wrap/square_sum1_i_20_n_0
    SLICE_X40Y75         CARRY4 (Prop_carry4_CI_CO[3])
                                                      0.098    10.615 r  u_fir_wrap/square_sum1_i_19/CO[3]
                         net (fo=1, routed)           0.000    10.615    u_fir_wrap/square_sum1_i_19_n_0
    SLICE_X40Y76         CARRY4 (Prop_carry4_CI_CO[3])
                                                      0.098    10.713 r  u_fir_wrap/square_sum1_i_18/CO[3]
                         net (fo=1, routed)           0.000    10.713    u_fir_wrap/square_sum1_i_18_n_0
    SLICE_X40Y77         CARRY4 (Prop_carry4_CI_O[0])
                                                      0.180    10.893 r  u_fir_wrap/square_sum1_i_17/O[0]
                         net (fo=1, routed)           0.488    11.381    u_fir_wrap/u_mean_square_calculator/square_sum3[13]
    SLICE_X41Y77         LUT6 (Prop_lut6_I0_O)        0.249    11.630 r  u_fir_wrap/square_sum1_i_3/O
                         net (fo=2, routed)           0.856    12.485    u_mean_square_calculator/A[13]
    DSP48_X2Y24          DSP48E1 (Prop_dsp48e1_A[13]_P[0])
                                                      3.230    15.715 r  u_mean_square_calculator/square_sum1/P[0]
                         net (fo=1, routed)           0.695    16.411    u_mean_square_calculator/square_sum1_n_105
    SLICE_X36Y55         LUT2 (Prop_lut2_I1_O)        0.105    16.516 r  u_mean_square_calculator/square_sum[3]_i_5/O
                         net (fo=1, routed)           0.000    16.516    u_mean_square_calculator/square_sum[3]_i_5_n_0
    SLICE_X36Y55         CARRY4 (Prop_carry4_S[0]_CO[3])
                                                      0.423    16.939 r  u_mean_square_calculator/square_sum_reg[3]_i_1/CO[3]
                         net (fo=1, routed)           0.000    16.939    u_mean_square_calculator/square_sum_reg[3]_i_1_n_0
    SLICE_X36Y56         CARRY4 (Prop_carry4_CI_CO[3])
                                                      0.100    17.039 r  u_mean_square_calculator/square_sum_reg[7]_i_1/CO[3]
                         net (fo=1, routed)           0.000    17.039    u_mean_square_calculator/square_sum_reg[7]_i_1_n_0
    SLICE_X36Y57         CARRY4 (Prop_carry4_CI_CO[3])
                                                      0.100    17.139 r  u_mean_square_calculator/square_sum_reg[11]_i_1/CO[3]
                         net (fo=1, routed)           0.000    17.139    u_mean_square_calculator/square_sum_reg[11]_i_1_n_0
    SLICE_X36Y58         CARRY4 (Prop_carry4_CI_CO[3])
                                                      0.100    17.239 r  u_mean_square_calculator/square_sum_reg[15]_i_1/CO[3]
                         net (fo=1, routed)           0.000    17.239    u_mean_square_calculator/square_sum_reg[15]_i_1_n_0
    SLICE_X36Y59         CARRY4 (Prop_carry4_CI_CO[3])
                                                      0.100    17.339 r  u_mean_square_calculator/square_sum_reg[19]_i_1/CO[3]
                         net (fo=1, routed)           0.000    17.339    u_mean_square_calculator/square_sum_reg[19]_i_1_n_0
    SLICE_X36Y60         CARRY4 (Prop_carry4_CI_CO[3])
                                                      0.100    17.439 r  u_mean_square_calculator/square_sum_reg[23]_i_1/CO[3]
                         net (fo=1, routed)           0.000    17.439    u_mean_square_calculator/square_sum_reg[23]_i_1_n_0
    SLICE_X36Y61         CARRY4 (Prop_carry4_CI_CO[3])
                                                      0.100    17.539 r  u_mean_square_calculator/square_sum_reg[27]_i_1/CO[3]
                         net (fo=1, routed)           0.000    17.539    u_mean_square_calculator/square_sum_reg[27]_i_1_n_0
    SLICE_X36Y62         CARRY4 (Prop_carry4_CI_CO[3])
                                                      0.100    17.639 r  u_mean_square_calculator/square_sum_reg[31]_i_1/CO[3]
                         net (fo=1, routed)           0.000    17.639    u_mean_square_calculator/square_sum_reg[31]_i_1_n_0
    SLICE_X36Y63         CARRY4 (Prop_carry4_CI_O[3])
                                                      0.277    17.916 r  u_mean_square_calculator/square_sum_reg[35]_i_1/O[3]
                         net (fo=2, routed)           0.518    18.434    u_mean_square_calculator/sum_with_sample[35]
    SLICE_X37Y66         CARRY4 (Prop_carry4_S[1]_CO[3])
                                                      0.707    19.141 r  u_mean_square_calculator/mean_square_out0_carry__4/CO[3]
                         net (fo=1, routed)           0.000    19.141    u_mean_square_calculator/mean_square_out0_carry__4_n_0
    SLICE_X37Y67         CARRY4 (Prop_carry4_CI_CO[3])
                                                      0.098    19.239 r  u_mean_square_calculator/mean_square_out0_carry__5/CO[3]
                         net (fo=1, routed)           0.000    19.239    u_mean_square_calculator/mean_square_out0_carry__5_n_0
    SLICE_X37Y68         CARRY4 (Prop_carry4_CI_CO[3])
                                                      0.098    19.337 r  u_mean_square_calculator/mean_square_out0_carry__6/CO[3]
                         net (fo=1, routed)           0.000    19.337    u_mean_square_calculator/mean_square_out0_carry__6_n_0
    SLICE_X37Y69         CARRY4 (Prop_carry4_CI_O[0])
                                                      0.181    19.518 r  u_mean_square_calculator/mean_square_out0_carry__7/O[0]
                         net (fo=1, routed)           0.000    19.518    u_mean_square_calculator/rounded_sum[46]
    SLICE_X37Y69         FDRE                                         r  u_mean_square_calculator/mean_square_out_reg[30]/D
  -------------------------------------------------------------------    -------------------

                         (clock processing_clk rise edge)
                                                     10.000    10.000 r  
    Y9                                                0.000    10.000 r  processing_clk (IN)
                         net (fo=0)                   0.000    10.000    processing_clk
    Y9                   IBUF (Prop_ibuf_I_O)         0.831    10.831 r  processing_clk_IBUF_inst/O
                         net (fo=1, routed)           1.673    12.504    processing_clk_IBUF
    BUFGCTRL_X0Y0        BUFG (Prop_bufg_I_O)         0.077    12.581 r  processing_clk_IBUF_BUFG_inst/O
                         net (fo=3610, routed)        1.229    13.810    u_mean_square_calculator/processing_clk_IBUF_BUFG
    SLICE_X37Y69         FDRE                                         r  u_mean_square_calculator/mean_square_out_reg[30]/C
                         clock pessimism              0.405    14.215    
                         clock uncertainty           -0.035    14.180    
    SLICE_X37Y69         FDRE (Setup_fdre_C_D)        0.059    14.239    u_mean_square_calculator/mean_square_out_reg[30]
  -------------------------------------------------------------------
                         required time                         14.239    
                         arrival time                         -19.518    
  -------------------------------------------------------------------
                         slack                                 -5.279    

Slack (VIOLATED) :        -5.264ns  (required time - arrival time)
  Source:                 u_fir_wrap/u_fir_compiler/U0/i_synth/g_single_rate.i_single_rate/g_m_data_chan_no_fifo.m_axis_data_tdata_int_reg[0]/C
                            (rising edge-triggered cell FDRE clocked by processing_clk  {rise@0.000ns fall@5.000ns period=10.000ns})
  Destination:            u_mean_square_calculator/mean_square_out_reg[27]/D
                            (rising edge-triggered cell FDRE clocked by processing_clk  {rise@0.000ns fall@5.000ns period=10.000ns})
  Path Group:             processing_clk
  Path Type:              Setup (Max at Slow Process Corner)
  Requirement:            10.000ns  (processing_clk rise@10.000ns - processing_clk rise@0.000ns)
  Data Path Delay:        15.237ns  (logic 10.159ns (66.673%)  route 5.078ns (33.327%))
  Logic Levels:           34  (CARRY4=30 DSP48E1=1 LUT2=1 LUT6=2)
  Clock Path Skew:        -0.050ns (DCD - SCD + CPR)
    Destination Clock Delay (DCD):    3.811ns = ( 13.811 - 10.000 ) 
    Source Clock Delay      (SCD):    4.266ns
    Clock Pessimism Removal (CPR):    0.405ns
  Clock Uncertainty:      0.035ns  ((TSJ^2 + TIJ^2)^1/2 + DJ) / 2 + PE
    Total System Jitter     (TSJ):    0.071ns
    Total Input Jitter      (TIJ):    0.000ns
    Discrete Jitter          (DJ):    0.000ns
    Phase Error              (PE):    0.000ns

    Location             Delay type                Incr(ns)  Path(ns)    Netlist Resource(s)
  -------------------------------------------------------------------    -------------------
                         (clock processing_clk rise edge)
                                                      0.000     0.000 r  
    Y9                                                0.000     0.000 r  processing_clk (IN)
                         net (fo=0)                   0.000     0.000    processing_clk
    Y9                   IBUF (Prop_ibuf_I_O)         0.962     0.962 r  processing_clk_IBUF_inst/O
                         net (fo=1, routed)           1.843     2.805    processing_clk_IBUF
    BUFGCTRL_X0Y0        BUFG (Prop_bufg_I_O)         0.085     2.890 r  processing_clk_IBUF_BUFG_inst/O
                         net (fo=3610, routed)        1.376     4.266    u_fir_wrap/u_fir_compiler/U0/i_synth/g_single_rate.i_single_rate/aclk
    SLICE_X49Y79         FDRE                                         r  u_fir_wrap/u_fir_compiler/U0/i_synth/g_single_rate.i_single_rate/g_m_data_chan_no_fifo.m_axis_data_tdata_int_reg[0]/C
  -------------------------------------------------------------------    -------------------
    SLICE_X49Y79         FDRE (Prop_fdre_C_Q)         0.379     4.645 r  u_fir_wrap/u_fir_compiler/U0/i_synth/g_single_rate.i_single_rate/g_m_data_chan_no_fifo.m_axis_data_tdata_int_reg[0]/Q
                         net (fo=2, routed)           0.413     5.058    u_fir_wrap/ip_output_data[0]
    SLICE_X48Y79         CARRY4 (Prop_carry4_DI[0]_CO[3])
                                                      0.436     5.494 r  u_fir_wrap/p_0_in1_carry/CO[3]
                         net (fo=1, routed)           0.000     5.494    u_fir_wrap/p_0_in1_carry_n_0
    SLICE_X48Y80         CARRY4 (Prop_carry4_CI_CO[3])
                                                      0.098     5.592 r  u_fir_wrap/p_0_in1_carry__0/CO[3]
                         net (fo=1, routed)           0.000     5.592    u_fir_wrap/p_0_in1_carry__0_n_0
    SLICE_X48Y81         CARRY4 (Prop_carry4_CI_CO[3])
                                                      0.098     5.690 r  u_fir_wrap/p_0_in1_carry__1/CO[3]
                         net (fo=1, routed)           0.000     5.690    u_fir_wrap/p_0_in1_carry__1_n_0
    SLICE_X48Y82         CARRY4 (Prop_carry4_CI_CO[3])
                                                      0.098     5.788 r  u_fir_wrap/p_0_in1_carry__2/CO[3]
                         net (fo=1, routed)           0.000     5.788    u_fir_wrap/p_0_in1_carry__2_n_0
    SLICE_X48Y83         CARRY4 (Prop_carry4_CI_CO[3])
                                                      0.098     5.886 r  u_fir_wrap/p_0_in1_carry__3/CO[3]
                         net (fo=1, routed)           0.000     5.886    u_fir_wrap/p_0_in1_carry__3_n_0
    SLICE_X48Y84         CARRY4 (Prop_carry4_CI_CO[3])
                                                      0.098     5.984 r  u_fir_wrap/p_0_in1_carry__4/CO[3]
                         net (fo=1, routed)           0.000     5.984    u_fir_wrap/p_0_in1_carry__4_n_0
    SLICE_X48Y85         CARRY4 (Prop_carry4_CI_CO[3])
                                                      0.098     6.082 r  u_fir_wrap/p_0_in1_carry__5/CO[3]
                         net (fo=1, routed)           0.000     6.082    u_fir_wrap/p_0_in1_carry__5_n_0
    SLICE_X48Y86         CARRY4 (Prop_carry4_CI_CO[3])
                                                      0.098     6.180 r  u_fir_wrap/p_0_in1_carry__6/CO[3]
                         net (fo=1, routed)           0.000     6.180    u_fir_wrap/p_0_in1_carry__6_n_0
    SLICE_X48Y87         CARRY4 (Prop_carry4_CI_CO[3])
                                                      0.098     6.278 r  u_fir_wrap/p_0_in1_carry__7/CO[3]
                         net (fo=1, routed)           0.000     6.278    u_fir_wrap/p_0_in1_carry__7_n_0
    SLICE_X48Y88         CARRY4 (Prop_carry4_CI_CO[3])
                                                      0.098     6.376 r  u_fir_wrap/p_0_in1_carry__8/CO[3]
                         net (fo=1, routed)           0.000     6.376    u_fir_wrap/p_0_in1_carry__8_n_0
    SLICE_X48Y89         CARRY4 (Prop_carry4_CI_CO[0])
                                                      0.216     6.592 r  u_fir_wrap/saturation_now0_carry__0_i_1/CO[0]
                         net (fo=42, routed)          0.616     7.208    u_fir_wrap/saturation_now0_carry__0_i_1_n_3
    SLICE_X49Y88         CARRY4 (Prop_carry4_S[1]_CO[3])
                                                      0.766     7.974 r  u_fir_wrap/saturation_now1_carry__0/CO[3]
                         net (fo=1, routed)           0.000     7.974    u_fir_wrap/saturation_now1_carry__0_n_0
    SLICE_X49Y89         CARRY4 (Prop_carry4_CI_CO[3])
                                                      0.098     8.072 r  u_fir_wrap/saturation_now1_carry__1/CO[3]
                         net (fo=1, routed)           0.000     8.072    u_fir_wrap/saturation_now1_carry__1_n_0
    SLICE_X49Y90         CARRY4 (Prop_carry4_CI_CO[1])
                                                      0.132     8.204 f  u_fir_wrap/saturation_now1_carry__2/CO[1]
                         net (fo=102, routed)         1.155     9.360    u_fir_wrap/saturation_now1_carry__2_n_2
    SLICE_X41Y74         LUT6 (Prop_lut6_I0_O)        0.275     9.635 r  u_fir_wrap/square_sum1_i_35/O
                         net (fo=1, routed)           0.329     9.964    u_fir_wrap/square_sum1_i_35_n_0
    SLICE_X40Y74         CARRY4 (Prop_carry4_S[0]_CO[3])
                                                      0.545    10.509 r  u_fir_wrap/square_sum1_i_20/CO[3]
                         net (fo=1, routed)           0.008    10.517    u_fir_wrap/square_sum1_i_20_n_0
    SLICE_X40Y75         CARRY4 (Prop_carry4_CI_CO[3])
                                                      0.098    10.615 r  u_fir_wrap/square_sum1_i_19/CO[3]
                         net (fo=1, routed)           0.000    10.615    u_fir_wrap/square_sum1_i_19_n_0
    SLICE_X40Y76         CARRY4 (Prop_carry4_CI_CO[3])
                                                      0.098    10.713 r  u_fir_wrap/square_sum1_i_18/CO[3]
                         net (fo=1, routed)           0.000    10.713    u_fir_wrap/square_sum1_i_18_n_0
    SLICE_X40Y77         CARRY4 (Prop_carry4_CI_O[0])
                                                      0.180    10.893 r  u_fir_wrap/square_sum1_i_17/O[0]
                         net (fo=1, routed)           0.488    11.381    u_fir_wrap/u_mean_square_calculator/square_sum3[13]
    SLICE_X41Y77         LUT6 (Prop_lut6_I0_O)        0.249    11.630 r  u_fir_wrap/square_sum1_i_3/O
                         net (fo=2, routed)           0.856    12.485    u_mean_square_calculator/A[13]
    DSP48_X2Y24          DSP48E1 (Prop_dsp48e1_A[13]_P[0])
                                                      3.230    15.715 r  u_mean_square_calculator/square_sum1/P[0]
                         net (fo=1, routed)           0.695    16.411    u_mean_square_calculator/square_sum1_n_105
    SLICE_X36Y55         LUT2 (Prop_lut2_I1_O)        0.105    16.516 r  u_mean_square_calculator/square_sum[3]_i_5/O
                         net (fo=1, routed)           0.000    16.516    u_mean_square_calculator/square_sum[3]_i_5_n_0
    SLICE_X36Y55         CARRY4 (Prop_carry4_S[0]_CO[3])
                                                      0.423    16.939 r  u_mean_square_calculator/square_sum_reg[3]_i_1/CO[3]
                         net (fo=1, routed)           0.000    16.939    u_mean_square_calculator/square_sum_reg[3]_i_1_n_0
    SLICE_X36Y56         CARRY4 (Prop_carry4_CI_CO[3])
                                                      0.100    17.039 r  u_mean_square_calculator/square_sum_reg[7]_i_1/CO[3]
                         net (fo=1, routed)           0.000    17.039    u_mean_square_calculator/square_sum_reg[7]_i_1_n_0
    SLICE_X36Y57         CARRY4 (Prop_carry4_CI_CO[3])
                                                      0.100    17.139 r  u_mean_square_calculator/square_sum_reg[11]_i_1/CO[3]
                         net (fo=1, routed)           0.000    17.139    u_mean_square_calculator/square_sum_reg[11]_i_1_n_0
    SLICE_X36Y58         CARRY4 (Prop_carry4_CI_CO[3])
                                                      0.100    17.239 r  u_mean_square_calculator/square_sum_reg[15]_i_1/CO[3]
                         net (fo=1, routed)           0.000    17.239    u_mean_square_calculator/square_sum_reg[15]_i_1_n_0
    SLICE_X36Y59         CARRY4 (Prop_carry4_CI_CO[3])
                                                      0.100    17.339 r  u_mean_square_calculator/square_sum_reg[19]_i_1/CO[3]
                         net (fo=1, routed)           0.000    17.339    u_mean_square_calculator/square_sum_reg[19]_i_1_n_0
    SLICE_X36Y60         CARRY4 (Prop_carry4_CI_CO[3])
                                                      0.100    17.439 r  u_mean_square_calculator/square_sum_reg[23]_i_1/CO[3]
                         net (fo=1, routed)           0.000    17.439    u_mean_square_calculator/square_sum_reg[23]_i_1_n_0
    SLICE_X36Y61         CARRY4 (Prop_carry4_CI_CO[3])
                                                      0.100    17.539 r  u_mean_square_calculator/square_sum_reg[27]_i_1/CO[3]
                         net (fo=1, routed)           0.000    17.539    u_mean_square_calculator/square_sum_reg[27]_i_1_n_0
    SLICE_X36Y62         CARRY4 (Prop_carry4_CI_CO[3])
                                                      0.100    17.639 r  u_mean_square_calculator/square_sum_reg[31]_i_1/CO[3]
                         net (fo=1, routed)           0.000    17.639    u_mean_square_calculator/square_sum_reg[31]_i_1_n_0
    SLICE_X36Y63         CARRY4 (Prop_carry4_CI_O[3])
                                                      0.277    17.916 r  u_mean_square_calculator/square_sum_reg[35]_i_1/O[3]
                         net (fo=2, routed)           0.518    18.434    u_mean_square_calculator/sum_with_sample[35]
    SLICE_X37Y66         CARRY4 (Prop_carry4_S[1]_CO[3])
                                                      0.707    19.141 r  u_mean_square_calculator/mean_square_out0_carry__4/CO[3]
                         net (fo=1, routed)           0.000    19.141    u_mean_square_calculator/mean_square_out0_carry__4_n_0
    SLICE_X37Y67         CARRY4 (Prop_carry4_CI_CO[3])
                                                      0.098    19.239 r  u_mean_square_calculator/mean_square_out0_carry__5/CO[3]
                         net (fo=1, routed)           0.000    19.239    u_mean_square_calculator/mean_square_out0_carry__5_n_0
    SLICE_X37Y68         CARRY4 (Prop_carry4_CI_O[1])
                                                      0.265    19.504 r  u_mean_square_calculator/mean_square_out0_carry__6/O[1]
                         net (fo=1, routed)           0.000    19.504    u_mean_square_calculator/rounded_sum[43]
    SLICE_X37Y68         FDRE                                         r  u_mean_square_calculator/mean_square_out_reg[27]/D
  -------------------------------------------------------------------    -------------------

                         (clock processing_clk rise edge)
                                                     10.000    10.000 r  
    Y9                                                0.000    10.000 r  processing_clk (IN)
                         net (fo=0)                   0.000    10.000    processing_clk
    Y9                   IBUF (Prop_ibuf_I_O)         0.831    10.831 r  processing_clk_IBUF_inst/O
                         net (fo=1, routed)           1.673    12.504    processing_clk_IBUF
    BUFGCTRL_X0Y0        BUFG (Prop_bufg_I_O)         0.077    12.581 r  processing_clk_IBUF_BUFG_inst/O
                         net (fo=3610, routed)        1.230    13.811    u_mean_square_calculator/processing_clk_IBUF_BUFG
    SLICE_X37Y68         FDRE                                         r  u_mean_square_calculator/mean_square_out_reg[27]/C
                         clock pessimism              0.405    14.216    
                         clock uncertainty           -0.035    14.181    
    SLICE_X37Y68         FDRE (Setup_fdre_C_D)        0.059    14.240    u_mean_square_calculator/mean_square_out_reg[27]
  -------------------------------------------------------------------
                         required time                         14.240    
                         arrival time                         -19.504    
  -------------------------------------------------------------------
                         slack                                 -5.264    





Min Delay Paths
--------------------------------------------------------------------------------------
Slack (MET) :             0.052ns  (arrival time - required time)
  Source:                 u_fir_wrap/u_fir_compiler/U0/i_synth/g_single_rate.i_single_rate/g_semi_parallel_and_smac.g_paths[0].g_data_array.g_madd[13].g_sym_data.g_sym_data_casc.i_data_sym_casc_dly/g_buff.i_buff/gen_reg.d_reg_reg[15]/C
                            (rising edge-triggered cell FDRE clocked by processing_clk  {rise@0.000ns fall@5.000ns period=10.000ns})
  Destination:            u_fir_wrap/u_fir_compiler/U0/i_synth/g_single_rate.i_single_rate/g_semi_parallel_and_smac.g_paths[0].g_mem_array[13].i_mem/g_individual.g_mem_b.i_mem_b/gen_srl16.gen_mem.mem_reg[3][15]_srl4/D
                            (rising edge-triggered cell SRL16E clocked by processing_clk  {rise@0.000ns fall@5.000ns period=10.000ns})
  Path Group:             processing_clk
  Path Type:              Hold (Min at Fast Process Corner)
  Requirement:            0.000ns  (processing_clk rise@0.000ns - processing_clk rise@0.000ns)
  Data Path Delay:        0.252ns  (logic 0.141ns (55.856%)  route 0.111ns (44.144%))
  Logic Levels:           0  
  Clock Path Skew:        0.017ns (DCD - SCD - CPR)
    Destination Clock Delay (DCD):    2.044ns
    Source Clock Delay      (SCD):    1.524ns
    Clock Pessimism Removal (CPR):    0.503ns

    Location             Delay type                Incr(ns)  Path(ns)    Netlist Resource(s)
  -------------------------------------------------------------------    -------------------
                         (clock processing_clk rise edge)
                                                      0.000     0.000 r  
    Y9                                                0.000     0.000 r  processing_clk (IN)
                         net (fo=0)                   0.000     0.000    processing_clk
    Y9                   IBUF (Prop_ibuf_I_O)         0.259     0.259 r  processing_clk_IBUF_inst/O
                         net (fo=1, routed)           0.663     0.922    processing_clk_IBUF
    BUFGCTRL_X0Y0        BUFG (Prop_bufg_I_O)         0.026     0.948 r  processing_clk_IBUF_BUFG_inst/O
                         net (fo=3610, routed)        0.577     1.524    u_fir_wrap/u_fir_compiler/U0/i_synth/g_single_rate.i_single_rate/g_semi_parallel_and_smac.g_paths[0].g_data_array.g_madd[13].g_sym_data.g_sym_data_casc.i_data_sym_casc_dly/g_buff.i_buff/aclk
    SLICE_X59Y60         FDRE                                         r  u_fir_wrap/u_fir_compiler/U0/i_synth/g_single_rate.i_single_rate/g_semi_parallel_and_smac.g_paths[0].g_data_array.g_madd[13].g_sym_data.g_sym_data_casc.i_data_sym_casc_dly/g_buff.i_buff/gen_reg.d_reg_reg[15]/C
  -------------------------------------------------------------------    -------------------
    SLICE_X59Y60         FDRE (Prop_fdre_C_Q)         0.141     1.665 r  u_fir_wrap/u_fir_compiler/U0/i_synth/g_single_rate.i_single_rate/g_semi_parallel_and_smac.g_paths[0].g_data_array.g_madd[13].g_sym_data.g_sym_data_casc.i_data_sym_casc_dly/g_buff.i_buff/gen_reg.d_reg_reg[15]/Q
                         net (fo=1, routed)           0.111     1.777    u_fir_wrap/u_fir_compiler/U0/i_synth/g_single_rate.i_single_rate/g_semi_parallel_and_smac.g_paths[0].g_mem_array[13].i_mem/g_individual.g_mem_b.i_mem_b/DATA_IN[15]
    SLICE_X58Y59         SRL16E                                       r  u_fir_wrap/u_fir_compiler/U0/i_synth/g_single_rate.i_single_rate/g_semi_parallel_and_smac.g_paths[0].g_mem_array[13].i_mem/g_individual.g_mem_b.i_mem_b/gen_srl16.gen_mem.mem_reg[3][15]_srl4/D
  -------------------------------------------------------------------    -------------------

                         (clock processing_clk rise edge)
                                                      0.000     0.000 r  
    Y9                                                0.000     0.000 r  processing_clk (IN)
                         net (fo=0)                   0.000     0.000    processing_clk
    Y9                   IBUF (Prop_ibuf_I_O)         0.448     0.448 r  processing_clk_IBUF_inst/O
                         net (fo=1, routed)           0.719     1.167    processing_clk_IBUF
    BUFGCTRL_X0Y0        BUFG (Prop_bufg_I_O)         0.029     1.196 r  processing_clk_IBUF_BUFG_inst/O
                         net (fo=3610, routed)        0.848     2.044    u_fir_wrap/u_fir_compiler/U0/i_synth/g_single_rate.i_single_rate/g_semi_parallel_and_smac.g_paths[0].g_mem_array[13].i_mem/g_individual.g_mem_b.i_mem_b/CLK
    SLICE_X58Y59         SRL16E                                       r  u_fir_wrap/u_fir_compiler/U0/i_synth/g_single_rate.i_single_rate/g_semi_parallel_and_smac.g_paths[0].g_mem_array[13].i_mem/g_individual.g_mem_b.i_mem_b/gen_srl16.gen_mem.mem_reg[3][15]_srl4/CLK
                         clock pessimism             -0.503     1.541    
    SLICE_X58Y59         SRL16E (Hold_srl16e_CLK_D)
                                                      0.183     1.724    u_fir_wrap/u_fir_compiler/U0/i_synth/g_single_rate.i_single_rate/g_semi_parallel_and_smac.g_paths[0].g_mem_array[13].i_mem/g_individual.g_mem_b.i_mem_b/gen_srl16.gen_mem.mem_reg[3][15]_srl4
  -------------------------------------------------------------------
                         required time                         -1.724    
                         arrival time                           1.777    
  -------------------------------------------------------------------
                         slack                                  0.052    

Slack (MET) :             0.053ns  (arrival time - required time)
  Source:                 u_fir_wrap/u_fir_compiler/U0/i_synth/g_single_rate.i_single_rate/g_semi_parallel_and_smac.g_paths[0].g_data_array.g_madd[3].g_data.i_data_casc_dly/g_buff.i_buff/gen_dly.gen_shiftreg.gen_rtl_delay.delay_bus_reg[1][15]/C
                            (rising edge-triggered cell FDRE clocked by processing_clk  {rise@0.000ns fall@5.000ns period=10.000ns})
  Destination:            u_fir_wrap/u_fir_compiler/U0/i_synth/g_single_rate.i_single_rate/g_semi_parallel_and_smac.g_paths[0].g_mem_array[4].i_mem/g_individual.i_mem_a/gen_srl16.gen_mem.mem_reg[3][15]_srl4/D
                            (rising edge-triggered cell SRL16E clocked by processing_clk  {rise@0.000ns fall@5.000ns period=10.000ns})
  Path Group:             processing_clk
  Path Type:              Hold (Min at Fast Process Corner)
  Requirement:            0.000ns  (processing_clk rise@0.000ns - processing_clk rise@0.000ns)
  Data Path Delay:        0.249ns  (logic 0.141ns (56.528%)  route 0.108ns (43.472%))
  Logic Levels:           0  
  Clock Path Skew:        0.013ns (DCD - SCD - CPR)
    Destination Clock Delay (DCD):    2.042ns
    Source Clock Delay      (SCD):    1.526ns
    Clock Pessimism Removal (CPR):    0.503ns

    Location             Delay type                Incr(ns)  Path(ns)    Netlist Resource(s)
  -------------------------------------------------------------------    -------------------
                         (clock processing_clk rise edge)
                                                      0.000     0.000 r  
    Y9                                                0.000     0.000 r  processing_clk (IN)
                         net (fo=0)                   0.000     0.000    processing_clk
    Y9                   IBUF (Prop_ibuf_I_O)         0.259     0.259 r  processing_clk_IBUF_inst/O
                         net (fo=1, routed)           0.663     0.922    processing_clk_IBUF
    BUFGCTRL_X0Y0        BUFG (Prop_bufg_I_O)         0.026     0.948 r  processing_clk_IBUF_BUFG_inst/O
                         net (fo=3610, routed)        0.579     1.526    u_fir_wrap/u_fir_compiler/U0/i_synth/g_single_rate.i_single_rate/g_semi_parallel_and_smac.g_paths[0].g_data_array.g_madd[3].g_data.i_data_casc_dly/g_buff.i_buff/aclk
    SLICE_X67Y36         FDRE                                         r  u_fir_wrap/u_fir_compiler/U0/i_synth/g_single_rate.i_single_rate/g_semi_parallel_and_smac.g_paths[0].g_data_array.g_madd[3].g_data.i_data_casc_dly/g_buff.i_buff/gen_dly.gen_shiftreg.gen_rtl_delay.delay_bus_reg[1][15]/C
  -------------------------------------------------------------------    -------------------
    SLICE_X67Y36         FDRE (Prop_fdre_C_Q)         0.141     1.667 r  u_fir_wrap/u_fir_compiler/U0/i_synth/g_single_rate.i_single_rate/g_semi_parallel_and_smac.g_paths[0].g_data_array.g_madd[3].g_data.i_data_casc_dly/g_buff.i_buff/gen_dly.gen_shiftreg.gen_rtl_delay.delay_bus_reg[1][15]/Q
                         net (fo=1, routed)           0.108     1.776    u_fir_wrap/u_fir_compiler/U0/i_synth/g_single_rate.i_single_rate/g_semi_parallel_and_smac.g_paths[0].g_mem_array[4].i_mem/g_individual.i_mem_a/DATA_IN[15]
    SLICE_X66Y36         SRL16E                                       r  u_fir_wrap/u_fir_compiler/U0/i_synth/g_single_rate.i_single_rate/g_semi_parallel_and_smac.g_paths[0].g_mem_array[4].i_mem/g_individual.i_mem_a/gen_srl16.gen_mem.mem_reg[3][15]_srl4/D
  -------------------------------------------------------------------    -------------------

                         (clock processing_clk rise edge)
                                                      0.000     0.000 r  
    Y9                                                0.000     0.000 r  processing_clk (IN)
                         net (fo=0)                   0.000     0.000    processing_clk
    Y9                   IBUF (Prop_ibuf_I_O)         0.448     0.448 r  processing_clk_IBUF_inst/O
                         net (fo=1, routed)           0.719     1.167    processing_clk_IBUF
    BUFGCTRL_X0Y0        BUFG (Prop_bufg_I_O)         0.029     1.196 r  processing_clk_IBUF_BUFG_inst/O
                         net (fo=3610, routed)        0.846     2.042    u_fir_wrap/u_fir_compiler/U0/i_synth/g_single_rate.i_single_rate/g_semi_parallel_and_smac.g_paths[0].g_mem_array[4].i_mem/g_individual.i_mem_a/CLK
    SLICE_X66Y36         SRL16E                                       r  u_fir_wrap/u_fir_compiler/U0/i_synth/g_single_rate.i_single_rate/g_semi_parallel_and_smac.g_paths[0].g_mem_array[4].i_mem/g_individual.i_mem_a/gen_srl16.gen_mem.mem_reg[3][15]_srl4/CLK
                         clock pessimism             -0.503     1.539    
    SLICE_X66Y36         SRL16E (Hold_srl16e_CLK_D)
                                                      0.183     1.722    u_fir_wrap/u_fir_compiler/U0/i_synth/g_single_rate.i_single_rate/g_semi_parallel_and_smac.g_paths[0].g_mem_array[4].i_mem/g_individual.i_mem_a/gen_srl16.gen_mem.mem_reg[3][15]_srl4
  -------------------------------------------------------------------
                         required time                         -1.722    
                         arrival time                           1.776    
  -------------------------------------------------------------------
                         slack                                  0.053    

Slack (MET) :             0.053ns  (arrival time - required time)
  Source:                 u_fir_wrap/u_fir_compiler/U0/i_synth/g_single_rate.i_single_rate/g_semi_parallel_and_smac.g_paths[0].g_data_array.g_madd[4].g_data.i_data_casc_dly/g_buff.i_buff/gen_dly.gen_shiftreg.gen_rtl_delay.delay_bus_reg[1][15]/C
                            (rising edge-triggered cell FDRE clocked by processing_clk  {rise@0.000ns fall@5.000ns period=10.000ns})
  Destination:            u_fir_wrap/u_fir_compiler/U0/i_synth/g_single_rate.i_single_rate/g_semi_parallel_and_smac.g_paths[0].g_mem_array[5].i_mem/g_individual.i_mem_a/gen_srl16.gen_mem.mem_reg[3][15]_srl4/D
                            (rising edge-triggered cell SRL16E clocked by processing_clk  {rise@0.000ns fall@5.000ns period=10.000ns})
  Path Group:             processing_clk
  Path Type:              Hold (Min at Fast Process Corner)
  Requirement:            0.000ns  (processing_clk rise@0.000ns - processing_clk rise@0.000ns)
  Data Path Delay:        0.249ns  (logic 0.141ns (56.528%)  route 0.108ns (43.472%))
  Logic Levels:           0  
  Clock Path Skew:        0.013ns (DCD - SCD - CPR)
    Destination Clock Delay (DCD):    2.045ns
    Source Clock Delay      (SCD):    1.528ns
    Clock Pessimism Removal (CPR):    0.504ns

    Location             Delay type                Incr(ns)  Path(ns)    Netlist Resource(s)
  -------------------------------------------------------------------    -------------------
                         (clock processing_clk rise edge)
                                                      0.000     0.000 r  
    Y9                                                0.000     0.000 r  processing_clk (IN)
                         net (fo=0)                   0.000     0.000    processing_clk
    Y9                   IBUF (Prop_ibuf_I_O)         0.259     0.259 r  processing_clk_IBUF_inst/O
                         net (fo=1, routed)           0.663     0.922    processing_clk_IBUF
    BUFGCTRL_X0Y0        BUFG (Prop_bufg_I_O)         0.026     0.948 r  processing_clk_IBUF_BUFG_inst/O
                         net (fo=3610, routed)        0.581     1.528    u_fir_wrap/u_fir_compiler/U0/i_synth/g_single_rate.i_single_rate/g_semi_parallel_and_smac.g_paths[0].g_data_array.g_madd[4].g_data.i_data_casc_dly/g_buff.i_buff/aclk
    SLICE_X67Y38         FDRE                                         r  u_fir_wrap/u_fir_compiler/U0/i_synth/g_single_rate.i_single_rate/g_semi_parallel_and_smac.g_paths[0].g_data_array.g_madd[4].g_data.i_data_casc_dly/g_buff.i_buff/gen_dly.gen_shiftreg.gen_rtl_delay.delay_bus_reg[1][15]/C
  -------------------------------------------------------------------    -------------------
    SLICE_X67Y38         FDRE (Prop_fdre_C_Q)         0.141     1.669 r  u_fir_wrap/u_fir_compiler/U0/i_synth/g_single_rate.i_single_rate/g_semi_parallel_and_smac.g_paths[0].g_data_array.g_madd[4].g_data.i_data_casc_dly/g_buff.i_buff/gen_dly.gen_shiftreg.gen_rtl_delay.delay_bus_reg[1][15]/Q
                         net (fo=1, routed)           0.108     1.778    u_fir_wrap/u_fir_compiler/U0/i_synth/g_single_rate.i_single_rate/g_semi_parallel_and_smac.g_paths[0].g_mem_array[5].i_mem/g_individual.i_mem_a/DATA_IN[15]
    SLICE_X66Y38         SRL16E                                       r  u_fir_wrap/u_fir_compiler/U0/i_synth/g_single_rate.i_single_rate/g_semi_parallel_and_smac.g_paths[0].g_mem_array[5].i_mem/g_individual.i_mem_a/gen_srl16.gen_mem.mem_reg[3][15]_srl4/D
  -------------------------------------------------------------------    -------------------

                         (clock processing_clk rise edge)
                                                      0.000     0.000 r  
    Y9                                                0.000     0.000 r  processing_clk (IN)
                         net (fo=0)                   0.000     0.000    processing_clk
    Y9                   IBUF (Prop_ibuf_I_O)         0.448     0.448 r  processing_clk_IBUF_inst/O
                         net (fo=1, routed)           0.719     1.167    processing_clk_IBUF
    BUFGCTRL_X0Y0        BUFG (Prop_bufg_I_O)         0.029     1.196 r  processing_clk_IBUF_BUFG_inst/O
                         net (fo=3610, routed)        0.849     2.045    u_fir_wrap/u_fir_compiler/U0/i_synth/g_single_rate.i_single_rate/g_semi_parallel_and_smac.g_paths[0].g_mem_array[5].i_mem/g_individual.i_mem_a/CLK
    SLICE_X66Y38         SRL16E                                       r  u_fir_wrap/u_fir_compiler/U0/i_synth/g_single_rate.i_single_rate/g_semi_parallel_and_smac.g_paths[0].g_mem_array[5].i_mem/g_individual.i_mem_a/gen_srl16.gen_mem.mem_reg[3][15]_srl4/CLK
                         clock pessimism             -0.504     1.541    
    SLICE_X66Y38         SRL16E (Hold_srl16e_CLK_D)
                                                      0.183     1.724    u_fir_wrap/u_fir_compiler/U0/i_synth/g_single_rate.i_single_rate/g_semi_parallel_and_smac.g_paths[0].g_mem_array[5].i_mem/g_individual.i_mem_a/gen_srl16.gen_mem.mem_reg[3][15]_srl4
  -------------------------------------------------------------------
                         required time                         -1.724    
                         arrival time                           1.778    
  -------------------------------------------------------------------
                         slack                                  0.053    

Slack (MET) :             0.053ns  (arrival time - required time)
  Source:                 u_fir_wrap/u_fir_compiler/U0/i_synth/g_single_rate.i_single_rate/g_semi_parallel_and_smac.g_paths[0].g_data_array.g_madd[18].g_data.i_data_casc_dly/g_buff.i_buff/gen_dly.gen_shiftreg.gen_rtl_delay.delay_bus_reg[1][15]/C
                            (rising edge-triggered cell FDRE clocked by processing_clk  {rise@0.000ns fall@5.000ns period=10.000ns})
  Destination:            u_fir_wrap/u_fir_compiler/U0/i_synth/g_single_rate.i_single_rate/g_semi_parallel_and_smac.g_paths[0].g_mem_array[19].i_mem/g_individual.i_mem_a/gen_srl16.gen_mem.mem_reg[3][15]_srl4/D
                            (rising edge-triggered cell SRL16E clocked by processing_clk  {rise@0.000ns fall@5.000ns period=10.000ns})
  Path Group:             processing_clk
  Path Type:              Hold (Min at Fast Process Corner)
  Requirement:            0.000ns  (processing_clk rise@0.000ns - processing_clk rise@0.000ns)
  Data Path Delay:        0.249ns  (logic 0.141ns (56.528%)  route 0.108ns (43.472%))
  Logic Levels:           0  
  Clock Path Skew:        0.013ns (DCD - SCD - CPR)
    Destination Clock Delay (DCD):    2.033ns
    Source Clock Delay      (SCD):    1.518ns
    Clock Pessimism Removal (CPR):    0.502ns

    Location             Delay type                Incr(ns)  Path(ns)    Netlist Resource(s)
  -------------------------------------------------------------------    -------------------
                         (clock processing_clk rise edge)
                                                      0.000     0.000 r  
    Y9                                                0.000     0.000 r  processing_clk (IN)
                         net (fo=0)                   0.000     0.000    processing_clk
    Y9                   IBUF (Prop_ibuf_I_O)         0.259     0.259 r  processing_clk_IBUF_inst/O
                         net (fo=1, routed)           0.663     0.922    processing_clk_IBUF
    BUFGCTRL_X0Y0        BUFG (Prop_bufg_I_O)         0.026     0.948 r  processing_clk_IBUF_BUFG_inst/O
                         net (fo=3610, routed)        0.571     1.518    u_fir_wrap/u_fir_compiler/U0/i_synth/g_single_rate.i_single_rate/g_semi_parallel_and_smac.g_paths[0].g_data_array.g_madd[18].g_data.i_data_casc_dly/g_buff.i_buff/aclk
    SLICE_X63Y72         FDRE                                         r  u_fir_wrap/u_fir_compiler/U0/i_synth/g_single_rate.i_single_rate/g_semi_parallel_and_smac.g_paths[0].g_data_array.g_madd[18].g_data.i_data_casc_dly/g_buff.i_buff/gen_dly.gen_shiftreg.gen_rtl_delay.delay_bus_reg[1][15]/C
  -------------------------------------------------------------------    -------------------
    SLICE_X63Y72         FDRE (Prop_fdre_C_Q)         0.141     1.659 r  u_fir_wrap/u_fir_compiler/U0/i_synth/g_single_rate.i_single_rate/g_semi_parallel_and_smac.g_paths[0].g_data_array.g_madd[18].g_data.i_data_casc_dly/g_buff.i_buff/gen_dly.gen_shiftreg.gen_rtl_delay.delay_bus_reg[1][15]/Q
                         net (fo=1, routed)           0.108     1.768    u_fir_wrap/u_fir_compiler/U0/i_synth/g_single_rate.i_single_rate/g_semi_parallel_and_smac.g_paths[0].g_mem_array[19].i_mem/g_individual.i_mem_a/DATA_IN[15]
    SLICE_X62Y72         SRL16E                                       r  u_fir_wrap/u_fir_compiler/U0/i_synth/g_single_rate.i_single_rate/g_semi_parallel_and_smac.g_paths[0].g_mem_array[19].i_mem/g_individual.i_mem_a/gen_srl16.gen_mem.mem_reg[3][15]_srl4/D
  -------------------------------------------------------------------    -------------------

                         (clock processing_clk rise edge)
                                                      0.000     0.000 r  
    Y9                                                0.000     0.000 r  processing_clk (IN)
                         net (fo=0)                   0.000     0.000    processing_clk
    Y9                   IBUF (Prop_ibuf_I_O)         0.448     0.448 r  processing_clk_IBUF_inst/O
                         net (fo=1, routed)           0.719     1.167    processing_clk_IBUF
    BUFGCTRL_X0Y0        BUFG (Prop_bufg_I_O)         0.029     1.196 r  processing_clk_IBUF_BUFG_inst/O
                         net (fo=3610, routed)        0.837     2.033    u_fir_wrap/u_fir_compiler/U0/i_synth/g_single_rate.i_single_rate/g_semi_parallel_and_smac.g_paths[0].g_mem_array[19].i_mem/g_individual.i_mem_a/CLK
    SLICE_X62Y72         SRL16E                                       r  u_fir_wrap/u_fir_compiler/U0/i_synth/g_single_rate.i_single_rate/g_semi_parallel_and_smac.g_paths[0].g_mem_array[19].i_mem/g_individual.i_mem_a/gen_srl16.gen_mem.mem_reg[3][15]_srl4/CLK
                         clock pessimism             -0.502     1.531    
    SLICE_X62Y72         SRL16E (Hold_srl16e_CLK_D)
                                                      0.183     1.714    u_fir_wrap/u_fir_compiler/U0/i_synth/g_single_rate.i_single_rate/g_semi_parallel_and_smac.g_paths[0].g_mem_array[19].i_mem/g_individual.i_mem_a/gen_srl16.gen_mem.mem_reg[3][15]_srl4
  -------------------------------------------------------------------
                         required time                         -1.714    
                         arrival time                           1.768    
  -------------------------------------------------------------------
                         slack                                  0.053    

Slack (MET) :             0.053ns  (arrival time - required time)
  Source:                 u_fir_wrap/u_fir_compiler/U0/i_synth/g_single_rate.i_single_rate/g_semi_parallel_and_smac.g_paths[0].g_data_array.g_madd[20].g_data.i_data_casc_dly/g_buff.i_buff/gen_dly.gen_shiftreg.gen_rtl_delay.delay_bus_reg[1][15]/C
                            (rising edge-triggered cell FDRE clocked by processing_clk  {rise@0.000ns fall@5.000ns period=10.000ns})
  Destination:            u_fir_wrap/u_fir_compiler/U0/i_synth/g_single_rate.i_single_rate/g_semi_parallel_and_smac.g_paths[0].g_mem_array[21].i_mem/g_individual.i_mem_a/gen_srl16.gen_mem.mem_reg[3][15]_srl4/D
                            (rising edge-triggered cell SRL16E clocked by processing_clk  {rise@0.000ns fall@5.000ns period=10.000ns})
  Path Group:             processing_clk
  Path Type:              Hold (Min at Fast Process Corner)
  Requirement:            0.000ns  (processing_clk rise@0.000ns - processing_clk rise@0.000ns)
  Data Path Delay:        0.249ns  (logic 0.141ns (56.528%)  route 0.108ns (43.472%))
  Logic Levels:           0  
  Clock Path Skew:        0.013ns (DCD - SCD - CPR)
    Destination Clock Delay (DCD):    2.034ns
    Source Clock Delay      (SCD):    1.518ns
    Clock Pessimism Removal (CPR):    0.503ns

    Location             Delay type                Incr(ns)  Path(ns)    Netlist Resource(s)
  -------------------------------------------------------------------    -------------------
                         (clock processing_clk rise edge)
                                                      0.000     0.000 r  
    Y9                                                0.000     0.000 r  processing_clk (IN)
                         net (fo=0)                   0.000     0.000    processing_clk
    Y9                   IBUF (Prop_ibuf_I_O)         0.259     0.259 r  processing_clk_IBUF_inst/O
                         net (fo=1, routed)           0.663     0.922    processing_clk_IBUF
    BUFGCTRL_X0Y0        BUFG (Prop_bufg_I_O)         0.026     0.948 r  processing_clk_IBUF_BUFG_inst/O
                         net (fo=3610, routed)        0.571     1.518    u_fir_wrap/u_fir_compiler/U0/i_synth/g_single_rate.i_single_rate/g_semi_parallel_and_smac.g_paths[0].g_data_array.g_madd[20].g_data.i_data_casc_dly/g_buff.i_buff/aclk
    SLICE_X63Y78         FDRE                                         r  u_fir_wrap/u_fir_compiler/U0/i_synth/g_single_rate.i_single_rate/g_semi_parallel_and_smac.g_paths[0].g_data_array.g_madd[20].g_data.i_data_casc_dly/g_buff.i_buff/gen_dly.gen_shiftreg.gen_rtl_delay.delay_bus_reg[1][15]/C
  -------------------------------------------------------------------    -------------------
    SLICE_X63Y78         FDRE (Prop_fdre_C_Q)         0.141     1.659 r  u_fir_wrap/u_fir_compiler/U0/i_synth/g_single_rate.i_single_rate/g_semi_parallel_and_smac.g_paths[0].g_data_array.g_madd[20].g_data.i_data_casc_dly/g_buff.i_buff/gen_dly.gen_shiftreg.gen_rtl_delay.delay_bus_reg[1][15]/Q
                         net (fo=1, routed)           0.108     1.768    u_fir_wrap/u_fir_compiler/U0/i_synth/g_single_rate.i_single_rate/g_semi_parallel_and_smac.g_paths[0].g_mem_array[21].i_mem/g_individual.i_mem_a/DATA_IN[15]
    SLICE_X62Y78         SRL16E                                       r  u_fir_wrap/u_fir_compiler/U0/i_synth/g_single_rate.i_single_rate/g_semi_parallel_and_smac.g_paths[0].g_mem_array[21].i_mem/g_individual.i_mem_a/gen_srl16.gen_mem.mem_reg[3][15]_srl4/D
  -------------------------------------------------------------------    -------------------

                         (clock processing_clk rise edge)
                                                      0.000     0.000 r  
    Y9                                                0.000     0.000 r  processing_clk (IN)
                         net (fo=0)                   0.000     0.000    processing_clk
    Y9                   IBUF (Prop_ibuf_I_O)         0.448     0.448 r  processing_clk_IBUF_inst/O
                         net (fo=1, routed)           0.719     1.167    processing_clk_IBUF
    BUFGCTRL_X0Y0        BUFG (Prop_bufg_I_O)         0.029     1.196 r  processing_clk_IBUF_BUFG_inst/O
                         net (fo=3610, routed)        0.838     2.034    u_fir_wrap/u_fir_compiler/U0/i_synth/g_single_rate.i_single_rate/g_semi_parallel_and_smac.g_paths[0].g_mem_array[21].i_mem/g_individual.i_mem_a/CLK
    SLICE_X62Y78         SRL16E                                       r  u_fir_wrap/u_fir_compiler/U0/i_synth/g_single_rate.i_single_rate/g_semi_parallel_and_smac.g_paths[0].g_mem_array[21].i_mem/g_individual.i_mem_a/gen_srl16.gen_mem.mem_reg[3][15]_srl4/CLK
                         clock pessimism             -0.503     1.531    
    SLICE_X62Y78         SRL16E (Hold_srl16e_CLK_D)
                                                      0.183     1.714    u_fir_wrap/u_fir_compiler/U0/i_synth/g_single_rate.i_single_rate/g_semi_parallel_and_smac.g_paths[0].g_mem_array[21].i_mem/g_individual.i_mem_a/gen_srl16.gen_mem.mem_reg[3][15]_srl4
  -------------------------------------------------------------------
                         required time                         -1.714    
                         arrival time                           1.768    
  -------------------------------------------------------------------
                         slack                                  0.053    

Slack (MET) :             0.059ns  (arrival time - required time)
  Source:                 u_fir_wrap/u_fir_compiler/U0/i_synth/g_single_rate.i_single_rate/g_semi_parallel_and_smac.g_paths[0].g_data_array.g_madd[3].g_sym_data.g_sym_data_casc.i_data_sym_casc_dly/g_buff.i_buff/gen_reg.d_reg_reg[7]/C
                            (rising edge-triggered cell FDRE clocked by processing_clk  {rise@0.000ns fall@5.000ns period=10.000ns})
  Destination:            u_fir_wrap/u_fir_compiler/U0/i_synth/g_single_rate.i_single_rate/g_semi_parallel_and_smac.g_paths[0].g_mem_array[3].i_mem/g_individual.g_mem_b.i_mem_b/gen_srl16.gen_mem.mem_reg[3][7]_srl4/D
                            (rising edge-triggered cell SRL16E clocked by processing_clk  {rise@0.000ns fall@5.000ns period=10.000ns})
  Path Group:             processing_clk
  Path Type:              Hold (Min at Fast Process Corner)
  Requirement:            0.000ns  (processing_clk rise@0.000ns - processing_clk rise@0.000ns)
  Data Path Delay:        0.255ns  (logic 0.141ns (55.352%)  route 0.114ns (44.648%))
  Logic Levels:           0  
  Clock Path Skew:        0.013ns (DCD - SCD - CPR)
    Destination Clock Delay (DCD):    2.039ns
    Source Clock Delay      (SCD):    1.524ns
    Clock Pessimism Removal (CPR):    0.502ns

    Location             Delay type                Incr(ns)  Path(ns)    Netlist Resource(s)
  -------------------------------------------------------------------    -------------------
                         (clock processing_clk rise edge)
                                                      0.000     0.000 r  
    Y9                                                0.000     0.000 r  processing_clk (IN)
                         net (fo=0)                   0.000     0.000    processing_clk
    Y9                   IBUF (Prop_ibuf_I_O)         0.259     0.259 r  processing_clk_IBUF_inst/O
                         net (fo=1, routed)           0.663     0.922    processing_clk_IBUF
    BUFGCTRL_X0Y0        BUFG (Prop_bufg_I_O)         0.026     0.948 r  processing_clk_IBUF_BUFG_inst/O
                         net (fo=3610, routed)        0.577     1.524    u_fir_wrap/u_fir_compiler/U0/i_synth/g_single_rate.i_single_rate/g_semi_parallel_and_smac.g_paths[0].g_data_array.g_madd[3].g_sym_data.g_sym_data_casc.i_data_sym_casc_dly/g_buff.i_buff/aclk
    SLICE_X59Y35         FDRE                                         r  u_fir_wrap/u_fir_compiler/U0/i_synth/g_single_rate.i_single_rate/g_semi_parallel_and_smac.g_paths[0].g_data_array.g_madd[3].g_sym_data.g_sym_data_casc.i_data_sym_casc_dly/g_buff.i_buff/gen_reg.d_reg_reg[7]/C
  -------------------------------------------------------------------    -------------------
    SLICE_X59Y35         FDRE (Prop_fdre_C_Q)         0.141     1.665 r  u_fir_wrap/u_fir_compiler/U0/i_synth/g_single_rate.i_single_rate/g_semi_parallel_and_smac.g_paths[0].g_data_array.g_madd[3].g_sym_data.g_sym_data_casc.i_data_sym_casc_dly/g_buff.i_buff/gen_reg.d_reg_reg[7]/Q
                         net (fo=1, routed)           0.114     1.779    u_fir_wrap/u_fir_compiler/U0/i_synth/g_single_rate.i_single_rate/g_semi_parallel_and_smac.g_paths[0].g_mem_array[3].i_mem/g_individual.g_mem_b.i_mem_b/DATA_IN[7]
    SLICE_X58Y33         SRL16E                                       r  u_fir_wrap/u_fir_compiler/U0/i_synth/g_single_rate.i_single_rate/g_semi_parallel_and_smac.g_paths[0].g_mem_array[3].i_mem/g_individual.g_mem_b.i_mem_b/gen_srl16.gen_mem.mem_reg[3][7]_srl4/D
  -------------------------------------------------------------------    -------------------

                         (clock processing_clk rise edge)
                                                      0.000     0.000 r  
    Y9                                                0.000     0.000 r  processing_clk (IN)
                         net (fo=0)                   0.000     0.000    processing_clk
    Y9                   IBUF (Prop_ibuf_I_O)         0.448     0.448 r  processing_clk_IBUF_inst/O
                         net (fo=1, routed)           0.719     1.167    processing_clk_IBUF
    BUFGCTRL_X0Y0        BUFG (Prop_bufg_I_O)         0.029     1.196 r  processing_clk_IBUF_BUFG_inst/O
                         net (fo=3610, routed)        0.843     2.039    u_fir_wrap/u_fir_compiler/U0/i_synth/g_single_rate.i_single_rate/g_semi_parallel_and_smac.g_paths[0].g_mem_array[3].i_mem/g_individual.g_mem_b.i_mem_b/CLK
    SLICE_X58Y33         SRL16E                                       r  u_fir_wrap/u_fir_compiler/U0/i_synth/g_single_rate.i_single_rate/g_semi_parallel_and_smac.g_paths[0].g_mem_array[3].i_mem/g_individual.g_mem_b.i_mem_b/gen_srl16.gen_mem.mem_reg[3][7]_srl4/CLK
                         clock pessimism             -0.502     1.537    
    SLICE_X58Y33         SRL16E (Hold_srl16e_CLK_D)
                                                      0.183     1.720    u_fir_wrap/u_fir_compiler/U0/i_synth/g_single_rate.i_single_rate/g_semi_parallel_and_smac.g_paths[0].g_mem_array[3].i_mem/g_individual.g_mem_b.i_mem_b/gen_srl16.gen_mem.mem_reg[3][7]_srl4
  -------------------------------------------------------------------
                         required time                         -1.720    
                         arrival time                           1.779    
  -------------------------------------------------------------------
                         slack                                  0.059    

Slack (MET) :             0.066ns  (arrival time - required time)
  Source:                 u_fir_wrap/u_fir_compiler/U0/i_synth/g_single_rate.i_single_rate/g_semi_parallel_and_smac.g_paths[0].g_data_array.g_madd[9].g_data.i_data_casc_dly/g_buff.i_buff/gen_dly.gen_shiftreg.gen_rtl_delay.delay_bus_reg[1][12]/C
                            (rising edge-triggered cell FDRE clocked by processing_clk  {rise@0.000ns fall@5.000ns period=10.000ns})
  Destination:            u_fir_wrap/u_fir_compiler/U0/i_synth/g_single_rate.i_single_rate/g_semi_parallel_and_smac.g_paths[0].g_mem_array[10].i_mem/g_individual.i_mem_a/gen_srl16.gen_mem.mem_reg[3][12]_srl4/D
                            (rising edge-triggered cell SRL16E clocked by processing_clk  {rise@0.000ns fall@5.000ns period=10.000ns})
  Path Group:             processing_clk
  Path Type:              Hold (Min at Fast Process Corner)
  Requirement:            0.000ns  (processing_clk rise@0.000ns - processing_clk rise@0.000ns)
  Data Path Delay:        0.196ns  (logic 0.141ns (71.838%)  route 0.055ns (28.162%))
  Logic Levels:           0  
  Clock Path Skew:        0.013ns (DCD - SCD - CPR)
    Destination Clock Delay (DCD):    2.047ns
    Source Clock Delay      (SCD):    1.529ns
    Clock Pessimism Removal (CPR):    0.505ns

    Location             Delay type                Incr(ns)  Path(ns)    Netlist Resource(s)
  -------------------------------------------------------------------    -------------------
                         (clock processing_clk rise edge)
                                                      0.000     0.000 r  
    Y9                                                0.000     0.000 r  processing_clk (IN)
                         net (fo=0)                   0.000     0.000    processing_clk
    Y9                   IBUF (Prop_ibuf_I_O)         0.259     0.259 r  processing_clk_IBUF_inst/O
                         net (fo=1, routed)           0.663     0.922    processing_clk_IBUF
    BUFGCTRL_X0Y0        BUFG (Prop_bufg_I_O)         0.026     0.948 r  processing_clk_IBUF_BUFG_inst/O
                         net (fo=3610, routed)        0.582     1.529    u_fir_wrap/u_fir_compiler/U0/i_synth/g_single_rate.i_single_rate/g_semi_parallel_and_smac.g_paths[0].g_data_array.g_madd[9].g_data.i_data_casc_dly/g_buff.i_buff/aclk
    SLICE_X67Y50         FDRE                                         r  u_fir_wrap/u_fir_compiler/U0/i_synth/g_single_rate.i_single_rate/g_semi_parallel_and_smac.g_paths[0].g_data_array.g_madd[9].g_data.i_data_casc_dly/g_buff.i_buff/gen_dly.gen_shiftreg.gen_rtl_delay.delay_bus_reg[1][12]/C
  -------------------------------------------------------------------    -------------------
    SLICE_X67Y50         FDRE (Prop_fdre_C_Q)         0.141     1.670 r  u_fir_wrap/u_fir_compiler/U0/i_synth/g_single_rate.i_single_rate/g_semi_parallel_and_smac.g_paths[0].g_data_array.g_madd[9].g_data.i_data_casc_dly/g_buff.i_buff/gen_dly.gen_shiftreg.gen_rtl_delay.delay_bus_reg[1][12]/Q
                         net (fo=1, routed)           0.055     1.726    u_fir_wrap/u_fir_compiler/U0/i_synth/g_single_rate.i_single_rate/g_semi_parallel_and_smac.g_paths[0].g_mem_array[10].i_mem/g_individual.i_mem_a/DATA_IN[12]
    SLICE_X66Y50         SRL16E                                       r  u_fir_wrap/u_fir_compiler/U0/i_synth/g_single_rate.i_single_rate/g_semi_parallel_and_smac.g_paths[0].g_mem_array[10].i_mem/g_individual.i_mem_a/gen_srl16.gen_mem.mem_reg[3][12]_srl4/D
  -------------------------------------------------------------------    -------------------

                         (clock processing_clk rise edge)
                                                      0.000     0.000 r  
    Y9                                                0.000     0.000 r  processing_clk (IN)
                         net (fo=0)                   0.000     0.000    processing_clk
    Y9                   IBUF (Prop_ibuf_I_O)         0.448     0.448 r  processing_clk_IBUF_inst/O
                         net (fo=1, routed)           0.719     1.167    processing_clk_IBUF
    BUFGCTRL_X0Y0        BUFG (Prop_bufg_I_O)         0.029     1.196 r  processing_clk_IBUF_BUFG_inst/O
                         net (fo=3610, routed)        0.851     2.047    u_fir_wrap/u_fir_compiler/U0/i_synth/g_single_rate.i_single_rate/g_semi_parallel_and_smac.g_paths[0].g_mem_array[10].i_mem/g_individual.i_mem_a/CLK
    SLICE_X66Y50         SRL16E                                       r  u_fir_wrap/u_fir_compiler/U0/i_synth/g_single_rate.i_single_rate/g_semi_parallel_and_smac.g_paths[0].g_mem_array[10].i_mem/g_individual.i_mem_a/gen_srl16.gen_mem.mem_reg[3][12]_srl4/CLK
                         clock pessimism             -0.505     1.542    
    SLICE_X66Y50         SRL16E (Hold_srl16e_CLK_D)
                                                      0.117     1.659    u_fir_wrap/u_fir_compiler/U0/i_synth/g_single_rate.i_single_rate/g_semi_parallel_and_smac.g_paths[0].g_mem_array[10].i_mem/g_individual.i_mem_a/gen_srl16.gen_mem.mem_reg[3][12]_srl4
  -------------------------------------------------------------------
                         required time                         -1.659    
                         arrival time                           1.726    
  -------------------------------------------------------------------
                         slack                                  0.066    

Slack (MET) :             0.066ns  (arrival time - required time)
  Source:                 u_fir_wrap/u_fir_compiler/U0/i_synth/g_single_rate.i_single_rate/g_semi_parallel_and_smac.g_paths[0].g_data_array.g_madd[11].g_sym_data.g_sym_data_casc.i_data_sym_casc_dly/g_buff.i_buff/gen_reg.d_reg_reg[4]/C
                            (rising edge-triggered cell FDRE clocked by processing_clk  {rise@0.000ns fall@5.000ns period=10.000ns})
  Destination:            u_fir_wrap/u_fir_compiler/U0/i_synth/g_single_rate.i_single_rate/g_semi_parallel_and_smac.g_paths[0].g_mem_array[11].i_mem/g_individual.g_mem_b.i_mem_b/gen_srl16.gen_mem.mem_reg[3][4]_srl4/D
                            (rising edge-triggered cell SRL16E clocked by processing_clk  {rise@0.000ns fall@5.000ns period=10.000ns})
  Path Group:             processing_clk
  Path Type:              Hold (Min at Fast Process Corner)
  Requirement:            0.000ns  (processing_clk rise@0.000ns - processing_clk rise@0.000ns)
  Data Path Delay:        0.196ns  (logic 0.141ns (71.838%)  route 0.055ns (28.162%))
  Logic Levels:           0  
  Clock Path Skew:        0.013ns (DCD - SCD - CPR)
    Destination Clock Delay (DCD):    2.045ns
    Source Clock Delay      (SCD):    1.526ns
    Clock Pessimism Removal (CPR):    0.506ns

    Location             Delay type                Incr(ns)  Path(ns)    Netlist Resource(s)
  -------------------------------------------------------------------    -------------------
                         (clock processing_clk rise edge)
                                                      0.000     0.000 r  
    Y9                                                0.000     0.000 r  processing_clk (IN)
                         net (fo=0)                   0.000     0.000    processing_clk
    Y9                   IBUF (Prop_ibuf_I_O)         0.259     0.259 r  processing_clk_IBUF_inst/O
                         net (fo=1, routed)           0.663     0.922    processing_clk_IBUF
    BUFGCTRL_X0Y0        BUFG (Prop_bufg_I_O)         0.026     0.948 r  processing_clk_IBUF_BUFG_inst/O
                         net (fo=3610, routed)        0.579     1.526    u_fir_wrap/u_fir_compiler/U0/i_synth/g_single_rate.i_single_rate/g_semi_parallel_and_smac.g_paths[0].g_data_array.g_madd[11].g_sym_data.g_sym_data_casc.i_data_sym_casc_dly/g_buff.i_buff/aclk
    SLICE_X59Y53         FDRE                                         r  u_fir_wrap/u_fir_compiler/U0/i_synth/g_single_rate.i_single_rate/g_semi_parallel_and_smac.g_paths[0].g_data_array.g_madd[11].g_sym_data.g_sym_data_casc.i_data_sym_casc_dly/g_buff.i_buff/gen_reg.d_reg_reg[4]/C
  -------------------------------------------------------------------    -------------------
    SLICE_X59Y53         FDRE (Prop_fdre_C_Q)         0.141     1.667 r  u_fir_wrap/u_fir_compiler/U0/i_synth/g_single_rate.i_single_rate/g_semi_parallel_and_smac.g_paths[0].g_data_array.g_madd[11].g_sym_data.g_sym_data_casc.i_data_sym_casc_dly/g_buff.i_buff/gen_reg.d_reg_reg[4]/Q
                         net (fo=1, routed)           0.055     1.723    u_fir_wrap/u_fir_compiler/U0/i_synth/g_single_rate.i_single_rate/g_semi_parallel_and_smac.g_paths[0].g_mem_array[11].i_mem/g_individual.g_mem_b.i_mem_b/DATA_IN[4]
    SLICE_X58Y53         SRL16E                                       r  u_fir_wrap/u_fir_compiler/U0/i_synth/g_single_rate.i_single_rate/g_semi_parallel_and_smac.g_paths[0].g_mem_array[11].i_mem/g_individual.g_mem_b.i_mem_b/gen_srl16.gen_mem.mem_reg[3][4]_srl4/D
  -------------------------------------------------------------------    -------------------

                         (clock processing_clk rise edge)
                                                      0.000     0.000 r  
    Y9                                                0.000     0.000 r  processing_clk (IN)
                         net (fo=0)                   0.000     0.000    processing_clk
    Y9                   IBUF (Prop_ibuf_I_O)         0.448     0.448 r  processing_clk_IBUF_inst/O
                         net (fo=1, routed)           0.719     1.167    processing_clk_IBUF
    BUFGCTRL_X0Y0        BUFG (Prop_bufg_I_O)         0.029     1.196 r  processing_clk_IBUF_BUFG_inst/O
                         net (fo=3610, routed)        0.849     2.045    u_fir_wrap/u_fir_compiler/U0/i_synth/g_single_rate.i_single_rate/g_semi_parallel_and_smac.g_paths[0].g_mem_array[11].i_mem/g_individual.g_mem_b.i_mem_b/CLK
    SLICE_X58Y53         SRL16E                                       r  u_fir_wrap/u_fir_compiler/U0/i_synth/g_single_rate.i_single_rate/g_semi_parallel_and_smac.g_paths[0].g_mem_array[11].i_mem/g_individual.g_mem_b.i_mem_b/gen_srl16.gen_mem.mem_reg[3][4]_srl4/CLK
                         clock pessimism             -0.506     1.539    
    SLICE_X58Y53         SRL16E (Hold_srl16e_CLK_D)
                                                      0.117     1.656    u_fir_wrap/u_fir_compiler/U0/i_synth/g_single_rate.i_single_rate/g_semi_parallel_and_smac.g_paths[0].g_mem_array[11].i_mem/g_individual.g_mem_b.i_mem_b/gen_srl16.gen_mem.mem_reg[3][4]_srl4
  -------------------------------------------------------------------
                         required time                         -1.656    
                         arrival time                           1.723    
  -------------------------------------------------------------------
                         slack                                  0.066    

Slack (MET) :             0.066ns  (arrival time - required time)
  Source:                 u_fir_wrap/u_fir_compiler/U0/i_synth/g_single_rate.i_single_rate/g_semi_parallel_and_smac.g_paths[0].g_data_array.g_madd[20].g_data.i_data_casc_dly/g_buff.i_buff/gen_dly.gen_shiftreg.gen_rtl_delay.delay_bus_reg[1][12]/C
                            (rising edge-triggered cell FDRE clocked by processing_clk  {rise@0.000ns fall@5.000ns period=10.000ns})
  Destination:            u_fir_wrap/u_fir_compiler/U0/i_synth/g_single_rate.i_single_rate/g_semi_parallel_and_smac.g_paths[0].g_mem_array[21].i_mem/g_individual.i_mem_a/gen_srl16.gen_mem.mem_reg[3][12]_srl4/D
                            (rising edge-triggered cell SRL16E clocked by processing_clk  {rise@0.000ns fall@5.000ns period=10.000ns})
  Path Group:             processing_clk
  Path Type:              Hold (Min at Fast Process Corner)
  Requirement:            0.000ns  (processing_clk rise@0.000ns - processing_clk rise@0.000ns)
  Data Path Delay:        0.196ns  (logic 0.141ns (71.838%)  route 0.055ns (28.162%))
  Logic Levels:           0  
  Clock Path Skew:        0.013ns (DCD - SCD - CPR)
    Destination Clock Delay (DCD):    2.034ns
    Source Clock Delay      (SCD):    1.518ns
    Clock Pessimism Removal (CPR):    0.503ns

    Location             Delay type                Incr(ns)  Path(ns)    Netlist Resource(s)
  -------------------------------------------------------------------    -------------------
                         (clock processing_clk rise edge)
                                                      0.000     0.000 r  
    Y9                                                0.000     0.000 r  processing_clk (IN)
                         net (fo=0)                   0.000     0.000    processing_clk
    Y9                   IBUF (Prop_ibuf_I_O)         0.259     0.259 r  processing_clk_IBUF_inst/O
                         net (fo=1, routed)           0.663     0.922    processing_clk_IBUF
    BUFGCTRL_X0Y0        BUFG (Prop_bufg_I_O)         0.026     0.948 r  processing_clk_IBUF_BUFG_inst/O
                         net (fo=3610, routed)        0.571     1.518    u_fir_wrap/u_fir_compiler/U0/i_synth/g_single_rate.i_single_rate/g_semi_parallel_and_smac.g_paths[0].g_data_array.g_madd[20].g_data.i_data_casc_dly/g_buff.i_buff/aclk
    SLICE_X63Y78         FDRE                                         r  u_fir_wrap/u_fir_compiler/U0/i_synth/g_single_rate.i_single_rate/g_semi_parallel_and_smac.g_paths[0].g_data_array.g_madd[20].g_data.i_data_casc_dly/g_buff.i_buff/gen_dly.gen_shiftreg.gen_rtl_delay.delay_bus_reg[1][12]/C
  -------------------------------------------------------------------    -------------------
    SLICE_X63Y78         FDRE (Prop_fdre_C_Q)         0.141     1.659 r  u_fir_wrap/u_fir_compiler/U0/i_synth/g_single_rate.i_single_rate/g_semi_parallel_and_smac.g_paths[0].g_data_array.g_madd[20].g_data.i_data_casc_dly/g_buff.i_buff/gen_dly.gen_shiftreg.gen_rtl_delay.delay_bus_reg[1][12]/Q
                         net (fo=1, routed)           0.055     1.715    u_fir_wrap/u_fir_compiler/U0/i_synth/g_single_rate.i_single_rate/g_semi_parallel_and_smac.g_paths[0].g_mem_array[21].i_mem/g_individual.i_mem_a/DATA_IN[12]
    SLICE_X62Y78         SRL16E                                       r  u_fir_wrap/u_fir_compiler/U0/i_synth/g_single_rate.i_single_rate/g_semi_parallel_and_smac.g_paths[0].g_mem_array[21].i_mem/g_individual.i_mem_a/gen_srl16.gen_mem.mem_reg[3][12]_srl4/D
  -------------------------------------------------------------------    -------------------

                         (clock processing_clk rise edge)
                                                      0.000     0.000 r  
    Y9                                                0.000     0.000 r  processing_clk (IN)
                         net (fo=0)                   0.000     0.000    processing_clk
    Y9                   IBUF (Prop_ibuf_I_O)         0.448     0.448 r  processing_clk_IBUF_inst/O
                         net (fo=1, routed)           0.719     1.167    processing_clk_IBUF
    BUFGCTRL_X0Y0        BUFG (Prop_bufg_I_O)         0.029     1.196 r  processing_clk_IBUF_BUFG_inst/O
                         net (fo=3610, routed)        0.838     2.034    u_fir_wrap/u_fir_compiler/U0/i_synth/g_single_rate.i_single_rate/g_semi_parallel_and_smac.g_paths[0].g_mem_array[21].i_mem/g_individual.i_mem_a/CLK
    SLICE_X62Y78         SRL16E                                       r  u_fir_wrap/u_fir_compiler/U0/i_synth/g_single_rate.i_single_rate/g_semi_parallel_and_smac.g_paths[0].g_mem_array[21].i_mem/g_individual.i_mem_a/gen_srl16.gen_mem.mem_reg[3][12]_srl4/CLK
                         clock pessimism             -0.503     1.531    
    SLICE_X62Y78         SRL16E (Hold_srl16e_CLK_D)
                                                      0.117     1.648    u_fir_wrap/u_fir_compiler/U0/i_synth/g_single_rate.i_single_rate/g_semi_parallel_and_smac.g_paths[0].g_mem_array[21].i_mem/g_individual.i_mem_a/gen_srl16.gen_mem.mem_reg[3][12]_srl4
  -------------------------------------------------------------------
                         required time                         -1.648    
                         arrival time                           1.715    
  -------------------------------------------------------------------
                         slack                                  0.066    

Slack (MET) :             0.080ns  (arrival time - required time)
  Source:                 u_fir_wrap/u_fir_compiler/U0/i_synth/g_single_rate.i_single_rate/g_semi_parallel_and_smac.g_paths[0].g_data_array.g_madd[17].g_sym_data.g_sym_data_casc.i_data_sym_casc_dly/g_buff.i_buff/gen_reg.d_reg_reg[15]/C
                            (rising edge-triggered cell FDRE clocked by processing_clk  {rise@0.000ns fall@5.000ns period=10.000ns})
  Destination:            u_fir_wrap/u_fir_compiler/U0/i_synth/g_single_rate.i_single_rate/g_semi_parallel_and_smac.g_paths[0].g_mem_array[17].i_mem/g_individual.g_mem_b.i_mem_b/gen_srl16.gen_mem.mem_reg[3][15]_srl4/D
                            (rising edge-triggered cell SRL16E clocked by processing_clk  {rise@0.000ns fall@5.000ns period=10.000ns})
  Path Group:             processing_clk
  Path Type:              Hold (Min at Fast Process Corner)
  Requirement:            0.000ns  (processing_clk rise@0.000ns - processing_clk rise@0.000ns)
  Data Path Delay:        0.278ns  (logic 0.164ns (59.007%)  route 0.114ns (40.993%))
  Logic Levels:           0  
  Clock Path Skew:        0.015ns (DCD - SCD - CPR)
    Destination Clock Delay (DCD):    2.035ns
    Source Clock Delay      (SCD):    1.517ns
    Clock Pessimism Removal (CPR):    0.503ns

    Location             Delay type                Incr(ns)  Path(ns)    Netlist Resource(s)
  -------------------------------------------------------------------    -------------------
                         (clock processing_clk rise edge)
                                                      0.000     0.000 r  
    Y9                                                0.000     0.000 r  processing_clk (IN)
                         net (fo=0)                   0.000     0.000    processing_clk
    Y9                   IBUF (Prop_ibuf_I_O)         0.259     0.259 r  processing_clk_IBUF_inst/O
                         net (fo=1, routed)           0.663     0.922    processing_clk_IBUF
    BUFGCTRL_X0Y0        BUFG (Prop_bufg_I_O)         0.026     0.948 r  processing_clk_IBUF_BUFG_inst/O
                         net (fo=3610, routed)        0.570     1.517    u_fir_wrap/u_fir_compiler/U0/i_synth/g_single_rate.i_single_rate/g_semi_parallel_and_smac.g_paths[0].g_data_array.g_madd[17].g_sym_data.g_sym_data_casc.i_data_sym_casc_dly/g_buff.i_buff/aclk
    SLICE_X58Y70         FDRE                                         r  u_fir_wrap/u_fir_compiler/U0/i_synth/g_single_rate.i_single_rate/g_semi_parallel_and_smac.g_paths[0].g_data_array.g_madd[17].g_sym_data.g_sym_data_casc.i_data_sym_casc_dly/g_buff.i_buff/gen_reg.d_reg_reg[15]/C
  -------------------------------------------------------------------    -------------------
    SLICE_X58Y70         FDRE (Prop_fdre_C_Q)         0.164     1.681 r  u_fir_wrap/u_fir_compiler/U0/i_synth/g_single_rate.i_single_rate/g_semi_parallel_and_smac.g_paths[0].g_data_array.g_madd[17].g_sym_data.g_sym_data_casc.i_data_sym_casc_dly/g_buff.i_buff/gen_reg.d_reg_reg[15]/Q
                         net (fo=1, routed)           0.114     1.795    u_fir_wrap/u_fir_compiler/U0/i_synth/g_single_rate.i_single_rate/g_semi_parallel_and_smac.g_paths[0].g_mem_array[17].i_mem/g_individual.g_mem_b.i_mem_b/DATA_IN[15]
    SLICE_X58Y69         SRL16E                                       r  u_fir_wrap/u_fir_compiler/U0/i_synth/g_single_rate.i_single_rate/g_semi_parallel_and_smac.g_paths[0].g_mem_array[17].i_mem/g_individual.g_mem_b.i_mem_b/gen_srl16.gen_mem.mem_reg[3][15]_srl4/D
  -------------------------------------------------------------------    -------------------

                         (clock processing_clk rise edge)
                                                      0.000     0.000 r  
    Y9                                                0.000     0.000 r  processing_clk (IN)
                         net (fo=0)                   0.000     0.000    processing_clk
    Y9                   IBUF (Prop_ibuf_I_O)         0.448     0.448 r  processing_clk_IBUF_inst/O
                         net (fo=1, routed)           0.719     1.167    processing_clk_IBUF
    BUFGCTRL_X0Y0        BUFG (Prop_bufg_I_O)         0.029     1.196 r  processing_clk_IBUF_BUFG_inst/O
                         net (fo=3610, routed)        0.839     2.035    u_fir_wrap/u_fir_compiler/U0/i_synth/g_single_rate.i_single_rate/g_semi_parallel_and_smac.g_paths[0].g_mem_array[17].i_mem/g_individual.g_mem_b.i_mem_b/CLK
    SLICE_X58Y69         SRL16E                                       r  u_fir_wrap/u_fir_compiler/U0/i_synth/g_single_rate.i_single_rate/g_semi_parallel_and_smac.g_paths[0].g_mem_array[17].i_mem/g_individual.g_mem_b.i_mem_b/gen_srl16.gen_mem.mem_reg[3][15]_srl4/CLK
                         clock pessimism             -0.503     1.532    
    SLICE_X58Y69         SRL16E (Hold_srl16e_CLK_D)
                                                      0.183     1.715    u_fir_wrap/u_fir_compiler/U0/i_synth/g_single_rate.i_single_rate/g_semi_parallel_and_smac.g_paths[0].g_mem_array[17].i_mem/g_individual.g_mem_b.i_mem_b/gen_srl16.gen_mem.mem_reg[3][15]_srl4
  -------------------------------------------------------------------
                         required time                         -1.715    
                         arrival time                           1.795    
  -------------------------------------------------------------------
                         slack                                  0.080    

Slack (MET) :             0.083ns  (arrival time - required time)
  Source:                 u_fir_wrap/u_fir_compiler/U0/i_synth/g_single_rate.i_single_rate/g_semi_parallel_and_smac.g_paths[0].g_data_array.g_madd[15].g_sym_data.g_sym_data_casc.i_data_sym_casc_dly/g_buff.i_buff/gen_reg.d_reg_reg[15]/C
                            (rising edge-triggered cell FDRE clocked by processing_clk  {rise@0.000ns fall@5.000ns period=10.000ns})
  Destination:            u_fir_wrap/u_fir_compiler/U0/i_synth/g_single_rate.i_single_rate/g_semi_parallel_and_smac.g_paths[0].g_mem_array[15].i_mem/g_individual.g_mem_b.i_mem_b/gen_srl16.gen_mem.mem_reg[3][15]_srl4/D
                            (rising edge-triggered cell SRL16E clocked by processing_clk  {rise@0.000ns fall@5.000ns period=10.000ns})
  Path Group:             processing_clk
  Path Type:              Hold (Min at Fast Process Corner)
  Requirement:            0.000ns  (processing_clk rise@0.000ns - processing_clk rise@0.000ns)
  Data Path Delay:        0.246ns  (logic 0.128ns (52.138%)  route 0.118ns (47.862%))
  Logic Levels:           0  
  Clock Path Skew:        0.033ns (DCD - SCD - CPR)
    Destination Clock Delay (DCD):    2.040ns
    Source Clock Delay      (SCD):    1.524ns
    Clock Pessimism Removal (CPR):    0.483ns

    Location             Delay type                Incr(ns)  Path(ns)    Netlist Resource(s)
  -------------------------------------------------------------------    -------------------
                         (clock processing_clk rise edge)
                                                      0.000     0.000 r  
    Y9                                                0.000     0.000 r  processing_clk (IN)
                         net (fo=0)                   0.000     0.000    processing_clk
    Y9                   IBUF (Prop_ibuf_I_O)         0.259     0.259 r  processing_clk_IBUF_inst/O
                         net (fo=1, routed)           0.663     0.922    processing_clk_IBUF
    BUFGCTRL_X0Y0        BUFG (Prop_bufg_I_O)         0.026     0.948 r  processing_clk_IBUF_BUFG_inst/O
                         net (fo=3610, routed)        0.577     1.524    u_fir_wrap/u_fir_compiler/U0/i_synth/g_single_rate.i_single_rate/g_semi_parallel_and_smac.g_paths[0].g_data_array.g_madd[15].g_sym_data.g_sym_data_casc.i_data_sym_casc_dly/g_buff.i_buff/aclk
    SLICE_X60Y64         FDRE                                         r  u_fir_wrap/u_fir_compiler/U0/i_synth/g_single_rate.i_single_rate/g_semi_parallel_and_smac.g_paths[0].g_data_array.g_madd[15].g_sym_data.g_sym_data_casc.i_data_sym_casc_dly/g_buff.i_buff/gen_reg.d_reg_reg[15]/C
  -------------------------------------------------------------------    -------------------
    SLICE_X60Y64         FDRE (Prop_fdre_C_Q)         0.128     1.652 r  u_fir_wrap/u_fir_compiler/U0/i_synth/g_single_rate.i_single_rate/g_semi_parallel_and_smac.g_paths[0].g_data_array.g_madd[15].g_sym_data.g_sym_data_casc.i_data_sym_casc_dly/g_buff.i_buff/gen_reg.d_reg_reg[15]/Q
                         net (fo=1, routed)           0.118     1.770    u_fir_wrap/u_fir_compiler/U0/i_synth/g_single_rate.i_single_rate/g_semi_parallel_and_smac.g_paths[0].g_mem_array[15].i_mem/g_individual.g_mem_b.i_mem_b/DATA_IN[15]
    SLICE_X58Y64         SRL16E                                       r  u_fir_wrap/u_fir_compiler/U0/i_synth/g_single_rate.i_single_rate/g_semi_parallel_and_smac.g_paths[0].g_mem_array[15].i_mem/g_individual.g_mem_b.i_mem_b/gen_srl16.gen_mem.mem_reg[3][15]_srl4/D
  -------------------------------------------------------------------    -------------------

                         (clock processing_clk rise edge)
                                                      0.000     0.000 r  
    Y9                                                0.000     0.000 r  processing_clk (IN)
                         net (fo=0)                   0.000     0.000    processing_clk
    Y9                   IBUF (Prop_ibuf_I_O)         0.448     0.448 r  processing_clk_IBUF_inst/O
                         net (fo=1, routed)           0.719     1.167    processing_clk_IBUF
    BUFGCTRL_X0Y0        BUFG (Prop_bufg_I_O)         0.029     1.196 r  processing_clk_IBUF_BUFG_inst/O
                         net (fo=3610, routed)        0.844     2.040    u_fir_wrap/u_fir_compiler/U0/i_synth/g_single_rate.i_single_rate/g_semi_parallel_and_smac.g_paths[0].g_mem_array[15].i_mem/g_individual.g_mem_b.i_mem_b/CLK
    SLICE_X58Y64         SRL16E                                       r  u_fir_wrap/u_fir_compiler/U0/i_synth/g_single_rate.i_single_rate/g_semi_parallel_and_smac.g_paths[0].g_mem_array[15].i_mem/g_individual.g_mem_b.i_mem_b/gen_srl16.gen_mem.mem_reg[3][15]_srl4/CLK
                         clock pessimism             -0.483     1.557    
    SLICE_X58Y64         SRL16E (Hold_srl16e_CLK_D)
                                                      0.130     1.687    u_fir_wrap/u_fir_compiler/U0/i_synth/g_single_rate.i_single_rate/g_semi_parallel_and_smac.g_paths[0].g_mem_array[15].i_mem/g_individual.g_mem_b.i_mem_b/gen_srl16.gen_mem.mem_reg[3][15]_srl4
  -------------------------------------------------------------------
                         required time                         -1.687    
                         arrival time                           1.770    
  -------------------------------------------------------------------
                         slack                                  0.083    

Slack (MET) :             0.087ns  (arrival time - required time)
  Source:                 u_fir_wrap/u_fir_compiler/U0/i_synth/g_single_rate.i_single_rate/g_semi_parallel_and_smac.g_paths[0].g_data_array.g_madd[15].g_data.i_data_casc_dly/g_buff.i_buff/gen_dly.gen_shiftreg.gen_rtl_delay.delay_bus_reg[1][15]/C
                            (rising edge-triggered cell FDRE clocked by processing_clk  {rise@0.000ns fall@5.000ns period=10.000ns})
  Destination:            u_fir_wrap/u_fir_compiler/U0/i_synth/g_single_rate.i_single_rate/g_semi_parallel_and_smac.g_paths[0].g_mem_array[16].i_mem/g_individual.i_mem_a/gen_srl16.gen_mem.mem_reg[3][15]_srl4/D
                            (rising edge-triggered cell SRL16E clocked by processing_clk  {rise@0.000ns fall@5.000ns period=10.000ns})
  Path Group:             processing_clk
  Path Type:              Hold (Min at Fast Process Corner)
  Requirement:            0.000ns  (processing_clk rise@0.000ns - processing_clk rise@0.000ns)
  Data Path Delay:        0.283ns  (logic 0.141ns (49.892%)  route 0.142ns (50.108%))
  Logic Levels:           0  
  Clock Path Skew:        0.013ns (DCD - SCD - CPR)
    Destination Clock Delay (DCD):    2.039ns
    Source Clock Delay      (SCD):    1.523ns
    Clock Pessimism Removal (CPR):    0.503ns

    Location             Delay type                Incr(ns)  Path(ns)    Netlist Resource(s)
  -------------------------------------------------------------------    -------------------
                         (clock processing_clk rise edge)
                                                      0.000     0.000 r  
    Y9                                                0.000     0.000 r  processing_clk (IN)
                         net (fo=0)                   0.000     0.000    processing_clk
    Y9                   IBUF (Prop_ibuf_I_O)         0.259     0.259 r  processing_clk_IBUF_inst/O
                         net (fo=1, routed)           0.663     0.922    processing_clk_IBUF
    BUFGCTRL_X0Y0        BUFG (Prop_bufg_I_O)         0.026     0.948 r  processing_clk_IBUF_BUFG_inst/O
                         net (fo=3610, routed)        0.576     1.523    u_fir_wrap/u_fir_compiler/U0/i_synth/g_single_rate.i_single_rate/g_semi_parallel_and_smac.g_paths[0].g_data_array.g_madd[15].g_data.i_data_casc_dly/g_buff.i_buff/aclk
    SLICE_X63Y66         FDRE                                         r  u_fir_wrap/u_fir_compiler/U0/i_synth/g_single_rate.i_single_rate/g_semi_parallel_and_smac.g_paths[0].g_data_array.g_madd[15].g_data.i_data_casc_dly/g_buff.i_buff/gen_dly.gen_shiftreg.gen_rtl_delay.delay_bus_reg[1][15]/C
  -------------------------------------------------------------------    -------------------
    SLICE_X63Y66         FDRE (Prop_fdre_C_Q)         0.141     1.664 r  u_fir_wrap/u_fir_compiler/U0/i_synth/g_single_rate.i_single_rate/g_semi_parallel_and_smac.g_paths[0].g_data_array.g_madd[15].g_data.i_data_casc_dly/g_buff.i_buff/gen_dly.gen_shiftreg.gen_rtl_delay.delay_bus_reg[1][15]/Q
                         net (fo=1, routed)           0.142     1.806    u_fir_wrap/u_fir_compiler/U0/i_synth/g_single_rate.i_single_rate/g_semi_parallel_and_smac.g_paths[0].g_mem_array[16].i_mem/g_individual.i_mem_a/DATA_IN[15]
    SLICE_X62Y66         SRL16E                                       r  u_fir_wrap/u_fir_compiler/U0/i_synth/g_single_rate.i_single_rate/g_semi_parallel_and_smac.g_paths[0].g_mem_array[16].i_mem/g_individual.i_mem_a/gen_srl16.gen_mem.mem_reg[3][15]_srl4/D
  -------------------------------------------------------------------    -------------------

                         (clock processing_clk rise edge)
                                                      0.000     0.000 r  
    Y9                                                0.000     0.000 r  processing_clk (IN)
                         net (fo=0)                   0.000     0.000    processing_clk
    Y9                   IBUF (Prop_ibuf_I_O)         0.448     0.448 r  processing_clk_IBUF_inst/O
                         net (fo=1, routed)           0.719     1.167    processing_clk_IBUF
    BUFGCTRL_X0Y0        BUFG (Prop_bufg_I_O)         0.029     1.196 r  processing_clk_IBUF_BUFG_inst/O
                         net (fo=3610, routed)        0.843     2.039    u_fir_wrap/u_fir_compiler/U0/i_synth/g_single_rate.i_single_rate/g_semi_parallel_and_smac.g_paths[0].g_mem_array[16].i_mem/g_individual.i_mem_a/CLK
    SLICE_X62Y66         SRL16E                                       r  u_fir_wrap/u_fir_compiler/U0/i_synth/g_single_rate.i_single_rate/g_semi_parallel_and_smac.g_paths[0].g_mem_array[16].i_mem/g_individual.i_mem_a/gen_srl16.gen_mem.mem_reg[3][15]_srl4/CLK
                         clock pessimism             -0.503     1.536    
    SLICE_X62Y66         SRL16E (Hold_srl16e_CLK_D)
                                                      0.183     1.719    u_fir_wrap/u_fir_compiler/U0/i_synth/g_single_rate.i_single_rate/g_semi_parallel_and_smac.g_paths[0].g_mem_array[16].i_mem/g_individual.i_mem_a/gen_srl16.gen_mem.mem_reg[3][15]_srl4
  -------------------------------------------------------------------
                         required time                         -1.719    
                         arrival time                           1.806    
  -------------------------------------------------------------------
                         slack                                  0.087    

Slack (MET) :             0.092ns  (arrival time - required time)
  Source:                 u_fir_wrap/u_fir_compiler/U0/i_synth/g_single_rate.i_single_rate/g_semi_parallel_and_smac.g_paths[0].g_data_array.g_madd[14].g_data.i_data_casc_dly/g_buff.i_buff/gen_dly.gen_shiftreg.gen_rtl_delay.delay_bus_reg[1][15]/C
                            (rising edge-triggered cell FDRE clocked by processing_clk  {rise@0.000ns fall@5.000ns period=10.000ns})
  Destination:            u_fir_wrap/u_fir_compiler/U0/i_synth/g_single_rate.i_single_rate/g_semi_parallel_and_smac.g_paths[0].g_mem_array[15].i_mem/g_individual.i_mem_a/gen_srl16.gen_mem.mem_reg[3][15]_srl4/D
                            (rising edge-triggered cell SRL16E clocked by processing_clk  {rise@0.000ns fall@5.000ns period=10.000ns})
  Path Group:             processing_clk
  Path Type:              Hold (Min at Fast Process Corner)
  Requirement:            0.000ns  (processing_clk rise@0.000ns - processing_clk rise@0.000ns)
  Data Path Delay:        0.309ns  (logic 0.141ns (45.590%)  route 0.168ns (54.410%))
  Logic Levels:           0  
  Clock Path Skew:        0.034ns (DCD - SCD - CPR)
    Destination Clock Delay (DCD):    2.041ns
    Source Clock Delay      (SCD):    1.524ns
    Clock Pessimism Removal (CPR):    0.483ns

    Location             Delay type                Incr(ns)  Path(ns)    Netlist Resource(s)
  -------------------------------------------------------------------    -------------------
                         (clock processing_clk rise edge)
                                                      0.000     0.000 r  
    Y9                                                0.000     0.000 r  processing_clk (IN)
                         net (fo=0)                   0.000     0.000    processing_clk
    Y9                   IBUF (Prop_ibuf_I_O)         0.259     0.259 r  processing_clk_IBUF_inst/O
                         net (fo=1, routed)           0.663     0.922    processing_clk_IBUF
    BUFGCTRL_X0Y0        BUFG (Prop_bufg_I_O)         0.026     0.948 r  processing_clk_IBUF_BUFG_inst/O
                         net (fo=3610, routed)        0.577     1.524    u_fir_wrap/u_fir_compiler/U0/i_synth/g_single_rate.i_single_rate/g_semi_parallel_and_smac.g_paths[0].g_data_array.g_madd[14].g_data.i_data_casc_dly/g_buff.i_buff/aclk
    SLICE_X65Y63         FDRE                                         r  u_fir_wrap/u_fir_compiler/U0/i_synth/g_single_rate.i_single_rate/g_semi_parallel_and_smac.g_paths[0].g_data_array.g_madd[14].g_data.i_data_casc_dly/g_buff.i_buff/gen_dly.gen_shiftreg.gen_rtl_delay.delay_bus_reg[1][15]/C
  -------------------------------------------------------------------    -------------------
    SLICE_X65Y63         FDRE (Prop_fdre_C_Q)         0.141     1.665 r  u_fir_wrap/u_fir_compiler/U0/i_synth/g_single_rate.i_single_rate/g_semi_parallel_and_smac.g_paths[0].g_data_array.g_madd[14].g_data.i_data_casc_dly/g_buff.i_buff/gen_dly.gen_shiftreg.gen_rtl_delay.delay_bus_reg[1][15]/Q
                         net (fo=1, routed)           0.168     1.834    u_fir_wrap/u_fir_compiler/U0/i_synth/g_single_rate.i_single_rate/g_semi_parallel_and_smac.g_paths[0].g_mem_array[15].i_mem/g_individual.i_mem_a/DATA_IN[15]
    SLICE_X62Y63         SRL16E                                       r  u_fir_wrap/u_fir_compiler/U0/i_synth/g_single_rate.i_single_rate/g_semi_parallel_and_smac.g_paths[0].g_mem_array[15].i_mem/g_individual.i_mem_a/gen_srl16.gen_mem.mem_reg[3][15]_srl4/D
  -------------------------------------------------------------------    -------------------

                         (clock processing_clk rise edge)
                                                      0.000     0.000 r  
    Y9                                                0.000     0.000 r  processing_clk (IN)
                         net (fo=0)                   0.000     0.000    processing_clk
    Y9                   IBUF (Prop_ibuf_I_O)         0.448     0.448 r  processing_clk_IBUF_inst/O
                         net (fo=1, routed)           0.719     1.167    processing_clk_IBUF
    BUFGCTRL_X0Y0        BUFG (Prop_bufg_I_O)         0.029     1.196 r  processing_clk_IBUF_BUFG_inst/O
                         net (fo=3610, routed)        0.845     2.041    u_fir_wrap/u_fir_compiler/U0/i_synth/g_single_rate.i_single_rate/g_semi_parallel_and_smac.g_paths[0].g_mem_array[15].i_mem/g_individual.i_mem_a/CLK
    SLICE_X62Y63         SRL16E                                       r  u_fir_wrap/u_fir_compiler/U0/i_synth/g_single_rate.i_single_rate/g_semi_parallel_and_smac.g_paths[0].g_mem_array[15].i_mem/g_individual.i_mem_a/gen_srl16.gen_mem.mem_reg[3][15]_srl4/CLK
                         clock pessimism             -0.483     1.558    
    SLICE_X62Y63         SRL16E (Hold_srl16e_CLK_D)
                                                      0.183     1.741    u_fir_wrap/u_fir_compiler/U0/i_synth/g_single_rate.i_single_rate/g_semi_parallel_and_smac.g_paths[0].g_mem_array[15].i_mem/g_individual.i_mem_a/gen_srl16.gen_mem.mem_reg[3][15]_srl4
  -------------------------------------------------------------------
                         required time                         -1.741    
                         arrival time                           1.834    
  -------------------------------------------------------------------
                         slack                                  0.092    

Slack (MET) :             0.094ns  (arrival time - required time)
  Source:                 u_fir_wrap/u_fir_compiler/U0/i_synth/g_single_rate.i_single_rate/g_semi_parallel_and_smac.g_paths[0].g_data_array.g_madd[12].g_data.i_data_casc_dly/g_buff.i_buff/gen_dly.gen_shiftreg.gen_rtl_delay.delay_bus_reg[1][15]/C
                            (rising edge-triggered cell FDRE clocked by processing_clk  {rise@0.000ns fall@5.000ns period=10.000ns})
  Destination:            u_fir_wrap/u_fir_compiler/U0/i_synth/g_single_rate.i_single_rate/g_semi_parallel_and_smac.g_paths[0].g_mem_array[13].i_mem/g_individual.i_mem_a/gen_srl16.gen_mem.mem_reg[3][15]_srl4/D
                            (rising edge-triggered cell SRL16E clocked by processing_clk  {rise@0.000ns fall@5.000ns period=10.000ns})
  Path Group:             processing_clk
  Path Type:              Hold (Min at Fast Process Corner)
  Requirement:            0.000ns  (processing_clk rise@0.000ns - processing_clk rise@0.000ns)
  Data Path Delay:        0.293ns  (logic 0.141ns (48.187%)  route 0.152ns (51.813%))
  Logic Levels:           0  
  Clock Path Skew:        0.016ns (DCD - SCD - CPR)
    Destination Clock Delay (DCD):    2.045ns
    Source Clock Delay      (SCD):    1.527ns
    Clock Pessimism Removal (CPR):    0.502ns

    Location             Delay type                Incr(ns)  Path(ns)    Netlist Resource(s)
  -------------------------------------------------------------------    -------------------
                         (clock processing_clk rise edge)
                                                      0.000     0.000 r  
    Y9                                                0.000     0.000 r  processing_clk (IN)
                         net (fo=0)                   0.000     0.000    processing_clk
    Y9                   IBUF (Prop_ibuf_I_O)         0.259     0.259 r  processing_clk_IBUF_inst/O
                         net (fo=1, routed)           0.663     0.922    processing_clk_IBUF
    BUFGCTRL_X0Y0        BUFG (Prop_bufg_I_O)         0.026     0.948 r  processing_clk_IBUF_BUFG_inst/O
                         net (fo=3610, routed)        0.580     1.527    u_fir_wrap/u_fir_compiler/U0/i_synth/g_single_rate.i_single_rate/g_semi_parallel_and_smac.g_paths[0].g_data_array.g_madd[12].g_data.i_data_casc_dly/g_buff.i_buff/aclk
    SLICE_X65Y58         FDRE                                         r  u_fir_wrap/u_fir_compiler/U0/i_synth/g_single_rate.i_single_rate/g_semi_parallel_and_smac.g_paths[0].g_data_array.g_madd[12].g_data.i_data_casc_dly/g_buff.i_buff/gen_dly.gen_shiftreg.gen_rtl_delay.delay_bus_reg[1][15]/C
  -------------------------------------------------------------------    -------------------
    SLICE_X65Y58         FDRE (Prop_fdre_C_Q)         0.141     1.668 r  u_fir_wrap/u_fir_compiler/U0/i_synth/g_single_rate.i_single_rate/g_semi_parallel_and_smac.g_paths[0].g_data_array.g_madd[12].g_data.i_data_casc_dly/g_buff.i_buff/gen_dly.gen_shiftreg.gen_rtl_delay.delay_bus_reg[1][15]/Q
                         net (fo=1, routed)           0.152     1.820    u_fir_wrap/u_fir_compiler/U0/i_synth/g_single_rate.i_single_rate/g_semi_parallel_and_smac.g_paths[0].g_mem_array[13].i_mem/g_individual.i_mem_a/DATA_IN[15]
    SLICE_X66Y58         SRL16E                                       r  u_fir_wrap/u_fir_compiler/U0/i_synth/g_single_rate.i_single_rate/g_semi_parallel_and_smac.g_paths[0].g_mem_array[13].i_mem/g_individual.i_mem_a/gen_srl16.gen_mem.mem_reg[3][15]_srl4/D
  -------------------------------------------------------------------    -------------------

                         (clock processing_clk rise edge)
                                                      0.000     0.000 r  
    Y9                                                0.000     0.000 r  processing_clk (IN)
                         net (fo=0)                   0.000     0.000    processing_clk
    Y9                   IBUF (Prop_ibuf_I_O)         0.448     0.448 r  processing_clk_IBUF_inst/O
                         net (fo=1, routed)           0.719     1.167    processing_clk_IBUF
    BUFGCTRL_X0Y0        BUFG (Prop_bufg_I_O)         0.029     1.196 r  processing_clk_IBUF_BUFG_inst/O
                         net (fo=3610, routed)        0.849     2.045    u_fir_wrap/u_fir_compiler/U0/i_synth/g_single_rate.i_single_rate/g_semi_parallel_and_smac.g_paths[0].g_mem_array[13].i_mem/g_individual.i_mem_a/CLK
    SLICE_X66Y58         SRL16E                                       r  u_fir_wrap/u_fir_compiler/U0/i_synth/g_single_rate.i_single_rate/g_semi_parallel_and_smac.g_paths[0].g_mem_array[13].i_mem/g_individual.i_mem_a/gen_srl16.gen_mem.mem_reg[3][15]_srl4/CLK
                         clock pessimism             -0.502     1.543    
    SLICE_X66Y58         SRL16E (Hold_srl16e_CLK_D)
                                                      0.183     1.726    u_fir_wrap/u_fir_compiler/U0/i_synth/g_single_rate.i_single_rate/g_semi_parallel_and_smac.g_paths[0].g_mem_array[13].i_mem/g_individual.i_mem_a/gen_srl16.gen_mem.mem_reg[3][15]_srl4
  -------------------------------------------------------------------
                         required time                         -1.726    
                         arrival time                           1.820    
  -------------------------------------------------------------------
                         slack                                  0.094    

Slack (MET) :             0.094ns  (arrival time - required time)
  Source:                 u_fir_wrap/u_fir_compiler/U0/i_synth/g_single_rate.i_single_rate/g_semi_parallel_and_smac.g_paths[0].g_data_array.g_madd[15].g_sym_data.g_sym_data_casc.i_data_sym_casc_dly/g_buff.i_buff/gen_reg.d_reg_reg[7]/C
                            (rising edge-triggered cell FDRE clocked by processing_clk  {rise@0.000ns fall@5.000ns period=10.000ns})
  Destination:            u_fir_wrap/u_fir_compiler/U0/i_synth/g_single_rate.i_single_rate/g_semi_parallel_and_smac.g_paths[0].g_mem_array[15].i_mem/g_individual.g_mem_b.i_mem_b/gen_srl16.gen_mem.mem_reg[3][7]_srl4/D
                            (rising edge-triggered cell SRL16E clocked by processing_clk  {rise@0.000ns fall@5.000ns period=10.000ns})
  Path Group:             processing_clk
  Path Type:              Hold (Min at Fast Process Corner)
  Requirement:            0.000ns  (processing_clk rise@0.000ns - processing_clk rise@0.000ns)
  Data Path Delay:        0.239ns  (logic 0.128ns (53.624%)  route 0.111ns (46.376%))
  Logic Levels:           0  
  Clock Path Skew:        0.015ns (DCD - SCD - CPR)
    Destination Clock Delay (DCD):    2.040ns
    Source Clock Delay      (SCD):    1.522ns
    Clock Pessimism Removal (CPR):    0.503ns

    Location             Delay type                Incr(ns)  Path(ns)    Netlist Resource(s)
  -------------------------------------------------------------------    -------------------
                         (clock processing_clk rise edge)
                                                      0.000     0.000 r  
    Y9                                                0.000     0.000 r  processing_clk (IN)
                         net (fo=0)                   0.000     0.000    processing_clk
    Y9                   IBUF (Prop_ibuf_I_O)         0.259     0.259 r  processing_clk_IBUF_inst/O
                         net (fo=1, routed)           0.663     0.922    processing_clk_IBUF
    BUFGCTRL_X0Y0        BUFG (Prop_bufg_I_O)         0.026     0.948 r  processing_clk_IBUF_BUFG_inst/O
                         net (fo=3610, routed)        0.575     1.522    u_fir_wrap/u_fir_compiler/U0/i_synth/g_single_rate.i_single_rate/g_semi_parallel_and_smac.g_paths[0].g_data_array.g_madd[15].g_sym_data.g_sym_data_casc.i_data_sym_casc_dly/g_buff.i_buff/aclk
    SLICE_X59Y64         FDRE                                         r  u_fir_wrap/u_fir_compiler/U0/i_synth/g_single_rate.i_single_rate/g_semi_parallel_and_smac.g_paths[0].g_data_array.g_madd[15].g_sym_data.g_sym_data_casc.i_data_sym_casc_dly/g_buff.i_buff/gen_reg.d_reg_reg[7]/C
  -------------------------------------------------------------------    -------------------
    SLICE_X59Y64         FDRE (Prop_fdre_C_Q)         0.128     1.650 r  u_fir_wrap/u_fir_compiler/U0/i_synth/g_single_rate.i_single_rate/g_semi_parallel_and_smac.g_paths[0].g_data_array.g_madd[15].g_sym_data.g_sym_data_casc.i_data_sym_casc_dly/g_buff.i_buff/gen_reg.d_reg_reg[7]/Q
                         net (fo=1, routed)           0.111     1.761    u_fir_wrap/u_fir_compiler/U0/i_synth/g_single_rate.i_single_rate/g_semi_parallel_and_smac.g_paths[0].g_mem_array[15].i_mem/g_individual.g_mem_b.i_mem_b/DATA_IN[7]
    SLICE_X58Y63         SRL16E                                       r  u_fir_wrap/u_fir_compiler/U0/i_synth/g_single_rate.i_single_rate/g_semi_parallel_and_smac.g_paths[0].g_mem_array[15].i_mem/g_individual.g_mem_b.i_mem_b/gen_srl16.gen_mem.mem_reg[3][7]_srl4/D
  -------------------------------------------------------------------    -------------------

                         (clock processing_clk rise edge)
                                                      0.000     0.000 r  
    Y9                                                0.000     0.000 r  processing_clk (IN)
                         net (fo=0)                   0.000     0.000    processing_clk
    Y9                   IBUF (Prop_ibuf_I_O)         0.448     0.448 r  processing_clk_IBUF_inst/O
                         net (fo=1, routed)           0.719     1.167    processing_clk_IBUF
    BUFGCTRL_X0Y0        BUFG (Prop_bufg_I_O)         0.029     1.196 r  processing_clk_IBUF_BUFG_inst/O
                         net (fo=3610, routed)        0.844     2.040    u_fir_wrap/u_fir_compiler/U0/i_synth/g_single_rate.i_single_rate/g_semi_parallel_and_smac.g_paths[0].g_mem_array[15].i_mem/g_individual.g_mem_b.i_mem_b/CLK
    SLICE_X58Y63         SRL16E                                       r  u_fir_wrap/u_fir_compiler/U0/i_synth/g_single_rate.i_single_rate/g_semi_parallel_and_smac.g_paths[0].g_mem_array[15].i_mem/g_individual.g_mem_b.i_mem_b/gen_srl16.gen_mem.mem_reg[3][7]_srl4/CLK
                         clock pessimism             -0.503     1.537    
    SLICE_X58Y63         SRL16E (Hold_srl16e_CLK_D)
                                                      0.130     1.667    u_fir_wrap/u_fir_compiler/U0/i_synth/g_single_rate.i_single_rate/g_semi_parallel_and_smac.g_paths[0].g_mem_array[15].i_mem/g_individual.g_mem_b.i_mem_b/gen_srl16.gen_mem.mem_reg[3][7]_srl4
  -------------------------------------------------------------------
                         required time                         -1.667    
                         arrival time                           1.761    
  -------------------------------------------------------------------
                         slack                                  0.094    

Slack (MET) :             0.094ns  (arrival time - required time)
  Source:                 u_fir_wrap/u_fir_compiler/U0/i_synth/g_single_rate.i_single_rate/g_semi_parallel_and_smac.g_paths[0].g_data_array.g_madd[8].g_data.i_data_casc_dly/g_buff.i_buff/gen_dly.gen_shiftreg.gen_rtl_delay.delay_bus_reg[1][15]/C
                            (rising edge-triggered cell FDRE clocked by processing_clk  {rise@0.000ns fall@5.000ns period=10.000ns})
  Destination:            u_fir_wrap/u_fir_compiler/U0/i_synth/g_single_rate.i_single_rate/g_semi_parallel_and_smac.g_paths[0].g_mem_array[9].i_mem/g_individual.i_mem_a/gen_srl16.gen_mem.mem_reg[3][15]_srl4/D
                            (rising edge-triggered cell SRL16E clocked by processing_clk  {rise@0.000ns fall@5.000ns period=10.000ns})
  Path Group:             processing_clk
  Path Type:              Hold (Min at Fast Process Corner)
  Requirement:            0.000ns  (processing_clk rise@0.000ns - processing_clk rise@0.000ns)
  Data Path Delay:        0.293ns  (logic 0.141ns (48.076%)  route 0.152ns (51.925%))
  Logic Levels:           0  
  Clock Path Skew:        0.016ns (DCD - SCD - CPR)
    Destination Clock Delay (DCD):    2.048ns
    Source Clock Delay      (SCD):    1.531ns
    Clock Pessimism Removal (CPR):    0.501ns

    Location             Delay type                Incr(ns)  Path(ns)    Netlist Resource(s)
  -------------------------------------------------------------------    -------------------
                         (clock processing_clk rise edge)
                                                      0.000     0.000 r  
    Y9                                                0.000     0.000 r  processing_clk (IN)
                         net (fo=0)                   0.000     0.000    processing_clk
    Y9                   IBUF (Prop_ibuf_I_O)         0.259     0.259 r  processing_clk_IBUF_inst/O
                         net (fo=1, routed)           0.663     0.922    processing_clk_IBUF
    BUFGCTRL_X0Y0        BUFG (Prop_bufg_I_O)         0.026     0.948 r  processing_clk_IBUF_BUFG_inst/O
                         net (fo=3610, routed)        0.584     1.531    u_fir_wrap/u_fir_compiler/U0/i_synth/g_single_rate.i_single_rate/g_semi_parallel_and_smac.g_paths[0].g_data_array.g_madd[8].g_data.i_data_casc_dly/g_buff.i_buff/aclk
    SLICE_X65Y48         FDRE                                         r  u_fir_wrap/u_fir_compiler/U0/i_synth/g_single_rate.i_single_rate/g_semi_parallel_and_smac.g_paths[0].g_data_array.g_madd[8].g_data.i_data_casc_dly/g_buff.i_buff/gen_dly.gen_shiftreg.gen_rtl_delay.delay_bus_reg[1][15]/C
  -------------------------------------------------------------------    -------------------
    SLICE_X65Y48         FDRE (Prop_fdre_C_Q)         0.141     1.672 r  u_fir_wrap/u_fir_compiler/U0/i_synth/g_single_rate.i_single_rate/g_semi_parallel_and_smac.g_paths[0].g_data_array.g_madd[8].g_data.i_data_casc_dly/g_buff.i_buff/gen_dly.gen_shiftreg.gen_rtl_delay.delay_bus_reg[1][15]/Q
                         net (fo=1, routed)           0.152     1.825    u_fir_wrap/u_fir_compiler/U0/i_synth/g_single_rate.i_single_rate/g_semi_parallel_and_smac.g_paths[0].g_mem_array[9].i_mem/g_individual.i_mem_a/DATA_IN[15]
    SLICE_X66Y48         SRL16E                                       r  u_fir_wrap/u_fir_compiler/U0/i_synth/g_single_rate.i_single_rate/g_semi_parallel_and_smac.g_paths[0].g_mem_array[9].i_mem/g_individual.i_mem_a/gen_srl16.gen_mem.mem_reg[3][15]_srl4/D
  -------------------------------------------------------------------    -------------------

                         (clock processing_clk rise edge)
                                                      0.000     0.000 r  
    Y9                                                0.000     0.000 r  processing_clk (IN)
                         net (fo=0)                   0.000     0.000    processing_clk
    Y9                   IBUF (Prop_ibuf_I_O)         0.448     0.448 r  processing_clk_IBUF_inst/O
                         net (fo=1, routed)           0.719     1.167    processing_clk_IBUF
    BUFGCTRL_X0Y0        BUFG (Prop_bufg_I_O)         0.029     1.196 r  processing_clk_IBUF_BUFG_inst/O
                         net (fo=3610, routed)        0.852     2.048    u_fir_wrap/u_fir_compiler/U0/i_synth/g_single_rate.i_single_rate/g_semi_parallel_and_smac.g_paths[0].g_mem_array[9].i_mem/g_individual.i_mem_a/CLK
    SLICE_X66Y48         SRL16E                                       r  u_fir_wrap/u_fir_compiler/U0/i_synth/g_single_rate.i_single_rate/g_semi_parallel_and_smac.g_paths[0].g_mem_array[9].i_mem/g_individual.i_mem_a/gen_srl16.gen_mem.mem_reg[3][15]_srl4/CLK
                         clock pessimism             -0.501     1.547    
    SLICE_X66Y48         SRL16E (Hold_srl16e_CLK_D)
                                                      0.183     1.730    u_fir_wrap/u_fir_compiler/U0/i_synth/g_single_rate.i_single_rate/g_semi_parallel_and_smac.g_paths[0].g_mem_array[9].i_mem/g_individual.i_mem_a/gen_srl16.gen_mem.mem_reg[3][15]_srl4
  -------------------------------------------------------------------
                         required time                         -1.730    
                         arrival time                           1.825    
  -------------------------------------------------------------------
                         slack                                  0.094    

Slack (MET) :             0.095ns  (arrival time - required time)
  Source:                 u_fir_wrap/u_fir_compiler/U0/i_synth/g_single_rate.i_single_rate/g_semi_parallel_and_smac.g_paths[0].g_data_array.g_madd[16].g_sym_data.g_sym_data_casc.i_data_sym_casc_dly/g_buff.i_buff/gen_reg.d_reg_reg[7]/C
                            (rising edge-triggered cell FDRE clocked by processing_clk  {rise@0.000ns fall@5.000ns period=10.000ns})
  Destination:            u_fir_wrap/u_fir_compiler/U0/i_synth/g_single_rate.i_single_rate/g_semi_parallel_and_smac.g_paths[0].g_mem_array[16].i_mem/g_individual.g_mem_b.i_mem_b/gen_srl16.gen_mem.mem_reg[3][7]_srl4/D
                            (rising edge-triggered cell SRL16E clocked by processing_clk  {rise@0.000ns fall@5.000ns period=10.000ns})
  Path Group:             processing_clk
  Path Type:              Hold (Min at Fast Process Corner)
  Requirement:            0.000ns  (processing_clk rise@0.000ns - processing_clk rise@0.000ns)
  Data Path Delay:        0.238ns  (logic 0.128ns (53.704%)  route 0.110ns (46.296%))
  Logic Levels:           0  
  Clock Path Skew:        0.013ns (DCD - SCD - CPR)
    Destination Clock Delay (DCD):    2.038ns
    Source Clock Delay      (SCD):    1.521ns
    Clock Pessimism Removal (CPR):    0.504ns

    Location             Delay type                Incr(ns)  Path(ns)    Netlist Resource(s)
  -------------------------------------------------------------------    -------------------
                         (clock processing_clk rise edge)
                                                      0.000     0.000 r  
    Y9                                                0.000     0.000 r  processing_clk (IN)
                         net (fo=0)                   0.000     0.000    processing_clk
    Y9                   IBUF (Prop_ibuf_I_O)         0.259     0.259 r  processing_clk_IBUF_inst/O
                         net (fo=1, routed)           0.663     0.922    processing_clk_IBUF
    BUFGCTRL_X0Y0        BUFG (Prop_bufg_I_O)         0.026     0.948 r  processing_clk_IBUF_BUFG_inst/O
                         net (fo=3610, routed)        0.574     1.521    u_fir_wrap/u_fir_compiler/U0/i_synth/g_single_rate.i_single_rate/g_semi_parallel_and_smac.g_paths[0].g_data_array.g_madd[16].g_sym_data.g_sym_data_casc.i_data_sym_casc_dly/g_buff.i_buff/aclk
    SLICE_X59Y66         FDRE                                         r  u_fir_wrap/u_fir_compiler/U0/i_synth/g_single_rate.i_single_rate/g_semi_parallel_and_smac.g_paths[0].g_data_array.g_madd[16].g_sym_data.g_sym_data_casc.i_data_sym_casc_dly/g_buff.i_buff/gen_reg.d_reg_reg[7]/C
  -------------------------------------------------------------------    -------------------
    SLICE_X59Y66         FDRE (Prop_fdre_C_Q)         0.128     1.649 r  u_fir_wrap/u_fir_compiler/U0/i_synth/g_single_rate.i_single_rate/g_semi_parallel_and_smac.g_paths[0].g_data_array.g_madd[16].g_sym_data.g_sym_data_casc.i_data_sym_casc_dly/g_buff.i_buff/gen_reg.d_reg_reg[7]/Q
                         net (fo=1, routed)           0.110     1.760    u_fir_wrap/u_fir_compiler/U0/i_synth/g_single_rate.i_single_rate/g_semi_parallel_and_smac.g_paths[0].g_mem_array[16].i_mem/g_individual.g_mem_b.i_mem_b/DATA_IN[7]
    SLICE_X58Y66         SRL16E                                       r  u_fir_wrap/u_fir_compiler/U0/i_synth/g_single_rate.i_single_rate/g_semi_parallel_and_smac.g_paths[0].g_mem_array[16].i_mem/g_individual.g_mem_b.i_mem_b/gen_srl16.gen_mem.mem_reg[3][7]_srl4/D
  -------------------------------------------------------------------    -------------------

                         (clock processing_clk rise edge)
                                                      0.000     0.000 r  
    Y9                                                0.000     0.000 r  processing_clk (IN)
                         net (fo=0)                   0.000     0.000    processing_clk
    Y9                   IBUF (Prop_ibuf_I_O)         0.448     0.448 r  processing_clk_IBUF_inst/O
                         net (fo=1, routed)           0.719     1.167    processing_clk_IBUF
    BUFGCTRL_X0Y0        BUFG (Prop_bufg_I_O)         0.029     1.196 r  processing_clk_IBUF_BUFG_inst/O
                         net (fo=3610, routed)        0.842     2.038    u_fir_wrap/u_fir_compiler/U0/i_synth/g_single_rate.i_single_rate/g_semi_parallel_and_smac.g_paths[0].g_mem_array[16].i_mem/g_individual.g_mem_b.i_mem_b/CLK
    SLICE_X58Y66         SRL16E                                       r  u_fir_wrap/u_fir_compiler/U0/i_synth/g_single_rate.i_single_rate/g_semi_parallel_and_smac.g_paths[0].g_mem_array[16].i_mem/g_individual.g_mem_b.i_mem_b/gen_srl16.gen_mem.mem_reg[3][7]_srl4/CLK
                         clock pessimism             -0.504     1.534    
    SLICE_X58Y66         SRL16E (Hold_srl16e_CLK_D)
                                                      0.130     1.664    u_fir_wrap/u_fir_compiler/U0/i_synth/g_single_rate.i_single_rate/g_semi_parallel_and_smac.g_paths[0].g_mem_array[16].i_mem/g_individual.g_mem_b.i_mem_b/gen_srl16.gen_mem.mem_reg[3][7]_srl4
  -------------------------------------------------------------------
                         required time                         -1.664    
                         arrival time                           1.760    
  -------------------------------------------------------------------
                         slack                                  0.095    

Slack (MET) :             0.095ns  (arrival time - required time)
  Source:                 u_fir_wrap/u_fir_compiler/U0/i_synth/g_single_rate.i_single_rate/g_semi_parallel_and_smac.g_paths[0].g_data_array.g_madd[18].g_sym_data.g_sym_data_casc.i_data_sym_casc_dly/g_buff.i_buff/gen_reg.d_reg_reg[7]/C
                            (rising edge-triggered cell FDRE clocked by processing_clk  {rise@0.000ns fall@5.000ns period=10.000ns})
  Destination:            u_fir_wrap/u_fir_compiler/U0/i_synth/g_single_rate.i_single_rate/g_semi_parallel_and_smac.g_paths[0].g_mem_array[18].i_mem/g_individual.g_mem_b.i_mem_b/gen_srl16.gen_mem.mem_reg[3][7]_srl4/D
                            (rising edge-triggered cell SRL16E clocked by processing_clk  {rise@0.000ns fall@5.000ns period=10.000ns})
  Path Group:             processing_clk
  Path Type:              Hold (Min at Fast Process Corner)
  Requirement:            0.000ns  (processing_clk rise@0.000ns - processing_clk rise@0.000ns)
  Data Path Delay:        0.238ns  (logic 0.128ns (53.704%)  route 0.110ns (46.296%))
  Logic Levels:           0  
  Clock Path Skew:        0.013ns (DCD - SCD - CPR)
    Destination Clock Delay (DCD):    2.033ns
    Source Clock Delay      (SCD):    1.516ns
    Clock Pessimism Removal (CPR):    0.504ns

    Location             Delay type                Incr(ns)  Path(ns)    Netlist Resource(s)
  -------------------------------------------------------------------    -------------------
                         (clock processing_clk rise edge)
                                                      0.000     0.000 r  
    Y9                                                0.000     0.000 r  processing_clk (IN)
                         net (fo=0)                   0.000     0.000    processing_clk
    Y9                   IBUF (Prop_ibuf_I_O)         0.259     0.259 r  processing_clk_IBUF_inst/O
                         net (fo=1, routed)           0.663     0.922    processing_clk_IBUF
    BUFGCTRL_X0Y0        BUFG (Prop_bufg_I_O)         0.026     0.948 r  processing_clk_IBUF_BUFG_inst/O
                         net (fo=3610, routed)        0.569     1.516    u_fir_wrap/u_fir_compiler/U0/i_synth/g_single_rate.i_single_rate/g_semi_parallel_and_smac.g_paths[0].g_data_array.g_madd[18].g_sym_data.g_sym_data_casc.i_data_sym_casc_dly/g_buff.i_buff/aclk
    SLICE_X59Y71         FDRE                                         r  u_fir_wrap/u_fir_compiler/U0/i_synth/g_single_rate.i_single_rate/g_semi_parallel_and_smac.g_paths[0].g_data_array.g_madd[18].g_sym_data.g_sym_data_casc.i_data_sym_casc_dly/g_buff.i_buff/gen_reg.d_reg_reg[7]/C
  -------------------------------------------------------------------    -------------------
    SLICE_X59Y71         FDRE (Prop_fdre_C_Q)         0.128     1.644 r  u_fir_wrap/u_fir_compiler/U0/i_synth/g_single_rate.i_single_rate/g_semi_parallel_and_smac.g_paths[0].g_data_array.g_madd[18].g_sym_data.g_sym_data_casc.i_data_sym_casc_dly/g_buff.i_buff/gen_reg.d_reg_reg[7]/Q
                         net (fo=1, routed)           0.110     1.755    u_fir_wrap/u_fir_compiler/U0/i_synth/g_single_rate.i_single_rate/g_semi_parallel_and_smac.g_paths[0].g_mem_array[18].i_mem/g_individual.g_mem_b.i_mem_b/DATA_IN[7]
    SLICE_X58Y71         SRL16E                                       r  u_fir_wrap/u_fir_compiler/U0/i_synth/g_single_rate.i_single_rate/g_semi_parallel_and_smac.g_paths[0].g_mem_array[18].i_mem/g_individual.g_mem_b.i_mem_b/gen_srl16.gen_mem.mem_reg[3][7]_srl4/D
  -------------------------------------------------------------------    -------------------

                         (clock processing_clk rise edge)
                                                      0.000     0.000 r  
    Y9                                                0.000     0.000 r  processing_clk (IN)
                         net (fo=0)                   0.000     0.000    processing_clk
    Y9                   IBUF (Prop_ibuf_I_O)         0.448     0.448 r  processing_clk_IBUF_inst/O
                         net (fo=1, routed)           0.719     1.167    processing_clk_IBUF
    BUFGCTRL_X0Y0        BUFG (Prop_bufg_I_O)         0.029     1.196 r  processing_clk_IBUF_BUFG_inst/O
                         net (fo=3610, routed)        0.837     2.033    u_fir_wrap/u_fir_compiler/U0/i_synth/g_single_rate.i_single_rate/g_semi_parallel_and_smac.g_paths[0].g_mem_array[18].i_mem/g_individual.g_mem_b.i_mem_b/CLK
    SLICE_X58Y71         SRL16E                                       r  u_fir_wrap/u_fir_compiler/U0/i_synth/g_single_rate.i_single_rate/g_semi_parallel_and_smac.g_paths[0].g_mem_array[18].i_mem/g_individual.g_mem_b.i_mem_b/gen_srl16.gen_mem.mem_reg[3][7]_srl4/CLK
                         clock pessimism             -0.504     1.529    
    SLICE_X58Y71         SRL16E (Hold_srl16e_CLK_D)
                                                      0.130     1.659    u_fir_wrap/u_fir_compiler/U0/i_synth/g_single_rate.i_single_rate/g_semi_parallel_and_smac.g_paths[0].g_mem_array[18].i_mem/g_individual.g_mem_b.i_mem_b/gen_srl16.gen_mem.mem_reg[3][7]_srl4
  -------------------------------------------------------------------
                         required time                         -1.659    
                         arrival time                           1.755    
  -------------------------------------------------------------------
                         slack                                  0.095    

Slack (MET) :             0.095ns  (arrival time - required time)
  Source:                 u_fir_wrap/u_fir_compiler/U0/i_synth/g_single_rate.i_single_rate/g_semi_parallel_and_smac.g_paths[0].g_data_array.g_madd[14].g_sym_data.g_sym_data_casc.i_data_sym_casc_dly/g_buff.i_buff/gen_reg.d_reg_reg[7]/C
                            (rising edge-triggered cell FDRE clocked by processing_clk  {rise@0.000ns fall@5.000ns period=10.000ns})
  Destination:            u_fir_wrap/u_fir_compiler/U0/i_synth/g_single_rate.i_single_rate/g_semi_parallel_and_smac.g_paths[0].g_mem_array[14].i_mem/g_individual.g_mem_b.i_mem_b/gen_srl16.gen_mem.mem_reg[3][7]_srl4/D
                            (rising edge-triggered cell SRL16E clocked by processing_clk  {rise@0.000ns fall@5.000ns period=10.000ns})
  Path Group:             processing_clk
  Path Type:              Hold (Min at Fast Process Corner)
  Requirement:            0.000ns  (processing_clk rise@0.000ns - processing_clk rise@0.000ns)
  Data Path Delay:        0.238ns  (logic 0.128ns (53.704%)  route 0.110ns (46.296%))
  Logic Levels:           0  
  Clock Path Skew:        0.013ns (DCD - SCD - CPR)
    Destination Clock Delay (DCD):    2.043ns
    Source Clock Delay      (SCD):    1.524ns
    Clock Pessimism Removal (CPR):    0.506ns

    Location             Delay type                Incr(ns)  Path(ns)    Netlist Resource(s)
  -------------------------------------------------------------------    -------------------
                         (clock processing_clk rise edge)
                                                      0.000     0.000 r  
    Y9                                                0.000     0.000 r  processing_clk (IN)
                         net (fo=0)                   0.000     0.000    processing_clk
    Y9                   IBUF (Prop_ibuf_I_O)         0.259     0.259 r  processing_clk_IBUF_inst/O
                         net (fo=1, routed)           0.663     0.922    processing_clk_IBUF
    BUFGCTRL_X0Y0        BUFG (Prop_bufg_I_O)         0.026     0.948 r  processing_clk_IBUF_BUFG_inst/O
                         net (fo=3610, routed)        0.577     1.524    u_fir_wrap/u_fir_compiler/U0/i_synth/g_single_rate.i_single_rate/g_semi_parallel_and_smac.g_paths[0].g_data_array.g_madd[14].g_sym_data.g_sym_data_casc.i_data_sym_casc_dly/g_buff.i_buff/aclk
    SLICE_X59Y61         FDRE                                         r  u_fir_wrap/u_fir_compiler/U0/i_synth/g_single_rate.i_single_rate/g_semi_parallel_and_smac.g_paths[0].g_data_array.g_madd[14].g_sym_data.g_sym_data_casc.i_data_sym_casc_dly/g_buff.i_buff/gen_reg.d_reg_reg[7]/C
  -------------------------------------------------------------------    -------------------
    SLICE_X59Y61         FDRE (Prop_fdre_C_Q)         0.128     1.652 r  u_fir_wrap/u_fir_compiler/U0/i_synth/g_single_rate.i_single_rate/g_semi_parallel_and_smac.g_paths[0].g_data_array.g_madd[14].g_sym_data.g_sym_data_casc.i_data_sym_casc_dly/g_buff.i_buff/gen_reg.d_reg_reg[7]/Q
                         net (fo=1, routed)           0.110     1.763    u_fir_wrap/u_fir_compiler/U0/i_synth/g_single_rate.i_single_rate/g_semi_parallel_and_smac.g_paths[0].g_mem_array[14].i_mem/g_individual.g_mem_b.i_mem_b/DATA_IN[7]
    SLICE_X58Y61         SRL16E                                       r  u_fir_wrap/u_fir_compiler/U0/i_synth/g_single_rate.i_single_rate/g_semi_parallel_and_smac.g_paths[0].g_mem_array[14].i_mem/g_individual.g_mem_b.i_mem_b/gen_srl16.gen_mem.mem_reg[3][7]_srl4/D
  -------------------------------------------------------------------    -------------------

                         (clock processing_clk rise edge)
                                                      0.000     0.000 r  
    Y9                                                0.000     0.000 r  processing_clk (IN)
                         net (fo=0)                   0.000     0.000    processing_clk
    Y9                   IBUF (Prop_ibuf_I_O)         0.448     0.448 r  processing_clk_IBUF_inst/O
                         net (fo=1, routed)           0.719     1.167    processing_clk_IBUF
    BUFGCTRL_X0Y0        BUFG (Prop_bufg_I_O)         0.029     1.196 r  processing_clk_IBUF_BUFG_inst/O
                         net (fo=3610, routed)        0.847     2.043    u_fir_wrap/u_fir_compiler/U0/i_synth/g_single_rate.i_single_rate/g_semi_parallel_and_smac.g_paths[0].g_mem_array[14].i_mem/g_individual.g_mem_b.i_mem_b/CLK
    SLICE_X58Y61         SRL16E                                       r  u_fir_wrap/u_fir_compiler/U0/i_synth/g_single_rate.i_single_rate/g_semi_parallel_and_smac.g_paths[0].g_mem_array[14].i_mem/g_individual.g_mem_b.i_mem_b/gen_srl16.gen_mem.mem_reg[3][7]_srl4/CLK
                         clock pessimism             -0.506     1.537    
    SLICE_X58Y61         SRL16E (Hold_srl16e_CLK_D)
                                                      0.130     1.667    u_fir_wrap/u_fir_compiler/U0/i_synth/g_single_rate.i_single_rate/g_semi_parallel_and_smac.g_paths[0].g_mem_array[14].i_mem/g_individual.g_mem_b.i_mem_b/gen_srl16.gen_mem.mem_reg[3][7]_srl4
  -------------------------------------------------------------------
                         required time                         -1.667    
                         arrival time                           1.763    
  -------------------------------------------------------------------
                         slack                                  0.095    

Slack (MET) :             0.095ns  (arrival time - required time)
  Source:                 u_fir_wrap/u_fir_compiler/U0/i_synth/g_single_rate.i_single_rate/g_semi_parallel_and_smac.g_paths[0].g_data_array.g_madd[10].g_sym_data.g_sym_data_casc.i_data_sym_casc_dly/g_buff.i_buff/gen_reg.d_reg_reg[7]/C
                            (rising edge-triggered cell FDRE clocked by processing_clk  {rise@0.000ns fall@5.000ns period=10.000ns})
  Destination:            u_fir_wrap/u_fir_compiler/U0/i_synth/g_single_rate.i_single_rate/g_semi_parallel_and_smac.g_paths[0].g_mem_array[10].i_mem/g_individual.g_mem_b.i_mem_b/gen_srl16.gen_mem.mem_reg[3][7]_srl4/D
                            (rising edge-triggered cell SRL16E clocked by processing_clk  {rise@0.000ns fall@5.000ns period=10.000ns})
  Path Group:             processing_clk
  Path Type:              Hold (Min at Fast Process Corner)
  Requirement:            0.000ns  (processing_clk rise@0.000ns - processing_clk rise@0.000ns)
  Data Path Delay:        0.238ns  (logic 0.128ns (53.704%)  route 0.110ns (46.296%))
  Logic Levels:           0  
  Clock Path Skew:        0.013ns (DCD - SCD - CPR)
    Destination Clock Delay (DCD):    2.046ns
    Source Clock Delay      (SCD):    1.527ns
    Clock Pessimism Removal (CPR):    0.506ns

    Location             Delay type                Incr(ns)  Path(ns)    Netlist Resource(s)
  -------------------------------------------------------------------    -------------------
                         (clock processing_clk rise edge)
                                                      0.000     0.000 r  
    Y9                                                0.000     0.000 r  processing_clk (IN)
                         net (fo=0)                   0.000     0.000    processing_clk
    Y9                   IBUF (Prop_ibuf_I_O)         0.259     0.259 r  processing_clk_IBUF_inst/O
                         net (fo=1, routed)           0.663     0.922    processing_clk_IBUF
    BUFGCTRL_X0Y0        BUFG (Prop_bufg_I_O)         0.026     0.948 r  processing_clk_IBUF_BUFG_inst/O
                         net (fo=3610, routed)        0.580     1.527    u_fir_wrap/u_fir_compiler/U0/i_synth/g_single_rate.i_single_rate/g_semi_parallel_and_smac.g_paths[0].g_data_array.g_madd[10].g_sym_data.g_sym_data_casc.i_data_sym_casc_dly/g_buff.i_buff/aclk
    SLICE_X59Y51         FDRE                                         r  u_fir_wrap/u_fir_compiler/U0/i_synth/g_single_rate.i_single_rate/g_semi_parallel_and_smac.g_paths[0].g_data_array.g_madd[10].g_sym_data.g_sym_data_casc.i_data_sym_casc_dly/g_buff.i_buff/gen_reg.d_reg_reg[7]/C
  -------------------------------------------------------------------    -------------------
    SLICE_X59Y51         FDRE (Prop_fdre_C_Q)         0.128     1.655 r  u_fir_wrap/u_fir_compiler/U0/i_synth/g_single_rate.i_single_rate/g_semi_parallel_and_smac.g_paths[0].g_data_array.g_madd[10].g_sym_data.g_sym_data_casc.i_data_sym_casc_dly/g_buff.i_buff/gen_reg.d_reg_reg[7]/Q
                         net (fo=1, routed)           0.110     1.766    u_fir_wrap/u_fir_compiler/U0/i_synth/g_single_rate.i_single_rate/g_semi_parallel_and_smac.g_paths[0].g_mem_array[10].i_mem/g_individual.g_mem_b.i_mem_b/DATA_IN[7]
    SLICE_X58Y51         SRL16E                                       r  u_fir_wrap/u_fir_compiler/U0/i_synth/g_single_rate.i_single_rate/g_semi_parallel_and_smac.g_paths[0].g_mem_array[10].i_mem/g_individual.g_mem_b.i_mem_b/gen_srl16.gen_mem.mem_reg[3][7]_srl4/D
  -------------------------------------------------------------------    -------------------

                         (clock processing_clk rise edge)
                                                      0.000     0.000 r  
    Y9                                                0.000     0.000 r  processing_clk (IN)
                         net (fo=0)                   0.000     0.000    processing_clk
    Y9                   IBUF (Prop_ibuf_I_O)         0.448     0.448 r  processing_clk_IBUF_inst/O
                         net (fo=1, routed)           0.719     1.167    processing_clk_IBUF
    BUFGCTRL_X0Y0        BUFG (Prop_bufg_I_O)         0.029     1.196 r  processing_clk_IBUF_BUFG_inst/O
                         net (fo=3610, routed)        0.850     2.046    u_fir_wrap/u_fir_compiler/U0/i_synth/g_single_rate.i_single_rate/g_semi_parallel_and_smac.g_paths[0].g_mem_array[10].i_mem/g_individual.g_mem_b.i_mem_b/CLK
    SLICE_X58Y51         SRL16E                                       r  u_fir_wrap/u_fir_compiler/U0/i_synth/g_single_rate.i_single_rate/g_semi_parallel_and_smac.g_paths[0].g_mem_array[10].i_mem/g_individual.g_mem_b.i_mem_b/gen_srl16.gen_mem.mem_reg[3][7]_srl4/CLK
                         clock pessimism             -0.506     1.540    
    SLICE_X58Y51         SRL16E (Hold_srl16e_CLK_D)
                                                      0.130     1.670    u_fir_wrap/u_fir_compiler/U0/i_synth/g_single_rate.i_single_rate/g_semi_parallel_and_smac.g_paths[0].g_mem_array[10].i_mem/g_individual.g_mem_b.i_mem_b/gen_srl16.gen_mem.mem_reg[3][7]_srl4
  -------------------------------------------------------------------
                         required time                         -1.670    
                         arrival time                           1.766    
  -------------------------------------------------------------------
                         slack                                  0.095    





Pulse Width Checks
--------------------------------------------------------------------------------------
Clock Name:         processing_clk
Waveform(ns):       { 0.000 5.000 }
Period(ns):         10.000
Sources:            { processing_clk }

Check Type        Corner  Lib Pin             Reference Pin  Required(ns)  Actual(ns)  Slack(ns)  Location      Pin
Min Period        n/a     RAMB36E1/CLKBWRCLK  n/a            2.389         10.000      7.611      RAMB36_X2Y7   u_fifo_wrap/u_fifo_generator_0/U0/inst_fifo_gen/gconvfifo.rf/grf.rf/gntv_or_sync_fifo.mem/gbm.gbmg.gbmga.ngecc.bmg/inst_blk_mem_gen/gnbram.gnativebmg.native_blk_mem_gen/valid.cstr/ramloop[16].ram.r/prim_noinit.ram/DEVICE_7SERIES.NO_BMM_INFO.SDP.CASCADED_PRIM36.ram_B/CLKBWRCLK
Min Period        n/a     RAMB36E1/CLKBWRCLK  n/a            2.389         10.000      7.611      RAMB36_X2Y8   u_fifo_wrap/u_fifo_generator_0/U0/inst_fifo_gen/gconvfifo.rf/grf.rf/gntv_or_sync_fifo.mem/gbm.gbmg.gbmga.ngecc.bmg/inst_blk_mem_gen/gnbram.gnativebmg.native_blk_mem_gen/valid.cstr/ramloop[16].ram.r/prim_noinit.ram/DEVICE_7SERIES.NO_BMM_INFO.SDP.CASCADED_PRIM36.ram_T/CLKBWRCLK
Min Period        n/a     RAMB36E1/CLKBWRCLK  n/a            2.389         10.000      7.611      RAMB36_X1Y0   u_fifo_wrap/u_fifo_generator_0/U0/inst_fifo_gen/gconvfifo.rf/grf.rf/gntv_or_sync_fifo.mem/gbm.gbmg.gbmga.ngecc.bmg/inst_blk_mem_gen/gnbram.gnativebmg.native_blk_mem_gen/valid.cstr/ramloop[17].ram.r/prim_noinit.ram/DEVICE_7SERIES.NO_BMM_INFO.SDP.CASCADED_PRIM36.ram_B/CLKBWRCLK
Min Period        n/a     RAMB36E1/CLKBWRCLK  n/a            2.389         10.000      7.611      RAMB36_X1Y1   u_fifo_wrap/u_fifo_generator_0/U0/inst_fifo_gen/gconvfifo.rf/grf.rf/gntv_or_sync_fifo.mem/gbm.gbmg.gbmga.ngecc.bmg/inst_blk_mem_gen/gnbram.gnativebmg.native_blk_mem_gen/valid.cstr/ramloop[17].ram.r/prim_noinit.ram/DEVICE_7SERIES.NO_BMM_INFO.SDP.CASCADED_PRIM36.ram_T/CLKBWRCLK
Min Period        n/a     RAMB36E1/CLKBWRCLK  n/a            2.389         10.000      7.611      RAMB36_X3Y6   u_fifo_wrap/u_fifo_generator_0/U0/inst_fifo_gen/gconvfifo.rf/grf.rf/gntv_or_sync_fifo.mem/gbm.gbmg.gbmga.ngecc.bmg/inst_blk_mem_gen/gnbram.gnativebmg.native_blk_mem_gen/valid.cstr/ramloop[18].ram.r/prim_noinit.ram/DEVICE_7SERIES.NO_BMM_INFO.SDP.CASCADED_PRIM36.ram_B/CLKBWRCLK
Min Period        n/a     RAMB36E1/CLKBWRCLK  n/a            2.389         10.000      7.611      RAMB36_X3Y7   u_fifo_wrap/u_fifo_generator_0/U0/inst_fifo_gen/gconvfifo.rf/grf.rf/gntv_or_sync_fifo.mem/gbm.gbmg.gbmga.ngecc.bmg/inst_blk_mem_gen/gnbram.gnativebmg.native_blk_mem_gen/valid.cstr/ramloop[18].ram.r/prim_noinit.ram/DEVICE_7SERIES.NO_BMM_INFO.SDP.CASCADED_PRIM36.ram_T/CLKBWRCLK
Min Period        n/a     RAMB36E1/CLKBWRCLK  n/a            2.389         10.000      7.611      RAMB36_X3Y0   u_fifo_wrap/u_fifo_generator_0/U0/inst_fifo_gen/gconvfifo.rf/grf.rf/gntv_or_sync_fifo.mem/gbm.gbmg.gbmga.ngecc.bmg/inst_blk_mem_gen/gnbram.gnativebmg.native_blk_mem_gen/valid.cstr/ramloop[19].ram.r/prim_noinit.ram/DEVICE_7SERIES.NO_BMM_INFO.SDP.CASCADED_PRIM36.ram_B/CLKBWRCLK
Min Period        n/a     RAMB36E1/CLKBWRCLK  n/a            2.389         10.000      7.611      RAMB36_X3Y1   u_fifo_wrap/u_fifo_generator_0/U0/inst_fifo_gen/gconvfifo.rf/grf.rf/gntv_or_sync_fifo.mem/gbm.gbmg.gbmga.ngecc.bmg/inst_blk_mem_gen/gnbram.gnativebmg.native_blk_mem_gen/valid.cstr/ramloop[19].ram.r/prim_noinit.ram/DEVICE_7SERIES.NO_BMM_INFO.SDP.CASCADED_PRIM36.ram_T/CLKBWRCLK
Min Period        n/a     RAMB36E1/CLKBWRCLK  n/a            2.389         10.000      7.611      RAMB36_X3Y2   u_fifo_wrap/u_fifo_generator_0/U0/inst_fifo_gen/gconvfifo.rf/grf.rf/gntv_or_sync_fifo.mem/gbm.gbmg.gbmga.ngecc.bmg/inst_blk_mem_gen/gnbram.gnativebmg.native_blk_mem_gen/valid.cstr/ramloop[20].ram.r/prim_noinit.ram/DEVICE_7SERIES.NO_BMM_INFO.SDP.CASCADED_PRIM36.ram_B/CLKBWRCLK
Min Period        n/a     RAMB36E1/CLKBWRCLK  n/a            2.389         10.000      7.611      RAMB36_X3Y3   u_fifo_wrap/u_fifo_generator_0/U0/inst_fifo_gen/gconvfifo.rf/grf.rf/gntv_or_sync_fifo.mem/gbm.gbmg.gbmga.ngecc.bmg/inst_blk_mem_gen/gnbram.gnativebmg.native_blk_mem_gen/valid.cstr/ramloop[20].ram.r/prim_noinit.ram/DEVICE_7SERIES.NO_BMM_INFO.SDP.CASCADED_PRIM36.ram_T/CLKBWRCLK
Min Period        n/a     RAMB36E1/CLKBWRCLK  n/a            2.389         10.000      7.611      RAMB36_X3Y4   u_fifo_wrap/u_fifo_generator_0/U0/inst_fifo_gen/gconvfifo.rf/grf.rf/gntv_or_sync_fifo.mem/gbm.gbmg.gbmga.ngecc.bmg/inst_blk_mem_gen/gnbram.gnativebmg.native_blk_mem_gen/valid.cstr/ramloop[21].ram.r/prim_noinit.ram/DEVICE_7SERIES.NO_BMM_INFO.SDP.CASCADED_PRIM36.ram_B/CLKBWRCLK
Min Period        n/a     RAMB36E1/CLKBWRCLK  n/a            2.389         10.000      7.611      RAMB36_X3Y5   u_fifo_wrap/u_fifo_generator_0/U0/inst_fifo_gen/gconvfifo.rf/grf.rf/gntv_or_sync_fifo.mem/gbm.gbmg.gbmga.ngecc.bmg/inst_blk_mem_gen/gnbram.gnativebmg.native_blk_mem_gen/valid.cstr/ramloop[21].ram.r/prim_noinit.ram/DEVICE_7SERIES.NO_BMM_INFO.SDP.CASCADED_PRIM36.ram_T/CLKBWRCLK
Min Period        n/a     RAMB36E1/CLKBWRCLK  n/a            2.389         10.000      7.611      RAMB36_X2Y0   u_fifo_wrap/u_fifo_generator_0/U0/inst_fifo_gen/gconvfifo.rf/grf.rf/gntv_or_sync_fifo.mem/gbm.gbmg.gbmga.ngecc.bmg/inst_blk_mem_gen/gnbram.gnativebmg.native_blk_mem_gen/valid.cstr/ramloop[22].ram.r/prim_noinit.ram/DEVICE_7SERIES.NO_BMM_INFO.SDP.CASCADED_PRIM36.ram_B/CLKBWRCLK
Min Period        n/a     RAMB36E1/CLKBWRCLK  n/a            2.389         10.000      7.611      RAMB36_X2Y1   u_fifo_wrap/u_fifo_generator_0/U0/inst_fifo_gen/gconvfifo.rf/grf.rf/gntv_or_sync_fifo.mem/gbm.gbmg.gbmga.ngecc.bmg/inst_blk_mem_gen/gnbram.gnativebmg.native_blk_mem_gen/valid.cstr/ramloop[22].ram.r/prim_noinit.ram/DEVICE_7SERIES.NO_BMM_INFO.SDP.CASCADED_PRIM36.ram_T/CLKBWRCLK
Min Period        n/a     RAMB36E1/CLKBWRCLK  n/a            2.170         10.000      7.830      RAMB36_X1Y6   u_fifo_wrap/u_fifo_generator_0/U0/inst_fifo_gen/gconvfifo.rf/grf.rf/gntv_or_sync_fifo.mem/gbm.gbmg.gbmga.ngecc.bmg/inst_blk_mem_gen/gnbram.gnativebmg.native_blk_mem_gen/valid.cstr/ramloop[0].ram.r/prim_noinit.ram/DEVICE_7SERIES.NO_BMM_INFO.SDP.SIMPLE_PRIM36.ram/CLKBWRCLK
Min Period        n/a     RAMB36E1/CLKBWRCLK  n/a            2.170         10.000      7.830      RAMB36_X2Y4   u_fifo_wrap/u_fifo_generator_0/U0/inst_fifo_gen/gconvfifo.rf/grf.rf/gntv_or_sync_fifo.mem/gbm.gbmg.gbmga.ngecc.bmg/inst_blk_mem_gen/gnbram.gnativebmg.native_blk_mem_gen/valid.cstr/ramloop[10].ram.r/prim_noinit.ram/DEVICE_7SERIES.NO_BMM_INFO.SDP.SIMPLE_PRIM36.ram/CLKBWRCLK
Min Period        n/a     RAMB36E1/CLKBWRCLK  n/a            2.170         10.000      7.830      RAMB36_X1Y3   u_fifo_wrap/u_fifo_generator_0/U0/inst_fifo_gen/gconvfifo.rf/grf.rf/gntv_or_sync_fifo.mem/gbm.gbmg.gbmga.ngecc.bmg/inst_blk_mem_gen/gnbram.gnativebmg.native_blk_mem_gen/valid.cstr/ramloop[11].ram.r/prim_noinit.ram/DEVICE_7SERIES.NO_BMM_INFO.SDP.SIMPLE_PRIM36.ram/CLKBWRCLK
Min Period        n/a     RAMB36E1/CLKBWRCLK  n/a            2.170         10.000      7.830      RAMB36_X1Y7   u_fifo_wrap/u_fifo_generator_0/U0/inst_fifo_gen/gconvfifo.rf/grf.rf/gntv_or_sync_fifo.mem/gbm.gbmg.gbmga.ngecc.bmg/inst_blk_mem_gen/gnbram.gnativebmg.native_blk_mem_gen/valid.cstr/ramloop[12].ram.r/prim_noinit.ram/DEVICE_7SERIES.NO_BMM_INFO.SDP.SIMPLE_PRIM36.ram/CLKBWRCLK
Min Period        n/a     RAMB36E1/CLKBWRCLK  n/a            2.170         10.000      7.830      RAMB36_X2Y3   u_fifo_wrap/u_fifo_generator_0/U0/inst_fifo_gen/gconvfifo.rf/grf.rf/gntv_or_sync_fifo.mem/gbm.gbmg.gbmga.ngecc.bmg/inst_blk_mem_gen/gnbram.gnativebmg.native_blk_mem_gen/valid.cstr/ramloop[13].ram.r/prim_noinit.ram/DEVICE_7SERIES.NO_BMM_INFO.SDP.SIMPLE_PRIM36.ram/CLKBWRCLK
Min Period        n/a     RAMB36E1/CLKBWRCLK  n/a            2.170         10.000      7.830      RAMB36_X2Y6   u_fifo_wrap/u_fifo_generator_0/U0/inst_fifo_gen/gconvfifo.rf/grf.rf/gntv_or_sync_fifo.mem/gbm.gbmg.gbmga.ngecc.bmg/inst_blk_mem_gen/gnbram.gnativebmg.native_blk_mem_gen/valid.cstr/ramloop[14].ram.r/prim_noinit.ram/DEVICE_7SERIES.NO_BMM_INFO.SDP.SIMPLE_PRIM36.ram/CLKBWRCLK
Low Pulse Width   Slow    SRL16E/CLK          n/a            0.854         5.000       4.146      SLICE_X22Y28  u_fifo_wrap/u_fifo_generator_0/U0/inst_fifo_gen/gconvfifo.rf/grf.rf/gntv_or_sync_fifo.mem/gbm.gbmg.gbmga.ngecc.bmg/inst_blk_mem_gen/gnbram.gnativebmg.native_blk_mem_gen/valid.cstr/ramloop[22].ram.r/SAFETY_CKT_GEN.RSTB_SHFT_REG_reg[3]_srl3/CLK
Low Pulse Width   Fast    SRL16E/CLK          n/a            0.854         5.000       4.146      SLICE_X22Y28  u_fifo_wrap/u_fifo_generator_0/U0/inst_fifo_gen/gconvfifo.rf/grf.rf/gntv_or_sync_fifo.mem/gbm.gbmg.gbmga.ngecc.bmg/inst_blk_mem_gen/gnbram.gnativebmg.native_blk_mem_gen/valid.cstr/ramloop[22].ram.r/SAFETY_CKT_GEN.RSTB_SHFT_REG_reg[3]_srl3/CLK
Low Pulse Width   Slow    SRLC32E/CLK         n/a            0.854         5.000       4.146      SLICE_X58Y65  u_fir_wrap/u_fir_compiler/U0/i_synth/g_single_rate.i_single_rate/g_semi_parallel_and_smac.g_cntrl[20].cntrl_reg[20][0]_srl20/CLK
Low Pulse Width   Fast    SRLC32E/CLK         n/a            0.854         5.000       4.146      SLICE_X58Y65  u_fir_wrap/u_fir_compiler/U0/i_synth/g_single_rate.i_single_rate/g_semi_parallel_and_smac.g_cntrl[20].cntrl_reg[20][0]_srl20/CLK
Low Pulse Width   Slow    SRLC32E/CLK         n/a            0.854         5.000       4.146      SLICE_X58Y76  u_fir_wrap/u_fir_compiler/U0/i_synth/g_single_rate.i_single_rate/g_semi_parallel_and_smac.g_cntrl[20].cntrl_reg[20][8]_srl20/CLK
Low Pulse Width   Fast    SRLC32E/CLK         n/a            0.854         5.000       4.146      SLICE_X58Y76  u_fir_wrap/u_fir_compiler/U0/i_synth/g_single_rate.i_single_rate/g_semi_parallel_and_smac.g_cntrl[20].cntrl_reg[20][8]_srl20/CLK
Low Pulse Width   Slow    SRLC32E/CLK         n/a            0.854         5.000       4.146      SLICE_X58Y76  u_fir_wrap/u_fir_compiler/U0/i_synth/g_single_rate.i_single_rate/g_semi_parallel_and_smac.g_cntrl[20].cntrl_reg[20][9]_srl20/CLK
Low Pulse Width   Fast    SRLC32E/CLK         n/a            0.854         5.000       4.146      SLICE_X58Y76  u_fir_wrap/u_fir_compiler/U0/i_synth/g_single_rate.i_single_rate/g_semi_parallel_and_smac.g_cntrl[20].cntrl_reg[20][9]_srl20/CLK
Low Pulse Width   Slow    SRL16E/CLK          n/a            0.854         5.000       4.146      SLICE_X50Y25  u_fir_wrap/u_fir_compiler/U0/i_synth/g_single_rate.i_single_rate/g_s_data_chan_fifo.i_s_data_chan_fifo/fifo0/fifo_1_reg[15][0]_srl16/CLK
Low Pulse Width   Fast    SRL16E/CLK          n/a            0.854         5.000       4.146      SLICE_X50Y25  u_fir_wrap/u_fir_compiler/U0/i_synth/g_single_rate.i_single_rate/g_s_data_chan_fifo.i_s_data_chan_fifo/fifo0/fifo_1_reg[15][0]_srl16/CLK
Low Pulse Width   Slow    SRL16E/CLK          n/a            0.854         5.000       4.146      SLICE_X50Y26  u_fir_wrap/u_fir_compiler/U0/i_synth/g_single_rate.i_single_rate/g_s_data_chan_fifo.i_s_data_chan_fifo/fifo0/fifo_1_reg[15][10]_srl16/CLK
Low Pulse Width   Fast    SRL16E/CLK          n/a            0.854         5.000       4.146      SLICE_X50Y26  u_fir_wrap/u_fir_compiler/U0/i_synth/g_single_rate.i_single_rate/g_s_data_chan_fifo.i_s_data_chan_fifo/fifo0/fifo_1_reg[15][10]_srl16/CLK
Low Pulse Width   Slow    SRL16E/CLK          n/a            0.854         5.000       4.146      SLICE_X50Y26  u_fir_wrap/u_fir_compiler/U0/i_synth/g_single_rate.i_single_rate/g_s_data_chan_fifo.i_s_data_chan_fifo/fifo0/fifo_1_reg[15][11]_srl16/CLK
Low Pulse Width   Fast    SRL16E/CLK          n/a            0.854         5.000       4.146      SLICE_X50Y26  u_fir_wrap/u_fir_compiler/U0/i_synth/g_single_rate.i_single_rate/g_s_data_chan_fifo.i_s_data_chan_fifo/fifo0/fifo_1_reg[15][11]_srl16/CLK
Low Pulse Width   Slow    SRL16E/CLK          n/a            0.854         5.000       4.146      SLICE_X50Y26  u_fir_wrap/u_fir_compiler/U0/i_synth/g_single_rate.i_single_rate/g_s_data_chan_fifo.i_s_data_chan_fifo/fifo0/fifo_1_reg[15][12]_srl16/CLK
Low Pulse Width   Fast    SRL16E/CLK          n/a            0.854         5.000       4.146      SLICE_X50Y26  u_fir_wrap/u_fir_compiler/U0/i_synth/g_single_rate.i_single_rate/g_s_data_chan_fifo.i_s_data_chan_fifo/fifo0/fifo_1_reg[15][12]_srl16/CLK
Low Pulse Width   Slow    SRL16E/CLK          n/a            0.854         5.000       4.146      SLICE_X50Y26  u_fir_wrap/u_fir_compiler/U0/i_synth/g_single_rate.i_single_rate/g_s_data_chan_fifo.i_s_data_chan_fifo/fifo0/fifo_1_reg[15][13]_srl16/CLK
Low Pulse Width   Fast    SRL16E/CLK          n/a            0.854         5.000       4.146      SLICE_X50Y26  u_fir_wrap/u_fir_compiler/U0/i_synth/g_single_rate.i_single_rate/g_s_data_chan_fifo.i_s_data_chan_fifo/fifo0/fifo_1_reg[15][13]_srl16/CLK
Low Pulse Width   Slow    SRL16E/CLK          n/a            0.854         5.000       4.146      SLICE_X50Y26  u_fir_wrap/u_fir_compiler/U0/i_synth/g_single_rate.i_single_rate/g_s_data_chan_fifo.i_s_data_chan_fifo/fifo0/fifo_1_reg[15][14]_srl16/CLK
Low Pulse Width   Fast    SRL16E/CLK          n/a            0.854         5.000       4.146      SLICE_X50Y26  u_fir_wrap/u_fir_compiler/U0/i_synth/g_single_rate.i_single_rate/g_s_data_chan_fifo.i_s_data_chan_fifo/fifo0/fifo_1_reg[15][14]_srl16/CLK
High Pulse Width  Slow    SRL16E/CLK          n/a            0.854         5.000       4.146      SLICE_X22Y28  u_fifo_wrap/u_fifo_generator_0/U0/inst_fifo_gen/gconvfifo.rf/grf.rf/gntv_or_sync_fifo.mem/gbm.gbmg.gbmga.ngecc.bmg/inst_blk_mem_gen/gnbram.gnativebmg.native_blk_mem_gen/valid.cstr/ramloop[22].ram.r/SAFETY_CKT_GEN.RSTB_SHFT_REG_reg[3]_srl3/CLK
High Pulse Width  Fast    SRL16E/CLK          n/a            0.854         5.000       4.146      SLICE_X22Y28  u_fifo_wrap/u_fifo_generator_0/U0/inst_fifo_gen/gconvfifo.rf/grf.rf/gntv_or_sync_fifo.mem/gbm.gbmg.gbmga.ngecc.bmg/inst_blk_mem_gen/gnbram.gnativebmg.native_blk_mem_gen/valid.cstr/ramloop[22].ram.r/SAFETY_CKT_GEN.RSTB_SHFT_REG_reg[3]_srl3/CLK
High Pulse Width  Slow    SRLC32E/CLK         n/a            0.854         5.000       4.146      SLICE_X58Y65  u_fir_wrap/u_fir_compiler/U0/i_synth/g_single_rate.i_single_rate/g_semi_parallel_and_smac.g_cntrl[20].cntrl_reg[20][0]_srl20/CLK
High Pulse Width  Fast    SRLC32E/CLK         n/a            0.854         5.000       4.146      SLICE_X58Y65  u_fir_wrap/u_fir_compiler/U0/i_synth/g_single_rate.i_single_rate/g_semi_parallel_and_smac.g_cntrl[20].cntrl_reg[20][0]_srl20/CLK
High Pulse Width  Slow    SRLC32E/CLK         n/a            0.854         5.000       4.146      SLICE_X58Y76  u_fir_wrap/u_fir_compiler/U0/i_synth/g_single_rate.i_single_rate/g_semi_parallel_and_smac.g_cntrl[20].cntrl_reg[20][8]_srl20/CLK
High Pulse Width  Fast    SRLC32E/CLK         n/a            0.854         5.000       4.146      SLICE_X58Y76  u_fir_wrap/u_fir_compiler/U0/i_synth/g_single_rate.i_single_rate/g_semi_parallel_and_smac.g_cntrl[20].cntrl_reg[20][8]_srl20/CLK
High Pulse Width  Slow    SRLC32E/CLK         n/a            0.854         5.000       4.146      SLICE_X58Y76  u_fir_wrap/u_fir_compiler/U0/i_synth/g_single_rate.i_single_rate/g_semi_parallel_and_smac.g_cntrl[20].cntrl_reg[20][9]_srl20/CLK
High Pulse Width  Fast    SRLC32E/CLK         n/a            0.854         5.000       4.146      SLICE_X58Y76  u_fir_wrap/u_fir_compiler/U0/i_synth/g_single_rate.i_single_rate/g_semi_parallel_and_smac.g_cntrl[20].cntrl_reg[20][9]_srl20/CLK
High Pulse Width  Slow    SRL16E/CLK          n/a            0.854         5.000       4.146      SLICE_X50Y25  u_fir_wrap/u_fir_compiler/U0/i_synth/g_single_rate.i_single_rate/g_s_data_chan_fifo.i_s_data_chan_fifo/fifo0/fifo_1_reg[15][0]_srl16/CLK
High Pulse Width  Fast    SRL16E/CLK          n/a            0.854         5.000       4.146      SLICE_X50Y25  u_fir_wrap/u_fir_compiler/U0/i_synth/g_single_rate.i_single_rate/g_s_data_chan_fifo.i_s_data_chan_fifo/fifo0/fifo_1_reg[15][0]_srl16/CLK
High Pulse Width  Slow    SRL16E/CLK          n/a            0.854         5.000       4.146      SLICE_X50Y26  u_fir_wrap/u_fir_compiler/U0/i_synth/g_single_rate.i_single_rate/g_s_data_chan_fifo.i_s_data_chan_fifo/fifo0/fifo_1_reg[15][10]_srl16/CLK
High Pulse Width  Fast    SRL16E/CLK          n/a            0.854         5.000       4.146      SLICE_X50Y26  u_fir_wrap/u_fir_compiler/U0/i_synth/g_single_rate.i_single_rate/g_s_data_chan_fifo.i_s_data_chan_fifo/fifo0/fifo_1_reg[15][10]_srl16/CLK
High Pulse Width  Slow    SRL16E/CLK          n/a            0.854         5.000       4.146      SLICE_X50Y26  u_fir_wrap/u_fir_compiler/U0/i_synth/g_single_rate.i_single_rate/g_s_data_chan_fifo.i_s_data_chan_fifo/fifo0/fifo_1_reg[15][11]_srl16/CLK
High Pulse Width  Fast    SRL16E/CLK          n/a            0.854         5.000       4.146      SLICE_X50Y26  u_fir_wrap/u_fir_compiler/U0/i_synth/g_single_rate.i_single_rate/g_s_data_chan_fifo.i_s_data_chan_fifo/fifo0/fifo_1_reg[15][11]_srl16/CLK
High Pulse Width  Slow    SRL16E/CLK          n/a            0.854         5.000       4.146      SLICE_X50Y26  u_fir_wrap/u_fir_compiler/U0/i_synth/g_single_rate.i_single_rate/g_s_data_chan_fifo.i_s_data_chan_fifo/fifo0/fifo_1_reg[15][12]_srl16/CLK
High Pulse Width  Fast    SRL16E/CLK          n/a            0.854         5.000       4.146      SLICE_X50Y26  u_fir_wrap/u_fir_compiler/U0/i_synth/g_single_rate.i_single_rate/g_s_data_chan_fifo.i_s_data_chan_fifo/fifo0/fifo_1_reg[15][12]_srl16/CLK
High Pulse Width  Slow    SRL16E/CLK          n/a            0.854         5.000       4.146      SLICE_X50Y26  u_fir_wrap/u_fir_compiler/U0/i_synth/g_single_rate.i_single_rate/g_s_data_chan_fifo.i_s_data_chan_fifo/fifo0/fifo_1_reg[15][13]_srl16/CLK
High Pulse Width  Fast    SRL16E/CLK          n/a            0.854         5.000       4.146      SLICE_X50Y26  u_fir_wrap/u_fir_compiler/U0/i_synth/g_single_rate.i_single_rate/g_s_data_chan_fifo.i_s_data_chan_fifo/fifo0/fifo_1_reg[15][13]_srl16/CLK
High Pulse Width  Slow    SRL16E/CLK          n/a            0.854         5.000       4.146      SLICE_X50Y26  u_fir_wrap/u_fir_compiler/U0/i_synth/g_single_rate.i_single_rate/g_s_data_chan_fifo.i_s_data_chan_fifo/fifo0/fifo_1_reg[15][14]_srl16/CLK
High Pulse Width  Fast    SRL16E/CLK          n/a            0.854         5.000       4.146      SLICE_X50Y26  u_fir_wrap/u_fir_compiler/U0/i_synth/g_single_rate.i_single_rate/g_s_data_chan_fifo.i_s_data_chan_fifo/fifo0/fifo_1_reg[15][14]_srl16/CLK



---------------------------------------------------------------------------------------------------
From Clock:  adc_clk_a_fwd
  To Clock:  adc_clk

Setup :            0  Failing Endpoints,  Worst Slack        3.779ns,  Total Violation        0.000ns
Hold  :           10  Failing Endpoints,  Worst Slack       -0.228ns,  Total Violation       -1.778ns
---------------------------------------------------------------------------------------------------


Max Delay Paths
--------------------------------------------------------------------------------------
Slack (MET) :             3.779ns  (required time - arrival time)
  Source:                 adc_data_a[4]
                            (input port clocked by adc_clk_a_fwd  {rise@0.000ns fall@15.625ns period=31.250ns})
  Destination:            u_adc_capture/raw_data_a_reg[4]/D
                            (rising edge-triggered cell FDRE clocked by adc_clk  {rise@0.000ns fall@15.625ns period=31.250ns})
  Path Group:             adc_clk
  Path Type:              Setup (Max at Slow Process Corner)
  Requirement:            31.250ns  (adc_clk rise@31.250ns - adc_clk_a_fwd rise@0.000ns)
  Data Path Delay:        0.965ns  (logic 0.965ns (100.000%)  route 0.000ns (0.000%))
  Logic Levels:           1  (IBUF=1)
  Input Delay:            26.000ns
  Clock Path Skew:        -0.459ns (DCD - SCD + CPR)
    Destination Clock Delay (DCD):    4.265ns = ( 35.515 - 31.250 ) 
    Source Clock Delay      (SCD):    4.724ns
    Clock Pessimism Removal (CPR):    0.000ns
  Clock Uncertainty:      0.035ns  ((TSJ^2 + TIJ^2)^1/2 + DJ) / 2 + PE
    Total System Jitter     (TSJ):    0.071ns
    Total Input Jitter      (TIJ):    0.000ns
    Discrete Jitter          (DJ):    0.000ns
    Phase Error              (PE):    0.000ns

    Location             Delay type                Incr(ns)  Path(ns)    Netlist Resource(s)
  -------------------------------------------------------------------    -------------------
                         (clock adc_clk_a_fwd rise edge)
                                                      0.000     0.000 r  
    J16                                               0.000     0.000 r  adc_clk_drive (IN)
                         net (fo=0)                   0.000     0.000    adc_clk_drive
    J16                  IBUF (Prop_ibuf_I_O)         0.882     0.882 r  adc_clk_drive_IBUF_inst/O
                         net (fo=2, routed)           1.011     1.893    u_adc_capture/adc_clk_drive_IBUF
    OLOGIC_X1Y107        ODDR (Prop_oddr_C_Q)         0.418     2.311 r  u_adc_capture/u_oddr_clk_a/Q
                         net (fo=1, routed)           0.001     2.312    adc_clk_a_OBUF
    N16                  OBUF (Prop_obuf_I_O)         2.412     4.724 r  adc_clk_a_OBUF_inst/O
                         net (fo=0)                   0.000     4.724    adc_clk_a
  -------------------------------------------------------------------    -------------------
                         input delay                 26.000    30.724    
    Y13                                               0.000    30.724 r  adc_data_a[4] (IN)
                         net (fo=0)                   0.000    30.724    adc_data_a[4]
    Y13                  IBUF (Prop_ibuf_I_O)         0.965    31.689 r  adc_data_a_IBUF[4]_inst/O
                         net (fo=1, routed)           0.000    31.689    u_adc_capture/D[4]
    ILOGIC_X0Y9          FDRE                                         r  u_adc_capture/raw_data_a_reg[4]/D
  -------------------------------------------------------------------    -------------------

                         (clock adc_clk rise edge)   31.250    31.250 r  
    L16                                               0.000    31.250 r  adc_clk (IN)
                         net (fo=0)                   0.000    31.250    adc_clk
    L16                  IBUF (Prop_ibuf_I_O)         0.849    32.099 r  adc_clk_IBUF_inst/O
                         net (fo=1, routed)           1.961    34.060    adc_clk_IBUF
    BUFGCTRL_X0Y16       BUFG (Prop_bufg_I_O)         0.077    34.137 r  adc_clk_IBUF_BUFG_inst/O
                         net (fo=221, routed)         1.379    35.515    u_adc_capture/CLK
    ILOGIC_X0Y9          FDRE                                         r  u_adc_capture/raw_data_a_reg[4]/C
                         clock pessimism              0.000    35.515    
                         clock uncertainty           -0.035    35.480    
    ILOGIC_X0Y9          FDRE (Setup_fdre_C_D)       -0.012    35.468    u_adc_capture/raw_data_a_reg[4]
  -------------------------------------------------------------------
                         required time                         35.468    
                         arrival time                         -31.689    
  -------------------------------------------------------------------
                         slack                                  3.779    

Slack (MET) :             3.780ns  (required time - arrival time)
  Source:                 adc_data_a[5]
                            (input port clocked by adc_clk_a_fwd  {rise@0.000ns fall@15.625ns period=31.250ns})
  Destination:            u_adc_capture/raw_data_a_reg[5]/D
                            (rising edge-triggered cell FDRE clocked by adc_clk  {rise@0.000ns fall@15.625ns period=31.250ns})
  Path Group:             adc_clk
  Path Type:              Setup (Max at Slow Process Corner)
  Requirement:            31.250ns  (adc_clk rise@31.250ns - adc_clk_a_fwd rise@0.000ns)
  Data Path Delay:        0.964ns  (logic 0.964ns (100.000%)  route 0.000ns (0.000%))
  Logic Levels:           1  (IBUF=1)
  Input Delay:            26.000ns
  Clock Path Skew:        -0.459ns (DCD - SCD + CPR)
    Destination Clock Delay (DCD):    4.265ns = ( 35.515 - 31.250 ) 
    Source Clock Delay      (SCD):    4.724ns
    Clock Pessimism Removal (CPR):    0.000ns
  Clock Uncertainty:      0.035ns  ((TSJ^2 + TIJ^2)^1/2 + DJ) / 2 + PE
    Total System Jitter     (TSJ):    0.071ns
    Total Input Jitter      (TIJ):    0.000ns
    Discrete Jitter          (DJ):    0.000ns
    Phase Error              (PE):    0.000ns

    Location             Delay type                Incr(ns)  Path(ns)    Netlist Resource(s)
  -------------------------------------------------------------------    -------------------
                         (clock adc_clk_a_fwd rise edge)
                                                      0.000     0.000 r  
    J16                                               0.000     0.000 r  adc_clk_drive (IN)
                         net (fo=0)                   0.000     0.000    adc_clk_drive
    J16                  IBUF (Prop_ibuf_I_O)         0.882     0.882 r  adc_clk_drive_IBUF_inst/O
                         net (fo=2, routed)           1.011     1.893    u_adc_capture/adc_clk_drive_IBUF
    OLOGIC_X1Y107        ODDR (Prop_oddr_C_Q)         0.418     2.311 r  u_adc_capture/u_oddr_clk_a/Q
                         net (fo=1, routed)           0.001     2.312    adc_clk_a_OBUF
    N16                  OBUF (Prop_obuf_I_O)         2.412     4.724 r  adc_clk_a_OBUF_inst/O
                         net (fo=0)                   0.000     4.724    adc_clk_a
  -------------------------------------------------------------------    -------------------
                         input delay                 26.000    30.724    
    Y12                                               0.000    30.724 r  adc_data_a[5] (IN)
                         net (fo=0)                   0.000    30.724    adc_data_a[5]
    Y12                  IBUF (Prop_ibuf_I_O)         0.964    31.688 r  adc_data_a_IBUF[5]_inst/O
                         net (fo=1, routed)           0.000    31.688    u_adc_capture/D[5]
    ILOGIC_X0Y10         FDRE                                         r  u_adc_capture/raw_data_a_reg[5]/D
  -------------------------------------------------------------------    -------------------

                         (clock adc_clk rise edge)   31.250    31.250 r  
    L16                                               0.000    31.250 r  adc_clk (IN)
                         net (fo=0)                   0.000    31.250    adc_clk
    L16                  IBUF (Prop_ibuf_I_O)         0.849    32.099 r  adc_clk_IBUF_inst/O
                         net (fo=1, routed)           1.961    34.060    adc_clk_IBUF
    BUFGCTRL_X0Y16       BUFG (Prop_bufg_I_O)         0.077    34.137 r  adc_clk_IBUF_BUFG_inst/O
                         net (fo=221, routed)         1.379    35.515    u_adc_capture/CLK
    ILOGIC_X0Y10         FDRE                                         r  u_adc_capture/raw_data_a_reg[5]/C
                         clock pessimism              0.000    35.515    
                         clock uncertainty           -0.035    35.480    
    ILOGIC_X0Y10         FDRE (Setup_fdre_C_D)       -0.012    35.468    u_adc_capture/raw_data_a_reg[5]
  -------------------------------------------------------------------
                         required time                         35.468    
                         arrival time                         -31.688    
  -------------------------------------------------------------------
                         slack                                  3.780    

Slack (MET) :             3.790ns  (required time - arrival time)
  Source:                 adc_data_a[8]
                            (input port clocked by adc_clk_a_fwd  {rise@0.000ns fall@15.625ns period=31.250ns})
  Destination:            u_adc_capture/raw_data_a_reg[8]/D
                            (rising edge-triggered cell FDRE clocked by adc_clk  {rise@0.000ns fall@15.625ns period=31.250ns})
  Path Group:             adc_clk
  Path Type:              Setup (Max at Slow Process Corner)
  Requirement:            31.250ns  (adc_clk rise@31.250ns - adc_clk_a_fwd rise@0.000ns)
  Data Path Delay:        0.950ns  (logic 0.950ns (100.000%)  route 0.000ns (0.000%))
  Logic Levels:           1  (IBUF=1)
  Input Delay:            26.000ns
  Clock Path Skew:        -0.463ns (DCD - SCD + CPR)
    Destination Clock Delay (DCD):    4.261ns = ( 35.511 - 31.250 ) 
    Source Clock Delay      (SCD):    4.724ns
    Clock Pessimism Removal (CPR):    0.000ns
  Clock Uncertainty:      0.035ns  ((TSJ^2 + TIJ^2)^1/2 + DJ) / 2 + PE
    Total System Jitter     (TSJ):    0.071ns
    Total Input Jitter      (TIJ):    0.000ns
    Discrete Jitter          (DJ):    0.000ns
    Phase Error              (PE):    0.000ns

    Location             Delay type                Incr(ns)  Path(ns)    Netlist Resource(s)
  -------------------------------------------------------------------    -------------------
                         (clock adc_clk_a_fwd rise edge)
                                                      0.000     0.000 r  
    J16                                               0.000     0.000 r  adc_clk_drive (IN)
                         net (fo=0)                   0.000     0.000    adc_clk_drive
    J16                  IBUF (Prop_ibuf_I_O)         0.882     0.882 r  adc_clk_drive_IBUF_inst/O
                         net (fo=2, routed)           1.011     1.893    u_adc_capture/adc_clk_drive_IBUF
    OLOGIC_X1Y107        ODDR (Prop_oddr_C_Q)         0.418     2.311 r  u_adc_capture/u_oddr_clk_a/Q
                         net (fo=1, routed)           0.001     2.312    adc_clk_a_OBUF
    N16                  OBUF (Prop_obuf_I_O)         2.412     4.724 r  adc_clk_a_OBUF_inst/O
                         net (fo=0)                   0.000     4.724    adc_clk_a
  -------------------------------------------------------------------    -------------------
                         input delay                 26.000    30.724    
    Y11                                               0.000    30.724 r  adc_data_a[8] (IN)
                         net (fo=0)                   0.000    30.724    adc_data_a[8]
    Y11                  IBUF (Prop_ibuf_I_O)         0.950    31.674 r  adc_data_a_IBUF[8]_inst/O
                         net (fo=1, routed)           0.000    31.674    u_adc_capture/D[8]
    ILOGIC_X0Y13         FDRE                                         r  u_adc_capture/raw_data_a_reg[8]/D
  -------------------------------------------------------------------    -------------------

                         (clock adc_clk rise edge)   31.250    31.250 r  
    L16                                               0.000    31.250 r  adc_clk (IN)
                         net (fo=0)                   0.000    31.250    adc_clk
    L16                  IBUF (Prop_ibuf_I_O)         0.849    32.099 r  adc_clk_IBUF_inst/O
                         net (fo=1, routed)           1.961    34.060    adc_clk_IBUF
    BUFGCTRL_X0Y16       BUFG (Prop_bufg_I_O)         0.077    34.137 r  adc_clk_IBUF_BUFG_inst/O
                         net (fo=221, routed)         1.375    35.511    u_adc_capture/CLK
    ILOGIC_X0Y13         FDRE                                         r  u_adc_capture/raw_data_a_reg[8]/C
                         clock pessimism              0.000    35.511    
                         clock uncertainty           -0.035    35.476    
    ILOGIC_X0Y13         FDRE (Setup_fdre_C_D)       -0.012    35.464    u_adc_capture/raw_data_a_reg[8]
  -------------------------------------------------------------------
                         required time                         35.464    
                         arrival time                         -31.674    
  -------------------------------------------------------------------
                         slack                                  3.790    

Slack (MET) :             3.793ns  (required time - arrival time)
  Source:                 adc_data_a[9]
                            (input port clocked by adc_clk_a_fwd  {rise@0.000ns fall@15.625ns period=31.250ns})
  Destination:            u_adc_capture/raw_data_a_reg[9]/D
                            (rising edge-triggered cell FDSE clocked by adc_clk  {rise@0.000ns fall@15.625ns period=31.250ns})
  Path Group:             adc_clk
  Path Type:              Setup (Max at Slow Process Corner)
  Requirement:            31.250ns  (adc_clk rise@31.250ns - adc_clk_a_fwd rise@0.000ns)
  Data Path Delay:        0.947ns  (logic 0.947ns (100.000%)  route 0.000ns (0.000%))
  Logic Levels:           1  (IBUF=1)
  Input Delay:            26.000ns
  Clock Path Skew:        -0.463ns (DCD - SCD + CPR)
    Destination Clock Delay (DCD):    4.261ns = ( 35.511 - 31.250 ) 
    Source Clock Delay      (SCD):    4.724ns
    Clock Pessimism Removal (CPR):    0.000ns
  Clock Uncertainty:      0.035ns  ((TSJ^2 + TIJ^2)^1/2 + DJ) / 2 + PE
    Total System Jitter     (TSJ):    0.071ns
    Total Input Jitter      (TIJ):    0.000ns
    Discrete Jitter          (DJ):    0.000ns
    Phase Error              (PE):    0.000ns

    Location             Delay type                Incr(ns)  Path(ns)    Netlist Resource(s)
  -------------------------------------------------------------------    -------------------
                         (clock adc_clk_a_fwd rise edge)
                                                      0.000     0.000 r  
    J16                                               0.000     0.000 r  adc_clk_drive (IN)
                         net (fo=0)                   0.000     0.000    adc_clk_drive
    J16                  IBUF (Prop_ibuf_I_O)         0.882     0.882 r  adc_clk_drive_IBUF_inst/O
                         net (fo=2, routed)           1.011     1.893    u_adc_capture/adc_clk_drive_IBUF
    OLOGIC_X1Y107        ODDR (Prop_oddr_C_Q)         0.418     2.311 r  u_adc_capture/u_oddr_clk_a/Q
                         net (fo=1, routed)           0.001     2.312    adc_clk_a_OBUF
    N16                  OBUF (Prop_obuf_I_O)         2.412     4.724 r  adc_clk_a_OBUF_inst/O
                         net (fo=0)                   0.000     4.724    adc_clk_a
  -------------------------------------------------------------------    -------------------
                         input delay                 26.000    30.724    
    W11                                               0.000    30.724 r  adc_data_a[9] (IN)
                         net (fo=0)                   0.000    30.724    adc_data_a[9]
    W11                  IBUF (Prop_ibuf_I_O)         0.947    31.671 r  adc_data_a_IBUF[9]_inst/O
                         net (fo=1, routed)           0.000    31.671    u_adc_capture/D[9]
    ILOGIC_X0Y14         FDSE                                         r  u_adc_capture/raw_data_a_reg[9]/D
  -------------------------------------------------------------------    -------------------

                         (clock adc_clk rise edge)   31.250    31.250 r  
    L16                                               0.000    31.250 r  adc_clk (IN)
                         net (fo=0)                   0.000    31.250    adc_clk
    L16                  IBUF (Prop_ibuf_I_O)         0.849    32.099 r  adc_clk_IBUF_inst/O
                         net (fo=1, routed)           1.961    34.060    adc_clk_IBUF
    BUFGCTRL_X0Y16       BUFG (Prop_bufg_I_O)         0.077    34.137 r  adc_clk_IBUF_BUFG_inst/O
                         net (fo=221, routed)         1.375    35.511    u_adc_capture/CLK
    ILOGIC_X0Y14         FDSE                                         r  u_adc_capture/raw_data_a_reg[9]/C
                         clock pessimism              0.000    35.511    
                         clock uncertainty           -0.035    35.476    
    ILOGIC_X0Y14         FDSE (Setup_fdse_C_D)       -0.012    35.464    u_adc_capture/raw_data_a_reg[9]
  -------------------------------------------------------------------
                         required time                         35.464    
                         arrival time                         -31.671    
  -------------------------------------------------------------------
                         slack                                  3.793    

Slack (MET) :             3.810ns  (required time - arrival time)
  Source:                 adc_data_a[7]
                            (input port clocked by adc_clk_a_fwd  {rise@0.000ns fall@15.625ns period=31.250ns})
  Destination:            u_adc_capture/raw_data_a_reg[7]/D
                            (rising edge-triggered cell FDRE clocked by adc_clk  {rise@0.000ns fall@15.625ns period=31.250ns})
  Path Group:             adc_clk
  Path Type:              Setup (Max at Slow Process Corner)
  Requirement:            31.250ns  (adc_clk rise@31.250ns - adc_clk_a_fwd rise@0.000ns)
  Data Path Delay:        0.932ns  (logic 0.932ns (100.000%)  route 0.000ns (0.000%))
  Logic Levels:           1  (IBUF=1)
  Input Delay:            26.000ns
  Clock Path Skew:        -0.461ns (DCD - SCD + CPR)
    Destination Clock Delay (DCD):    4.263ns = ( 35.513 - 31.250 ) 
    Source Clock Delay      (SCD):    4.724ns
    Clock Pessimism Removal (CPR):    0.000ns
  Clock Uncertainty:      0.035ns  ((TSJ^2 + TIJ^2)^1/2 + DJ) / 2 + PE
    Total System Jitter     (TSJ):    0.071ns
    Total Input Jitter      (TIJ):    0.000ns
    Discrete Jitter          (DJ):    0.000ns
    Phase Error              (PE):    0.000ns

    Location             Delay type                Incr(ns)  Path(ns)    Netlist Resource(s)
  -------------------------------------------------------------------    -------------------
                         (clock adc_clk_a_fwd rise edge)
                                                      0.000     0.000 r  
    J16                                               0.000     0.000 r  adc_clk_drive (IN)
                         net (fo=0)                   0.000     0.000    adc_clk_drive
    J16                  IBUF (Prop_ibuf_I_O)         0.882     0.882 r  adc_clk_drive_IBUF_inst/O
                         net (fo=2, routed)           1.011     1.893    u_adc_capture/adc_clk_drive_IBUF
    OLOGIC_X1Y107        ODDR (Prop_oddr_C_Q)         0.418     2.311 r  u_adc_capture/u_oddr_clk_a/Q
                         net (fo=1, routed)           0.001     2.312    adc_clk_a_OBUF
    N16                  OBUF (Prop_obuf_I_O)         2.412     4.724 r  adc_clk_a_OBUF_inst/O
                         net (fo=0)                   0.000     4.724    adc_clk_a
  -------------------------------------------------------------------    -------------------
                         input delay                 26.000    30.724    
    T5                                                0.000    30.724 r  adc_data_a[7] (IN)
                         net (fo=0)                   0.000    30.724    adc_data_a[7]
    T5                   IBUF (Prop_ibuf_I_O)         0.932    31.656 r  adc_data_a_IBUF[7]_inst/O
                         net (fo=1, routed)           0.000    31.656    u_adc_capture/D[7]
    ILOGIC_X0Y12         FDRE                                         r  u_adc_capture/raw_data_a_reg[7]/D
  -------------------------------------------------------------------    -------------------

                         (clock adc_clk rise edge)   31.250    31.250 r  
    L16                                               0.000    31.250 r  adc_clk (IN)
                         net (fo=0)                   0.000    31.250    adc_clk
    L16                  IBUF (Prop_ibuf_I_O)         0.849    32.099 r  adc_clk_IBUF_inst/O
                         net (fo=1, routed)           1.961    34.060    adc_clk_IBUF
    BUFGCTRL_X0Y16       BUFG (Prop_bufg_I_O)         0.077    34.137 r  adc_clk_IBUF_BUFG_inst/O
                         net (fo=221, routed)         1.377    35.513    u_adc_capture/CLK
    ILOGIC_X0Y12         FDRE                                         r  u_adc_capture/raw_data_a_reg[7]/C
                         clock pessimism              0.000    35.513    
                         clock uncertainty           -0.035    35.478    
    ILOGIC_X0Y12         FDRE (Setup_fdre_C_D)       -0.012    35.466    u_adc_capture/raw_data_a_reg[7]
  -------------------------------------------------------------------
                         required time                         35.466    
                         arrival time                         -31.656    
  -------------------------------------------------------------------
                         slack                                  3.810    

Slack (MET) :             3.820ns  (required time - arrival time)
  Source:                 adc_data_a[3]
                            (input port clocked by adc_clk_a_fwd  {rise@0.000ns fall@15.625ns period=31.250ns})
  Destination:            u_adc_capture/raw_data_a_reg[3]/D
                            (rising edge-triggered cell FDRE clocked by adc_clk  {rise@0.000ns fall@15.625ns period=31.250ns})
  Path Group:             adc_clk
  Path Type:              Setup (Max at Slow Process Corner)
  Requirement:            31.250ns  (adc_clk rise@31.250ns - adc_clk_a_fwd rise@0.000ns)
  Data Path Delay:        0.924ns  (logic 0.924ns (100.000%)  route 0.000ns (0.000%))
  Logic Levels:           1  (IBUF=1)
  Input Delay:            26.000ns
  Clock Path Skew:        -0.459ns (DCD - SCD + CPR)
    Destination Clock Delay (DCD):    4.265ns = ( 35.515 - 31.250 ) 
    Source Clock Delay      (SCD):    4.724ns
    Clock Pessimism Removal (CPR):    0.000ns
  Clock Uncertainty:      0.035ns  ((TSJ^2 + TIJ^2)^1/2 + DJ) / 2 + PE
    Total System Jitter     (TSJ):    0.071ns
    Total Input Jitter      (TIJ):    0.000ns
    Discrete Jitter          (DJ):    0.000ns
    Phase Error              (PE):    0.000ns

    Location             Delay type                Incr(ns)  Path(ns)    Netlist Resource(s)
  -------------------------------------------------------------------    -------------------
                         (clock adc_clk_a_fwd rise edge)
                                                      0.000     0.000 r  
    J16                                               0.000     0.000 r  adc_clk_drive (IN)
                         net (fo=0)                   0.000     0.000    adc_clk_drive
    J16                  IBUF (Prop_ibuf_I_O)         0.882     0.882 r  adc_clk_drive_IBUF_inst/O
                         net (fo=2, routed)           1.011     1.893    u_adc_capture/adc_clk_drive_IBUF
    OLOGIC_X1Y107        ODDR (Prop_oddr_C_Q)         0.418     2.311 r  u_adc_capture/u_oddr_clk_a/Q
                         net (fo=1, routed)           0.001     2.312    adc_clk_a_OBUF
    N16                  OBUF (Prop_obuf_I_O)         2.412     4.724 r  adc_clk_a_OBUF_inst/O
                         net (fo=0)                   0.000     4.724    adc_clk_a
  -------------------------------------------------------------------    -------------------
                         input delay                 26.000    30.724    
    V11                                               0.000    30.724 r  adc_data_a[3] (IN)
                         net (fo=0)                   0.000    30.724    adc_data_a[3]
    V11                  IBUF (Prop_ibuf_I_O)         0.924    31.647 r  adc_data_a_IBUF[3]_inst/O
                         net (fo=1, routed)           0.000    31.647    u_adc_capture/D[3]
    ILOGIC_X0Y8          FDRE                                         r  u_adc_capture/raw_data_a_reg[3]/D
  -------------------------------------------------------------------    -------------------

                         (clock adc_clk rise edge)   31.250    31.250 r  
    L16                                               0.000    31.250 r  adc_clk (IN)
                         net (fo=0)                   0.000    31.250    adc_clk
    L16                  IBUF (Prop_ibuf_I_O)         0.849    32.099 r  adc_clk_IBUF_inst/O
                         net (fo=1, routed)           1.961    34.060    adc_clk_IBUF
    BUFGCTRL_X0Y16       BUFG (Prop_bufg_I_O)         0.077    34.137 r  adc_clk_IBUF_BUFG_inst/O
                         net (fo=221, routed)         1.379    35.515    u_adc_capture/CLK
    ILOGIC_X0Y8          FDRE                                         r  u_adc_capture/raw_data_a_reg[3]/C
                         clock pessimism              0.000    35.515    
                         clock uncertainty           -0.035    35.480    
    ILOGIC_X0Y8          FDRE (Setup_fdre_C_D)       -0.012    35.468    u_adc_capture/raw_data_a_reg[3]
  -------------------------------------------------------------------
                         required time                         35.468    
                         arrival time                         -31.647    
  -------------------------------------------------------------------
                         slack                                  3.820    

Slack (MET) :             3.822ns  (required time - arrival time)
  Source:                 adc_data_a[2]
                            (input port clocked by adc_clk_a_fwd  {rise@0.000ns fall@15.625ns period=31.250ns})
  Destination:            u_adc_capture/raw_data_a_reg[2]/D
                            (rising edge-triggered cell FDRE clocked by adc_clk  {rise@0.000ns fall@15.625ns period=31.250ns})
  Path Group:             adc_clk
  Path Type:              Setup (Max at Slow Process Corner)
  Requirement:            31.250ns  (adc_clk rise@31.250ns - adc_clk_a_fwd rise@0.000ns)
  Data Path Delay:        0.922ns  (logic 0.922ns (100.000%)  route 0.000ns (0.000%))
  Logic Levels:           1  (IBUF=1)
  Input Delay:            26.000ns
  Clock Path Skew:        -0.459ns (DCD - SCD + CPR)
    Destination Clock Delay (DCD):    4.265ns = ( 35.515 - 31.250 ) 
    Source Clock Delay      (SCD):    4.724ns
    Clock Pessimism Removal (CPR):    0.000ns
  Clock Uncertainty:      0.035ns  ((TSJ^2 + TIJ^2)^1/2 + DJ) / 2 + PE
    Total System Jitter     (TSJ):    0.071ns
    Total Input Jitter      (TIJ):    0.000ns
    Discrete Jitter          (DJ):    0.000ns
    Phase Error              (PE):    0.000ns

    Location             Delay type                Incr(ns)  Path(ns)    Netlist Resource(s)
  -------------------------------------------------------------------    -------------------
                         (clock adc_clk_a_fwd rise edge)
                                                      0.000     0.000 r  
    J16                                               0.000     0.000 r  adc_clk_drive (IN)
                         net (fo=0)                   0.000     0.000    adc_clk_drive
    J16                  IBUF (Prop_ibuf_I_O)         0.882     0.882 r  adc_clk_drive_IBUF_inst/O
                         net (fo=2, routed)           1.011     1.893    u_adc_capture/adc_clk_drive_IBUF
    OLOGIC_X1Y107        ODDR (Prop_oddr_C_Q)         0.418     2.311 r  u_adc_capture/u_oddr_clk_a/Q
                         net (fo=1, routed)           0.001     2.312    adc_clk_a_OBUF
    N16                  OBUF (Prop_obuf_I_O)         2.412     4.724 r  adc_clk_a_OBUF_inst/O
                         net (fo=0)                   0.000     4.724    adc_clk_a
  -------------------------------------------------------------------    -------------------
                         input delay                 26.000    30.724    
    V10                                               0.000    30.724 r  adc_data_a[2] (IN)
                         net (fo=0)                   0.000    30.724    adc_data_a[2]
    V10                  IBUF (Prop_ibuf_I_O)         0.922    31.646 r  adc_data_a_IBUF[2]_inst/O
                         net (fo=1, routed)           0.000    31.646    u_adc_capture/D[2]
    ILOGIC_X0Y7          FDRE                                         r  u_adc_capture/raw_data_a_reg[2]/D
  -------------------------------------------------------------------    -------------------

                         (clock adc_clk rise edge)   31.250    31.250 r  
    L16                                               0.000    31.250 r  adc_clk (IN)
                         net (fo=0)                   0.000    31.250    adc_clk
    L16                  IBUF (Prop_ibuf_I_O)         0.849    32.099 r  adc_clk_IBUF_inst/O
                         net (fo=1, routed)           1.961    34.060    adc_clk_IBUF
    BUFGCTRL_X0Y16       BUFG (Prop_bufg_I_O)         0.077    34.137 r  adc_clk_IBUF_BUFG_inst/O
                         net (fo=221, routed)         1.379    35.515    u_adc_capture/CLK
    ILOGIC_X0Y7          FDRE                                         r  u_adc_capture/raw_data_a_reg[2]/C
                         clock pessimism              0.000    35.515    
                         clock uncertainty           -0.035    35.480    
    ILOGIC_X0Y7          FDRE (Setup_fdre_C_D)       -0.012    35.468    u_adc_capture/raw_data_a_reg[2]
  -------------------------------------------------------------------
                         required time                         35.468    
                         arrival time                         -31.646    
  -------------------------------------------------------------------
                         slack                                  3.822    

Slack (MET) :             3.856ns  (required time - arrival time)
  Source:                 adc_data_a[0]
                            (input port clocked by adc_clk_a_fwd  {rise@0.000ns fall@15.625ns period=31.250ns})
  Destination:            u_adc_capture/raw_data_a_reg[0]/D
                            (rising edge-triggered cell FDRE clocked by adc_clk  {rise@0.000ns fall@15.625ns period=31.250ns})
  Path Group:             adc_clk
  Path Type:              Setup (Max at Slow Process Corner)
  Requirement:            31.250ns  (adc_clk rise@31.250ns - adc_clk_a_fwd rise@0.000ns)
  Data Path Delay:        0.888ns  (logic 0.888ns (100.000%)  route 0.000ns (0.000%))
  Logic Levels:           1  (IBUF=1)
  Input Delay:            26.000ns
  Clock Path Skew:        -0.459ns (DCD - SCD + CPR)
    Destination Clock Delay (DCD):    4.265ns = ( 35.515 - 31.250 ) 
    Source Clock Delay      (SCD):    4.724ns
    Clock Pessimism Removal (CPR):    0.000ns
  Clock Uncertainty:      0.035ns  ((TSJ^2 + TIJ^2)^1/2 + DJ) / 2 + PE
    Total System Jitter     (TSJ):    0.071ns
    Total Input Jitter      (TIJ):    0.000ns
    Discrete Jitter          (DJ):    0.000ns
    Phase Error              (PE):    0.000ns

    Location             Delay type                Incr(ns)  Path(ns)    Netlist Resource(s)
  -------------------------------------------------------------------    -------------------
                         (clock adc_clk_a_fwd rise edge)
                                                      0.000     0.000 r  
    J16                                               0.000     0.000 r  adc_clk_drive (IN)
                         net (fo=0)                   0.000     0.000    adc_clk_drive
    J16                  IBUF (Prop_ibuf_I_O)         0.882     0.882 r  adc_clk_drive_IBUF_inst/O
                         net (fo=2, routed)           1.011     1.893    u_adc_capture/adc_clk_drive_IBUF
    OLOGIC_X1Y107        ODDR (Prop_oddr_C_Q)         0.418     2.311 r  u_adc_capture/u_oddr_clk_a/Q
                         net (fo=1, routed)           0.001     2.312    adc_clk_a_OBUF
    N16                  OBUF (Prop_obuf_I_O)         2.412     4.724 r  adc_clk_a_OBUF_inst/O
                         net (fo=0)                   0.000     4.724    adc_clk_a
  -------------------------------------------------------------------    -------------------
                         input delay                 26.000    30.724    
    W6                                                0.000    30.724 r  adc_data_a[0] (IN)
                         net (fo=0)                   0.000    30.724    adc_data_a[0]
    W6                   IBUF (Prop_ibuf_I_O)         0.888    31.612 r  adc_data_a_IBUF[0]_inst/O
                         net (fo=1, routed)           0.000    31.612    u_adc_capture/D[0]
    ILOGIC_X0Y5          FDRE                                         r  u_adc_capture/raw_data_a_reg[0]/D
  -------------------------------------------------------------------    -------------------

                         (clock adc_clk rise edge)   31.250    31.250 r  
    L16                                               0.000    31.250 r  adc_clk (IN)
                         net (fo=0)                   0.000    31.250    adc_clk
    L16                  IBUF (Prop_ibuf_I_O)         0.849    32.099 r  adc_clk_IBUF_inst/O
                         net (fo=1, routed)           1.961    34.060    adc_clk_IBUF
    BUFGCTRL_X0Y16       BUFG (Prop_bufg_I_O)         0.077    34.137 r  adc_clk_IBUF_BUFG_inst/O
                         net (fo=221, routed)         1.379    35.515    u_adc_capture/CLK
    ILOGIC_X0Y5          FDRE                                         r  u_adc_capture/raw_data_a_reg[0]/C
                         clock pessimism              0.000    35.515    
                         clock uncertainty           -0.035    35.480    
    ILOGIC_X0Y5          FDRE (Setup_fdre_C_D)       -0.012    35.468    u_adc_capture/raw_data_a_reg[0]
  -------------------------------------------------------------------
                         required time                         35.468    
                         arrival time                         -31.612    
  -------------------------------------------------------------------
                         slack                                  3.856    

Slack (MET) :             3.862ns  (required time - arrival time)
  Source:                 adc_data_a[1]
                            (input port clocked by adc_clk_a_fwd  {rise@0.000ns fall@15.625ns period=31.250ns})
  Destination:            u_adc_capture/raw_data_a_reg[1]/D
                            (rising edge-triggered cell FDRE clocked by adc_clk  {rise@0.000ns fall@15.625ns period=31.250ns})
  Path Group:             adc_clk
  Path Type:              Setup (Max at Slow Process Corner)
  Requirement:            31.250ns  (adc_clk rise@31.250ns - adc_clk_a_fwd rise@0.000ns)
  Data Path Delay:        0.883ns  (logic 0.883ns (100.000%)  route 0.000ns (0.000%))
  Logic Levels:           1  (IBUF=1)
  Input Delay:            26.000ns
  Clock Path Skew:        -0.459ns (DCD - SCD + CPR)
    Destination Clock Delay (DCD):    4.265ns = ( 35.515 - 31.250 ) 
    Source Clock Delay      (SCD):    4.724ns
    Clock Pessimism Removal (CPR):    0.000ns
  Clock Uncertainty:      0.035ns  ((TSJ^2 + TIJ^2)^1/2 + DJ) / 2 + PE
    Total System Jitter     (TSJ):    0.071ns
    Total Input Jitter      (TIJ):    0.000ns
    Discrete Jitter          (DJ):    0.000ns
    Phase Error              (PE):    0.000ns

    Location             Delay type                Incr(ns)  Path(ns)    Netlist Resource(s)
  -------------------------------------------------------------------    -------------------
                         (clock adc_clk_a_fwd rise edge)
                                                      0.000     0.000 r  
    J16                                               0.000     0.000 r  adc_clk_drive (IN)
                         net (fo=0)                   0.000     0.000    adc_clk_drive
    J16                  IBUF (Prop_ibuf_I_O)         0.882     0.882 r  adc_clk_drive_IBUF_inst/O
                         net (fo=2, routed)           1.011     1.893    u_adc_capture/adc_clk_drive_IBUF
    OLOGIC_X1Y107        ODDR (Prop_oddr_C_Q)         0.418     2.311 r  u_adc_capture/u_oddr_clk_a/Q
                         net (fo=1, routed)           0.001     2.312    adc_clk_a_OBUF
    N16                  OBUF (Prop_obuf_I_O)         2.412     4.724 r  adc_clk_a_OBUF_inst/O
                         net (fo=0)                   0.000     4.724    adc_clk_a
  -------------------------------------------------------------------    -------------------
                         input delay                 26.000    30.724    
    V6                                                0.000    30.724 r  adc_data_a[1] (IN)
                         net (fo=0)                   0.000    30.724    adc_data_a[1]
    V6                   IBUF (Prop_ibuf_I_O)         0.883    31.606 r  adc_data_a_IBUF[1]_inst/O
                         net (fo=1, routed)           0.000    31.606    u_adc_capture/D[1]
    ILOGIC_X0Y6          FDRE                                         r  u_adc_capture/raw_data_a_reg[1]/D
  -------------------------------------------------------------------    -------------------

                         (clock adc_clk rise edge)   31.250    31.250 r  
    L16                                               0.000    31.250 r  adc_clk (IN)
                         net (fo=0)                   0.000    31.250    adc_clk
    L16                  IBUF (Prop_ibuf_I_O)         0.849    32.099 r  adc_clk_IBUF_inst/O
                         net (fo=1, routed)           1.961    34.060    adc_clk_IBUF
    BUFGCTRL_X0Y16       BUFG (Prop_bufg_I_O)         0.077    34.137 r  adc_clk_IBUF_BUFG_inst/O
                         net (fo=221, routed)         1.379    35.515    u_adc_capture/CLK
    ILOGIC_X0Y6          FDRE                                         r  u_adc_capture/raw_data_a_reg[1]/C
                         clock pessimism              0.000    35.515    
                         clock uncertainty           -0.035    35.480    
    ILOGIC_X0Y6          FDRE (Setup_fdre_C_D)       -0.012    35.468    u_adc_capture/raw_data_a_reg[1]
  -------------------------------------------------------------------
                         required time                         35.468    
                         arrival time                         -31.606    
  -------------------------------------------------------------------
                         slack                                  3.862    

Slack (MET) :             3.867ns  (required time - arrival time)
  Source:                 adc_data_a[6]
                            (input port clocked by adc_clk_a_fwd  {rise@0.000ns fall@15.625ns period=31.250ns})
  Destination:            u_adc_capture/raw_data_a_reg[6]/D
                            (rising edge-triggered cell FDRE clocked by adc_clk  {rise@0.000ns fall@15.625ns period=31.250ns})
  Path Group:             adc_clk
  Path Type:              Setup (Max at Slow Process Corner)
  Requirement:            31.250ns  (adc_clk rise@31.250ns - adc_clk_a_fwd rise@0.000ns)
  Data Path Delay:        0.875ns  (logic 0.875ns (100.000%)  route 0.000ns (0.000%))
  Logic Levels:           1  (IBUF=1)
  Input Delay:            26.000ns
  Clock Path Skew:        -0.461ns (DCD - SCD + CPR)
    Destination Clock Delay (DCD):    4.263ns = ( 35.513 - 31.250 ) 
    Source Clock Delay      (SCD):    4.724ns
    Clock Pessimism Removal (CPR):    0.000ns
  Clock Uncertainty:      0.035ns  ((TSJ^2 + TIJ^2)^1/2 + DJ) / 2 + PE
    Total System Jitter     (TSJ):    0.071ns
    Total Input Jitter      (TIJ):    0.000ns
    Discrete Jitter          (DJ):    0.000ns
    Phase Error              (PE):    0.000ns

    Location             Delay type                Incr(ns)  Path(ns)    Netlist Resource(s)
  -------------------------------------------------------------------    -------------------
                         (clock adc_clk_a_fwd rise edge)
                                                      0.000     0.000 r  
    J16                                               0.000     0.000 r  adc_clk_drive (IN)
                         net (fo=0)                   0.000     0.000    adc_clk_drive
    J16                  IBUF (Prop_ibuf_I_O)         0.882     0.882 r  adc_clk_drive_IBUF_inst/O
                         net (fo=2, routed)           1.011     1.893    u_adc_capture/adc_clk_drive_IBUF
    OLOGIC_X1Y107        ODDR (Prop_oddr_C_Q)         0.418     2.311 r  u_adc_capture/u_oddr_clk_a/Q
                         net (fo=1, routed)           0.001     2.312    adc_clk_a_OBUF
    N16                  OBUF (Prop_obuf_I_O)         2.412     4.724 r  adc_clk_a_OBUF_inst/O
                         net (fo=0)                   0.000     4.724    adc_clk_a
  -------------------------------------------------------------------    -------------------
                         input delay                 26.000    30.724    
    U5                                                0.000    30.724 r  adc_data_a[6] (IN)
                         net (fo=0)                   0.000    30.724    adc_data_a[6]
    U5                   IBUF (Prop_ibuf_I_O)         0.875    31.599 r  adc_data_a_IBUF[6]_inst/O
                         net (fo=1, routed)           0.000    31.599    u_adc_capture/D[6]
    ILOGIC_X0Y11         FDRE                                         r  u_adc_capture/raw_data_a_reg[6]/D
  -------------------------------------------------------------------    -------------------

                         (clock adc_clk rise edge)   31.250    31.250 r  
    L16                                               0.000    31.250 r  adc_clk (IN)
                         net (fo=0)                   0.000    31.250    adc_clk
    L16                  IBUF (Prop_ibuf_I_O)         0.849    32.099 r  adc_clk_IBUF_inst/O
                         net (fo=1, routed)           1.961    34.060    adc_clk_IBUF
    BUFGCTRL_X0Y16       BUFG (Prop_bufg_I_O)         0.077    34.137 r  adc_clk_IBUF_BUFG_inst/O
                         net (fo=221, routed)         1.377    35.513    u_adc_capture/CLK
    ILOGIC_X0Y11         FDRE                                         r  u_adc_capture/raw_data_a_reg[6]/C
                         clock pessimism              0.000    35.513    
                         clock uncertainty           -0.035    35.478    
    ILOGIC_X0Y11         FDRE (Setup_fdre_C_D)       -0.012    35.466    u_adc_capture/raw_data_a_reg[6]
  -------------------------------------------------------------------
                         required time                         35.466    
                         arrival time                         -31.599    
  -------------------------------------------------------------------
                         slack                                  3.867    





Min Delay Paths
--------------------------------------------------------------------------------------
Slack (VIOLATED) :        -0.228ns  (arrival time - required time)
  Source:                 adc_data_a[6]
                            (input port clocked by adc_clk_a_fwd  {rise@0.000ns fall@15.625ns period=31.250ns})
  Destination:            u_adc_capture/raw_data_a_reg[6]/D
                            (rising edge-triggered cell FDRE clocked by adc_clk  {rise@0.000ns fall@15.625ns period=31.250ns})
  Path Group:             adc_clk
  Path Type:              Hold (Min at Fast Process Corner)
  Requirement:            0.000ns  (adc_clk rise@0.000ns - adc_clk_a_fwd rise@0.000ns)
  Data Path Delay:        0.172ns  (logic 0.172ns (100.000%)  route 0.000ns (0.000%))
  Logic Levels:           1  (IBUF=1)
  Input Delay:            0.000ns
  Clock Path Skew:        0.332ns (DCD - SCD - CPR)
    Destination Clock Delay (DCD):    2.290ns
    Source Clock Delay      (SCD):    1.959ns
    Clock Pessimism Removal (CPR):    -0.000ns

    Location             Delay type                Incr(ns)  Path(ns)    Netlist Resource(s)
  -------------------------------------------------------------------    -------------------
                         (clock adc_clk_a_fwd rise edge)
                                                      0.000     0.000 r  
    J16                                               0.000     0.000 r  adc_clk_drive (IN)
                         net (fo=0)                   0.000     0.000    adc_clk_drive
    J16                  IBUF (Prop_ibuf_I_O)         0.179     0.179 r  adc_clk_drive_IBUF_inst/O
                         net (fo=2, routed)           0.420     0.599    u_adc_capture/adc_clk_drive_IBUF
    OLOGIC_X1Y107        ODDR (Prop_oddr_C_Q)         0.177     0.776 r  u_adc_capture/u_oddr_clk_a/Q
                         net (fo=1, routed)           0.001     0.777    adc_clk_a_OBUF
    N16                  OBUF (Prop_obuf_I_O)         1.182     1.959 r  adc_clk_a_OBUF_inst/O
                         net (fo=0)                   0.000     1.959    adc_clk_a
  -------------------------------------------------------------------    -------------------
                         input delay                  0.000     1.959    
    U5                                                0.000     1.959 r  adc_data_a[6] (IN)
                         net (fo=0)                   0.000     1.959    adc_data_a[6]
    U5                   IBUF (Prop_ibuf_I_O)         0.172     2.130 r  adc_data_a_IBUF[6]_inst/O
                         net (fo=1, routed)           0.000     2.130    u_adc_capture/D[6]
    ILOGIC_X0Y11         FDRE                                         r  u_adc_capture/raw_data_a_reg[6]/D
  -------------------------------------------------------------------    -------------------

                         (clock adc_clk rise edge)    0.000     0.000 r  
    L16                                               0.000     0.000 r  adc_clk (IN)
                         net (fo=0)                   0.000     0.000    adc_clk
    L16                  IBUF (Prop_ibuf_I_O)         0.466     0.466 r  adc_clk_IBUF_inst/O
                         net (fo=1, routed)           0.907     1.373    adc_clk_IBUF
    BUFGCTRL_X0Y16       BUFG (Prop_bufg_I_O)         0.029     1.402 r  adc_clk_IBUF_BUFG_inst/O
                         net (fo=221, routed)         0.888     2.290    u_adc_capture/CLK
    ILOGIC_X0Y11         FDRE                                         r  u_adc_capture/raw_data_a_reg[6]/C
                         clock pessimism              0.000     2.290    
    ILOGIC_X0Y11         FDRE (Hold_fdre_C_D)         0.068     2.358    u_adc_capture/raw_data_a_reg[6]
  -------------------------------------------------------------------
                         required time                         -2.358    
                         arrival time                           2.130    
  -------------------------------------------------------------------
                         slack                                 -0.228    

Slack (VIOLATED) :        -0.220ns  (arrival time - required time)
  Source:                 adc_data_a[1]
                            (input port clocked by adc_clk_a_fwd  {rise@0.000ns fall@15.625ns period=31.250ns})
  Destination:            u_adc_capture/raw_data_a_reg[1]/D
                            (rising edge-triggered cell FDRE clocked by adc_clk  {rise@0.000ns fall@15.625ns period=31.250ns})
  Path Group:             adc_clk
  Path Type:              Hold (Min at Fast Process Corner)
  Requirement:            0.000ns  (adc_clk rise@0.000ns - adc_clk_a_fwd rise@0.000ns)
  Data Path Delay:        0.179ns  (logic 0.179ns (100.000%)  route 0.000ns (0.000%))
  Logic Levels:           1  (IBUF=1)
  Input Delay:            0.000ns
  Clock Path Skew:        0.332ns (DCD - SCD - CPR)
    Destination Clock Delay (DCD):    2.290ns
    Source Clock Delay      (SCD):    1.959ns
    Clock Pessimism Removal (CPR):    -0.000ns

    Location             Delay type                Incr(ns)  Path(ns)    Netlist Resource(s)
  -------------------------------------------------------------------    -------------------
                         (clock adc_clk_a_fwd rise edge)
                                                      0.000     0.000 r  
    J16                                               0.000     0.000 r  adc_clk_drive (IN)
                         net (fo=0)                   0.000     0.000    adc_clk_drive
    J16                  IBUF (Prop_ibuf_I_O)         0.179     0.179 r  adc_clk_drive_IBUF_inst/O
                         net (fo=2, routed)           0.420     0.599    u_adc_capture/adc_clk_drive_IBUF
    OLOGIC_X1Y107        ODDR (Prop_oddr_C_Q)         0.177     0.776 r  u_adc_capture/u_oddr_clk_a/Q
                         net (fo=1, routed)           0.001     0.777    adc_clk_a_OBUF
    N16                  OBUF (Prop_obuf_I_O)         1.182     1.959 r  adc_clk_a_OBUF_inst/O
                         net (fo=0)                   0.000     1.959    adc_clk_a
  -------------------------------------------------------------------    -------------------
                         input delay                  0.000     1.959    
    V6                                                0.000     1.959 r  adc_data_a[1] (IN)
                         net (fo=0)                   0.000     1.959    adc_data_a[1]
    V6                   IBUF (Prop_ibuf_I_O)         0.179     2.138 r  adc_data_a_IBUF[1]_inst/O
                         net (fo=1, routed)           0.000     2.138    u_adc_capture/D[1]
    ILOGIC_X0Y6          FDRE                                         r  u_adc_capture/raw_data_a_reg[1]/D
  -------------------------------------------------------------------    -------------------

                         (clock adc_clk rise edge)    0.000     0.000 r  
    L16                                               0.000     0.000 r  adc_clk (IN)
                         net (fo=0)                   0.000     0.000    adc_clk
    L16                  IBUF (Prop_ibuf_I_O)         0.466     0.466 r  adc_clk_IBUF_inst/O
                         net (fo=1, routed)           0.907     1.373    adc_clk_IBUF
    BUFGCTRL_X0Y16       BUFG (Prop_bufg_I_O)         0.029     1.402 r  adc_clk_IBUF_BUFG_inst/O
                         net (fo=221, routed)         0.888     2.290    u_adc_capture/CLK
    ILOGIC_X0Y6          FDRE                                         r  u_adc_capture/raw_data_a_reg[1]/C
                         clock pessimism              0.000     2.290    
    ILOGIC_X0Y6          FDRE (Hold_fdre_C_D)         0.068     2.358    u_adc_capture/raw_data_a_reg[1]
  -------------------------------------------------------------------
                         required time                         -2.358    
                         arrival time                           2.138    
  -------------------------------------------------------------------
                         slack                                 -0.220    

Slack (VIOLATED) :        -0.215ns  (arrival time - required time)
  Source:                 adc_data_a[0]
                            (input port clocked by adc_clk_a_fwd  {rise@0.000ns fall@15.625ns period=31.250ns})
  Destination:            u_adc_capture/raw_data_a_reg[0]/D
                            (rising edge-triggered cell FDRE clocked by adc_clk  {rise@0.000ns fall@15.625ns period=31.250ns})
  Path Group:             adc_clk
  Path Type:              Hold (Min at Fast Process Corner)
  Requirement:            0.000ns  (adc_clk rise@0.000ns - adc_clk_a_fwd rise@0.000ns)
  Data Path Delay:        0.185ns  (logic 0.185ns (100.000%)  route 0.000ns (0.000%))
  Logic Levels:           1  (IBUF=1)
  Input Delay:            0.000ns
  Clock Path Skew:        0.332ns (DCD - SCD - CPR)
    Destination Clock Delay (DCD):    2.290ns
    Source Clock Delay      (SCD):    1.959ns
    Clock Pessimism Removal (CPR):    -0.000ns

    Location             Delay type                Incr(ns)  Path(ns)    Netlist Resource(s)
  -------------------------------------------------------------------    -------------------
                         (clock adc_clk_a_fwd rise edge)
                                                      0.000     0.000 r  
    J16                                               0.000     0.000 r  adc_clk_drive (IN)
                         net (fo=0)                   0.000     0.000    adc_clk_drive
    J16                  IBUF (Prop_ibuf_I_O)         0.179     0.179 r  adc_clk_drive_IBUF_inst/O
                         net (fo=2, routed)           0.420     0.599    u_adc_capture/adc_clk_drive_IBUF
    OLOGIC_X1Y107        ODDR (Prop_oddr_C_Q)         0.177     0.776 r  u_adc_capture/u_oddr_clk_a/Q
                         net (fo=1, routed)           0.001     0.777    adc_clk_a_OBUF
    N16                  OBUF (Prop_obuf_I_O)         1.182     1.959 r  adc_clk_a_OBUF_inst/O
                         net (fo=0)                   0.000     1.959    adc_clk_a
  -------------------------------------------------------------------    -------------------
                         input delay                  0.000     1.959    
    W6                                                0.000     1.959 r  adc_data_a[0] (IN)
                         net (fo=0)                   0.000     1.959    adc_data_a[0]
    W6                   IBUF (Prop_ibuf_I_O)         0.185     2.143 r  adc_data_a_IBUF[0]_inst/O
                         net (fo=1, routed)           0.000     2.143    u_adc_capture/D[0]
    ILOGIC_X0Y5          FDRE                                         r  u_adc_capture/raw_data_a_reg[0]/D
  -------------------------------------------------------------------    -------------------

                         (clock adc_clk rise edge)    0.000     0.000 r  
    L16                                               0.000     0.000 r  adc_clk (IN)
                         net (fo=0)                   0.000     0.000    adc_clk
    L16                  IBUF (Prop_ibuf_I_O)         0.466     0.466 r  adc_clk_IBUF_inst/O
                         net (fo=1, routed)           0.907     1.373    adc_clk_IBUF
    BUFGCTRL_X0Y16       BUFG (Prop_bufg_I_O)         0.029     1.402 r  adc_clk_IBUF_BUFG_inst/O
                         net (fo=221, routed)         0.888     2.290    u_adc_capture/CLK
    ILOGIC_X0Y5          FDRE                                         r  u_adc_capture/raw_data_a_reg[0]/C
                         clock pessimism              0.000     2.290    
    ILOGIC_X0Y5          FDRE (Hold_fdre_C_D)         0.068     2.358    u_adc_capture/raw_data_a_reg[0]
  -------------------------------------------------------------------
                         required time                         -2.358    
                         arrival time                           2.143    
  -------------------------------------------------------------------
                         slack                                 -0.215    

Slack (VIOLATED) :        -0.181ns  (arrival time - required time)
  Source:                 adc_data_a[2]
                            (input port clocked by adc_clk_a_fwd  {rise@0.000ns fall@15.625ns period=31.250ns})
  Destination:            u_adc_capture/raw_data_a_reg[2]/D
                            (rising edge-triggered cell FDRE clocked by adc_clk  {rise@0.000ns fall@15.625ns period=31.250ns})
  Path Group:             adc_clk
  Path Type:              Hold (Min at Fast Process Corner)
  Requirement:            0.000ns  (adc_clk rise@0.000ns - adc_clk_a_fwd rise@0.000ns)
  Data Path Delay:        0.218ns  (logic 0.218ns (100.000%)  route 0.000ns (0.000%))
  Logic Levels:           1  (IBUF=1)
  Input Delay:            0.000ns
  Clock Path Skew:        0.332ns (DCD - SCD - CPR)
    Destination Clock Delay (DCD):    2.290ns
    Source Clock Delay      (SCD):    1.959ns
    Clock Pessimism Removal (CPR):    -0.000ns

    Location             Delay type                Incr(ns)  Path(ns)    Netlist Resource(s)
  -------------------------------------------------------------------    -------------------
                         (clock adc_clk_a_fwd rise edge)
                                                      0.000     0.000 r  
    J16                                               0.000     0.000 r  adc_clk_drive (IN)
                         net (fo=0)                   0.000     0.000    adc_clk_drive
    J16                  IBUF (Prop_ibuf_I_O)         0.179     0.179 r  adc_clk_drive_IBUF_inst/O
                         net (fo=2, routed)           0.420     0.599    u_adc_capture/adc_clk_drive_IBUF
    OLOGIC_X1Y107        ODDR (Prop_oddr_C_Q)         0.177     0.776 r  u_adc_capture/u_oddr_clk_a/Q
                         net (fo=1, routed)           0.001     0.777    adc_clk_a_OBUF
    N16                  OBUF (Prop_obuf_I_O)         1.182     1.959 r  adc_clk_a_OBUF_inst/O
                         net (fo=0)                   0.000     1.959    adc_clk_a
  -------------------------------------------------------------------    -------------------
                         input delay                  0.000     1.959    
    V10                                               0.000     1.959 r  adc_data_a[2] (IN)
                         net (fo=0)                   0.000     1.959    adc_data_a[2]
    V10                  IBUF (Prop_ibuf_I_O)         0.218     2.177 r  adc_data_a_IBUF[2]_inst/O
                         net (fo=1, routed)           0.000     2.177    u_adc_capture/D[2]
    ILOGIC_X0Y7          FDRE                                         r  u_adc_capture/raw_data_a_reg[2]/D
  -------------------------------------------------------------------    -------------------

                         (clock adc_clk rise edge)    0.000     0.000 r  
    L16                                               0.000     0.000 r  adc_clk (IN)
                         net (fo=0)                   0.000     0.000    adc_clk
    L16                  IBUF (Prop_ibuf_I_O)         0.466     0.466 r  adc_clk_IBUF_inst/O
                         net (fo=1, routed)           0.907     1.373    adc_clk_IBUF
    BUFGCTRL_X0Y16       BUFG (Prop_bufg_I_O)         0.029     1.402 r  adc_clk_IBUF_BUFG_inst/O
                         net (fo=221, routed)         0.888     2.290    u_adc_capture/CLK
    ILOGIC_X0Y7          FDRE                                         r  u_adc_capture/raw_data_a_reg[2]/C
                         clock pessimism              0.000     2.290    
    ILOGIC_X0Y7          FDRE (Hold_fdre_C_D)         0.068     2.358    u_adc_capture/raw_data_a_reg[2]
  -------------------------------------------------------------------
                         required time                         -2.358    
                         arrival time                           2.177    
  -------------------------------------------------------------------
                         slack                                 -0.181    

Slack (VIOLATED) :        -0.179ns  (arrival time - required time)
  Source:                 adc_data_a[3]
                            (input port clocked by adc_clk_a_fwd  {rise@0.000ns fall@15.625ns period=31.250ns})
  Destination:            u_adc_capture/raw_data_a_reg[3]/D
                            (rising edge-triggered cell FDRE clocked by adc_clk  {rise@0.000ns fall@15.625ns period=31.250ns})
  Path Group:             adc_clk
  Path Type:              Hold (Min at Fast Process Corner)
  Requirement:            0.000ns  (adc_clk rise@0.000ns - adc_clk_a_fwd rise@0.000ns)
  Data Path Delay:        0.220ns  (logic 0.220ns (100.000%)  route 0.000ns (0.000%))
  Logic Levels:           1  (IBUF=1)
  Input Delay:            0.000ns
  Clock Path Skew:        0.332ns (DCD - SCD - CPR)
    Destination Clock Delay (DCD):    2.290ns
    Source Clock Delay      (SCD):    1.959ns
    Clock Pessimism Removal (CPR):    -0.000ns

    Location             Delay type                Incr(ns)  Path(ns)    Netlist Resource(s)
  -------------------------------------------------------------------    -------------------
                         (clock adc_clk_a_fwd rise edge)
                                                      0.000     0.000 r  
    J16                                               0.000     0.000 r  adc_clk_drive (IN)
                         net (fo=0)                   0.000     0.000    adc_clk_drive
    J16                  IBUF (Prop_ibuf_I_O)         0.179     0.179 r  adc_clk_drive_IBUF_inst/O
                         net (fo=2, routed)           0.420     0.599    u_adc_capture/adc_clk_drive_IBUF
    OLOGIC_X1Y107        ODDR (Prop_oddr_C_Q)         0.177     0.776 r  u_adc_capture/u_oddr_clk_a/Q
                         net (fo=1, routed)           0.001     0.777    adc_clk_a_OBUF
    N16                  OBUF (Prop_obuf_I_O)         1.182     1.959 r  adc_clk_a_OBUF_inst/O
                         net (fo=0)                   0.000     1.959    adc_clk_a
  -------------------------------------------------------------------    -------------------
                         input delay                  0.000     1.959    
    V11                                               0.000     1.959 r  adc_data_a[3] (IN)
                         net (fo=0)                   0.000     1.959    adc_data_a[3]
    V11                  IBUF (Prop_ibuf_I_O)         0.220     2.179 r  adc_data_a_IBUF[3]_inst/O
                         net (fo=1, routed)           0.000     2.179    u_adc_capture/D[3]
    ILOGIC_X0Y8          FDRE                                         r  u_adc_capture/raw_data_a_reg[3]/D
  -------------------------------------------------------------------    -------------------

                         (clock adc_clk rise edge)    0.000     0.000 r  
    L16                                               0.000     0.000 r  adc_clk (IN)
                         net (fo=0)                   0.000     0.000    adc_clk
    L16                  IBUF (Prop_ibuf_I_O)         0.466     0.466 r  adc_clk_IBUF_inst/O
                         net (fo=1, routed)           0.907     1.373    adc_clk_IBUF
    BUFGCTRL_X0Y16       BUFG (Prop_bufg_I_O)         0.029     1.402 r  adc_clk_IBUF_BUFG_inst/O
                         net (fo=221, routed)         0.888     2.290    u_adc_capture/CLK
    ILOGIC_X0Y8          FDRE                                         r  u_adc_capture/raw_data_a_reg[3]/C
                         clock pessimism              0.000     2.290    
    ILOGIC_X0Y8          FDRE (Hold_fdre_C_D)         0.068     2.358    u_adc_capture/raw_data_a_reg[3]
  -------------------------------------------------------------------
                         required time                         -2.358    
                         arrival time                           2.179    
  -------------------------------------------------------------------
                         slack                                 -0.179    

Slack (VIOLATED) :        -0.171ns  (arrival time - required time)
  Source:                 adc_data_a[7]
                            (input port clocked by adc_clk_a_fwd  {rise@0.000ns fall@15.625ns period=31.250ns})
  Destination:            u_adc_capture/raw_data_a_reg[7]/D
                            (rising edge-triggered cell FDRE clocked by adc_clk  {rise@0.000ns fall@15.625ns period=31.250ns})
  Path Group:             adc_clk
  Path Type:              Hold (Min at Fast Process Corner)
  Requirement:            0.000ns  (adc_clk rise@0.000ns - adc_clk_a_fwd rise@0.000ns)
  Data Path Delay:        0.229ns  (logic 0.229ns (100.000%)  route 0.000ns (0.000%))
  Logic Levels:           1  (IBUF=1)
  Input Delay:            0.000ns
  Clock Path Skew:        0.332ns (DCD - SCD - CPR)
    Destination Clock Delay (DCD):    2.290ns
    Source Clock Delay      (SCD):    1.959ns
    Clock Pessimism Removal (CPR):    -0.000ns

    Location             Delay type                Incr(ns)  Path(ns)    Netlist Resource(s)
  -------------------------------------------------------------------    -------------------
                         (clock adc_clk_a_fwd rise edge)
                                                      0.000     0.000 r  
    J16                                               0.000     0.000 r  adc_clk_drive (IN)
                         net (fo=0)                   0.000     0.000    adc_clk_drive
    J16                  IBUF (Prop_ibuf_I_O)         0.179     0.179 r  adc_clk_drive_IBUF_inst/O
                         net (fo=2, routed)           0.420     0.599    u_adc_capture/adc_clk_drive_IBUF
    OLOGIC_X1Y107        ODDR (Prop_oddr_C_Q)         0.177     0.776 r  u_adc_capture/u_oddr_clk_a/Q
                         net (fo=1, routed)           0.001     0.777    adc_clk_a_OBUF
    N16                  OBUF (Prop_obuf_I_O)         1.182     1.959 r  adc_clk_a_OBUF_inst/O
                         net (fo=0)                   0.000     1.959    adc_clk_a
  -------------------------------------------------------------------    -------------------
                         input delay                  0.000     1.959    
    T5                                                0.000     1.959 r  adc_data_a[7] (IN)
                         net (fo=0)                   0.000     1.959    adc_data_a[7]
    T5                   IBUF (Prop_ibuf_I_O)         0.229     2.188 r  adc_data_a_IBUF[7]_inst/O
                         net (fo=1, routed)           0.000     2.188    u_adc_capture/D[7]
    ILOGIC_X0Y12         FDRE                                         r  u_adc_capture/raw_data_a_reg[7]/D
  -------------------------------------------------------------------    -------------------

                         (clock adc_clk rise edge)    0.000     0.000 r  
    L16                                               0.000     0.000 r  adc_clk (IN)
                         net (fo=0)                   0.000     0.000    adc_clk
    L16                  IBUF (Prop_ibuf_I_O)         0.466     0.466 r  adc_clk_IBUF_inst/O
                         net (fo=1, routed)           0.907     1.373    adc_clk_IBUF
    BUFGCTRL_X0Y16       BUFG (Prop_bufg_I_O)         0.029     1.402 r  adc_clk_IBUF_BUFG_inst/O
                         net (fo=221, routed)         0.888     2.290    u_adc_capture/CLK
    ILOGIC_X0Y12         FDRE                                         r  u_adc_capture/raw_data_a_reg[7]/C
                         clock pessimism              0.000     2.290    
    ILOGIC_X0Y12         FDRE (Hold_fdre_C_D)         0.068     2.358    u_adc_capture/raw_data_a_reg[7]
  -------------------------------------------------------------------
                         required time                         -2.358    
                         arrival time                           2.188    
  -------------------------------------------------------------------
                         slack                                 -0.171    

Slack (VIOLATED) :        -0.155ns  (arrival time - required time)
  Source:                 adc_data_a[9]
                            (input port clocked by adc_clk_a_fwd  {rise@0.000ns fall@15.625ns period=31.250ns})
  Destination:            u_adc_capture/raw_data_a_reg[9]/D
                            (rising edge-triggered cell FDSE clocked by adc_clk  {rise@0.000ns fall@15.625ns period=31.250ns})
  Path Group:             adc_clk
  Path Type:              Hold (Min at Fast Process Corner)
  Requirement:            0.000ns  (adc_clk rise@0.000ns - adc_clk_a_fwd rise@0.000ns)
  Data Path Delay:        0.243ns  (logic 0.243ns (100.000%)  route 0.000ns (0.000%))
  Logic Levels:           1  (IBUF=1)
  Input Delay:            0.000ns
  Clock Path Skew:        0.330ns (DCD - SCD - CPR)
    Destination Clock Delay (DCD):    2.288ns
    Source Clock Delay      (SCD):    1.959ns
    Clock Pessimism Removal (CPR):    -0.000ns

    Location             Delay type                Incr(ns)  Path(ns)    Netlist Resource(s)
  -------------------------------------------------------------------    -------------------
                         (clock adc_clk_a_fwd rise edge)
                                                      0.000     0.000 r  
    J16                                               0.000     0.000 r  adc_clk_drive (IN)
                         net (fo=0)                   0.000     0.000    adc_clk_drive
    J16                  IBUF (Prop_ibuf_I_O)         0.179     0.179 r  adc_clk_drive_IBUF_inst/O
                         net (fo=2, routed)           0.420     0.599    u_adc_capture/adc_clk_drive_IBUF
    OLOGIC_X1Y107        ODDR (Prop_oddr_C_Q)         0.177     0.776 r  u_adc_capture/u_oddr_clk_a/Q
                         net (fo=1, routed)           0.001     0.777    adc_clk_a_OBUF
    N16                  OBUF (Prop_obuf_I_O)         1.182     1.959 r  adc_clk_a_OBUF_inst/O
                         net (fo=0)                   0.000     1.959    adc_clk_a
  -------------------------------------------------------------------    -------------------
                         input delay                  0.000     1.959    
    W11                                               0.000     1.959 r  adc_data_a[9] (IN)
                         net (fo=0)                   0.000     1.959    adc_data_a[9]
    W11                  IBUF (Prop_ibuf_I_O)         0.243     2.202 r  adc_data_a_IBUF[9]_inst/O
                         net (fo=1, routed)           0.000     2.202    u_adc_capture/D[9]
    ILOGIC_X0Y14         FDSE                                         r  u_adc_capture/raw_data_a_reg[9]/D
  -------------------------------------------------------------------    -------------------

                         (clock adc_clk rise edge)    0.000     0.000 r  
    L16                                               0.000     0.000 r  adc_clk (IN)
                         net (fo=0)                   0.000     0.000    adc_clk
    L16                  IBUF (Prop_ibuf_I_O)         0.466     0.466 r  adc_clk_IBUF_inst/O
                         net (fo=1, routed)           0.907     1.373    adc_clk_IBUF
    BUFGCTRL_X0Y16       BUFG (Prop_bufg_I_O)         0.029     1.402 r  adc_clk_IBUF_BUFG_inst/O
                         net (fo=221, routed)         0.886     2.288    u_adc_capture/CLK
    ILOGIC_X0Y14         FDSE                                         r  u_adc_capture/raw_data_a_reg[9]/C
                         clock pessimism              0.000     2.288    
    ILOGIC_X0Y14         FDSE (Hold_fdse_C_D)         0.068     2.356    u_adc_capture/raw_data_a_reg[9]
  -------------------------------------------------------------------
                         required time                         -2.356    
                         arrival time                           2.202    
  -------------------------------------------------------------------
                         slack                                 -0.155    

Slack (VIOLATED) :        -0.151ns  (arrival time - required time)
  Source:                 adc_data_a[8]
                            (input port clocked by adc_clk_a_fwd  {rise@0.000ns fall@15.625ns period=31.250ns})
  Destination:            u_adc_capture/raw_data_a_reg[8]/D
                            (rising edge-triggered cell FDRE clocked by adc_clk  {rise@0.000ns fall@15.625ns period=31.250ns})
  Path Group:             adc_clk
  Path Type:              Hold (Min at Fast Process Corner)
  Requirement:            0.000ns  (adc_clk rise@0.000ns - adc_clk_a_fwd rise@0.000ns)
  Data Path Delay:        0.247ns  (logic 0.247ns (100.000%)  route 0.000ns (0.000%))
  Logic Levels:           1  (IBUF=1)
  Input Delay:            0.000ns
  Clock Path Skew:        0.330ns (DCD - SCD - CPR)
    Destination Clock Delay (DCD):    2.288ns
    Source Clock Delay      (SCD):    1.959ns
    Clock Pessimism Removal (CPR):    -0.000ns

    Location             Delay type                Incr(ns)  Path(ns)    Netlist Resource(s)
  -------------------------------------------------------------------    -------------------
                         (clock adc_clk_a_fwd rise edge)
                                                      0.000     0.000 r  
    J16                                               0.000     0.000 r  adc_clk_drive (IN)
                         net (fo=0)                   0.000     0.000    adc_clk_drive
    J16                  IBUF (Prop_ibuf_I_O)         0.179     0.179 r  adc_clk_drive_IBUF_inst/O
                         net (fo=2, routed)           0.420     0.599    u_adc_capture/adc_clk_drive_IBUF
    OLOGIC_X1Y107        ODDR (Prop_oddr_C_Q)         0.177     0.776 r  u_adc_capture/u_oddr_clk_a/Q
                         net (fo=1, routed)           0.001     0.777    adc_clk_a_OBUF
    N16                  OBUF (Prop_obuf_I_O)         1.182     1.959 r  adc_clk_a_OBUF_inst/O
                         net (fo=0)                   0.000     1.959    adc_clk_a
  -------------------------------------------------------------------    -------------------
                         input delay                  0.000     1.959    
    Y11                                               0.000     1.959 r  adc_data_a[8] (IN)
                         net (fo=0)                   0.000     1.959    adc_data_a[8]
    Y11                  IBUF (Prop_ibuf_I_O)         0.247     2.205 r  adc_data_a_IBUF[8]_inst/O
                         net (fo=1, routed)           0.000     2.205    u_adc_capture/D[8]
    ILOGIC_X0Y13         FDRE                                         r  u_adc_capture/raw_data_a_reg[8]/D
  -------------------------------------------------------------------    -------------------

                         (clock adc_clk rise edge)    0.000     0.000 r  
    L16                                               0.000     0.000 r  adc_clk (IN)
                         net (fo=0)                   0.000     0.000    adc_clk
    L16                  IBUF (Prop_ibuf_I_O)         0.466     0.466 r  adc_clk_IBUF_inst/O
                         net (fo=1, routed)           0.907     1.373    adc_clk_IBUF
    BUFGCTRL_X0Y16       BUFG (Prop_bufg_I_O)         0.029     1.402 r  adc_clk_IBUF_BUFG_inst/O
                         net (fo=221, routed)         0.886     2.288    u_adc_capture/CLK
    ILOGIC_X0Y13         FDRE                                         r  u_adc_capture/raw_data_a_reg[8]/C
                         clock pessimism              0.000     2.288    
    ILOGIC_X0Y13         FDRE (Hold_fdre_C_D)         0.068     2.356    u_adc_capture/raw_data_a_reg[8]
  -------------------------------------------------------------------
                         required time                         -2.356    
                         arrival time                           2.205    
  -------------------------------------------------------------------
                         slack                                 -0.151    

Slack (VIOLATED) :        -0.139ns  (arrival time - required time)
  Source:                 adc_data_a[5]
                            (input port clocked by adc_clk_a_fwd  {rise@0.000ns fall@15.625ns period=31.250ns})
  Destination:            u_adc_capture/raw_data_a_reg[5]/D
                            (rising edge-triggered cell FDRE clocked by adc_clk  {rise@0.000ns fall@15.625ns period=31.250ns})
  Path Group:             adc_clk
  Path Type:              Hold (Min at Fast Process Corner)
  Requirement:            0.000ns  (adc_clk rise@0.000ns - adc_clk_a_fwd rise@0.000ns)
  Data Path Delay:        0.260ns  (logic 0.260ns (100.000%)  route 0.000ns (0.000%))
  Logic Levels:           1  (IBUF=1)
  Input Delay:            0.000ns
  Clock Path Skew:        0.332ns (DCD - SCD - CPR)
    Destination Clock Delay (DCD):    2.290ns
    Source Clock Delay      (SCD):    1.959ns
    Clock Pessimism Removal (CPR):    -0.000ns

    Location             Delay type                Incr(ns)  Path(ns)    Netlist Resource(s)
  -------------------------------------------------------------------    -------------------
                         (clock adc_clk_a_fwd rise edge)
                                                      0.000     0.000 r  
    J16                                               0.000     0.000 r  adc_clk_drive (IN)
                         net (fo=0)                   0.000     0.000    adc_clk_drive
    J16                  IBUF (Prop_ibuf_I_O)         0.179     0.179 r  adc_clk_drive_IBUF_inst/O
                         net (fo=2, routed)           0.420     0.599    u_adc_capture/adc_clk_drive_IBUF
    OLOGIC_X1Y107        ODDR (Prop_oddr_C_Q)         0.177     0.776 r  u_adc_capture/u_oddr_clk_a/Q
                         net (fo=1, routed)           0.001     0.777    adc_clk_a_OBUF
    N16                  OBUF (Prop_obuf_I_O)         1.182     1.959 r  adc_clk_a_OBUF_inst/O
                         net (fo=0)                   0.000     1.959    adc_clk_a
  -------------------------------------------------------------------    -------------------
                         input delay                  0.000     1.959    
    Y12                                               0.000     1.959 r  adc_data_a[5] (IN)
                         net (fo=0)                   0.000     1.959    adc_data_a[5]
    Y12                  IBUF (Prop_ibuf_I_O)         0.260     2.219 r  adc_data_a_IBUF[5]_inst/O
                         net (fo=1, routed)           0.000     2.219    u_adc_capture/D[5]
    ILOGIC_X0Y10         FDRE                                         r  u_adc_capture/raw_data_a_reg[5]/D
  -------------------------------------------------------------------    -------------------

                         (clock adc_clk rise edge)    0.000     0.000 r  
    L16                                               0.000     0.000 r  adc_clk (IN)
                         net (fo=0)                   0.000     0.000    adc_clk
    L16                  IBUF (Prop_ibuf_I_O)         0.466     0.466 r  adc_clk_IBUF_inst/O
                         net (fo=1, routed)           0.907     1.373    adc_clk_IBUF
    BUFGCTRL_X0Y16       BUFG (Prop_bufg_I_O)         0.029     1.402 r  adc_clk_IBUF_BUFG_inst/O
                         net (fo=221, routed)         0.888     2.290    u_adc_capture/CLK
    ILOGIC_X0Y10         FDRE                                         r  u_adc_capture/raw_data_a_reg[5]/C
                         clock pessimism              0.000     2.290    
    ILOGIC_X0Y10         FDRE (Hold_fdre_C_D)         0.068     2.358    u_adc_capture/raw_data_a_reg[5]
  -------------------------------------------------------------------
                         required time                         -2.358    
                         arrival time                           2.219    
  -------------------------------------------------------------------
                         slack                                 -0.139    

Slack (VIOLATED) :        -0.138ns  (arrival time - required time)
  Source:                 adc_data_a[4]
                            (input port clocked by adc_clk_a_fwd  {rise@0.000ns fall@15.625ns period=31.250ns})
  Destination:            u_adc_capture/raw_data_a_reg[4]/D
                            (rising edge-triggered cell FDRE clocked by adc_clk  {rise@0.000ns fall@15.625ns period=31.250ns})
  Path Group:             adc_clk
  Path Type:              Hold (Min at Fast Process Corner)
  Requirement:            0.000ns  (adc_clk rise@0.000ns - adc_clk_a_fwd rise@0.000ns)
  Data Path Delay:        0.262ns  (logic 0.262ns (100.000%)  route 0.000ns (0.000%))
  Logic Levels:           1  (IBUF=1)
  Input Delay:            0.000ns
  Clock Path Skew:        0.332ns (DCD - SCD - CPR)
    Destination Clock Delay (DCD):    2.290ns
    Source Clock Delay      (SCD):    1.959ns
    Clock Pessimism Removal (CPR):    -0.000ns

    Location             Delay type                Incr(ns)  Path(ns)    Netlist Resource(s)
  -------------------------------------------------------------------    -------------------
                         (clock adc_clk_a_fwd rise edge)
                                                      0.000     0.000 r  
    J16                                               0.000     0.000 r  adc_clk_drive (IN)
                         net (fo=0)                   0.000     0.000    adc_clk_drive
    J16                  IBUF (Prop_ibuf_I_O)         0.179     0.179 r  adc_clk_drive_IBUF_inst/O
                         net (fo=2, routed)           0.420     0.599    u_adc_capture/adc_clk_drive_IBUF
    OLOGIC_X1Y107        ODDR (Prop_oddr_C_Q)         0.177     0.776 r  u_adc_capture/u_oddr_clk_a/Q
                         net (fo=1, routed)           0.001     0.777    adc_clk_a_OBUF
    N16                  OBUF (Prop_obuf_I_O)         1.182     1.959 r  adc_clk_a_OBUF_inst/O
                         net (fo=0)                   0.000     1.959    adc_clk_a
  -------------------------------------------------------------------    -------------------
                         input delay                  0.000     1.959    
    Y13                                               0.000     1.959 r  adc_data_a[4] (IN)
                         net (fo=0)                   0.000     1.959    adc_data_a[4]
    Y13                  IBUF (Prop_ibuf_I_O)         0.262     2.220 r  adc_data_a_IBUF[4]_inst/O
                         net (fo=1, routed)           0.000     2.220    u_adc_capture/D[4]
    ILOGIC_X0Y9          FDRE                                         r  u_adc_capture/raw_data_a_reg[4]/D
  -------------------------------------------------------------------    -------------------

                         (clock adc_clk rise edge)    0.000     0.000 r  
    L16                                               0.000     0.000 r  adc_clk (IN)
                         net (fo=0)                   0.000     0.000    adc_clk
    L16                  IBUF (Prop_ibuf_I_O)         0.466     0.466 r  adc_clk_IBUF_inst/O
                         net (fo=1, routed)           0.907     1.373    adc_clk_IBUF
    BUFGCTRL_X0Y16       BUFG (Prop_bufg_I_O)         0.029     1.402 r  adc_clk_IBUF_BUFG_inst/O
                         net (fo=221, routed)         0.888     2.290    u_adc_capture/CLK
    ILOGIC_X0Y9          FDRE                                         r  u_adc_capture/raw_data_a_reg[4]/C
                         clock pessimism              0.000     2.290    
    ILOGIC_X0Y9          FDRE (Hold_fdre_C_D)         0.068     2.358    u_adc_capture/raw_data_a_reg[4]
  -------------------------------------------------------------------
                         required time                         -2.358    
                         arrival time                           2.220    
  -------------------------------------------------------------------
                         slack                                 -0.138    





---------------------------------------------------------------------------------------------------
From Clock:  adc_clk_b_fwd
  To Clock:  adc_clk

Setup :            0  Failing Endpoints,  Worst Slack        3.753ns,  Total Violation        0.000ns
Hold  :           10  Failing Endpoints,  Worst Slack       -0.165ns,  Total Violation       -1.375ns
---------------------------------------------------------------------------------------------------


Max Delay Paths
--------------------------------------------------------------------------------------
Slack (MET) :             3.753ns  (required time - arrival time)
  Source:                 adc_data_b[4]
                            (input port clocked by adc_clk_b_fwd  {rise@0.000ns fall@15.625ns period=31.250ns})
  Destination:            u_adc_capture/raw_data_b_reg[4]/D
                            (rising edge-triggered cell FDRE clocked by adc_clk  {rise@0.000ns fall@15.625ns period=31.250ns})
  Path Group:             adc_clk
  Path Type:              Setup (Max at Slow Process Corner)
  Requirement:            31.250ns  (adc_clk rise@31.250ns - adc_clk_b_fwd rise@0.000ns)
  Data Path Delay:        0.984ns  (logic 0.984ns (100.000%)  route 0.000ns (0.000%))
  Logic Levels:           1  (IBUF=1)
  Input Delay:            26.000ns
  Clock Path Skew:        -0.466ns (DCD - SCD + CPR)
    Destination Clock Delay (DCD):    4.256ns = ( 35.506 - 31.250 ) 
    Source Clock Delay      (SCD):    4.722ns
    Clock Pessimism Removal (CPR):    0.000ns
  Clock Uncertainty:      0.035ns  ((TSJ^2 + TIJ^2)^1/2 + DJ) / 2 + PE
    Total System Jitter     (TSJ):    0.071ns
    Total Input Jitter      (TIJ):    0.000ns
    Discrete Jitter          (DJ):    0.000ns
    Phase Error              (PE):    0.000ns

    Location             Delay type                Incr(ns)  Path(ns)    Netlist Resource(s)
  -------------------------------------------------------------------    -------------------
                         (clock adc_clk_b_fwd rise edge)
                                                      0.000     0.000 r  
    J16                                               0.000     0.000 f  adc_clk_drive (IN)
                         net (fo=0)                   0.000     0.000    adc_clk_drive
    J16                  IBUF (Prop_ibuf_I_O)         0.882     0.882 f  adc_clk_drive_IBUF_inst/O
                         net (fo=2, routed)           1.006     1.889    u_adc_capture/adc_clk_drive_IBUF
    OLOGIC_X1Y108        ODDR (Prop_oddr_C_Q)         0.418     2.307 r  u_adc_capture/u_oddr_clk_b/Q
                         net (fo=1, routed)           0.001     2.308    adc_clk_b_OBUF
    N15                  OBUF (Prop_obuf_I_O)         2.415     4.722 r  adc_clk_b_OBUF_inst/O
                         net (fo=0)                   0.000     4.722    adc_clk_b
  -------------------------------------------------------------------    -------------------
                         input delay                 26.000    30.722    
    W8                                                0.000    30.722 r  adc_data_b[4] (IN)
                         net (fo=0)                   0.000    30.722    adc_data_b[4]
    W8                   IBUF (Prop_ibuf_I_O)         0.984    31.706 r  adc_data_b_IBUF[4]_inst/O
                         net (fo=1, routed)           0.000    31.706    u_adc_capture/raw_data_b_reg[9]_0[4]
    ILOGIC_X0Y19         FDRE                                         r  u_adc_capture/raw_data_b_reg[4]/D
  -------------------------------------------------------------------    -------------------

                         (clock adc_clk rise edge)   31.250    31.250 r  
    L16                                               0.000    31.250 r  adc_clk (IN)
                         net (fo=0)                   0.000    31.250    adc_clk
    L16                  IBUF (Prop_ibuf_I_O)         0.849    32.099 r  adc_clk_IBUF_inst/O
                         net (fo=1, routed)           1.961    34.060    adc_clk_IBUF
    BUFGCTRL_X0Y16       BUFG (Prop_bufg_I_O)         0.077    34.137 r  adc_clk_IBUF_BUFG_inst/O
                         net (fo=221, routed)         1.370    35.506    u_adc_capture/CLK
    ILOGIC_X0Y19         FDRE                                         r  u_adc_capture/raw_data_b_reg[4]/C
                         clock pessimism              0.000    35.506    
                         clock uncertainty           -0.035    35.471    
    ILOGIC_X0Y19         FDRE (Setup_fdre_C_D)       -0.012    35.459    u_adc_capture/raw_data_b_reg[4]
  -------------------------------------------------------------------
                         required time                         35.459    
                         arrival time                         -31.706    
  -------------------------------------------------------------------
                         slack                                  3.753    

Slack (MET) :             3.753ns  (required time - arrival time)
  Source:                 adc_data_b[5]
                            (input port clocked by adc_clk_b_fwd  {rise@0.000ns fall@15.625ns period=31.250ns})
  Destination:            u_adc_capture/raw_data_b_reg[5]/D
                            (rising edge-triggered cell FDRE clocked by adc_clk  {rise@0.000ns fall@15.625ns period=31.250ns})
  Path Group:             adc_clk
  Path Type:              Setup (Max at Slow Process Corner)
  Requirement:            31.250ns  (adc_clk rise@31.250ns - adc_clk_b_fwd rise@0.000ns)
  Data Path Delay:        0.984ns  (logic 0.984ns (100.000%)  route 0.000ns (0.000%))
  Logic Levels:           1  (IBUF=1)
  Input Delay:            26.000ns
  Clock Path Skew:        -0.466ns (DCD - SCD + CPR)
    Destination Clock Delay (DCD):    4.256ns = ( 35.506 - 31.250 ) 
    Source Clock Delay      (SCD):    4.722ns
    Clock Pessimism Removal (CPR):    0.000ns
  Clock Uncertainty:      0.035ns  ((TSJ^2 + TIJ^2)^1/2 + DJ) / 2 + PE
    Total System Jitter     (TSJ):    0.071ns
    Total Input Jitter      (TIJ):    0.000ns
    Discrete Jitter          (DJ):    0.000ns
    Phase Error              (PE):    0.000ns

    Location             Delay type                Incr(ns)  Path(ns)    Netlist Resource(s)
  -------------------------------------------------------------------    -------------------
                         (clock adc_clk_b_fwd rise edge)
                                                      0.000     0.000 r  
    J16                                               0.000     0.000 f  adc_clk_drive (IN)
                         net (fo=0)                   0.000     0.000    adc_clk_drive
    J16                  IBUF (Prop_ibuf_I_O)         0.882     0.882 f  adc_clk_drive_IBUF_inst/O
                         net (fo=2, routed)           1.006     1.889    u_adc_capture/adc_clk_drive_IBUF
    OLOGIC_X1Y108        ODDR (Prop_oddr_C_Q)         0.418     2.307 r  u_adc_capture/u_oddr_clk_b/Q
                         net (fo=1, routed)           0.001     2.308    adc_clk_b_OBUF
    N15                  OBUF (Prop_obuf_I_O)         2.415     4.722 r  adc_clk_b_OBUF_inst/O
                         net (fo=0)                   0.000     4.722    adc_clk_b
  -------------------------------------------------------------------    -------------------
                         input delay                 26.000    30.722    
    V8                                                0.000    30.722 r  adc_data_b[5] (IN)
                         net (fo=0)                   0.000    30.722    adc_data_b[5]
    V8                   IBUF (Prop_ibuf_I_O)         0.984    31.706 r  adc_data_b_IBUF[5]_inst/O
                         net (fo=1, routed)           0.000    31.706    u_adc_capture/raw_data_b_reg[9]_0[5]
    ILOGIC_X0Y20         FDRE                                         r  u_adc_capture/raw_data_b_reg[5]/D
  -------------------------------------------------------------------    -------------------

                         (clock adc_clk rise edge)   31.250    31.250 r  
    L16                                               0.000    31.250 r  adc_clk (IN)
                         net (fo=0)                   0.000    31.250    adc_clk
    L16                  IBUF (Prop_ibuf_I_O)         0.849    32.099 r  adc_clk_IBUF_inst/O
                         net (fo=1, routed)           1.961    34.060    adc_clk_IBUF
    BUFGCTRL_X0Y16       BUFG (Prop_bufg_I_O)         0.077    34.137 r  adc_clk_IBUF_BUFG_inst/O
                         net (fo=221, routed)         1.370    35.506    u_adc_capture/CLK
    ILOGIC_X0Y20         FDRE                                         r  u_adc_capture/raw_data_b_reg[5]/C
                         clock pessimism              0.000    35.506    
                         clock uncertainty           -0.035    35.471    
    ILOGIC_X0Y20         FDRE (Setup_fdre_C_D)       -0.012    35.459    u_adc_capture/raw_data_b_reg[5]
  -------------------------------------------------------------------
                         required time                         35.459    
                         arrival time                         -31.706    
  -------------------------------------------------------------------
                         slack                                  3.753    

Slack (MET) :             3.785ns  (required time - arrival time)
  Source:                 adc_data_b[1]
                            (input port clocked by adc_clk_b_fwd  {rise@0.000ns fall@15.625ns period=31.250ns})
  Destination:            u_adc_capture/raw_data_b_reg[1]/D
                            (rising edge-triggered cell FDRE clocked by adc_clk  {rise@0.000ns fall@15.625ns period=31.250ns})
  Path Group:             adc_clk
  Path Type:              Setup (Max at Slow Process Corner)
  Requirement:            31.250ns  (adc_clk rise@31.250ns - adc_clk_b_fwd rise@0.000ns)
  Data Path Delay:        0.957ns  (logic 0.957ns (100.000%)  route 0.000ns (0.000%))
  Logic Levels:           1  (IBUF=1)
  Input Delay:            26.000ns
  Clock Path Skew:        -0.461ns (DCD - SCD + CPR)
    Destination Clock Delay (DCD):    4.261ns = ( 35.511 - 31.250 ) 
    Source Clock Delay      (SCD):    4.722ns
    Clock Pessimism Removal (CPR):    0.000ns
  Clock Uncertainty:      0.035ns  ((TSJ^2 + TIJ^2)^1/2 + DJ) / 2 + PE
    Total System Jitter     (TSJ):    0.071ns
    Total Input Jitter      (TIJ):    0.000ns
    Discrete Jitter          (DJ):    0.000ns
    Phase Error              (PE):    0.000ns

    Location             Delay type                Incr(ns)  Path(ns)    Netlist Resource(s)
  -------------------------------------------------------------------    -------------------
                         (clock adc_clk_b_fwd rise edge)
                                                      0.000     0.000 r  
    J16                                               0.000     0.000 f  adc_clk_drive (IN)
                         net (fo=0)                   0.000     0.000    adc_clk_drive
    J16                  IBUF (Prop_ibuf_I_O)         0.882     0.882 f  adc_clk_drive_IBUF_inst/O
                         net (fo=2, routed)           1.006     1.889    u_adc_capture/adc_clk_drive_IBUF
    OLOGIC_X1Y108        ODDR (Prop_oddr_C_Q)         0.418     2.307 r  u_adc_capture/u_oddr_clk_b/Q
                         net (fo=1, routed)           0.001     2.308    adc_clk_b_OBUF
    N15                  OBUF (Prop_obuf_I_O)         2.415     4.722 r  adc_clk_b_OBUF_inst/O
                         net (fo=0)                   0.000     4.722    adc_clk_b
  -------------------------------------------------------------------    -------------------
                         input delay                 26.000    30.722    
    U9                                                0.000    30.722 r  adc_data_b[1] (IN)
                         net (fo=0)                   0.000    30.722    adc_data_b[1]
    U9                   IBUF (Prop_ibuf_I_O)         0.957    31.679 r  adc_data_b_IBUF[1]_inst/O
                         net (fo=1, routed)           0.000    31.679    u_adc_capture/raw_data_b_reg[9]_0[1]
    ILOGIC_X0Y16         FDRE                                         r  u_adc_capture/raw_data_b_reg[1]/D
  -------------------------------------------------------------------    -------------------

                         (clock adc_clk rise edge)   31.250    31.250 r  
    L16                                               0.000    31.250 r  adc_clk (IN)
                         net (fo=0)                   0.000    31.250    adc_clk
    L16                  IBUF (Prop_ibuf_I_O)         0.849    32.099 r  adc_clk_IBUF_inst/O
                         net (fo=1, routed)           1.961    34.060    adc_clk_IBUF
    BUFGCTRL_X0Y16       BUFG (Prop_bufg_I_O)         0.077    34.137 r  adc_clk_IBUF_BUFG_inst/O
                         net (fo=221, routed)         1.375    35.511    u_adc_capture/CLK
    ILOGIC_X0Y16         FDRE                                         r  u_adc_capture/raw_data_b_reg[1]/C
                         clock pessimism              0.000    35.511    
                         clock uncertainty           -0.035    35.476    
    ILOGIC_X0Y16         FDRE (Setup_fdre_C_D)       -0.012    35.464    u_adc_capture/raw_data_b_reg[1]
  -------------------------------------------------------------------
                         required time                         35.464    
                         arrival time                         -31.679    
  -------------------------------------------------------------------
                         slack                                  3.785    

Slack (MET) :             3.788ns  (required time - arrival time)
  Source:                 adc_data_b[3]
                            (input port clocked by adc_clk_b_fwd  {rise@0.000ns fall@15.625ns period=31.250ns})
  Destination:            u_adc_capture/raw_data_b_reg[3]/D
                            (rising edge-triggered cell FDRE clocked by adc_clk  {rise@0.000ns fall@15.625ns period=31.250ns})
  Path Group:             adc_clk
  Path Type:              Setup (Max at Slow Process Corner)
  Requirement:            31.250ns  (adc_clk rise@31.250ns - adc_clk_b_fwd rise@0.000ns)
  Data Path Delay:        0.951ns  (logic 0.951ns (100.000%)  route 0.000ns (0.000%))
  Logic Levels:           1  (IBUF=1)
  Input Delay:            26.000ns
  Clock Path Skew:        -0.464ns (DCD - SCD + CPR)
    Destination Clock Delay (DCD):    4.258ns = ( 35.508 - 31.250 ) 
    Source Clock Delay      (SCD):    4.722ns
    Clock Pessimism Removal (CPR):    0.000ns
  Clock Uncertainty:      0.035ns  ((TSJ^2 + TIJ^2)^1/2 + DJ) / 2 + PE
    Total System Jitter     (TSJ):    0.071ns
    Total Input Jitter      (TIJ):    0.000ns
    Discrete Jitter          (DJ):    0.000ns
    Phase Error              (PE):    0.000ns

    Location             Delay type                Incr(ns)  Path(ns)    Netlist Resource(s)
  -------------------------------------------------------------------    -------------------
                         (clock adc_clk_b_fwd rise edge)
                                                      0.000     0.000 r  
    J16                                               0.000     0.000 f  adc_clk_drive (IN)
                         net (fo=0)                   0.000     0.000    adc_clk_drive
    J16                  IBUF (Prop_ibuf_I_O)         0.882     0.882 f  adc_clk_drive_IBUF_inst/O
                         net (fo=2, routed)           1.006     1.889    u_adc_capture/adc_clk_drive_IBUF
    OLOGIC_X1Y108        ODDR (Prop_oddr_C_Q)         0.418     2.307 r  u_adc_capture/u_oddr_clk_b/Q
                         net (fo=1, routed)           0.001     2.308    adc_clk_b_OBUF
    N15                  OBUF (Prop_obuf_I_O)         2.415     4.722 r  adc_clk_b_OBUF_inst/O
                         net (fo=0)                   0.000     4.722    adc_clk_b
  -------------------------------------------------------------------    -------------------
                         input delay                 26.000    30.722    
    W10                                               0.000    30.722 r  adc_data_b[3] (IN)
                         net (fo=0)                   0.000    30.722    adc_data_b[3]
    W10                  IBUF (Prop_ibuf_I_O)         0.951    31.673 r  adc_data_b_IBUF[3]_inst/O
                         net (fo=1, routed)           0.000    31.673    u_adc_capture/raw_data_b_reg[9]_0[3]
    ILOGIC_X0Y18         FDRE                                         r  u_adc_capture/raw_data_b_reg[3]/D
  -------------------------------------------------------------------    -------------------

                         (clock adc_clk rise edge)   31.250    31.250 r  
    L16                                               0.000    31.250 r  adc_clk (IN)
                         net (fo=0)                   0.000    31.250    adc_clk
    L16                  IBUF (Prop_ibuf_I_O)         0.849    32.099 r  adc_clk_IBUF_inst/O
                         net (fo=1, routed)           1.961    34.060    adc_clk_IBUF
    BUFGCTRL_X0Y16       BUFG (Prop_bufg_I_O)         0.077    34.137 r  adc_clk_IBUF_BUFG_inst/O
                         net (fo=221, routed)         1.372    35.508    u_adc_capture/CLK
    ILOGIC_X0Y18         FDRE                                         r  u_adc_capture/raw_data_b_reg[3]/C
                         clock pessimism              0.000    35.508    
                         clock uncertainty           -0.035    35.473    
    ILOGIC_X0Y18         FDRE (Setup_fdre_C_D)       -0.012    35.461    u_adc_capture/raw_data_b_reg[3]
  -------------------------------------------------------------------
                         required time                         35.461    
                         arrival time                         -31.673    
  -------------------------------------------------------------------
                         slack                                  3.788    

Slack (MET) :             3.790ns  (required time - arrival time)
  Source:                 adc_data_b[6]
                            (input port clocked by adc_clk_b_fwd  {rise@0.000ns fall@15.625ns period=31.250ns})
  Destination:            u_adc_capture/raw_data_b_reg[6]/D
                            (rising edge-triggered cell FDRE clocked by adc_clk  {rise@0.000ns fall@15.625ns period=31.250ns})
  Path Group:             adc_clk
  Path Type:              Setup (Max at Slow Process Corner)
  Requirement:            31.250ns  (adc_clk rise@31.250ns - adc_clk_b_fwd rise@0.000ns)
  Data Path Delay:        0.946ns  (logic 0.946ns (100.000%)  route 0.000ns (0.000%))
  Logic Levels:           1  (IBUF=1)
  Input Delay:            26.000ns
  Clock Path Skew:        -0.467ns (DCD - SCD + CPR)
    Destination Clock Delay (DCD):    4.255ns = ( 35.505 - 31.250 ) 
    Source Clock Delay      (SCD):    4.722ns
    Clock Pessimism Removal (CPR):    0.000ns
  Clock Uncertainty:      0.035ns  ((TSJ^2 + TIJ^2)^1/2 + DJ) / 2 + PE
    Total System Jitter     (TSJ):    0.071ns
    Total Input Jitter      (TIJ):    0.000ns
    Discrete Jitter          (DJ):    0.000ns
    Phase Error              (PE):    0.000ns

    Location             Delay type                Incr(ns)  Path(ns)    Netlist Resource(s)
  -------------------------------------------------------------------    -------------------
                         (clock adc_clk_b_fwd rise edge)
                                                      0.000     0.000 r  
    J16                                               0.000     0.000 f  adc_clk_drive (IN)
                         net (fo=0)                   0.000     0.000    adc_clk_drive
    J16                  IBUF (Prop_ibuf_I_O)         0.882     0.882 f  adc_clk_drive_IBUF_inst/O
                         net (fo=2, routed)           1.006     1.889    u_adc_capture/adc_clk_drive_IBUF
    OLOGIC_X1Y108        ODDR (Prop_oddr_C_Q)         0.418     2.307 r  u_adc_capture/u_oddr_clk_b/Q
                         net (fo=1, routed)           0.001     2.308    adc_clk_b_OBUF
    N15                  OBUF (Prop_obuf_I_O)         2.415     4.722 r  adc_clk_b_OBUF_inst/O
                         net (fo=0)                   0.000     4.722    adc_clk_b
  -------------------------------------------------------------------    -------------------
                         input delay                 26.000    30.722    
    Y8                                                0.000    30.722 r  adc_data_b[6] (IN)
                         net (fo=0)                   0.000    30.722    adc_data_b[6]
    Y8                   IBUF (Prop_ibuf_I_O)         0.946    31.668 r  adc_data_b_IBUF[6]_inst/O
                         net (fo=1, routed)           0.000    31.668    u_adc_capture/raw_data_b_reg[9]_0[6]
    ILOGIC_X0Y21         FDRE                                         r  u_adc_capture/raw_data_b_reg[6]/D
  -------------------------------------------------------------------    -------------------

                         (clock adc_clk rise edge)   31.250    31.250 r  
    L16                                               0.000    31.250 r  adc_clk (IN)
                         net (fo=0)                   0.000    31.250    adc_clk
    L16                  IBUF (Prop_ibuf_I_O)         0.849    32.099 r  adc_clk_IBUF_inst/O
                         net (fo=1, routed)           1.961    34.060    adc_clk_IBUF
    BUFGCTRL_X0Y16       BUFG (Prop_bufg_I_O)         0.077    34.137 r  adc_clk_IBUF_BUFG_inst/O
                         net (fo=221, routed)         1.369    35.505    u_adc_capture/CLK
    ILOGIC_X0Y21         FDRE                                         r  u_adc_capture/raw_data_b_reg[6]/C
                         clock pessimism              0.000    35.505    
                         clock uncertainty           -0.035    35.470    
    ILOGIC_X0Y21         FDRE (Setup_fdre_C_D)       -0.012    35.458    u_adc_capture/raw_data_b_reg[6]
  -------------------------------------------------------------------
                         required time                         35.458    
                         arrival time                         -31.668    
  -------------------------------------------------------------------
                         slack                                  3.790    

Slack (MET) :             3.804ns  (required time - arrival time)
  Source:                 adc_data_b[8]
                            (input port clocked by adc_clk_b_fwd  {rise@0.000ns fall@15.625ns period=31.250ns})
  Destination:            u_adc_capture/raw_data_b_reg[8]/D
                            (rising edge-triggered cell FDRE clocked by adc_clk  {rise@0.000ns fall@15.625ns period=31.250ns})
  Path Group:             adc_clk
  Path Type:              Setup (Max at Slow Process Corner)
  Requirement:            31.250ns  (adc_clk rise@31.250ns - adc_clk_b_fwd rise@0.000ns)
  Data Path Delay:        0.930ns  (logic 0.930ns (100.000%)  route 0.000ns (0.000%))
  Logic Levels:           1  (IBUF=1)
  Input Delay:            26.000ns
  Clock Path Skew:        -0.469ns (DCD - SCD + CPR)
    Destination Clock Delay (DCD):    4.253ns = ( 35.503 - 31.250 ) 
    Source Clock Delay      (SCD):    4.722ns
    Clock Pessimism Removal (CPR):    0.000ns
  Clock Uncertainty:      0.035ns  ((TSJ^2 + TIJ^2)^1/2 + DJ) / 2 + PE
    Total System Jitter     (TSJ):    0.071ns
    Total Input Jitter      (TIJ):    0.000ns
    Discrete Jitter          (DJ):    0.000ns
    Phase Error              (PE):    0.000ns

    Location             Delay type                Incr(ns)  Path(ns)    Netlist Resource(s)
  -------------------------------------------------------------------    -------------------
                         (clock adc_clk_b_fwd rise edge)
                                                      0.000     0.000 r  
    J16                                               0.000     0.000 f  adc_clk_drive (IN)
                         net (fo=0)                   0.000     0.000    adc_clk_drive
    J16                  IBUF (Prop_ibuf_I_O)         0.882     0.882 f  adc_clk_drive_IBUF_inst/O
                         net (fo=2, routed)           1.006     1.889    u_adc_capture/adc_clk_drive_IBUF
    OLOGIC_X1Y108        ODDR (Prop_oddr_C_Q)         0.418     2.307 r  u_adc_capture/u_oddr_clk_b/Q
                         net (fo=1, routed)           0.001     2.308    adc_clk_b_OBUF
    N15                  OBUF (Prop_obuf_I_O)         2.415     4.722 r  adc_clk_b_OBUF_inst/O
                         net (fo=0)                   0.000     4.722    adc_clk_b
  -------------------------------------------------------------------    -------------------
                         input delay                 26.000    30.722    
    Y7                                                0.000    30.722 r  adc_data_b[8] (IN)
                         net (fo=0)                   0.000    30.722    adc_data_b[8]
    Y7                   IBUF (Prop_ibuf_I_O)         0.930    31.652 r  adc_data_b_IBUF[8]_inst/O
                         net (fo=1, routed)           0.000    31.652    u_adc_capture/raw_data_b_reg[9]_0[8]
    ILOGIC_X0Y24         FDRE                                         r  u_adc_capture/raw_data_b_reg[8]/D
  -------------------------------------------------------------------    -------------------

                         (clock adc_clk rise edge)   31.250    31.250 r  
    L16                                               0.000    31.250 r  adc_clk (IN)
                         net (fo=0)                   0.000    31.250    adc_clk
    L16                  IBUF (Prop_ibuf_I_O)         0.849    32.099 r  adc_clk_IBUF_inst/O
                         net (fo=1, routed)           1.961    34.060    adc_clk_IBUF
    BUFGCTRL_X0Y16       BUFG (Prop_bufg_I_O)         0.077    34.137 r  adc_clk_IBUF_BUFG_inst/O
                         net (fo=221, routed)         1.367    35.503    u_adc_capture/CLK
    ILOGIC_X0Y24         FDRE                                         r  u_adc_capture/raw_data_b_reg[8]/C
                         clock pessimism              0.000    35.503    
                         clock uncertainty           -0.035    35.468    
    ILOGIC_X0Y24         FDRE (Setup_fdre_C_D)       -0.012    35.456    u_adc_capture/raw_data_b_reg[8]
  -------------------------------------------------------------------
                         required time                         35.456    
                         arrival time                         -31.652    
  -------------------------------------------------------------------
                         slack                                  3.804    

Slack (MET) :             3.806ns  (required time - arrival time)
  Source:                 adc_data_b[2]
                            (input port clocked by adc_clk_b_fwd  {rise@0.000ns fall@15.625ns period=31.250ns})
  Destination:            u_adc_capture/raw_data_b_reg[2]/D
                            (rising edge-triggered cell FDRE clocked by adc_clk  {rise@0.000ns fall@15.625ns period=31.250ns})
  Path Group:             adc_clk
  Path Type:              Setup (Max at Slow Process Corner)
  Requirement:            31.250ns  (adc_clk rise@31.250ns - adc_clk_b_fwd rise@0.000ns)
  Data Path Delay:        0.933ns  (logic 0.933ns (100.000%)  route 0.000ns (0.000%))
  Logic Levels:           1  (IBUF=1)
  Input Delay:            26.000ns
  Clock Path Skew:        -0.464ns (DCD - SCD + CPR)
    Destination Clock Delay (DCD):    4.258ns = ( 35.508 - 31.250 ) 
    Source Clock Delay      (SCD):    4.722ns
    Clock Pessimism Removal (CPR):    0.000ns
  Clock Uncertainty:      0.035ns  ((TSJ^2 + TIJ^2)^1/2 + DJ) / 2 + PE
    Total System Jitter     (TSJ):    0.071ns
    Total Input Jitter      (TIJ):    0.000ns
    Discrete Jitter          (DJ):    0.000ns
    Phase Error              (PE):    0.000ns

    Location             Delay type                Incr(ns)  Path(ns)    Netlist Resource(s)
  -------------------------------------------------------------------    -------------------
                         (clock adc_clk_b_fwd rise edge)
                                                      0.000     0.000 r  
    J16                                               0.000     0.000 f  adc_clk_drive (IN)
                         net (fo=0)                   0.000     0.000    adc_clk_drive
    J16                  IBUF (Prop_ibuf_I_O)         0.882     0.882 f  adc_clk_drive_IBUF_inst/O
                         net (fo=2, routed)           1.006     1.889    u_adc_capture/adc_clk_drive_IBUF
    OLOGIC_X1Y108        ODDR (Prop_oddr_C_Q)         0.418     2.307 r  u_adc_capture/u_oddr_clk_b/Q
                         net (fo=1, routed)           0.001     2.308    adc_clk_b_OBUF
    N15                  OBUF (Prop_obuf_I_O)         2.415     4.722 r  adc_clk_b_OBUF_inst/O
                         net (fo=0)                   0.000     4.722    adc_clk_b
  -------------------------------------------------------------------    -------------------
                         input delay                 26.000    30.722    
    W9                                                0.000    30.722 r  adc_data_b[2] (IN)
                         net (fo=0)                   0.000    30.722    adc_data_b[2]
    W9                   IBUF (Prop_ibuf_I_O)         0.933    31.655 r  adc_data_b_IBUF[2]_inst/O
                         net (fo=1, routed)           0.000    31.655    u_adc_capture/raw_data_b_reg[9]_0[2]
    ILOGIC_X0Y17         FDRE                                         r  u_adc_capture/raw_data_b_reg[2]/D
  -------------------------------------------------------------------    -------------------

                         (clock adc_clk rise edge)   31.250    31.250 r  
    L16                                               0.000    31.250 r  adc_clk (IN)
                         net (fo=0)                   0.000    31.250    adc_clk
    L16                  IBUF (Prop_ibuf_I_O)         0.849    32.099 r  adc_clk_IBUF_inst/O
                         net (fo=1, routed)           1.961    34.060    adc_clk_IBUF
    BUFGCTRL_X0Y16       BUFG (Prop_bufg_I_O)         0.077    34.137 r  adc_clk_IBUF_BUFG_inst/O
                         net (fo=221, routed)         1.372    35.508    u_adc_capture/CLK
    ILOGIC_X0Y17         FDRE                                         r  u_adc_capture/raw_data_b_reg[2]/C
                         clock pessimism              0.000    35.508    
                         clock uncertainty           -0.035    35.473    
    ILOGIC_X0Y17         FDRE (Setup_fdre_C_D)       -0.012    35.461    u_adc_capture/raw_data_b_reg[2]
  -------------------------------------------------------------------
                         required time                         35.461    
                         arrival time                         -31.655    
  -------------------------------------------------------------------
                         slack                                  3.806    

Slack (MET) :             3.806ns  (required time - arrival time)
  Source:                 adc_data_b[0]
                            (input port clocked by adc_clk_b_fwd  {rise@0.000ns fall@15.625ns period=31.250ns})
  Destination:            u_adc_capture/raw_data_b_reg[0]/D
                            (rising edge-triggered cell FDRE clocked by adc_clk  {rise@0.000ns fall@15.625ns period=31.250ns})
  Path Group:             adc_clk
  Path Type:              Setup (Max at Slow Process Corner)
  Requirement:            31.250ns  (adc_clk rise@31.250ns - adc_clk_b_fwd rise@0.000ns)
  Data Path Delay:        0.936ns  (logic 0.936ns (100.000%)  route 0.000ns (0.000%))
  Logic Levels:           1  (IBUF=1)
  Input Delay:            26.000ns
  Clock Path Skew:        -0.461ns (DCD - SCD + CPR)
    Destination Clock Delay (DCD):    4.261ns = ( 35.511 - 31.250 ) 
    Source Clock Delay      (SCD):    4.722ns
    Clock Pessimism Removal (CPR):    0.000ns
  Clock Uncertainty:      0.035ns  ((TSJ^2 + TIJ^2)^1/2 + DJ) / 2 + PE
    Total System Jitter     (TSJ):    0.071ns
    Total Input Jitter      (TIJ):    0.000ns
    Discrete Jitter          (DJ):    0.000ns
    Phase Error              (PE):    0.000ns

    Location             Delay type                Incr(ns)  Path(ns)    Netlist Resource(s)
  -------------------------------------------------------------------    -------------------
                         (clock adc_clk_b_fwd rise edge)
                                                      0.000     0.000 r  
    J16                                               0.000     0.000 f  adc_clk_drive (IN)
                         net (fo=0)                   0.000     0.000    adc_clk_drive
    J16                  IBUF (Prop_ibuf_I_O)         0.882     0.882 f  adc_clk_drive_IBUF_inst/O
                         net (fo=2, routed)           1.006     1.889    u_adc_capture/adc_clk_drive_IBUF
    OLOGIC_X1Y108        ODDR (Prop_oddr_C_Q)         0.418     2.307 r  u_adc_capture/u_oddr_clk_b/Q
                         net (fo=1, routed)           0.001     2.308    adc_clk_b_OBUF
    N15                  OBUF (Prop_obuf_I_O)         2.415     4.722 r  adc_clk_b_OBUF_inst/O
                         net (fo=0)                   0.000     4.722    adc_clk_b
  -------------------------------------------------------------------    -------------------
                         input delay                 26.000    30.722    
    U8                                                0.000    30.722 r  adc_data_b[0] (IN)
                         net (fo=0)                   0.000    30.722    adc_data_b[0]
    U8                   IBUF (Prop_ibuf_I_O)         0.936    31.658 r  adc_data_b_IBUF[0]_inst/O
                         net (fo=1, routed)           0.000    31.658    u_adc_capture/raw_data_b_reg[9]_0[0]
    ILOGIC_X0Y15         FDRE                                         r  u_adc_capture/raw_data_b_reg[0]/D
  -------------------------------------------------------------------    -------------------

                         (clock adc_clk rise edge)   31.250    31.250 r  
    L16                                               0.000    31.250 r  adc_clk (IN)
                         net (fo=0)                   0.000    31.250    adc_clk
    L16                  IBUF (Prop_ibuf_I_O)         0.849    32.099 r  adc_clk_IBUF_inst/O
                         net (fo=1, routed)           1.961    34.060    adc_clk_IBUF
    BUFGCTRL_X0Y16       BUFG (Prop_bufg_I_O)         0.077    34.137 r  adc_clk_IBUF_BUFG_inst/O
                         net (fo=221, routed)         1.375    35.511    u_adc_capture/CLK
    ILOGIC_X0Y15         FDRE                                         r  u_adc_capture/raw_data_b_reg[0]/C
                         clock pessimism              0.000    35.511    
                         clock uncertainty           -0.035    35.476    
    ILOGIC_X0Y15         FDRE (Setup_fdre_C_D)       -0.012    35.464    u_adc_capture/raw_data_b_reg[0]
  -------------------------------------------------------------------
                         required time                         35.464    
                         arrival time                         -31.658    
  -------------------------------------------------------------------
                         slack                                  3.806    

Slack (MET) :             3.810ns  (required time - arrival time)
  Source:                 adc_data_b[9]
                            (input port clocked by adc_clk_b_fwd  {rise@0.000ns fall@15.625ns period=31.250ns})
  Destination:            u_adc_capture/raw_data_b_reg[9]/D
                            (rising edge-triggered cell FDSE clocked by adc_clk  {rise@0.000ns fall@15.625ns period=31.250ns})
  Path Group:             adc_clk
  Path Type:              Setup (Max at Slow Process Corner)
  Requirement:            31.250ns  (adc_clk rise@31.250ns - adc_clk_b_fwd rise@0.000ns)
  Data Path Delay:        0.924ns  (logic 0.924ns (100.000%)  route 0.000ns (0.000%))
  Logic Levels:           1  (IBUF=1)
  Input Delay:            26.000ns
  Clock Path Skew:        -0.469ns (DCD - SCD + CPR)
    Destination Clock Delay (DCD):    4.253ns = ( 35.503 - 31.250 ) 
    Source Clock Delay      (SCD):    4.722ns
    Clock Pessimism Removal (CPR):    0.000ns
  Clock Uncertainty:      0.035ns  ((TSJ^2 + TIJ^2)^1/2 + DJ) / 2 + PE
    Total System Jitter     (TSJ):    0.071ns
    Total Input Jitter      (TIJ):    0.000ns
    Discrete Jitter          (DJ):    0.000ns
    Phase Error              (PE):    0.000ns

    Location             Delay type                Incr(ns)  Path(ns)    Netlist Resource(s)
  -------------------------------------------------------------------    -------------------
                         (clock adc_clk_b_fwd rise edge)
                                                      0.000     0.000 r  
    J16                                               0.000     0.000 f  adc_clk_drive (IN)
                         net (fo=0)                   0.000     0.000    adc_clk_drive
    J16                  IBUF (Prop_ibuf_I_O)         0.882     0.882 f  adc_clk_drive_IBUF_inst/O
                         net (fo=2, routed)           1.006     1.889    u_adc_capture/adc_clk_drive_IBUF
    OLOGIC_X1Y108        ODDR (Prop_oddr_C_Q)         0.418     2.307 r  u_adc_capture/u_oddr_clk_b/Q
                         net (fo=1, routed)           0.001     2.308    adc_clk_b_OBUF
    N15                  OBUF (Prop_obuf_I_O)         2.415     4.722 r  adc_clk_b_OBUF_inst/O
                         net (fo=0)                   0.000     4.722    adc_clk_b
  -------------------------------------------------------------------    -------------------
                         input delay                 26.000    30.722    
    U10                                               0.000    30.722 r  adc_data_b[9] (IN)
                         net (fo=0)                   0.000    30.722    adc_data_b[9]
    U10                  IBUF (Prop_ibuf_I_O)         0.924    31.646 r  adc_data_b_IBUF[9]_inst/O
                         net (fo=1, routed)           0.000    31.646    u_adc_capture/raw_data_b_reg[9]_0[9]
    ILOGIC_X0Y25         FDSE                                         r  u_adc_capture/raw_data_b_reg[9]/D
  -------------------------------------------------------------------    -------------------

                         (clock adc_clk rise edge)   31.250    31.250 r  
    L16                                               0.000    31.250 r  adc_clk (IN)
                         net (fo=0)                   0.000    31.250    adc_clk
    L16                  IBUF (Prop_ibuf_I_O)         0.849    32.099 r  adc_clk_IBUF_inst/O
                         net (fo=1, routed)           1.961    34.060    adc_clk_IBUF
    BUFGCTRL_X0Y16       BUFG (Prop_bufg_I_O)         0.077    34.137 r  adc_clk_IBUF_BUFG_inst/O
                         net (fo=221, routed)         1.367    35.503    u_adc_capture/CLK
    ILOGIC_X0Y25         FDSE                                         r  u_adc_capture/raw_data_b_reg[9]/C
                         clock pessimism              0.000    35.503    
                         clock uncertainty           -0.035    35.468    
    ILOGIC_X0Y25         FDSE (Setup_fdse_C_D)       -0.012    35.456    u_adc_capture/raw_data_b_reg[9]
  -------------------------------------------------------------------
                         required time                         35.456    
                         arrival time                         -31.646    
  -------------------------------------------------------------------
                         slack                                  3.810    

Slack (MET) :             3.818ns  (required time - arrival time)
  Source:                 adc_data_b[7]
                            (input port clocked by adc_clk_b_fwd  {rise@0.000ns fall@15.625ns period=31.250ns})
  Destination:            u_adc_capture/raw_data_b_reg[7]/D
                            (rising edge-triggered cell FDRE clocked by adc_clk  {rise@0.000ns fall@15.625ns period=31.250ns})
  Path Group:             adc_clk
  Path Type:              Setup (Max at Slow Process Corner)
  Requirement:            31.250ns  (adc_clk rise@31.250ns - adc_clk_b_fwd rise@0.000ns)
  Data Path Delay:        0.916ns  (logic 0.916ns (100.000%)  route 0.000ns (0.000%))
  Logic Levels:           1  (IBUF=1)
  Input Delay:            26.000ns
  Clock Path Skew:        -0.469ns (DCD - SCD + CPR)
    Destination Clock Delay (DCD):    4.253ns = ( 35.503 - 31.250 ) 
    Source Clock Delay      (SCD):    4.722ns
    Clock Pessimism Removal (CPR):    0.000ns
  Clock Uncertainty:      0.035ns  ((TSJ^2 + TIJ^2)^1/2 + DJ) / 2 + PE
    Total System Jitter     (TSJ):    0.071ns
    Total Input Jitter      (TIJ):    0.000ns
    Discrete Jitter          (DJ):    0.000ns
    Phase Error              (PE):    0.000ns

    Location             Delay type                Incr(ns)  Path(ns)    Netlist Resource(s)
  -------------------------------------------------------------------    -------------------
                         (clock adc_clk_b_fwd rise edge)
                                                      0.000     0.000 r  
    J16                                               0.000     0.000 f  adc_clk_drive (IN)
                         net (fo=0)                   0.000     0.000    adc_clk_drive
    J16                  IBUF (Prop_ibuf_I_O)         0.882     0.882 f  adc_clk_drive_IBUF_inst/O
                         net (fo=2, routed)           1.006     1.889    u_adc_capture/adc_clk_drive_IBUF
    OLOGIC_X1Y108        ODDR (Prop_oddr_C_Q)         0.418     2.307 r  u_adc_capture/u_oddr_clk_b/Q
                         net (fo=1, routed)           0.001     2.308    adc_clk_b_OBUF
    N15                  OBUF (Prop_obuf_I_O)         2.415     4.722 r  adc_clk_b_OBUF_inst/O
                         net (fo=0)                   0.000     4.722    adc_clk_b
  -------------------------------------------------------------------    -------------------
                         input delay                 26.000    30.722    
    Y6                                                0.000    30.722 r  adc_data_b[7] (IN)
                         net (fo=0)                   0.000    30.722    adc_data_b[7]
    Y6                   IBUF (Prop_ibuf_I_O)         0.916    31.638 r  adc_data_b_IBUF[7]_inst/O
                         net (fo=1, routed)           0.000    31.638    u_adc_capture/raw_data_b_reg[9]_0[7]
    ILOGIC_X0Y23         FDRE                                         r  u_adc_capture/raw_data_b_reg[7]/D
  -------------------------------------------------------------------    -------------------

                         (clock adc_clk rise edge)   31.250    31.250 r  
    L16                                               0.000    31.250 r  adc_clk (IN)
                         net (fo=0)                   0.000    31.250    adc_clk
    L16                  IBUF (Prop_ibuf_I_O)         0.849    32.099 r  adc_clk_IBUF_inst/O
                         net (fo=1, routed)           1.961    34.060    adc_clk_IBUF
    BUFGCTRL_X0Y16       BUFG (Prop_bufg_I_O)         0.077    34.137 r  adc_clk_IBUF_BUFG_inst/O
                         net (fo=221, routed)         1.367    35.503    u_adc_capture/CLK
    ILOGIC_X0Y23         FDRE                                         r  u_adc_capture/raw_data_b_reg[7]/C
                         clock pessimism              0.000    35.503    
                         clock uncertainty           -0.035    35.468    
    ILOGIC_X0Y23         FDRE (Setup_fdre_C_D)       -0.012    35.456    u_adc_capture/raw_data_b_reg[7]
  -------------------------------------------------------------------
                         required time                         35.456    
                         arrival time                         -31.638    
  -------------------------------------------------------------------
                         slack                                  3.818    





Min Delay Paths
--------------------------------------------------------------------------------------
Slack (VIOLATED) :        -0.165ns  (arrival time - required time)
  Source:                 adc_data_b[7]
                            (input port clocked by adc_clk_b_fwd  {rise@0.000ns fall@15.625ns period=31.250ns})
  Destination:            u_adc_capture/raw_data_b_reg[7]/D
                            (rising edge-triggered cell FDRE clocked by adc_clk  {rise@0.000ns fall@15.625ns period=31.250ns})
  Path Group:             adc_clk
  Path Type:              Hold (Min at Fast Process Corner)
  Requirement:            0.000ns  (adc_clk rise@0.000ns - adc_clk_b_fwd rise@0.000ns)
  Data Path Delay:        0.212ns  (logic 0.212ns (100.000%)  route 0.000ns (0.000%))
  Logic Levels:           1  (IBUF=1)
  Input Delay:            0.000ns
  Clock Path Skew:        0.309ns (DCD - SCD - CPR)
    Destination Clock Delay (DCD):    2.282ns
    Source Clock Delay      (SCD):    1.973ns
    Clock Pessimism Removal (CPR):    -0.000ns

    Location             Delay type                Incr(ns)  Path(ns)    Netlist Resource(s)
  -------------------------------------------------------------------    -------------------
                         (clock adc_clk_b_fwd rise edge)
                                                      0.000     0.000 r  
    J16                                               0.000     0.000 f  adc_clk_drive (IN)
                         net (fo=0)                   0.000     0.000    adc_clk_drive
    J16                  IBUF (Prop_ibuf_I_O)         0.179     0.179 f  adc_clk_drive_IBUF_inst/O
                         net (fo=2, routed)           0.431     0.611    u_adc_capture/adc_clk_drive_IBUF
    OLOGIC_X1Y108        ODDR (Prop_oddr_C_Q)         0.177     0.788 r  u_adc_capture/u_oddr_clk_b/Q
                         net (fo=1, routed)           0.001     0.789    adc_clk_b_OBUF
    N15                  OBUF (Prop_obuf_I_O)         1.184     1.973 r  adc_clk_b_OBUF_inst/O
                         net (fo=0)                   0.000     1.973    adc_clk_b
  -------------------------------------------------------------------    -------------------
                         input delay                  0.000     1.973    
    Y6                                                0.000     1.973 r  adc_data_b[7] (IN)
                         net (fo=0)                   0.000     1.973    adc_data_b[7]
    Y6                   IBUF (Prop_ibuf_I_O)         0.212     2.185 r  adc_data_b_IBUF[7]_inst/O
                         net (fo=1, routed)           0.000     2.185    u_adc_capture/raw_data_b_reg[9]_0[7]
    ILOGIC_X0Y23         FDRE                                         r  u_adc_capture/raw_data_b_reg[7]/D
  -------------------------------------------------------------------    -------------------

                         (clock adc_clk rise edge)    0.000     0.000 r  
    L16                                               0.000     0.000 r  adc_clk (IN)
                         net (fo=0)                   0.000     0.000    adc_clk
    L16                  IBUF (Prop_ibuf_I_O)         0.466     0.466 r  adc_clk_IBUF_inst/O
                         net (fo=1, routed)           0.907     1.373    adc_clk_IBUF
    BUFGCTRL_X0Y16       BUFG (Prop_bufg_I_O)         0.029     1.402 r  adc_clk_IBUF_BUFG_inst/O
                         net (fo=221, routed)         0.880     2.282    u_adc_capture/CLK
    ILOGIC_X0Y23         FDRE                                         r  u_adc_capture/raw_data_b_reg[7]/C
                         clock pessimism              0.000     2.282    
    ILOGIC_X0Y23         FDRE (Hold_fdre_C_D)         0.068     2.350    u_adc_capture/raw_data_b_reg[7]
  -------------------------------------------------------------------
                         required time                         -2.350    
                         arrival time                           2.185    
  -------------------------------------------------------------------
                         slack                                 -0.165    

Slack (VIOLATED) :        -0.157ns  (arrival time - required time)
  Source:                 adc_data_b[9]
                            (input port clocked by adc_clk_b_fwd  {rise@0.000ns fall@15.625ns period=31.250ns})
  Destination:            u_adc_capture/raw_data_b_reg[9]/D
                            (rising edge-triggered cell FDSE clocked by adc_clk  {rise@0.000ns fall@15.625ns period=31.250ns})
  Path Group:             adc_clk
  Path Type:              Hold (Min at Fast Process Corner)
  Requirement:            0.000ns  (adc_clk rise@0.000ns - adc_clk_b_fwd rise@0.000ns)
  Data Path Delay:        0.221ns  (logic 0.221ns (100.000%)  route 0.000ns (0.000%))
  Logic Levels:           1  (IBUF=1)
  Input Delay:            0.000ns
  Clock Path Skew:        0.309ns (DCD - SCD - CPR)
    Destination Clock Delay (DCD):    2.282ns
    Source Clock Delay      (SCD):    1.973ns
    Clock Pessimism Removal (CPR):    -0.000ns

    Location             Delay type                Incr(ns)  Path(ns)    Netlist Resource(s)
  -------------------------------------------------------------------    -------------------
                         (clock adc_clk_b_fwd rise edge)
                                                      0.000     0.000 r  
    J16                                               0.000     0.000 f  adc_clk_drive (IN)
                         net (fo=0)                   0.000     0.000    adc_clk_drive
    J16                  IBUF (Prop_ibuf_I_O)         0.179     0.179 f  adc_clk_drive_IBUF_inst/O
                         net (fo=2, routed)           0.431     0.611    u_adc_capture/adc_clk_drive_IBUF
    OLOGIC_X1Y108        ODDR (Prop_oddr_C_Q)         0.177     0.788 r  u_adc_capture/u_oddr_clk_b/Q
                         net (fo=1, routed)           0.001     0.789    adc_clk_b_OBUF
    N15                  OBUF (Prop_obuf_I_O)         1.184     1.973 r  adc_clk_b_OBUF_inst/O
                         net (fo=0)                   0.000     1.973    adc_clk_b
  -------------------------------------------------------------------    -------------------
                         input delay                  0.000     1.973    
    U10                                               0.000     1.973 r  adc_data_b[9] (IN)
                         net (fo=0)                   0.000     1.973    adc_data_b[9]
    U10                  IBUF (Prop_ibuf_I_O)         0.221     2.194 r  adc_data_b_IBUF[9]_inst/O
                         net (fo=1, routed)           0.000     2.194    u_adc_capture/raw_data_b_reg[9]_0[9]
    ILOGIC_X0Y25         FDSE                                         r  u_adc_capture/raw_data_b_reg[9]/D
  -------------------------------------------------------------------    -------------------

                         (clock adc_clk rise edge)    0.000     0.000 r  
    L16                                               0.000     0.000 r  adc_clk (IN)
                         net (fo=0)                   0.000     0.000    adc_clk
    L16                  IBUF (Prop_ibuf_I_O)         0.466     0.466 r  adc_clk_IBUF_inst/O
                         net (fo=1, routed)           0.907     1.373    adc_clk_IBUF
    BUFGCTRL_X0Y16       BUFG (Prop_bufg_I_O)         0.029     1.402 r  adc_clk_IBUF_BUFG_inst/O
                         net (fo=221, routed)         0.880     2.282    u_adc_capture/CLK
    ILOGIC_X0Y25         FDSE                                         r  u_adc_capture/raw_data_b_reg[9]/C
                         clock pessimism              0.000     2.282    
    ILOGIC_X0Y25         FDSE (Hold_fdse_C_D)         0.068     2.350    u_adc_capture/raw_data_b_reg[9]
  -------------------------------------------------------------------
                         required time                         -2.350    
                         arrival time                           2.194    
  -------------------------------------------------------------------
                         slack                                 -0.157    

Slack (VIOLATED) :        -0.152ns  (arrival time - required time)
  Source:                 adc_data_b[2]
                            (input port clocked by adc_clk_b_fwd  {rise@0.000ns fall@15.625ns period=31.250ns})
  Destination:            u_adc_capture/raw_data_b_reg[2]/D
                            (rising edge-triggered cell FDRE clocked by adc_clk  {rise@0.000ns fall@15.625ns period=31.250ns})
  Path Group:             adc_clk
  Path Type:              Hold (Min at Fast Process Corner)
  Requirement:            0.000ns  (adc_clk rise@0.000ns - adc_clk_b_fwd rise@0.000ns)
  Data Path Delay:        0.230ns  (logic 0.230ns (100.000%)  route 0.000ns (0.000%))
  Logic Levels:           1  (IBUF=1)
  Input Delay:            0.000ns
  Clock Path Skew:        0.313ns (DCD - SCD - CPR)
    Destination Clock Delay (DCD):    2.286ns
    Source Clock Delay      (SCD):    1.973ns
    Clock Pessimism Removal (CPR):    -0.000ns

    Location             Delay type                Incr(ns)  Path(ns)    Netlist Resource(s)
  -------------------------------------------------------------------    -------------------
                         (clock adc_clk_b_fwd rise edge)
                                                      0.000     0.000 r  
    J16                                               0.000     0.000 f  adc_clk_drive (IN)
                         net (fo=0)                   0.000     0.000    adc_clk_drive
    J16                  IBUF (Prop_ibuf_I_O)         0.179     0.179 f  adc_clk_drive_IBUF_inst/O
                         net (fo=2, routed)           0.431     0.611    u_adc_capture/adc_clk_drive_IBUF
    OLOGIC_X1Y108        ODDR (Prop_oddr_C_Q)         0.177     0.788 r  u_adc_capture/u_oddr_clk_b/Q
                         net (fo=1, routed)           0.001     0.789    adc_clk_b_OBUF
    N15                  OBUF (Prop_obuf_I_O)         1.184     1.973 r  adc_clk_b_OBUF_inst/O
                         net (fo=0)                   0.000     1.973    adc_clk_b
  -------------------------------------------------------------------    -------------------
                         input delay                  0.000     1.973    
    W9                                                0.000     1.973 r  adc_data_b[2] (IN)
                         net (fo=0)                   0.000     1.973    adc_data_b[2]
    W9                   IBUF (Prop_ibuf_I_O)         0.230     2.203 r  adc_data_b_IBUF[2]_inst/O
                         net (fo=1, routed)           0.000     2.203    u_adc_capture/raw_data_b_reg[9]_0[2]
    ILOGIC_X0Y17         FDRE                                         r  u_adc_capture/raw_data_b_reg[2]/D
  -------------------------------------------------------------------    -------------------

                         (clock adc_clk rise edge)    0.000     0.000 r  
    L16                                               0.000     0.000 r  adc_clk (IN)
                         net (fo=0)                   0.000     0.000    adc_clk
    L16                  IBUF (Prop_ibuf_I_O)         0.466     0.466 r  adc_clk_IBUF_inst/O
                         net (fo=1, routed)           0.907     1.373    adc_clk_IBUF
    BUFGCTRL_X0Y16       BUFG (Prop_bufg_I_O)         0.029     1.402 r  adc_clk_IBUF_BUFG_inst/O
                         net (fo=221, routed)         0.884     2.286    u_adc_capture/CLK
    ILOGIC_X0Y17         FDRE                                         r  u_adc_capture/raw_data_b_reg[2]/C
                         clock pessimism              0.000     2.286    
    ILOGIC_X0Y17         FDRE (Hold_fdre_C_D)         0.068     2.354    u_adc_capture/raw_data_b_reg[2]
  -------------------------------------------------------------------
                         required time                         -2.354    
                         arrival time                           2.203    
  -------------------------------------------------------------------
                         slack                                 -0.152    

Slack (VIOLATED) :        -0.151ns  (arrival time - required time)
  Source:                 adc_data_b[0]
                            (input port clocked by adc_clk_b_fwd  {rise@0.000ns fall@15.625ns period=31.250ns})
  Destination:            u_adc_capture/raw_data_b_reg[0]/D
                            (rising edge-triggered cell FDRE clocked by adc_clk  {rise@0.000ns fall@15.625ns period=31.250ns})
  Path Group:             adc_clk
  Path Type:              Hold (Min at Fast Process Corner)
  Requirement:            0.000ns  (adc_clk rise@0.000ns - adc_clk_b_fwd rise@0.000ns)
  Data Path Delay:        0.232ns  (logic 0.232ns (100.000%)  route 0.000ns (0.000%))
  Logic Levels:           1  (IBUF=1)
  Input Delay:            0.000ns
  Clock Path Skew:        0.315ns (DCD - SCD - CPR)
    Destination Clock Delay (DCD):    2.288ns
    Source Clock Delay      (SCD):    1.973ns
    Clock Pessimism Removal (CPR):    -0.000ns

    Location             Delay type                Incr(ns)  Path(ns)    Netlist Resource(s)
  -------------------------------------------------------------------    -------------------
                         (clock adc_clk_b_fwd rise edge)
                                                      0.000     0.000 r  
    J16                                               0.000     0.000 f  adc_clk_drive (IN)
                         net (fo=0)                   0.000     0.000    adc_clk_drive
    J16                  IBUF (Prop_ibuf_I_O)         0.179     0.179 f  adc_clk_drive_IBUF_inst/O
                         net (fo=2, routed)           0.431     0.611    u_adc_capture/adc_clk_drive_IBUF
    OLOGIC_X1Y108        ODDR (Prop_oddr_C_Q)         0.177     0.788 r  u_adc_capture/u_oddr_clk_b/Q
                         net (fo=1, routed)           0.001     0.789    adc_clk_b_OBUF
    N15                  OBUF (Prop_obuf_I_O)         1.184     1.973 r  adc_clk_b_OBUF_inst/O
                         net (fo=0)                   0.000     1.973    adc_clk_b
  -------------------------------------------------------------------    -------------------
                         input delay                  0.000     1.973    
    U8                                                0.000     1.973 r  adc_data_b[0] (IN)
                         net (fo=0)                   0.000     1.973    adc_data_b[0]
    U8                   IBUF (Prop_ibuf_I_O)         0.232     2.205 r  adc_data_b_IBUF[0]_inst/O
                         net (fo=1, routed)           0.000     2.205    u_adc_capture/raw_data_b_reg[9]_0[0]
    ILOGIC_X0Y15         FDRE                                         r  u_adc_capture/raw_data_b_reg[0]/D
  -------------------------------------------------------------------    -------------------

                         (clock adc_clk rise edge)    0.000     0.000 r  
    L16                                               0.000     0.000 r  adc_clk (IN)
                         net (fo=0)                   0.000     0.000    adc_clk
    L16                  IBUF (Prop_ibuf_I_O)         0.466     0.466 r  adc_clk_IBUF_inst/O
                         net (fo=1, routed)           0.907     1.373    adc_clk_IBUF
    BUFGCTRL_X0Y16       BUFG (Prop_bufg_I_O)         0.029     1.402 r  adc_clk_IBUF_BUFG_inst/O
                         net (fo=221, routed)         0.886     2.288    u_adc_capture/CLK
    ILOGIC_X0Y15         FDRE                                         r  u_adc_capture/raw_data_b_reg[0]/C
                         clock pessimism              0.000     2.288    
    ILOGIC_X0Y15         FDRE (Hold_fdre_C_D)         0.068     2.356    u_adc_capture/raw_data_b_reg[0]
  -------------------------------------------------------------------
                         required time                         -2.356    
                         arrival time                           2.205    
  -------------------------------------------------------------------
                         slack                                 -0.151    

Slack (VIOLATED) :        -0.151ns  (arrival time - required time)
  Source:                 adc_data_b[8]
                            (input port clocked by adc_clk_b_fwd  {rise@0.000ns fall@15.625ns period=31.250ns})
  Destination:            u_adc_capture/raw_data_b_reg[8]/D
                            (rising edge-triggered cell FDRE clocked by adc_clk  {rise@0.000ns fall@15.625ns period=31.250ns})
  Path Group:             adc_clk
  Path Type:              Hold (Min at Fast Process Corner)
  Requirement:            0.000ns  (adc_clk rise@0.000ns - adc_clk_b_fwd rise@0.000ns)
  Data Path Delay:        0.226ns  (logic 0.226ns (100.000%)  route 0.000ns (0.000%))
  Logic Levels:           1  (IBUF=1)
  Input Delay:            0.000ns
  Clock Path Skew:        0.309ns (DCD - SCD - CPR)
    Destination Clock Delay (DCD):    2.282ns
    Source Clock Delay      (SCD):    1.973ns
    Clock Pessimism Removal (CPR):    -0.000ns

    Location             Delay type                Incr(ns)  Path(ns)    Netlist Resource(s)
  -------------------------------------------------------------------    -------------------
                         (clock adc_clk_b_fwd rise edge)
                                                      0.000     0.000 r  
    J16                                               0.000     0.000 f  adc_clk_drive (IN)
                         net (fo=0)                   0.000     0.000    adc_clk_drive
    J16                  IBUF (Prop_ibuf_I_O)         0.179     0.179 f  adc_clk_drive_IBUF_inst/O
                         net (fo=2, routed)           0.431     0.611    u_adc_capture/adc_clk_drive_IBUF
    OLOGIC_X1Y108        ODDR (Prop_oddr_C_Q)         0.177     0.788 r  u_adc_capture/u_oddr_clk_b/Q
                         net (fo=1, routed)           0.001     0.789    adc_clk_b_OBUF
    N15                  OBUF (Prop_obuf_I_O)         1.184     1.973 r  adc_clk_b_OBUF_inst/O
                         net (fo=0)                   0.000     1.973    adc_clk_b
  -------------------------------------------------------------------    -------------------
                         input delay                  0.000     1.973    
    Y7                                                0.000     1.973 r  adc_data_b[8] (IN)
                         net (fo=0)                   0.000     1.973    adc_data_b[8]
    Y7                   IBUF (Prop_ibuf_I_O)         0.226     2.199 r  adc_data_b_IBUF[8]_inst/O
                         net (fo=1, routed)           0.000     2.199    u_adc_capture/raw_data_b_reg[9]_0[8]
    ILOGIC_X0Y24         FDRE                                         r  u_adc_capture/raw_data_b_reg[8]/D
  -------------------------------------------------------------------    -------------------

                         (clock adc_clk rise edge)    0.000     0.000 r  
    L16                                               0.000     0.000 r  adc_clk (IN)
                         net (fo=0)                   0.000     0.000    adc_clk
    L16                  IBUF (Prop_ibuf_I_O)         0.466     0.466 r  adc_clk_IBUF_inst/O
                         net (fo=1, routed)           0.907     1.373    adc_clk_IBUF
    BUFGCTRL_X0Y16       BUFG (Prop_bufg_I_O)         0.029     1.402 r  adc_clk_IBUF_BUFG_inst/O
                         net (fo=221, routed)         0.880     2.282    u_adc_capture/CLK
    ILOGIC_X0Y24         FDRE                                         r  u_adc_capture/raw_data_b_reg[8]/C
                         clock pessimism              0.000     2.282    
    ILOGIC_X0Y24         FDRE (Hold_fdre_C_D)         0.068     2.350    u_adc_capture/raw_data_b_reg[8]
  -------------------------------------------------------------------
                         required time                         -2.350    
                         arrival time                           2.199    
  -------------------------------------------------------------------
                         slack                                 -0.151    

Slack (VIOLATED) :        -0.136ns  (arrival time - required time)
  Source:                 adc_data_b[6]
                            (input port clocked by adc_clk_b_fwd  {rise@0.000ns fall@15.625ns period=31.250ns})
  Destination:            u_adc_capture/raw_data_b_reg[6]/D
                            (rising edge-triggered cell FDRE clocked by adc_clk  {rise@0.000ns fall@15.625ns period=31.250ns})
  Path Group:             adc_clk
  Path Type:              Hold (Min at Fast Process Corner)
  Requirement:            0.000ns  (adc_clk rise@0.000ns - adc_clk_b_fwd rise@0.000ns)
  Data Path Delay:        0.242ns  (logic 0.242ns (100.000%)  route 0.000ns (0.000%))
  Logic Levels:           1  (IBUF=1)
  Input Delay:            0.000ns
  Clock Path Skew:        0.310ns (DCD - SCD - CPR)
    Destination Clock Delay (DCD):    2.283ns
    Source Clock Delay      (SCD):    1.973ns
    Clock Pessimism Removal (CPR):    -0.000ns

    Location             Delay type                Incr(ns)  Path(ns)    Netlist Resource(s)
  -------------------------------------------------------------------    -------------------
                         (clock adc_clk_b_fwd rise edge)
                                                      0.000     0.000 r  
    J16                                               0.000     0.000 f  adc_clk_drive (IN)
                         net (fo=0)                   0.000     0.000    adc_clk_drive
    J16                  IBUF (Prop_ibuf_I_O)         0.179     0.179 f  adc_clk_drive_IBUF_inst/O
                         net (fo=2, routed)           0.431     0.611    u_adc_capture/adc_clk_drive_IBUF
    OLOGIC_X1Y108        ODDR (Prop_oddr_C_Q)         0.177     0.788 r  u_adc_capture/u_oddr_clk_b/Q
                         net (fo=1, routed)           0.001     0.789    adc_clk_b_OBUF
    N15                  OBUF (Prop_obuf_I_O)         1.184     1.973 r  adc_clk_b_OBUF_inst/O
                         net (fo=0)                   0.000     1.973    adc_clk_b
  -------------------------------------------------------------------    -------------------
                         input delay                  0.000     1.973    
    Y8                                                0.000     1.973 r  adc_data_b[6] (IN)
                         net (fo=0)                   0.000     1.973    adc_data_b[6]
    Y8                   IBUF (Prop_ibuf_I_O)         0.242     2.215 r  adc_data_b_IBUF[6]_inst/O
                         net (fo=1, routed)           0.000     2.215    u_adc_capture/raw_data_b_reg[9]_0[6]
    ILOGIC_X0Y21         FDRE                                         r  u_adc_capture/raw_data_b_reg[6]/D
  -------------------------------------------------------------------    -------------------

                         (clock adc_clk rise edge)    0.000     0.000 r  
    L16                                               0.000     0.000 r  adc_clk (IN)
                         net (fo=0)                   0.000     0.000    adc_clk
    L16                  IBUF (Prop_ibuf_I_O)         0.466     0.466 r  adc_clk_IBUF_inst/O
                         net (fo=1, routed)           0.907     1.373    adc_clk_IBUF
    BUFGCTRL_X0Y16       BUFG (Prop_bufg_I_O)         0.029     1.402 r  adc_clk_IBUF_BUFG_inst/O
                         net (fo=221, routed)         0.881     2.283    u_adc_capture/CLK
    ILOGIC_X0Y21         FDRE                                         r  u_adc_capture/raw_data_b_reg[6]/C
                         clock pessimism              0.000     2.283    
    ILOGIC_X0Y21         FDRE (Hold_fdre_C_D)         0.068     2.351    u_adc_capture/raw_data_b_reg[6]
  -------------------------------------------------------------------
                         required time                         -2.351    
                         arrival time                           2.215    
  -------------------------------------------------------------------
                         slack                                 -0.136    

Slack (VIOLATED) :        -0.134ns  (arrival time - required time)
  Source:                 adc_data_b[3]
                            (input port clocked by adc_clk_b_fwd  {rise@0.000ns fall@15.625ns period=31.250ns})
  Destination:            u_adc_capture/raw_data_b_reg[3]/D
                            (rising edge-triggered cell FDRE clocked by adc_clk  {rise@0.000ns fall@15.625ns period=31.250ns})
  Path Group:             adc_clk
  Path Type:              Hold (Min at Fast Process Corner)
  Requirement:            0.000ns  (adc_clk rise@0.000ns - adc_clk_b_fwd rise@0.000ns)
  Data Path Delay:        0.247ns  (logic 0.247ns (100.000%)  route 0.000ns (0.000%))
  Logic Levels:           1  (IBUF=1)
  Input Delay:            0.000ns
  Clock Path Skew:        0.313ns (DCD - SCD - CPR)
    Destination Clock Delay (DCD):    2.286ns
    Source Clock Delay      (SCD):    1.973ns
    Clock Pessimism Removal (CPR):    -0.000ns

    Location             Delay type                Incr(ns)  Path(ns)    Netlist Resource(s)
  -------------------------------------------------------------------    -------------------
                         (clock adc_clk_b_fwd rise edge)
                                                      0.000     0.000 r  
    J16                                               0.000     0.000 f  adc_clk_drive (IN)
                         net (fo=0)                   0.000     0.000    adc_clk_drive
    J16                  IBUF (Prop_ibuf_I_O)         0.179     0.179 f  adc_clk_drive_IBUF_inst/O
                         net (fo=2, routed)           0.431     0.611    u_adc_capture/adc_clk_drive_IBUF
    OLOGIC_X1Y108        ODDR (Prop_oddr_C_Q)         0.177     0.788 r  u_adc_capture/u_oddr_clk_b/Q
                         net (fo=1, routed)           0.001     0.789    adc_clk_b_OBUF
    N15                  OBUF (Prop_obuf_I_O)         1.184     1.973 r  adc_clk_b_OBUF_inst/O
                         net (fo=0)                   0.000     1.973    adc_clk_b
  -------------------------------------------------------------------    -------------------
                         input delay                  0.000     1.973    
    W10                                               0.000     1.973 r  adc_data_b[3] (IN)
                         net (fo=0)                   0.000     1.973    adc_data_b[3]
    W10                  IBUF (Prop_ibuf_I_O)         0.247     2.220 r  adc_data_b_IBUF[3]_inst/O
                         net (fo=1, routed)           0.000     2.220    u_adc_capture/raw_data_b_reg[9]_0[3]
    ILOGIC_X0Y18         FDRE                                         r  u_adc_capture/raw_data_b_reg[3]/D
  -------------------------------------------------------------------    -------------------

                         (clock adc_clk rise edge)    0.000     0.000 r  
    L16                                               0.000     0.000 r  adc_clk (IN)
                         net (fo=0)                   0.000     0.000    adc_clk
    L16                  IBUF (Prop_ibuf_I_O)         0.466     0.466 r  adc_clk_IBUF_inst/O
                         net (fo=1, routed)           0.907     1.373    adc_clk_IBUF
    BUFGCTRL_X0Y16       BUFG (Prop_bufg_I_O)         0.029     1.402 r  adc_clk_IBUF_BUFG_inst/O
                         net (fo=221, routed)         0.884     2.286    u_adc_capture/CLK
    ILOGIC_X0Y18         FDRE                                         r  u_adc_capture/raw_data_b_reg[3]/C
                         clock pessimism              0.000     2.286    
    ILOGIC_X0Y18         FDRE (Hold_fdre_C_D)         0.068     2.354    u_adc_capture/raw_data_b_reg[3]
  -------------------------------------------------------------------
                         required time                         -2.354    
                         arrival time                           2.220    
  -------------------------------------------------------------------
                         slack                                 -0.134    

Slack (VIOLATED) :        -0.130ns  (arrival time - required time)
  Source:                 adc_data_b[1]
                            (input port clocked by adc_clk_b_fwd  {rise@0.000ns fall@15.625ns period=31.250ns})
  Destination:            u_adc_capture/raw_data_b_reg[1]/D
                            (rising edge-triggered cell FDRE clocked by adc_clk  {rise@0.000ns fall@15.625ns period=31.250ns})
  Path Group:             adc_clk
  Path Type:              Hold (Min at Fast Process Corner)
  Requirement:            0.000ns  (adc_clk rise@0.000ns - adc_clk_b_fwd rise@0.000ns)
  Data Path Delay:        0.253ns  (logic 0.253ns (100.000%)  route 0.000ns (0.000%))
  Logic Levels:           1  (IBUF=1)
  Input Delay:            0.000ns
  Clock Path Skew:        0.315ns (DCD - SCD - CPR)
    Destination Clock Delay (DCD):    2.288ns
    Source Clock Delay      (SCD):    1.973ns
    Clock Pessimism Removal (CPR):    -0.000ns

    Location             Delay type                Incr(ns)  Path(ns)    Netlist Resource(s)
  -------------------------------------------------------------------    -------------------
                         (clock adc_clk_b_fwd rise edge)
                                                      0.000     0.000 r  
    J16                                               0.000     0.000 f  adc_clk_drive (IN)
                         net (fo=0)                   0.000     0.000    adc_clk_drive
    J16                  IBUF (Prop_ibuf_I_O)         0.179     0.179 f  adc_clk_drive_IBUF_inst/O
                         net (fo=2, routed)           0.431     0.611    u_adc_capture/adc_clk_drive_IBUF
    OLOGIC_X1Y108        ODDR (Prop_oddr_C_Q)         0.177     0.788 r  u_adc_capture/u_oddr_clk_b/Q
                         net (fo=1, routed)           0.001     0.789    adc_clk_b_OBUF
    N15                  OBUF (Prop_obuf_I_O)         1.184     1.973 r  adc_clk_b_OBUF_inst/O
                         net (fo=0)                   0.000     1.973    adc_clk_b
  -------------------------------------------------------------------    -------------------
                         input delay                  0.000     1.973    
    U9                                                0.000     1.973 r  adc_data_b[1] (IN)
                         net (fo=0)                   0.000     1.973    adc_data_b[1]
    U9                   IBUF (Prop_ibuf_I_O)         0.253     2.226 r  adc_data_b_IBUF[1]_inst/O
                         net (fo=1, routed)           0.000     2.226    u_adc_capture/raw_data_b_reg[9]_0[1]
    ILOGIC_X0Y16         FDRE                                         r  u_adc_capture/raw_data_b_reg[1]/D
  -------------------------------------------------------------------    -------------------

                         (clock adc_clk rise edge)    0.000     0.000 r  
    L16                                               0.000     0.000 r  adc_clk (IN)
                         net (fo=0)                   0.000     0.000    adc_clk
    L16                  IBUF (Prop_ibuf_I_O)         0.466     0.466 r  adc_clk_IBUF_inst/O
                         net (fo=1, routed)           0.907     1.373    adc_clk_IBUF
    BUFGCTRL_X0Y16       BUFG (Prop_bufg_I_O)         0.029     1.402 r  adc_clk_IBUF_BUFG_inst/O
                         net (fo=221, routed)         0.886     2.288    u_adc_capture/CLK
    ILOGIC_X0Y16         FDRE                                         r  u_adc_capture/raw_data_b_reg[1]/C
                         clock pessimism              0.000     2.288    
    ILOGIC_X0Y16         FDRE (Hold_fdre_C_D)         0.068     2.356    u_adc_capture/raw_data_b_reg[1]
  -------------------------------------------------------------------
                         required time                         -2.356    
                         arrival time                           2.226    
  -------------------------------------------------------------------
                         slack                                 -0.130    

Slack (VIOLATED) :        -0.099ns  (arrival time - required time)
  Source:                 adc_data_b[5]
                            (input port clocked by adc_clk_b_fwd  {rise@0.000ns fall@15.625ns period=31.250ns})
  Destination:            u_adc_capture/raw_data_b_reg[5]/D
                            (rising edge-triggered cell FDRE clocked by adc_clk  {rise@0.000ns fall@15.625ns period=31.250ns})
  Path Group:             adc_clk
  Path Type:              Hold (Min at Fast Process Corner)
  Requirement:            0.000ns  (adc_clk rise@0.000ns - adc_clk_b_fwd rise@0.000ns)
  Data Path Delay:        0.280ns  (logic 0.280ns (100.000%)  route 0.000ns (0.000%))
  Logic Levels:           1  (IBUF=1)
  Input Delay:            0.000ns
  Clock Path Skew:        0.311ns (DCD - SCD - CPR)
    Destination Clock Delay (DCD):    2.284ns
    Source Clock Delay      (SCD):    1.973ns
    Clock Pessimism Removal (CPR):    -0.000ns

    Location             Delay type                Incr(ns)  Path(ns)    Netlist Resource(s)
  -------------------------------------------------------------------    -------------------
                         (clock adc_clk_b_fwd rise edge)
                                                      0.000     0.000 r  
    J16                                               0.000     0.000 f  adc_clk_drive (IN)
                         net (fo=0)                   0.000     0.000    adc_clk_drive
    J16                  IBUF (Prop_ibuf_I_O)         0.179     0.179 f  adc_clk_drive_IBUF_inst/O
                         net (fo=2, routed)           0.431     0.611    u_adc_capture/adc_clk_drive_IBUF
    OLOGIC_X1Y108        ODDR (Prop_oddr_C_Q)         0.177     0.788 r  u_adc_capture/u_oddr_clk_b/Q
                         net (fo=1, routed)           0.001     0.789    adc_clk_b_OBUF
    N15                  OBUF (Prop_obuf_I_O)         1.184     1.973 r  adc_clk_b_OBUF_inst/O
                         net (fo=0)                   0.000     1.973    adc_clk_b
  -------------------------------------------------------------------    -------------------
                         input delay                  0.000     1.973    
    V8                                                0.000     1.973 r  adc_data_b[5] (IN)
                         net (fo=0)                   0.000     1.973    adc_data_b[5]
    V8                   IBUF (Prop_ibuf_I_O)         0.280     2.253 r  adc_data_b_IBUF[5]_inst/O
                         net (fo=1, routed)           0.000     2.253    u_adc_capture/raw_data_b_reg[9]_0[5]
    ILOGIC_X0Y20         FDRE                                         r  u_adc_capture/raw_data_b_reg[5]/D
  -------------------------------------------------------------------    -------------------

                         (clock adc_clk rise edge)    0.000     0.000 r  
    L16                                               0.000     0.000 r  adc_clk (IN)
                         net (fo=0)                   0.000     0.000    adc_clk
    L16                  IBUF (Prop_ibuf_I_O)         0.466     0.466 r  adc_clk_IBUF_inst/O
                         net (fo=1, routed)           0.907     1.373    adc_clk_IBUF
    BUFGCTRL_X0Y16       BUFG (Prop_bufg_I_O)         0.029     1.402 r  adc_clk_IBUF_BUFG_inst/O
                         net (fo=221, routed)         0.882     2.284    u_adc_capture/CLK
    ILOGIC_X0Y20         FDRE                                         r  u_adc_capture/raw_data_b_reg[5]/C
                         clock pessimism              0.000     2.284    
    ILOGIC_X0Y20         FDRE (Hold_fdre_C_D)         0.068     2.352    u_adc_capture/raw_data_b_reg[5]
  -------------------------------------------------------------------
                         required time                         -2.352    
                         arrival time                           2.253    
  -------------------------------------------------------------------
                         slack                                 -0.099    

Slack (VIOLATED) :        -0.099ns  (arrival time - required time)
  Source:                 adc_data_b[4]
                            (input port clocked by adc_clk_b_fwd  {rise@0.000ns fall@15.625ns period=31.250ns})
  Destination:            u_adc_capture/raw_data_b_reg[4]/D
                            (rising edge-triggered cell FDRE clocked by adc_clk  {rise@0.000ns fall@15.625ns period=31.250ns})
  Path Group:             adc_clk
  Path Type:              Hold (Min at Fast Process Corner)
  Requirement:            0.000ns  (adc_clk rise@0.000ns - adc_clk_b_fwd rise@0.000ns)
  Data Path Delay:        0.280ns  (logic 0.280ns (100.000%)  route 0.000ns (0.000%))
  Logic Levels:           1  (IBUF=1)
  Input Delay:            0.000ns
  Clock Path Skew:        0.311ns (DCD - SCD - CPR)
    Destination Clock Delay (DCD):    2.284ns
    Source Clock Delay      (SCD):    1.973ns
    Clock Pessimism Removal (CPR):    -0.000ns

    Location             Delay type                Incr(ns)  Path(ns)    Netlist Resource(s)
  -------------------------------------------------------------------    -------------------
                         (clock adc_clk_b_fwd rise edge)
                                                      0.000     0.000 r  
    J16                                               0.000     0.000 f  adc_clk_drive (IN)
                         net (fo=0)                   0.000     0.000    adc_clk_drive
    J16                  IBUF (Prop_ibuf_I_O)         0.179     0.179 f  adc_clk_drive_IBUF_inst/O
                         net (fo=2, routed)           0.431     0.611    u_adc_capture/adc_clk_drive_IBUF
    OLOGIC_X1Y108        ODDR (Prop_oddr_C_Q)         0.177     0.788 r  u_adc_capture/u_oddr_clk_b/Q
                         net (fo=1, routed)           0.001     0.789    adc_clk_b_OBUF
    N15                  OBUF (Prop_obuf_I_O)         1.184     1.973 r  adc_clk_b_OBUF_inst/O
                         net (fo=0)                   0.000     1.973    adc_clk_b
  -------------------------------------------------------------------    -------------------
                         input delay                  0.000     1.973    
    W8                                                0.000     1.973 r  adc_data_b[4] (IN)
                         net (fo=0)                   0.000     1.973    adc_data_b[4]
    W8                   IBUF (Prop_ibuf_I_O)         0.280     2.253 r  adc_data_b_IBUF[4]_inst/O
                         net (fo=1, routed)           0.000     2.253    u_adc_capture/raw_data_b_reg[9]_0[4]
    ILOGIC_X0Y19         FDRE                                         r  u_adc_capture/raw_data_b_reg[4]/D
  -------------------------------------------------------------------    -------------------

                         (clock adc_clk rise edge)    0.000     0.000 r  
    L16                                               0.000     0.000 r  adc_clk (IN)
                         net (fo=0)                   0.000     0.000    adc_clk
    L16                  IBUF (Prop_ibuf_I_O)         0.466     0.466 r  adc_clk_IBUF_inst/O
                         net (fo=1, routed)           0.907     1.373    adc_clk_IBUF
    BUFGCTRL_X0Y16       BUFG (Prop_bufg_I_O)         0.029     1.402 r  adc_clk_IBUF_BUFG_inst/O
                         net (fo=221, routed)         0.882     2.284    u_adc_capture/CLK
    ILOGIC_X0Y19         FDRE                                         r  u_adc_capture/raw_data_b_reg[4]/C
                         clock pessimism              0.000     2.284    
    ILOGIC_X0Y19         FDRE (Hold_fdre_C_D)         0.068     2.352    u_adc_capture/raw_data_b_reg[4]
  -------------------------------------------------------------------
                         required time                         -2.352    
                         arrival time                           2.253    
  -------------------------------------------------------------------
                         slack                                 -0.099    





---------------------------------------------------------------------------------------------------
Path Group:  **async_default**
From Clock:  adc_clk
  To Clock:  adc_clk

Setup :            0  Failing Endpoints,  Worst Slack       13.659ns,  Total Violation        0.000ns
Hold  :            0  Failing Endpoints,  Worst Slack        0.348ns,  Total Violation        0.000ns
---------------------------------------------------------------------------------------------------


Max Delay Paths
--------------------------------------------------------------------------------------
Slack (MET) :             13.659ns  (required time - arrival time)
  Source:                 adc_rst
                            (input port clocked by adc_clk  {rise@0.000ns fall@15.625ns period=31.250ns})
  Destination:            u_adc_capture/u_oddr_clk_b/R
                            (recovery check against falling-edge clock adc_clk  {rise@0.000ns fall@15.625ns period=31.250ns})
  Path Group:             **async_default**
  Path Type:              Recovery (Max at Slow Process Corner)
  Requirement:            15.625ns  (adc_clk fall@15.625ns - adc_clk rise@0.000ns)
  Data Path Delay:        3.289ns  (logic 0.890ns (27.056%)  route 2.399ns (72.944%))
  Logic Levels:           1  (IBUF=1)
  Input Delay:            0.000ns
  Clock Path Skew:        1.603ns (DCD - SCD + CPR)
    Destination Clock Delay (DCD):    1.603ns = ( 17.228 - 15.625 ) 
    Source Clock Delay      (SCD):    0.000ns
    Clock Pessimism Removal (CPR):    0.000ns
  Clock Uncertainty:      0.035ns  ((TSJ^2 + TIJ^2)^1/2 + DJ) / 2 + PE
    Total System Jitter     (TSJ):    0.071ns
    Total Input Jitter      (TIJ):    0.000ns
    Discrete Jitter          (DJ):    0.000ns
    Phase Error              (PE):    0.000ns

    Location             Delay type                Incr(ns)  Path(ns)    Netlist Resource(s)
  -------------------------------------------------------------------    -------------------
                         (clock adc_clk rise edge)    0.000     0.000 r  
                         input delay                  0.000     0.000    
    K16                                               0.000     0.000 f  adc_rst (IN)
                         net (fo=0)                   0.000     0.000    adc_rst
    K16                  IBUF (Prop_ibuf_I_O)         0.890     0.890 f  adc_rst_IBUF_inst/O
                         net (fo=61, routed)          2.399     3.289    u_adc_capture/adc_oe_b_OBUF
    OLOGIC_X1Y108        ODDR                                         f  u_adc_capture/u_oddr_clk_b/R
  -------------------------------------------------------------------    -------------------

                         (clock adc_clk fall edge)   15.625    15.625 f  
    J16                                               0.000    15.625 f  adc_clk_drive (IN)
                         net (fo=0)                   0.000    15.625    adc_clk_drive
    J16                  IBUF (Prop_ibuf_I_O)         0.751    16.376 f  adc_clk_drive_IBUF_inst/O
                         net (fo=2, routed)           0.851    17.228    u_adc_capture/adc_clk_drive_IBUF
    OLOGIC_X1Y108        ODDR                                         f  u_adc_capture/u_oddr_clk_b/C
                         clock pessimism              0.000    17.228    
                         clock uncertainty           -0.035    17.193    
    OLOGIC_X1Y108        ODDR (Recov_oddr_C_R)       -0.245    16.948    u_adc_capture/u_oddr_clk_b
  -------------------------------------------------------------------
                         required time                         16.948    
                         arrival time                          -3.289    
  -------------------------------------------------------------------
                         slack                                 13.659    

Slack (MET) :             13.784ns  (required time - arrival time)
  Source:                 adc_rst
                            (input port clocked by adc_clk  {rise@0.000ns fall@15.625ns period=31.250ns})
  Destination:            u_adc_capture/u_oddr_clk_a/R
                            (recovery check against falling-edge clock adc_clk  {rise@0.000ns fall@15.625ns period=31.250ns})
  Path Group:             **async_default**
  Path Type:              Recovery (Max at Slow Process Corner)
  Requirement:            15.625ns  (adc_clk fall@15.625ns - adc_clk rise@0.000ns)
  Data Path Delay:        3.169ns  (logic 0.890ns (28.078%)  route 2.279ns (71.922%))
  Logic Levels:           1  (IBUF=1)
  Input Delay:            0.000ns
  Clock Path Skew:        1.608ns (DCD - SCD + CPR)
    Destination Clock Delay (DCD):    1.608ns = ( 17.233 - 15.625 ) 
    Source Clock Delay      (SCD):    0.000ns
    Clock Pessimism Removal (CPR):    0.000ns
  Clock Uncertainty:      0.035ns  ((TSJ^2 + TIJ^2)^1/2 + DJ) / 2 + PE
    Total System Jitter     (TSJ):    0.071ns
    Total Input Jitter      (TIJ):    0.000ns
    Discrete Jitter          (DJ):    0.000ns
    Phase Error              (PE):    0.000ns

    Location             Delay type                Incr(ns)  Path(ns)    Netlist Resource(s)
  -------------------------------------------------------------------    -------------------
                         (clock adc_clk rise edge)    0.000     0.000 r  
                         input delay                  0.000     0.000    
    K16                                               0.000     0.000 f  adc_rst (IN)
                         net (fo=0)                   0.000     0.000    adc_rst
    K16                  IBUF (Prop_ibuf_I_O)         0.890     0.890 f  adc_rst_IBUF_inst/O
                         net (fo=61, routed)          2.279     3.169    u_adc_capture/adc_oe_b_OBUF
    OLOGIC_X1Y107        ODDR                                         f  u_adc_capture/u_oddr_clk_a/R
  -------------------------------------------------------------------    -------------------

                         (clock adc_clk fall edge)   15.625    15.625 f  
    J16                                               0.000    15.625 f  adc_clk_drive (IN)
                         net (fo=0)                   0.000    15.625    adc_clk_drive
    J16                  IBUF (Prop_ibuf_I_O)         0.751    16.376 f  adc_clk_drive_IBUF_inst/O
                         net (fo=2, routed)           0.857    17.233    u_adc_capture/adc_clk_drive_IBUF
    OLOGIC_X1Y107        ODDR                                         f  u_adc_capture/u_oddr_clk_a/C
                         clock pessimism              0.000    17.233    
                         clock uncertainty           -0.035    17.198    
    OLOGIC_X1Y107        ODDR (Recov_oddr_C_R)       -0.245    16.953    u_adc_capture/u_oddr_clk_a
  -------------------------------------------------------------------
                         required time                         16.953    
                         arrival time                          -3.169    
  -------------------------------------------------------------------
                         slack                                 13.784    





Min Delay Paths
--------------------------------------------------------------------------------------
Slack (MET) :             0.348ns  (arrival time - required time)
  Source:                 adc_rst
                            (input port clocked by adc_clk  {rise@0.000ns fall@15.625ns period=31.250ns})
  Destination:            u_adc_capture/u_oddr_clk_a/R
                            (removal check against rising-edge clock adc_clk  {rise@0.000ns fall@15.625ns period=31.250ns})
  Path Group:             **async_default**
  Path Type:              Removal (Min at Fast Process Corner)
  Requirement:            0.000ns  (adc_clk rise@0.000ns - adc_clk rise@0.000ns)
  Data Path Delay:        1.252ns  (logic 0.187ns (14.912%)  route 1.065ns (85.088%))
  Logic Levels:           1  (IBUF=1)
  Input Delay:            0.000ns
  Clock Path Skew:        0.868ns (DCD - SCD - CPR)
    Destination Clock Delay (DCD):    0.868ns
    Source Clock Delay      (SCD):    0.000ns
    Clock Pessimism Removal (CPR):    -0.000ns
  Clock Uncertainty:      0.035ns  ((TSJ^2 + TIJ^2)^1/2 + DJ) / 2 + PE
    Total System Jitter     (TSJ):    0.071ns
    Total Input Jitter      (TIJ):    0.000ns
    Discrete Jitter          (DJ):    0.000ns
    Phase Error              (PE):    0.000ns

    Location             Delay type                Incr(ns)  Path(ns)    Netlist Resource(s)
  -------------------------------------------------------------------    -------------------
                         (clock adc_clk rise edge)    0.000     0.000 r  
                         input delay                  0.000     0.000    
    K16                                               0.000     0.000 r  adc_rst (IN)
                         net (fo=0)                   0.000     0.000    adc_rst
    K16                  IBUF (Prop_ibuf_I_O)         0.187     0.187 r  adc_rst_IBUF_inst/O
                         net (fo=61, routed)          1.065     1.252    u_adc_capture/adc_oe_b_OBUF
    OLOGIC_X1Y107        ODDR                                         r  u_adc_capture/u_oddr_clk_a/R
  -------------------------------------------------------------------    -------------------

                         (clock adc_clk rise edge)    0.000     0.000 r  
    J16                                               0.000     0.000 r  adc_clk_drive (IN)
                         net (fo=0)                   0.000     0.000    adc_clk_drive
    J16                  IBUF (Prop_ibuf_I_O)         0.368     0.368 r  adc_clk_drive_IBUF_inst/O
                         net (fo=2, routed)           0.501     0.868    u_adc_capture/adc_clk_drive_IBUF
    OLOGIC_X1Y107        ODDR                                         r  u_adc_capture/u_oddr_clk_a/C
                         clock pessimism              0.000     0.868    
                         clock uncertainty            0.035     0.904    
    OLOGIC_X1Y107        ODDR (Remov_oddr_C_R)        0.000     0.904    u_adc_capture/u_oddr_clk_a
  -------------------------------------------------------------------
                         required time                         -0.904    
                         arrival time                           1.252    
  -------------------------------------------------------------------
                         slack                                  0.348    

Slack (MET) :             0.397ns  (arrival time - required time)
  Source:                 adc_rst
                            (input port clocked by adc_clk  {rise@0.000ns fall@15.625ns period=31.250ns})
  Destination:            u_adc_capture/u_oddr_clk_b/R
                            (removal check against rising-edge clock adc_clk  {rise@0.000ns fall@15.625ns period=31.250ns})
  Path Group:             **async_default**
  Path Type:              Removal (Min at Fast Process Corner)
  Requirement:            0.000ns  (adc_clk rise@0.000ns - adc_clk rise@0.000ns)
  Data Path Delay:        1.315ns  (logic 0.187ns (14.201%)  route 1.128ns (85.799%))
  Logic Levels:           1  (IBUF=1)
  Input Delay:            0.000ns
  Clock Path Skew:        0.882ns (DCD - SCD - CPR)
    Destination Clock Delay (DCD):    0.882ns
    Source Clock Delay      (SCD):    0.000ns
    Clock Pessimism Removal (CPR):    -0.000ns
  Clock Uncertainty:      0.035ns  ((TSJ^2 + TIJ^2)^1/2 + DJ) / 2 + PE
    Total System Jitter     (TSJ):    0.071ns
    Total Input Jitter      (TIJ):    0.000ns
    Discrete Jitter          (DJ):    0.000ns
    Phase Error              (PE):    0.000ns

    Location             Delay type                Incr(ns)  Path(ns)    Netlist Resource(s)
  -------------------------------------------------------------------    -------------------
                         (clock adc_clk rise edge)    0.000     0.000 r  
                         input delay                  0.000     0.000    
    K16                                               0.000     0.000 r  adc_rst (IN)
                         net (fo=0)                   0.000     0.000    adc_rst
    K16                  IBUF (Prop_ibuf_I_O)         0.187     0.187 r  adc_rst_IBUF_inst/O
                         net (fo=61, routed)          1.128     1.315    u_adc_capture/adc_oe_b_OBUF
    OLOGIC_X1Y108        ODDR                                         r  u_adc_capture/u_oddr_clk_b/R
  -------------------------------------------------------------------    -------------------

                         (clock adc_clk rise edge)    0.000     0.000 r  
    J16                                               0.000     0.000 r  adc_clk_drive (IN)
                         net (fo=0)                   0.000     0.000    adc_clk_drive
    J16                  IBUF (Prop_ibuf_I_O)         0.368     0.368 r  adc_clk_drive_IBUF_inst/O
                         net (fo=2, routed)           0.514     0.882    u_adc_capture/adc_clk_drive_IBUF
    OLOGIC_X1Y108        ODDR                                         r  u_adc_capture/u_oddr_clk_b/C
                         clock pessimism              0.000     0.882    
                         clock uncertainty            0.035     0.918    
    OLOGIC_X1Y108        ODDR (Remov_oddr_C_R)        0.000     0.918    u_adc_capture/u_oddr_clk_b
  -------------------------------------------------------------------
                         required time                         -0.918    
                         arrival time                           1.315    
  -------------------------------------------------------------------
                         slack                                  0.397    





