Copyright 1986-2022 Xilinx, Inc. All Rights Reserved.
----------------------------------------------------------------------------------------------------------------------------
| Tool Version : Vivado v.2022.2 (win64) Build 3671981 Fri Oct 14 05:00:03 MDT 2022
| Date         : Thu Jul 30 20:19:01 2026
| Host         : DESKTOP-3MP1EO2 running 64-bit major release  (build 9200)
| Command      : report_methodology -file C:/Users/prolet/Desktop/2026G/fpga/sim_results/measurement_methodology_routed.rpt
| Design       : measurement_timing_pipeline_top
| Device       : xc7z020clg400-2
| Speed File   : -2
| Design State : Fully Routed
----------------------------------------------------------------------------------------------------------------------------

Report Methodology

Table of Contents
-----------------
1. REPORT SUMMARY
2. REPORT DETAILS

1. REPORT SUMMARY
-----------------
            Netlist: netlist
          Floorplan: impl_1
      Design limits: <entire design considered>
             Max violations: <unlimited>
             Violations found: 255
+-----------+----------+------------------------------------------------------------------+------------+
| Rule      | Severity | Description                                                      | Violations |
+-----------+----------+------------------------------------------------------------------+------------+
| CKLD-2    | Warning  | Clock Net has IO Driver, not a Clock Buf, and/or non-Clock loads | 1          |
| PDRC-190  | Warning  | Suboptimally placed synchronized register chain                  | 1          |
| TIMING-9  | Warning  | Unknown CDC Logic                                                | 1          |
| TIMING-16 | Warning  | Large setup violation                                            | 172        |
| TIMING-18 | Warning  | Missing input or output delay                                    | 71         |
| TIMING-24 | Warning  | Overridden Max delay datapath only                               | 2          |
| XDCB-2    | Warning  | Clock defined on multiple objects                                | 1          |
| XDCH-2    | Warning  | Same min and max delay values on IO port                         | 6          |
+-----------+----------+------------------------------------------------------------------+------------+

2. REPORT DETAILS
-----------------
CKLD-2#1 Warning
Clock Net has IO Driver, not a Clock Buf, and/or non-Clock loads  
Clock net adc_clk_drive_IBUF is directly driven by an IO rather than a Clock Buffer or may be an IO driving a mix of Clock Buffer and non-Clock loads. This connectivity should be reviewed and corrected as appropriate. Driver(s): adc_clk_drive_IBUF_inst/O, u_adc_capture/adc_clk_drive_IBUF
Related violations: <none>

PDRC-190#1 Warning
Suboptimally placed synchronized register chain  
The FDRE cell u_fifo_wrap/u_fifo_generator_0/U0/inst_fifo_gen/gconvfifo.rf/grf.rf/rstblk/grstd1.grst_full.grst_f.rst_d2_reg in site SLICE_X36Y23 is part of a synchronized register chain that is suboptimally placed as the load FDSE cell u_fifo_wrap/u_fifo_generator_0/U0/inst_fifo_gen/gconvfifo.rf/grf.rf/rstblk/grstd1.grst_full.grst_f.rst_d3_reg is not placed in the same (SLICE) site.
Related violations: <none>

TIMING-9#1 Warning
Unknown CDC Logic  
One or more asynchronous Clock Domain Crossing has been detected between 2 clock domains through a set_false_path or a set_clock_groups or set_max_delay -datapath_only constraint but no double-registers logic synchronizer has been found on the side of the capture clock. It is recommended to run report_cdc for a complete and detailed CDC coverage. Please consider using XPM_CDC to avoid Critical severities
Related violations: <none>

TIMING-16#1 Warning
Large setup violation  
There is a large setup violation of -1.029 ns between u_fir_wrap/u_fir_compiler/U0/i_synth/g_single_rate.i_single_rate/g_m_data_chan_no_fifo.m_axis_data_tdata_int_reg[0]/C (clocked by processing_clk) and u_peak_to_peak_detector/vpp_sum_reg[11]/D (clocked by processing_clk). Large setup violations at the end of those stages might be difficult to fix during the post-placement implementation flow and could be the result of non-optimal XDC constraints or non-optimal design architecture
Related violations: <none>

TIMING-16#2 Warning
Large setup violation  
There is a large setup violation of -1.031 ns between u_fir_wrap/u_fir_compiler/U0/i_synth/g_single_rate.i_single_rate/g_m_data_chan_no_fifo.m_axis_data_tdata_int_reg[0]/C (clocked by processing_clk) and u_peak_to_peak_detector/vpp_sum_reg[9]/D (clocked by processing_clk). Large setup violations at the end of those stages might be difficult to fix during the post-placement implementation flow and could be the result of non-optimal XDC constraints or non-optimal design architecture
Related violations: <none>

TIMING-16#3 Warning
Large setup violation  
There is a large setup violation of -1.096 ns between u_fir_wrap/u_fir_compiler/U0/i_synth/g_single_rate.i_single_rate/g_m_data_chan_no_fifo.m_axis_data_tdata_int_reg[0]/C (clocked by processing_clk) and u_peak_to_peak_detector/vpp_sum_reg[12]/D (clocked by processing_clk). Large setup violations at the end of those stages might be difficult to fix during the post-placement implementation flow and could be the result of non-optimal XDC constraints or non-optimal design architecture
Related violations: <none>

TIMING-16#4 Warning
Large setup violation  
There is a large setup violation of -1.159 ns between u_fir_wrap/u_fir_compiler/U0/i_synth/g_single_rate.i_single_rate/g_m_data_chan_no_fifo.m_axis_data_tdata_int_reg[0]/C (clocked by processing_clk) and u_peak_to_peak_detector/vpp_sum_reg[14]/D (clocked by processing_clk). Large setup violations at the end of those stages might be difficult to fix during the post-placement implementation flow and could be the result of non-optimal XDC constraints or non-optimal design architecture
Related violations: <none>

TIMING-16#5 Warning
Large setup violation  
There is a large setup violation of -1.182 ns between u_fir_wrap/u_fir_compiler/U0/i_synth/g_single_rate.i_single_rate/g_m_data_chan_no_fifo.m_axis_data_tdata_int_reg[0]/C (clocked by processing_clk) and u_peak_to_peak_detector/vpp_sum_reg[13]/D (clocked by processing_clk). Large setup violations at the end of those stages might be difficult to fix during the post-placement implementation flow and could be the result of non-optimal XDC constraints or non-optimal design architecture
Related violations: <none>

TIMING-16#6 Warning
Large setup violation  
There is a large setup violation of -1.208 ns between u_fir_wrap/u_fir_compiler/U0/i_synth/g_single_rate.i_single_rate/g_m_data_chan_no_fifo.m_axis_data_tdata_int_reg[0]/C (clocked by processing_clk) and u_peak_to_peak_detector/vpp_sum_reg[15]/D (clocked by processing_clk). Large setup violations at the end of those stages might be difficult to fix during the post-placement implementation flow and could be the result of non-optimal XDC constraints or non-optimal design architecture
Related violations: <none>

TIMING-16#7 Warning
Large setup violation  
There is a large setup violation of -1.326 ns between u_fir_wrap/u_fir_compiler/U0/i_synth/g_single_rate.i_single_rate/g_m_data_chan_no_fifo.m_axis_data_tdata_int_reg[0]/C (clocked by processing_clk) and u_peak_to_peak_detector/vpp_sum_reg[16]/D (clocked by processing_clk). Large setup violations at the end of those stages might be difficult to fix during the post-placement implementation flow and could be the result of non-optimal XDC constraints or non-optimal design architecture
Related violations: <none>

TIMING-16#8 Warning
Large setup violation  
There is a large setup violation of -1.349 ns between u_fir_wrap/u_fir_compiler/U0/i_synth/g_single_rate.i_single_rate/g_m_data_chan_no_fifo.m_axis_data_tdata_int_reg[0]/C (clocked by processing_clk) and u_peak_to_peak_detector/vpp_sum_reg[18]/D (clocked by processing_clk). Large setup violations at the end of those stages might be difficult to fix during the post-placement implementation flow and could be the result of non-optimal XDC constraints or non-optimal design architecture
Related violations: <none>

TIMING-16#9 Warning
Large setup violation  
There is a large setup violation of -1.410 ns between u_fir_wrap/u_fir_compiler/U0/i_synth/g_single_rate.i_single_rate/g_m_data_chan_no_fifo.m_axis_data_tdata_int_reg[0]/C (clocked by processing_clk) and u_peak_to_peak_detector/vpp_sum_reg[19]/D (clocked by processing_clk). Large setup violations at the end of those stages might be difficult to fix during the post-placement implementation flow and could be the result of non-optimal XDC constraints or non-optimal design architecture
Related violations: <none>

TIMING-16#10 Warning
Large setup violation  
There is a large setup violation of -1.412 ns between u_fir_wrap/u_fir_compiler/U0/i_synth/g_single_rate.i_single_rate/g_m_data_chan_no_fifo.m_axis_data_tdata_int_reg[0]/C (clocked by processing_clk) and u_peak_to_peak_detector/vpp_sum_reg[17]/D (clocked by processing_clk). Large setup violations at the end of those stages might be difficult to fix during the post-placement implementation flow and could be the result of non-optimal XDC constraints or non-optimal design architecture
Related violations: <none>

TIMING-16#11 Warning
Large setup violation  
There is a large setup violation of -10.091 ns between u_fir_wrap/u_fir_compiler/U0/i_synth/g_single_rate.i_single_rate/g_m_data_chan_no_fifo.m_axis_data_tdata_int_reg[0]/C (clocked by processing_clk) and u_peak_to_peak_detector/vpp_out_reg[9]/D (clocked by processing_clk). Large setup violations at the end of those stages might be difficult to fix during the post-placement implementation flow and could be the result of non-optimal XDC constraints or non-optimal design architecture
Related violations: <none>

TIMING-16#12 Warning
Large setup violation  
There is a large setup violation of -10.219 ns between u_fir_wrap/u_fir_compiler/U0/i_synth/g_single_rate.i_single_rate/g_m_data_chan_no_fifo.m_axis_data_tdata_int_reg[0]/C (clocked by processing_clk) and u_peak_to_peak_detector/vpp_out_reg[2]/D (clocked by processing_clk). Large setup violations at the end of those stages might be difficult to fix during the post-placement implementation flow and could be the result of non-optimal XDC constraints or non-optimal design architecture
Related violations: <none>

TIMING-16#13 Warning
Large setup violation  
There is a large setup violation of -10.374 ns between u_fir_wrap/u_fir_compiler/U0/i_synth/g_single_rate.i_single_rate/g_m_data_chan_no_fifo.m_axis_data_tdata_int_reg[0]/C (clocked by processing_clk) and u_peak_to_peak_detector/vpp_out_reg[4]/D (clocked by processing_clk). Large setup violations at the end of those stages might be difficult to fix during the post-placement implementation flow and could be the result of non-optimal XDC constraints or non-optimal design architecture
Related violations: <none>

TIMING-16#14 Warning
Large setup violation  
There is a large setup violation of -10.388 ns between u_fir_wrap/u_fir_compiler/U0/i_synth/g_single_rate.i_single_rate/g_m_data_chan_no_fifo.m_axis_data_tdata_int_reg[0]/C (clocked by processing_clk) and u_peak_to_peak_detector/vpp_out_reg[6]/D (clocked by processing_clk). Large setup violations at the end of those stages might be difficult to fix during the post-placement implementation flow and could be the result of non-optimal XDC constraints or non-optimal design architecture
Related violations: <none>

TIMING-16#15 Warning
Large setup violation  
There is a large setup violation of -10.789 ns between u_fir_wrap/u_fir_compiler/U0/i_synth/g_single_rate.i_single_rate/g_m_data_chan_no_fifo.m_axis_data_tdata_int_reg[0]/C (clocked by processing_clk) and u_peak_to_peak_detector/vpp_out_reg[3]/D (clocked by processing_clk). Large setup violations at the end of those stages might be difficult to fix during the post-placement implementation flow and could be the result of non-optimal XDC constraints or non-optimal design architecture
Related violations: <none>

TIMING-16#16 Warning
Large setup violation  
There is a large setup violation of -10.827 ns between u_fir_wrap/u_fir_compiler/U0/i_synth/g_single_rate.i_single_rate/g_m_data_chan_no_fifo.m_axis_data_tdata_int_reg[0]/C (clocked by processing_clk) and u_peak_to_peak_detector/vpp_out_reg[0]/D (clocked by processing_clk). Large setup violations at the end of those stages might be difficult to fix during the post-placement implementation flow and could be the result of non-optimal XDC constraints or non-optimal design architecture
Related violations: <none>

TIMING-16#17 Warning
Large setup violation  
There is a large setup violation of -10.832 ns between u_fir_wrap/u_fir_compiler/U0/i_synth/g_single_rate.i_single_rate/g_m_data_chan_no_fifo.m_axis_data_tdata_int_reg[0]/C (clocked by processing_clk) and u_peak_to_peak_detector/vpp_out_reg[1]/D (clocked by processing_clk). Large setup violations at the end of those stages might be difficult to fix during the post-placement implementation flow and could be the result of non-optimal XDC constraints or non-optimal design architecture
Related violations: <none>

TIMING-16#18 Warning
Large setup violation  
There is a large setup violation of -2.051 ns between u_fir_wrap/u_fir_compiler/U0/i_synth/g_single_rate.i_single_rate/g_m_data_chan_no_fifo.m_axis_data_tdata_int_reg[0]/C (clocked by processing_clk) and u_peak_to_peak_detector/largest_vpp_reg[1][14]/D (clocked by processing_clk). Large setup violations at the end of those stages might be difficult to fix during the post-placement implementation flow and could be the result of non-optimal XDC constraints or non-optimal design architecture
Related violations: <none>

TIMING-16#19 Warning
Large setup violation  
There is a large setup violation of -2.122 ns between u_fir_wrap/u_fir_compiler/U0/i_synth/g_single_rate.i_single_rate/g_m_data_chan_no_fifo.m_axis_data_tdata_int_reg[0]/C (clocked by processing_clk) and u_peak_to_peak_detector/smallest_vpp_reg[0][11]/D (clocked by processing_clk). Large setup violations at the end of those stages might be difficult to fix during the post-placement implementation flow and could be the result of non-optimal XDC constraints or non-optimal design architecture
Related violations: <none>

TIMING-16#20 Warning
Large setup violation  
There is a large setup violation of -2.229 ns between u_fir_wrap/u_fir_compiler/U0/i_synth/g_single_rate.i_single_rate/g_m_data_chan_no_fifo.m_axis_data_tdata_int_reg[0]/C (clocked by processing_clk) and u_peak_to_peak_detector/smallest_vpp_reg[0][5]/D (clocked by processing_clk). Large setup violations at the end of those stages might be difficult to fix during the post-placement implementation flow and could be the result of non-optimal XDC constraints or non-optimal design architecture
Related violations: <none>

TIMING-16#21 Warning
Large setup violation  
There is a large setup violation of -2.232 ns between u_fir_wrap/u_fir_compiler/U0/i_synth/g_single_rate.i_single_rate/g_m_data_chan_no_fifo.m_axis_data_tdata_int_reg[0]/C (clocked by processing_clk) and u_peak_to_peak_detector/smallest_vpp_reg[1][8]/D (clocked by processing_clk). Large setup violations at the end of those stages might be difficult to fix during the post-placement implementation flow and could be the result of non-optimal XDC constraints or non-optimal design architecture
Related violations: <none>

TIMING-16#22 Warning
Large setup violation  
There is a large setup violation of -2.236 ns between u_fir_wrap/u_fir_compiler/U0/i_synth/g_single_rate.i_single_rate/g_m_data_chan_no_fifo.m_axis_data_tdata_int_reg[0]/C (clocked by processing_clk) and u_peak_to_peak_detector/smallest_vpp_reg[1][1]/D (clocked by processing_clk). Large setup violations at the end of those stages might be difficult to fix during the post-placement implementation flow and could be the result of non-optimal XDC constraints or non-optimal design architecture
Related violations: <none>

TIMING-16#23 Warning
Large setup violation  
There is a large setup violation of -2.254 ns between u_fir_wrap/u_fir_compiler/U0/i_synth/g_single_rate.i_single_rate/g_m_data_chan_no_fifo.m_axis_data_tdata_int_reg[0]/C (clocked by processing_clk) and u_peak_to_peak_detector/smallest_vpp_reg[1][4]/D (clocked by processing_clk). Large setup violations at the end of those stages might be difficult to fix during the post-placement implementation flow and could be the result of non-optimal XDC constraints or non-optimal design architecture
Related violations: <none>

TIMING-16#24 Warning
Large setup violation  
There is a large setup violation of -2.257 ns between u_fir_wrap/u_fir_compiler/U0/i_synth/g_single_rate.i_single_rate/g_m_data_chan_no_fifo.m_axis_data_tdata_int_reg[0]/C (clocked by processing_clk) and u_peak_to_peak_detector/smallest_vpp_reg[1][5]/D (clocked by processing_clk). Large setup violations at the end of those stages might be difficult to fix during the post-placement implementation flow and could be the result of non-optimal XDC constraints or non-optimal design architecture
Related violations: <none>

TIMING-16#25 Warning
Large setup violation  
There is a large setup violation of -2.260 ns between u_fir_wrap/u_fir_compiler/U0/i_synth/g_single_rate.i_single_rate/g_m_data_chan_no_fifo.m_axis_data_tdata_int_reg[0]/C (clocked by processing_clk) and u_peak_to_peak_detector/largest_vpp_reg[1][3]/D (clocked by processing_clk). Large setup violations at the end of those stages might be difficult to fix during the post-placement implementation flow and could be the result of non-optimal XDC constraints or non-optimal design architecture
Related violations: <none>

TIMING-16#26 Warning
Large setup violation  
There is a large setup violation of -2.315 ns between u_fir_wrap/u_fir_compiler/U0/i_synth/g_single_rate.i_single_rate/g_m_data_chan_no_fifo.m_axis_data_tdata_int_reg[0]/C (clocked by processing_clk) and u_peak_to_peak_detector/smallest_vpp_reg[1][9]/D (clocked by processing_clk). Large setup violations at the end of those stages might be difficult to fix during the post-placement implementation flow and could be the result of non-optimal XDC constraints or non-optimal design architecture
Related violations: <none>

TIMING-16#27 Warning
Large setup violation  
There is a large setup violation of -2.325 ns between u_fir_wrap/u_fir_compiler/U0/i_synth/g_single_rate.i_single_rate/g_m_data_chan_no_fifo.m_axis_data_tdata_int_reg[0]/C (clocked by processing_clk) and u_peak_to_peak_detector/largest_vpp_reg[1][6]/D (clocked by processing_clk). Large setup violations at the end of those stages might be difficult to fix during the post-placement implementation flow and could be the result of non-optimal XDC constraints or non-optimal design architecture
Related violations: <none>

TIMING-16#28 Warning
Large setup violation  
There is a large setup violation of -2.337 ns between u_fir_wrap/u_fir_compiler/U0/i_synth/g_single_rate.i_single_rate/g_m_data_chan_no_fifo.m_axis_data_tdata_int_reg[0]/C (clocked by processing_clk) and u_peak_to_peak_detector/smallest_vpp_reg[1][12]/D (clocked by processing_clk). Large setup violations at the end of those stages might be difficult to fix during the post-placement implementation flow and could be the result of non-optimal XDC constraints or non-optimal design architecture
Related violations: <none>

TIMING-16#29 Warning
Large setup violation  
There is a large setup violation of -2.342 ns between u_fir_wrap/u_fir_compiler/U0/i_synth/g_single_rate.i_single_rate/g_m_data_chan_no_fifo.m_axis_data_tdata_int_reg[0]/C (clocked by processing_clk) and u_peak_to_peak_detector/largest_vpp_reg[1][15]/D (clocked by processing_clk). Large setup violations at the end of those stages might be difficult to fix during the post-placement implementation flow and could be the result of non-optimal XDC constraints or non-optimal design architecture
Related violations: <none>

TIMING-16#30 Warning
Large setup violation  
There is a large setup violation of -2.383 ns between u_fir_wrap/u_fir_compiler/U0/i_synth/g_single_rate.i_single_rate/g_m_data_chan_no_fifo.m_axis_data_tdata_int_reg[0]/C (clocked by processing_clk) and u_peak_to_peak_detector/smallest_vpp_reg[1][0]/D (clocked by processing_clk). Large setup violations at the end of those stages might be difficult to fix during the post-placement implementation flow and could be the result of non-optimal XDC constraints or non-optimal design architecture
Related violations: <none>

TIMING-16#31 Warning
Large setup violation  
There is a large setup violation of -2.388 ns between u_fir_wrap/u_fir_compiler/U0/i_synth/g_single_rate.i_single_rate/g_m_data_chan_no_fifo.m_axis_data_tdata_int_reg[0]/C (clocked by processing_clk) and u_peak_to_peak_detector/largest_vpp_reg[1][11]/D (clocked by processing_clk). Large setup violations at the end of those stages might be difficult to fix during the post-placement implementation flow and could be the result of non-optimal XDC constraints or non-optimal design architecture
Related violations: <none>

TIMING-16#32 Warning
Large setup violation  
There is a large setup violation of -2.392 ns between u_fir_wrap/u_fir_compiler/U0/i_synth/g_single_rate.i_single_rate/g_m_data_chan_no_fifo.m_axis_data_tdata_int_reg[0]/C (clocked by processing_clk) and u_peak_to_peak_detector/largest_vpp_reg[1][10]/D (clocked by processing_clk). Large setup violations at the end of those stages might be difficult to fix during the post-placement implementation flow and could be the result of non-optimal XDC constraints or non-optimal design architecture
Related violations: <none>

TIMING-16#33 Warning
Large setup violation  
There is a large setup violation of -2.394 ns between u_fir_wrap/u_fir_compiler/U0/i_synth/g_single_rate.i_single_rate/g_m_data_chan_no_fifo.m_axis_data_tdata_int_reg[0]/C (clocked by processing_clk) and u_peak_to_peak_detector/smallest_vpp_reg[0][2]/D (clocked by processing_clk). Large setup violations at the end of those stages might be difficult to fix during the post-placement implementation flow and could be the result of non-optimal XDC constraints or non-optimal design architecture
Related violations: <none>

TIMING-16#34 Warning
Large setup violation  
There is a large setup violation of -2.399 ns between u_fir_wrap/u_fir_compiler/U0/i_synth/g_single_rate.i_single_rate/g_m_data_chan_no_fifo.m_axis_data_tdata_int_reg[0]/C (clocked by processing_clk) and u_peak_to_peak_detector/smallest_vpp_reg[1][15]/D (clocked by processing_clk). Large setup violations at the end of those stages might be difficult to fix during the post-placement implementation flow and could be the result of non-optimal XDC constraints or non-optimal design architecture
Related violations: <none>

TIMING-16#35 Warning
Large setup violation  
There is a large setup violation of -2.406 ns between u_fir_wrap/u_fir_compiler/U0/i_synth/g_single_rate.i_single_rate/g_m_data_chan_no_fifo.m_axis_data_tdata_int_reg[0]/C (clocked by processing_clk) and u_peak_to_peak_detector/smallest_vpp_reg[1][6]/D (clocked by processing_clk). Large setup violations at the end of those stages might be difficult to fix during the post-placement implementation flow and could be the result of non-optimal XDC constraints or non-optimal design architecture
Related violations: <none>

TIMING-16#36 Warning
Large setup violation  
There is a large setup violation of -2.408 ns between u_fir_wrap/u_fir_compiler/U0/i_synth/g_single_rate.i_single_rate/g_m_data_chan_no_fifo.m_axis_data_tdata_int_reg[0]/C (clocked by processing_clk) and u_peak_to_peak_detector/smallest_vpp_reg[0][0]/D (clocked by processing_clk). Large setup violations at the end of those stages might be difficult to fix during the post-placement implementation flow and could be the result of non-optimal XDC constraints or non-optimal design architecture
Related violations: <none>

TIMING-16#37 Warning
Large setup violation  
There is a large setup violation of -2.412 ns between u_fir_wrap/u_fir_compiler/U0/i_synth/g_single_rate.i_single_rate/g_m_data_chan_no_fifo.m_axis_data_tdata_int_reg[0]/C (clocked by processing_clk) and u_peak_to_peak_detector/largest_vpp_reg[1][0]/D (clocked by processing_clk). Large setup violations at the end of those stages might be difficult to fix during the post-placement implementation flow and could be the result of non-optimal XDC constraints or non-optimal design architecture
Related violations: <none>

TIMING-16#38 Warning
Large setup violation  
There is a large setup violation of -2.423 ns between u_fir_wrap/u_fir_compiler/U0/i_synth/g_single_rate.i_single_rate/g_m_data_chan_no_fifo.m_axis_data_tdata_int_reg[0]/C (clocked by processing_clk) and u_peak_to_peak_detector/smallest_vpp_reg[1][14]/D (clocked by processing_clk). Large setup violations at the end of those stages might be difficult to fix during the post-placement implementation flow and could be the result of non-optimal XDC constraints or non-optimal design architecture
Related violations: <none>

TIMING-16#39 Warning
Large setup violation  
There is a large setup violation of -2.425 ns between u_fir_wrap/u_fir_compiler/U0/i_synth/g_single_rate.i_single_rate/g_m_data_chan_no_fifo.m_axis_data_tdata_int_reg[0]/C (clocked by processing_clk) and u_peak_to_peak_detector/largest_vpp_reg[0][5]/D (clocked by processing_clk). Large setup violations at the end of those stages might be difficult to fix during the post-placement implementation flow and could be the result of non-optimal XDC constraints or non-optimal design architecture
Related violations: <none>

TIMING-16#40 Warning
Large setup violation  
There is a large setup violation of -2.435 ns between u_fir_wrap/u_fir_compiler/U0/i_synth/g_single_rate.i_single_rate/g_m_data_chan_no_fifo.m_axis_data_tdata_int_reg[0]/C (clocked by processing_clk) and u_mean_square_calculator/square_sum_reg[0]/D (clocked by processing_clk). Large setup violations at the end of those stages might be difficult to fix during the post-placement implementation flow and could be the result of non-optimal XDC constraints or non-optimal design architecture
Related violations: <none>

TIMING-16#41 Warning
Large setup violation  
There is a large setup violation of -2.435 ns between u_fir_wrap/u_fir_compiler/U0/i_synth/g_single_rate.i_single_rate/g_m_data_chan_no_fifo.m_axis_data_tdata_int_reg[0]/C (clocked by processing_clk) and u_peak_to_peak_detector/smallest_vpp_reg[1][10]/D (clocked by processing_clk). Large setup violations at the end of those stages might be difficult to fix during the post-placement implementation flow and could be the result of non-optimal XDC constraints or non-optimal design architecture
Related violations: <none>

TIMING-16#42 Warning
Large setup violation  
There is a large setup violation of -2.442 ns between u_fir_wrap/u_fir_compiler/U0/i_synth/g_single_rate.i_single_rate/g_m_data_chan_no_fifo.m_axis_data_tdata_int_reg[0]/C (clocked by processing_clk) and u_peak_to_peak_detector/largest_vpp_reg[1][7]/D (clocked by processing_clk). Large setup violations at the end of those stages might be difficult to fix during the post-placement implementation flow and could be the result of non-optimal XDC constraints or non-optimal design architecture
Related violations: <none>

TIMING-16#43 Warning
Large setup violation  
There is a large setup violation of -2.442 ns between u_fir_wrap/u_fir_compiler/U0/i_synth/g_single_rate.i_single_rate/g_m_data_chan_no_fifo.m_axis_data_tdata_int_reg[0]/C (clocked by processing_clk) and u_peak_to_peak_detector/largest_vpp_reg[1][8]/D (clocked by processing_clk). Large setup violations at the end of those stages might be difficult to fix during the post-placement implementation flow and could be the result of non-optimal XDC constraints or non-optimal design architecture
Related violations: <none>

TIMING-16#44 Warning
Large setup violation  
There is a large setup violation of -2.471 ns between u_fir_wrap/u_fir_compiler/U0/i_synth/g_single_rate.i_single_rate/g_m_data_chan_no_fifo.m_axis_data_tdata_int_reg[0]/C (clocked by processing_clk) and u_peak_to_peak_detector/smallest_vpp_reg[1][11]/D (clocked by processing_clk). Large setup violations at the end of those stages might be difficult to fix during the post-placement implementation flow and could be the result of non-optimal XDC constraints or non-optimal design architecture
Related violations: <none>

TIMING-16#45 Warning
Large setup violation  
There is a large setup violation of -2.474 ns between u_fir_wrap/u_fir_compiler/U0/i_synth/g_single_rate.i_single_rate/g_m_data_chan_no_fifo.m_axis_data_tdata_int_reg[0]/C (clocked by processing_clk) and u_peak_to_peak_detector/largest_vpp_reg[1][2]/D (clocked by processing_clk). Large setup violations at the end of those stages might be difficult to fix during the post-placement implementation flow and could be the result of non-optimal XDC constraints or non-optimal design architecture
Related violations: <none>

TIMING-16#46 Warning
Large setup violation  
There is a large setup violation of -2.474 ns between u_fir_wrap/u_fir_compiler/U0/i_synth/g_single_rate.i_single_rate/g_m_data_chan_no_fifo.m_axis_data_tdata_int_reg[0]/C (clocked by processing_clk) and u_peak_to_peak_detector/largest_vpp_reg[1][4]/D (clocked by processing_clk). Large setup violations at the end of those stages might be difficult to fix during the post-placement implementation flow and could be the result of non-optimal XDC constraints or non-optimal design architecture
Related violations: <none>

TIMING-16#47 Warning
Large setup violation  
There is a large setup violation of -2.484 ns between u_fir_wrap/u_fir_compiler/U0/i_synth/g_single_rate.i_single_rate/g_m_data_chan_no_fifo.m_axis_data_tdata_int_reg[0]/C (clocked by processing_clk) and u_peak_to_peak_detector/smallest_vpp_reg[1][13]/D (clocked by processing_clk). Large setup violations at the end of those stages might be difficult to fix during the post-placement implementation flow and could be the result of non-optimal XDC constraints or non-optimal design architecture
Related violations: <none>

TIMING-16#48 Warning
Large setup violation  
There is a large setup violation of -2.498 ns between u_fir_wrap/u_fir_compiler/U0/i_synth/g_single_rate.i_single_rate/g_m_data_chan_no_fifo.m_axis_data_tdata_int_reg[0]/C (clocked by processing_clk) and u_peak_to_peak_detector/smallest_vpp_reg[1][3]/D (clocked by processing_clk). Large setup violations at the end of those stages might be difficult to fix during the post-placement implementation flow and could be the result of non-optimal XDC constraints or non-optimal design architecture
Related violations: <none>

TIMING-16#49 Warning
Large setup violation  
There is a large setup violation of -2.510 ns between u_fir_wrap/u_fir_compiler/U0/i_synth/g_single_rate.i_single_rate/g_m_data_chan_no_fifo.m_axis_data_tdata_int_reg[0]/C (clocked by processing_clk) and u_peak_to_peak_detector/largest_vpp_reg[1][12]/D (clocked by processing_clk). Large setup violations at the end of those stages might be difficult to fix during the post-placement implementation flow and could be the result of non-optimal XDC constraints or non-optimal design architecture
Related violations: <none>

TIMING-16#50 Warning
Large setup violation  
There is a large setup violation of -2.525 ns between u_fir_wrap/u_fir_compiler/U0/i_synth/g_single_rate.i_single_rate/g_m_data_chan_no_fifo.m_axis_data_tdata_int_reg[0]/C (clocked by processing_clk) and u_peak_to_peak_detector/smallest_vpp_reg[1][7]/D (clocked by processing_clk). Large setup violations at the end of those stages might be difficult to fix during the post-placement implementation flow and could be the result of non-optimal XDC constraints or non-optimal design architecture
Related violations: <none>

TIMING-16#51 Warning
Large setup violation  
There is a large setup violation of -2.534 ns between u_fir_wrap/u_fir_compiler/U0/i_synth/g_single_rate.i_single_rate/g_m_data_chan_no_fifo.m_axis_data_tdata_int_reg[0]/C (clocked by processing_clk) and u_peak_to_peak_detector/largest_vpp_reg[1][9]/D (clocked by processing_clk). Large setup violations at the end of those stages might be difficult to fix during the post-placement implementation flow and could be the result of non-optimal XDC constraints or non-optimal design architecture
Related violations: <none>

TIMING-16#52 Warning
Large setup violation  
There is a large setup violation of -2.556 ns between u_fir_wrap/u_fir_compiler/U0/i_synth/g_single_rate.i_single_rate/g_m_data_chan_no_fifo.m_axis_data_tdata_int_reg[0]/C (clocked by processing_clk) and u_peak_to_peak_detector/largest_vpp_reg[0][1]/D (clocked by processing_clk). Large setup violations at the end of those stages might be difficult to fix during the post-placement implementation flow and could be the result of non-optimal XDC constraints or non-optimal design architecture
Related violations: <none>

TIMING-16#53 Warning
Large setup violation  
There is a large setup violation of -2.564 ns between u_fir_wrap/u_fir_compiler/U0/i_synth/g_single_rate.i_single_rate/g_m_data_chan_no_fifo.m_axis_data_tdata_int_reg[0]/C (clocked by processing_clk) and u_peak_to_peak_detector/largest_vpp_reg[1][5]/D (clocked by processing_clk). Large setup violations at the end of those stages might be difficult to fix during the post-placement implementation flow and could be the result of non-optimal XDC constraints or non-optimal design architecture
Related violations: <none>

TIMING-16#54 Warning
Large setup violation  
There is a large setup violation of -2.567 ns between u_fir_wrap/u_fir_compiler/U0/i_synth/g_single_rate.i_single_rate/g_m_data_chan_no_fifo.m_axis_data_tdata_int_reg[0]/C (clocked by processing_clk) and u_peak_to_peak_detector/smallest_vpp_reg[1][2]/D (clocked by processing_clk). Large setup violations at the end of those stages might be difficult to fix during the post-placement implementation flow and could be the result of non-optimal XDC constraints or non-optimal design architecture
Related violations: <none>

TIMING-16#55 Warning
Large setup violation  
There is a large setup violation of -2.570 ns between u_fir_wrap/u_fir_compiler/U0/i_synth/g_single_rate.i_single_rate/g_m_data_chan_no_fifo.m_axis_data_tdata_int_reg[0]/C (clocked by processing_clk) and u_mean_square_calculator/square_sum_reg[1]/D (clocked by processing_clk). Large setup violations at the end of those stages might be difficult to fix during the post-placement implementation flow and could be the result of non-optimal XDC constraints or non-optimal design architecture
Related violations: <none>

TIMING-16#56 Warning
Large setup violation  
There is a large setup violation of -2.570 ns between u_fir_wrap/u_fir_compiler/U0/i_synth/g_single_rate.i_single_rate/g_m_data_chan_no_fifo.m_axis_data_tdata_int_reg[0]/C (clocked by processing_clk) and u_peak_to_peak_detector/largest_vpp_reg[0][0]/D (clocked by processing_clk). Large setup violations at the end of those stages might be difficult to fix during the post-placement implementation flow and could be the result of non-optimal XDC constraints or non-optimal design architecture
Related violations: <none>

TIMING-16#57 Warning
Large setup violation  
There is a large setup violation of -2.580 ns between u_fir_wrap/u_fir_compiler/U0/i_synth/g_single_rate.i_single_rate/g_m_data_chan_no_fifo.m_axis_data_tdata_int_reg[0]/C (clocked by processing_clk) and u_peak_to_peak_detector/largest_vpp_reg[1][1]/D (clocked by processing_clk). Large setup violations at the end of those stages might be difficult to fix during the post-placement implementation flow and could be the result of non-optimal XDC constraints or non-optimal design architecture
Related violations: <none>

TIMING-16#58 Warning
Large setup violation  
There is a large setup violation of -2.632 ns between u_fir_wrap/u_fir_compiler/U0/i_synth/g_single_rate.i_single_rate/g_m_data_chan_no_fifo.m_axis_data_tdata_int_reg[0]/C (clocked by processing_clk) and u_peak_to_peak_detector/largest_vpp_reg[1][13]/D (clocked by processing_clk). Large setup violations at the end of those stages might be difficult to fix during the post-placement implementation flow and could be the result of non-optimal XDC constraints or non-optimal design architecture
Related violations: <none>

TIMING-16#59 Warning
Large setup violation  
There is a large setup violation of -2.677 ns between u_fir_wrap/u_fir_compiler/U0/i_synth/g_single_rate.i_single_rate/g_m_data_chan_no_fifo.m_axis_data_tdata_int_reg[0]/C (clocked by processing_clk) and u_mean_square_calculator/square_sum_reg[2]/D (clocked by processing_clk). Large setup violations at the end of those stages might be difficult to fix during the post-placement implementation flow and could be the result of non-optimal XDC constraints or non-optimal design architecture
Related violations: <none>

TIMING-16#60 Warning
Large setup violation  
There is a large setup violation of -2.730 ns between u_fir_wrap/u_fir_compiler/U0/i_synth/g_single_rate.i_single_rate/g_m_data_chan_no_fifo.m_axis_data_tdata_int_reg[0]/C (clocked by processing_clk) and u_mean_square_calculator/square_sum_reg[3]/D (clocked by processing_clk). Large setup violations at the end of those stages might be difficult to fix during the post-placement implementation flow and could be the result of non-optimal XDC constraints or non-optimal design architecture
Related violations: <none>

TIMING-16#61 Warning
Large setup violation  
There is a large setup violation of -2.826 ns between u_fir_wrap/u_fir_compiler/U0/i_synth/g_single_rate.i_single_rate/g_m_data_chan_no_fifo.m_axis_data_tdata_int_reg[0]/C (clocked by processing_clk) and u_mean_square_calculator/square_sum_reg[4]/D (clocked by processing_clk). Large setup violations at the end of those stages might be difficult to fix during the post-placement implementation flow and could be the result of non-optimal XDC constraints or non-optimal design architecture
Related violations: <none>

TIMING-16#62 Warning
Large setup violation  
There is a large setup violation of -2.847 ns between u_fir_wrap/u_fir_compiler/U0/i_synth/g_single_rate.i_single_rate/g_m_data_chan_no_fifo.m_axis_data_tdata_int_reg[0]/C (clocked by processing_clk) and u_mean_square_calculator/square_sum_reg[6]/D (clocked by processing_clk). Large setup violations at the end of those stages might be difficult to fix during the post-placement implementation flow and could be the result of non-optimal XDC constraints or non-optimal design architecture
Related violations: <none>

TIMING-16#63 Warning
Large setup violation  
There is a large setup violation of -2.851 ns between u_fir_wrap/u_fir_compiler/U0/i_synth/g_single_rate.i_single_rate/g_m_data_chan_no_fifo.m_axis_data_tdata_int_reg[0]/C (clocked by processing_clk) and u_peak_to_peak_detector/smallest_vpp_reg[0][8]/D (clocked by processing_clk). Large setup violations at the end of those stages might be difficult to fix during the post-placement implementation flow and could be the result of non-optimal XDC constraints or non-optimal design architecture
Related violations: <none>

TIMING-16#64 Warning
Large setup violation  
There is a large setup violation of -2.864 ns between u_fir_wrap/u_fir_compiler/U0/i_synth/g_single_rate.i_single_rate/g_m_data_chan_no_fifo.m_axis_data_tdata_int_reg[0]/C (clocked by processing_clk) and u_peak_to_peak_detector/smallest_vpp_reg[0][9]/D (clocked by processing_clk). Large setup violations at the end of those stages might be difficult to fix during the post-placement implementation flow and could be the result of non-optimal XDC constraints or non-optimal design architecture
Related violations: <none>

TIMING-16#65 Warning
Large setup violation  
There is a large setup violation of -2.905 ns between u_fir_wrap/u_fir_compiler/U0/i_synth/g_single_rate.i_single_rate/g_m_data_chan_no_fifo.m_axis_data_tdata_int_reg[0]/C (clocked by processing_clk) and u_mean_square_calculator/square_sum_reg[5]/D (clocked by processing_clk). Large setup violations at the end of those stages might be difficult to fix during the post-placement implementation flow and could be the result of non-optimal XDC constraints or non-optimal design architecture
Related violations: <none>

TIMING-16#66 Warning
Large setup violation  
There is a large setup violation of -2.908 ns between u_fir_wrap/u_fir_compiler/U0/i_synth/g_single_rate.i_single_rate/g_m_data_chan_no_fifo.m_axis_data_tdata_int_reg[0]/C (clocked by processing_clk) and u_peak_to_peak_detector/largest_vpp_reg[0][4]/D (clocked by processing_clk). Large setup violations at the end of those stages might be difficult to fix during the post-placement implementation flow and could be the result of non-optimal XDC constraints or non-optimal design architecture
Related violations: <none>

TIMING-16#67 Warning
Large setup violation  
There is a large setup violation of -2.910 ns between u_fir_wrap/u_fir_compiler/U0/i_synth/g_single_rate.i_single_rate/g_m_data_chan_no_fifo.m_axis_data_tdata_int_reg[0]/C (clocked by processing_clk) and u_mean_square_calculator/square_sum_reg[7]/D (clocked by processing_clk). Large setup violations at the end of those stages might be difficult to fix during the post-placement implementation flow and could be the result of non-optimal XDC constraints or non-optimal design architecture
Related violations: <none>

TIMING-16#68 Warning
Large setup violation  
There is a large setup violation of -2.926 ns between u_fir_wrap/u_fir_compiler/U0/i_synth/g_single_rate.i_single_rate/g_m_data_chan_no_fifo.m_axis_data_tdata_int_reg[0]/C (clocked by processing_clk) and u_mean_square_calculator/square_sum_reg[8]/D (clocked by processing_clk). Large setup violations at the end of those stages might be difficult to fix during the post-placement implementation flow and could be the result of non-optimal XDC constraints or non-optimal design architecture
Related violations: <none>

TIMING-16#69 Warning
Large setup violation  
There is a large setup violation of -2.947 ns between u_fir_wrap/u_fir_compiler/U0/i_synth/g_single_rate.i_single_rate/g_m_data_chan_no_fifo.m_axis_data_tdata_int_reg[0]/C (clocked by processing_clk) and u_mean_square_calculator/square_sum_reg[10]/D (clocked by processing_clk). Large setup violations at the end of those stages might be difficult to fix during the post-placement implementation flow and could be the result of non-optimal XDC constraints or non-optimal design architecture
Related violations: <none>

TIMING-16#70 Warning
Large setup violation  
There is a large setup violation of -2.951 ns between u_fir_wrap/u_fir_compiler/U0/i_synth/g_single_rate.i_single_rate/g_m_data_chan_no_fifo.m_axis_data_tdata_int_reg[0]/C (clocked by processing_clk) and u_peak_to_peak_detector/largest_vpp_reg[0][7]/D (clocked by processing_clk). Large setup violations at the end of those stages might be difficult to fix during the post-placement implementation flow and could be the result of non-optimal XDC constraints or non-optimal design architecture
Related violations: <none>

TIMING-16#71 Warning
Large setup violation  
There is a large setup violation of -2.951 ns between u_fir_wrap/u_fir_compiler/U0/i_synth/g_single_rate.i_single_rate/g_m_data_chan_no_fifo.m_axis_data_tdata_int_reg[0]/C (clocked by processing_clk) and u_peak_to_peak_detector/smallest_vpp_reg[0][14]/D (clocked by processing_clk). Large setup violations at the end of those stages might be difficult to fix during the post-placement implementation flow and could be the result of non-optimal XDC constraints or non-optimal design architecture
Related violations: <none>

TIMING-16#72 Warning
Large setup violation  
There is a large setup violation of -3.005 ns between u_fir_wrap/u_fir_compiler/U0/i_synth/g_single_rate.i_single_rate/g_m_data_chan_no_fifo.m_axis_data_tdata_int_reg[0]/C (clocked by processing_clk) and u_mean_square_calculator/square_sum_reg[9]/D (clocked by processing_clk). Large setup violations at the end of those stages might be difficult to fix during the post-placement implementation flow and could be the result of non-optimal XDC constraints or non-optimal design architecture
Related violations: <none>

TIMING-16#73 Warning
Large setup violation  
There is a large setup violation of -3.007 ns between u_fir_wrap/u_fir_compiler/U0/i_synth/g_single_rate.i_single_rate/g_m_data_chan_no_fifo.m_axis_data_tdata_int_reg[0]/C (clocked by processing_clk) and u_peak_to_peak_detector/smallest_vpp_reg[0][7]/D (clocked by processing_clk). Large setup violations at the end of those stages might be difficult to fix during the post-placement implementation flow and could be the result of non-optimal XDC constraints or non-optimal design architecture
Related violations: <none>

TIMING-16#74 Warning
Large setup violation  
There is a large setup violation of -3.008 ns between u_fir_wrap/u_fir_compiler/U0/i_synth/g_single_rate.i_single_rate/g_m_data_chan_no_fifo.m_axis_data_tdata_int_reg[0]/C (clocked by processing_clk) and u_peak_to_peak_detector/smallest_vpp_reg[0][4]/D (clocked by processing_clk). Large setup violations at the end of those stages might be difficult to fix during the post-placement implementation flow and could be the result of non-optimal XDC constraints or non-optimal design architecture
Related violations: <none>

TIMING-16#75 Warning
Large setup violation  
There is a large setup violation of -3.010 ns between u_fir_wrap/u_fir_compiler/U0/i_synth/g_single_rate.i_single_rate/g_m_data_chan_no_fifo.m_axis_data_tdata_int_reg[0]/C (clocked by processing_clk) and u_mean_square_calculator/square_sum_reg[11]/D (clocked by processing_clk). Large setup violations at the end of those stages might be difficult to fix during the post-placement implementation flow and could be the result of non-optimal XDC constraints or non-optimal design architecture
Related violations: <none>

TIMING-16#76 Warning
Large setup violation  
There is a large setup violation of -3.014 ns between u_fir_wrap/u_fir_compiler/U0/i_synth/g_single_rate.i_single_rate/g_m_data_chan_no_fifo.m_axis_data_tdata_int_reg[0]/C (clocked by processing_clk) and u_peak_to_peak_detector/largest_vpp_reg[0][15]/D (clocked by processing_clk). Large setup violations at the end of those stages might be difficult to fix during the post-placement implementation flow and could be the result of non-optimal XDC constraints or non-optimal design architecture
Related violations: <none>

TIMING-16#77 Warning
Large setup violation  
There is a large setup violation of -3.024 ns between u_fir_wrap/u_fir_compiler/U0/i_synth/g_single_rate.i_single_rate/g_m_data_chan_no_fifo.m_axis_data_tdata_int_reg[0]/C (clocked by processing_clk) and u_peak_to_peak_detector/largest_vpp_reg[0][6]/D (clocked by processing_clk). Large setup violations at the end of those stages might be difficult to fix during the post-placement implementation flow and could be the result of non-optimal XDC constraints or non-optimal design architecture
Related violations: <none>

TIMING-16#78 Warning
Large setup violation  
There is a large setup violation of -3.027 ns between u_fir_wrap/u_fir_compiler/U0/i_synth/g_single_rate.i_single_rate/g_m_data_chan_no_fifo.m_axis_data_tdata_int_reg[0]/C (clocked by processing_clk) and u_mean_square_calculator/square_sum_reg[12]/D (clocked by processing_clk). Large setup violations at the end of those stages might be difficult to fix during the post-placement implementation flow and could be the result of non-optimal XDC constraints or non-optimal design architecture
Related violations: <none>

TIMING-16#79 Warning
Large setup violation  
There is a large setup violation of -3.059 ns between u_fir_wrap/u_fir_compiler/U0/i_synth/g_single_rate.i_single_rate/g_m_data_chan_no_fifo.m_axis_data_tdata_int_reg[0]/C (clocked by processing_clk) and u_peak_to_peak_detector/largest_vpp_reg[0][9]/D (clocked by processing_clk). Large setup violations at the end of those stages might be difficult to fix during the post-placement implementation flow and could be the result of non-optimal XDC constraints or non-optimal design architecture
Related violations: <none>

TIMING-16#80 Warning
Large setup violation  
There is a large setup violation of -3.072 ns between u_fir_wrap/u_fir_compiler/U0/i_synth/g_single_rate.i_single_rate/g_m_data_chan_no_fifo.m_axis_data_tdata_int_reg[0]/C (clocked by processing_clk) and u_mean_square_calculator/square_sum_reg[14]/D (clocked by processing_clk). Large setup violations at the end of those stages might be difficult to fix during the post-placement implementation flow and could be the result of non-optimal XDC constraints or non-optimal design architecture
Related violations: <none>

TIMING-16#81 Warning
Large setup violation  
There is a large setup violation of -3.100 ns between u_fir_wrap/u_fir_compiler/U0/i_synth/g_single_rate.i_single_rate/g_m_data_chan_no_fifo.m_axis_data_tdata_int_reg[0]/C (clocked by processing_clk) and u_peak_to_peak_detector/largest_vpp_reg[0][10]/D (clocked by processing_clk). Large setup violations at the end of those stages might be difficult to fix during the post-placement implementation flow and could be the result of non-optimal XDC constraints or non-optimal design architecture
Related violations: <none>

TIMING-16#82 Warning
Large setup violation  
There is a large setup violation of -3.106 ns between u_fir_wrap/u_fir_compiler/U0/i_synth/g_single_rate.i_single_rate/g_m_data_chan_no_fifo.m_axis_data_tdata_int_reg[0]/C (clocked by processing_clk) and u_mean_square_calculator/square_sum_reg[13]/D (clocked by processing_clk). Large setup violations at the end of those stages might be difficult to fix during the post-placement implementation flow and could be the result of non-optimal XDC constraints or non-optimal design architecture
Related violations: <none>

TIMING-16#83 Warning
Large setup violation  
There is a large setup violation of -3.106 ns between u_fir_wrap/u_fir_compiler/U0/i_synth/g_single_rate.i_single_rate/g_m_data_chan_no_fifo.m_axis_data_tdata_int_reg[0]/C (clocked by processing_clk) and u_peak_to_peak_detector/smallest_vpp_reg[0][13]/D (clocked by processing_clk). Large setup violations at the end of those stages might be difficult to fix during the post-placement implementation flow and could be the result of non-optimal XDC constraints or non-optimal design architecture
Related violations: <none>

TIMING-16#84 Warning
Large setup violation  
There is a large setup violation of -3.110 ns between u_fir_wrap/u_fir_compiler/U0/i_synth/g_single_rate.i_single_rate/g_m_data_chan_no_fifo.m_axis_data_tdata_int_reg[0]/C (clocked by processing_clk) and u_peak_to_peak_detector/largest_vpp_reg[0][3]/D (clocked by processing_clk). Large setup violations at the end of those stages might be difficult to fix during the post-placement implementation flow and could be the result of non-optimal XDC constraints or non-optimal design architecture
Related violations: <none>

TIMING-16#85 Warning
Large setup violation  
There is a large setup violation of -3.123 ns between u_fir_wrap/u_fir_compiler/U0/i_synth/g_single_rate.i_single_rate/g_m_data_chan_no_fifo.m_axis_data_tdata_int_reg[0]/C (clocked by processing_clk) and u_peak_to_peak_detector/smallest_vpp_reg[0][3]/D (clocked by processing_clk). Large setup violations at the end of those stages might be difficult to fix during the post-placement implementation flow and could be the result of non-optimal XDC constraints or non-optimal design architecture
Related violations: <none>

TIMING-16#86 Warning
Large setup violation  
There is a large setup violation of -3.134 ns between u_fir_wrap/u_fir_compiler/U0/i_synth/g_single_rate.i_single_rate/g_m_data_chan_no_fifo.m_axis_data_tdata_int_reg[0]/C (clocked by processing_clk) and u_peak_to_peak_detector/largest_vpp_reg[0][2]/D (clocked by processing_clk). Large setup violations at the end of those stages might be difficult to fix during the post-placement implementation flow and could be the result of non-optimal XDC constraints or non-optimal design architecture
Related violations: <none>

TIMING-16#87 Warning
Large setup violation  
There is a large setup violation of -3.134 ns between u_fir_wrap/u_fir_compiler/U0/i_synth/g_single_rate.i_single_rate/g_m_data_chan_no_fifo.m_axis_data_tdata_int_reg[0]/C (clocked by processing_clk) and u_peak_to_peak_detector/smallest_vpp_reg[0][1]/D (clocked by processing_clk). Large setup violations at the end of those stages might be difficult to fix during the post-placement implementation flow and could be the result of non-optimal XDC constraints or non-optimal design architecture
Related violations: <none>

TIMING-16#88 Warning
Large setup violation  
There is a large setup violation of -3.135 ns between u_fir_wrap/u_fir_compiler/U0/i_synth/g_single_rate.i_single_rate/g_m_data_chan_no_fifo.m_axis_data_tdata_int_reg[0]/C (clocked by processing_clk) and u_mean_square_calculator/square_sum_reg[15]/D (clocked by processing_clk). Large setup violations at the end of those stages might be difficult to fix during the post-placement implementation flow and could be the result of non-optimal XDC constraints or non-optimal design architecture
Related violations: <none>

TIMING-16#89 Warning
Large setup violation  
There is a large setup violation of -3.137 ns between u_fir_wrap/u_fir_compiler/U0/i_synth/g_single_rate.i_single_rate/g_m_data_chan_no_fifo.m_axis_data_tdata_int_reg[0]/C (clocked by processing_clk) and u_peak_to_peak_detector/smallest_vpp_reg[0][15]/D (clocked by processing_clk). Large setup violations at the end of those stages might be difficult to fix during the post-placement implementation flow and could be the result of non-optimal XDC constraints or non-optimal design architecture
Related violations: <none>

TIMING-16#90 Warning
Large setup violation  
There is a large setup violation of -3.144 ns between u_fir_wrap/u_fir_compiler/U0/i_synth/g_single_rate.i_single_rate/g_m_data_chan_no_fifo.m_axis_data_tdata_int_reg[0]/C (clocked by processing_clk) and u_peak_to_peak_detector/largest_vpp_reg[0][14]/D (clocked by processing_clk). Large setup violations at the end of those stages might be difficult to fix during the post-placement implementation flow and could be the result of non-optimal XDC constraints or non-optimal design architecture
Related violations: <none>

TIMING-16#91 Warning
Large setup violation  
There is a large setup violation of -3.147 ns between u_fir_wrap/u_fir_compiler/U0/i_synth/g_single_rate.i_single_rate/g_m_data_chan_no_fifo.m_axis_data_tdata_int_reg[0]/C (clocked by processing_clk) and u_mean_square_calculator/square_sum_reg[16]/D (clocked by processing_clk). Large setup violations at the end of those stages might be difficult to fix during the post-placement implementation flow and could be the result of non-optimal XDC constraints or non-optimal design architecture
Related violations: <none>

TIMING-16#92 Warning
Large setup violation  
There is a large setup violation of -3.149 ns between u_fir_wrap/u_fir_compiler/U0/i_synth/g_single_rate.i_single_rate/g_m_data_chan_no_fifo.m_axis_data_tdata_int_reg[0]/C (clocked by processing_clk) and u_peak_to_peak_detector/smallest_vpp_reg[0][12]/D (clocked by processing_clk). Large setup violations at the end of those stages might be difficult to fix during the post-placement implementation flow and could be the result of non-optimal XDC constraints or non-optimal design architecture
Related violations: <none>

TIMING-16#93 Warning
Large setup violation  
There is a large setup violation of -3.155 ns between u_fir_wrap/u_fir_compiler/U0/i_synth/g_single_rate.i_single_rate/g_m_data_chan_no_fifo.m_axis_data_tdata_int_reg[0]/C (clocked by processing_clk) and u_peak_to_peak_detector/largest_vpp_reg[0][13]/D (clocked by processing_clk). Large setup violations at the end of those stages might be difficult to fix during the post-placement implementation flow and could be the result of non-optimal XDC constraints or non-optimal design architecture
Related violations: <none>

TIMING-16#94 Warning
Large setup violation  
There is a large setup violation of -3.172 ns between u_fir_wrap/u_fir_compiler/U0/i_synth/g_single_rate.i_single_rate/g_m_data_chan_no_fifo.m_axis_data_tdata_int_reg[0]/C (clocked by processing_clk) and u_mean_square_calculator/square_sum_reg[18]/D (clocked by processing_clk). Large setup violations at the end of those stages might be difficult to fix during the post-placement implementation flow and could be the result of non-optimal XDC constraints or non-optimal design architecture
Related violations: <none>

TIMING-16#95 Warning
Large setup violation  
There is a large setup violation of -3.227 ns between u_fir_wrap/u_fir_compiler/U0/i_synth/g_single_rate.i_single_rate/g_m_data_chan_no_fifo.m_axis_data_tdata_int_reg[0]/C (clocked by processing_clk) and u_mean_square_calculator/square_sum_reg[17]/D (clocked by processing_clk). Large setup violations at the end of those stages might be difficult to fix during the post-placement implementation flow and could be the result of non-optimal XDC constraints or non-optimal design architecture
Related violations: <none>

TIMING-16#96 Warning
Large setup violation  
There is a large setup violation of -3.235 ns between u_fir_wrap/u_fir_compiler/U0/i_synth/g_single_rate.i_single_rate/g_m_data_chan_no_fifo.m_axis_data_tdata_int_reg[0]/C (clocked by processing_clk) and u_mean_square_calculator/square_sum_reg[19]/D (clocked by processing_clk). Large setup violations at the end of those stages might be difficult to fix during the post-placement implementation flow and could be the result of non-optimal XDC constraints or non-optimal design architecture
Related violations: <none>

TIMING-16#97 Warning
Large setup violation  
There is a large setup violation of -3.246 ns between u_fir_wrap/u_fir_compiler/U0/i_synth/g_single_rate.i_single_rate/g_m_data_chan_no_fifo.m_axis_data_tdata_int_reg[0]/C (clocked by processing_clk) and u_peak_to_peak_detector/largest_vpp_reg[0][12]/D (clocked by processing_clk). Large setup violations at the end of those stages might be difficult to fix during the post-placement implementation flow and could be the result of non-optimal XDC constraints or non-optimal design architecture
Related violations: <none>

TIMING-16#98 Warning
Large setup violation  
There is a large setup violation of -3.248 ns between u_fir_wrap/u_fir_compiler/U0/i_synth/g_single_rate.i_single_rate/g_m_data_chan_no_fifo.m_axis_data_tdata_int_reg[0]/C (clocked by processing_clk) and u_mean_square_calculator/square_sum_reg[20]/D (clocked by processing_clk). Large setup violations at the end of those stages might be difficult to fix during the post-placement implementation flow and could be the result of non-optimal XDC constraints or non-optimal design architecture
Related violations: <none>

TIMING-16#99 Warning
Large setup violation  
There is a large setup violation of -3.258 ns between u_fir_wrap/u_fir_compiler/U0/i_synth/g_single_rate.i_single_rate/g_m_data_chan_no_fifo.m_axis_data_tdata_int_reg[0]/C (clocked by processing_clk) and u_peak_to_peak_detector/smallest_vpp_reg[0][10]/D (clocked by processing_clk). Large setup violations at the end of those stages might be difficult to fix during the post-placement implementation flow and could be the result of non-optimal XDC constraints or non-optimal design architecture
Related violations: <none>

TIMING-16#100 Warning
Large setup violation  
There is a large setup violation of -3.269 ns between u_fir_wrap/u_fir_compiler/U0/i_synth/g_single_rate.i_single_rate/g_m_data_chan_no_fifo.m_axis_data_tdata_int_reg[0]/C (clocked by processing_clk) and u_peak_to_peak_detector/largest_vpp_reg[0][8]/D (clocked by processing_clk). Large setup violations at the end of those stages might be difficult to fix during the post-placement implementation flow and could be the result of non-optimal XDC constraints or non-optimal design architecture
Related violations: <none>

TIMING-16#101 Warning
Large setup violation  
There is a large setup violation of -3.273 ns between u_fir_wrap/u_fir_compiler/U0/i_synth/g_single_rate.i_single_rate/g_m_data_chan_no_fifo.m_axis_data_tdata_int_reg[0]/C (clocked by processing_clk) and u_mean_square_calculator/square_sum_reg[22]/D (clocked by processing_clk). Large setup violations at the end of those stages might be difficult to fix during the post-placement implementation flow and could be the result of non-optimal XDC constraints or non-optimal design architecture
Related violations: <none>

TIMING-16#102 Warning
Large setup violation  
There is a large setup violation of -3.292 ns between u_fir_wrap/u_fir_compiler/U0/i_synth/g_single_rate.i_single_rate/g_m_data_chan_no_fifo.m_axis_data_tdata_int_reg[0]/C (clocked by processing_clk) and u_peak_to_peak_detector/smallest_vpp_reg[0][6]/D (clocked by processing_clk). Large setup violations at the end of those stages might be difficult to fix during the post-placement implementation flow and could be the result of non-optimal XDC constraints or non-optimal design architecture
Related violations: <none>

TIMING-16#103 Warning
Large setup violation  
There is a large setup violation of -3.298 ns between u_fir_wrap/u_fir_compiler/U0/i_synth/g_single_rate.i_single_rate/g_m_data_chan_no_fifo.m_axis_data_tdata_int_reg[0]/C (clocked by processing_clk) and u_peak_to_peak_detector/largest_vpp_reg[0][11]/D (clocked by processing_clk). Large setup violations at the end of those stages might be difficult to fix during the post-placement implementation flow and could be the result of non-optimal XDC constraints or non-optimal design architecture
Related violations: <none>

TIMING-16#104 Warning
Large setup violation  
There is a large setup violation of -3.328 ns between u_fir_wrap/u_fir_compiler/U0/i_synth/g_single_rate.i_single_rate/g_m_data_chan_no_fifo.m_axis_data_tdata_int_reg[0]/C (clocked by processing_clk) and u_mean_square_calculator/square_sum_reg[21]/D (clocked by processing_clk). Large setup violations at the end of those stages might be difficult to fix during the post-placement implementation flow and could be the result of non-optimal XDC constraints or non-optimal design architecture
Related violations: <none>

TIMING-16#105 Warning
Large setup violation  
There is a large setup violation of -3.336 ns between u_fir_wrap/u_fir_compiler/U0/i_synth/g_single_rate.i_single_rate/g_m_data_chan_no_fifo.m_axis_data_tdata_int_reg[0]/C (clocked by processing_clk) and u_mean_square_calculator/square_sum_reg[23]/D (clocked by processing_clk). Large setup violations at the end of those stages might be difficult to fix during the post-placement implementation flow and could be the result of non-optimal XDC constraints or non-optimal design architecture
Related violations: <none>

TIMING-16#106 Warning
Large setup violation  
There is a large setup violation of -3.349 ns between u_fir_wrap/u_fir_compiler/U0/i_synth/g_single_rate.i_single_rate/g_m_data_chan_no_fifo.m_axis_data_tdata_int_reg[0]/C (clocked by processing_clk) and u_mean_square_calculator/square_sum_reg[24]/D (clocked by processing_clk). Large setup violations at the end of those stages might be difficult to fix during the post-placement implementation flow and could be the result of non-optimal XDC constraints or non-optimal design architecture
Related violations: <none>

TIMING-16#107 Warning
Large setup violation  
There is a large setup violation of -3.374 ns between u_fir_wrap/u_fir_compiler/U0/i_synth/g_single_rate.i_single_rate/g_m_data_chan_no_fifo.m_axis_data_tdata_int_reg[0]/C (clocked by processing_clk) and u_mean_square_calculator/square_sum_reg[26]/D (clocked by processing_clk). Large setup violations at the end of those stages might be difficult to fix during the post-placement implementation flow and could be the result of non-optimal XDC constraints or non-optimal design architecture
Related violations: <none>

TIMING-16#108 Warning
Large setup violation  
There is a large setup violation of -3.429 ns between u_fir_wrap/u_fir_compiler/U0/i_synth/g_single_rate.i_single_rate/g_m_data_chan_no_fifo.m_axis_data_tdata_int_reg[0]/C (clocked by processing_clk) and u_mean_square_calculator/square_sum_reg[25]/D (clocked by processing_clk). Large setup violations at the end of those stages might be difficult to fix during the post-placement implementation flow and could be the result of non-optimal XDC constraints or non-optimal design architecture
Related violations: <none>

TIMING-16#109 Warning
Large setup violation  
There is a large setup violation of -3.437 ns between u_fir_wrap/u_fir_compiler/U0/i_synth/g_single_rate.i_single_rate/g_m_data_chan_no_fifo.m_axis_data_tdata_int_reg[0]/C (clocked by processing_clk) and u_mean_square_calculator/square_sum_reg[27]/D (clocked by processing_clk). Large setup violations at the end of those stages might be difficult to fix during the post-placement implementation flow and could be the result of non-optimal XDC constraints or non-optimal design architecture
Related violations: <none>

TIMING-16#110 Warning
Large setup violation  
There is a large setup violation of -3.449 ns between u_fir_wrap/u_fir_compiler/U0/i_synth/g_single_rate.i_single_rate/g_m_data_chan_no_fifo.m_axis_data_tdata_int_reg[0]/C (clocked by processing_clk) and u_mean_square_calculator/square_sum_reg[28]/D (clocked by processing_clk). Large setup violations at the end of those stages might be difficult to fix during the post-placement implementation flow and could be the result of non-optimal XDC constraints or non-optimal design architecture
Related violations: <none>

TIMING-16#111 Warning
Large setup violation  
There is a large setup violation of -3.474 ns between u_fir_wrap/u_fir_compiler/U0/i_synth/g_single_rate.i_single_rate/g_m_data_chan_no_fifo.m_axis_data_tdata_int_reg[0]/C (clocked by processing_clk) and u_mean_square_calculator/square_sum_reg[30]/D (clocked by processing_clk). Large setup violations at the end of those stages might be difficult to fix during the post-placement implementation flow and could be the result of non-optimal XDC constraints or non-optimal design architecture
Related violations: <none>

TIMING-16#112 Warning
Large setup violation  
There is a large setup violation of -3.529 ns between u_fir_wrap/u_fir_compiler/U0/i_synth/g_single_rate.i_single_rate/g_m_data_chan_no_fifo.m_axis_data_tdata_int_reg[0]/C (clocked by processing_clk) and u_mean_square_calculator/square_sum_reg[29]/D (clocked by processing_clk). Large setup violations at the end of those stages might be difficult to fix during the post-placement implementation flow and could be the result of non-optimal XDC constraints or non-optimal design architecture
Related violations: <none>

TIMING-16#113 Warning
Large setup violation  
There is a large setup violation of -3.537 ns between u_fir_wrap/u_fir_compiler/U0/i_synth/g_single_rate.i_single_rate/g_m_data_chan_no_fifo.m_axis_data_tdata_int_reg[0]/C (clocked by processing_clk) and u_mean_square_calculator/square_sum_reg[31]/D (clocked by processing_clk). Large setup violations at the end of those stages might be difficult to fix during the post-placement implementation flow and could be the result of non-optimal XDC constraints or non-optimal design architecture
Related violations: <none>

TIMING-16#114 Warning
Large setup violation  
There is a large setup violation of -3.550 ns between u_fir_wrap/u_fir_compiler/U0/i_synth/g_single_rate.i_single_rate/g_m_data_chan_no_fifo.m_axis_data_tdata_int_reg[0]/C (clocked by processing_clk) and u_mean_square_calculator/square_sum_reg[32]/D (clocked by processing_clk). Large setup violations at the end of those stages might be difficult to fix during the post-placement implementation flow and could be the result of non-optimal XDC constraints or non-optimal design architecture
Related violations: <none>

TIMING-16#115 Warning
Large setup violation  
There is a large setup violation of -3.575 ns between u_fir_wrap/u_fir_compiler/U0/i_synth/g_single_rate.i_single_rate/g_m_data_chan_no_fifo.m_axis_data_tdata_int_reg[0]/C (clocked by processing_clk) and u_mean_square_calculator/square_sum_reg[34]/D (clocked by processing_clk). Large setup violations at the end of those stages might be difficult to fix during the post-placement implementation flow and could be the result of non-optimal XDC constraints or non-optimal design architecture
Related violations: <none>

TIMING-16#116 Warning
Large setup violation  
There is a large setup violation of -3.630 ns between u_fir_wrap/u_fir_compiler/U0/i_synth/g_single_rate.i_single_rate/g_m_data_chan_no_fifo.m_axis_data_tdata_int_reg[0]/C (clocked by processing_clk) and u_mean_square_calculator/square_sum_reg[33]/D (clocked by processing_clk). Large setup violations at the end of those stages might be difficult to fix during the post-placement implementation flow and could be the result of non-optimal XDC constraints or non-optimal design architecture
Related violations: <none>

TIMING-16#117 Warning
Large setup violation  
There is a large setup violation of -3.638 ns between u_fir_wrap/u_fir_compiler/U0/i_synth/g_single_rate.i_single_rate/g_m_data_chan_no_fifo.m_axis_data_tdata_int_reg[0]/C (clocked by processing_clk) and u_mean_square_calculator/square_sum_reg[35]/D (clocked by processing_clk). Large setup violations at the end of those stages might be difficult to fix during the post-placement implementation flow and could be the result of non-optimal XDC constraints or non-optimal design architecture
Related violations: <none>

TIMING-16#118 Warning
Large setup violation  
There is a large setup violation of -3.651 ns between u_fir_wrap/u_fir_compiler/U0/i_synth/g_single_rate.i_single_rate/g_m_data_chan_no_fifo.m_axis_data_tdata_int_reg[0]/C (clocked by processing_clk) and u_mean_square_calculator/square_sum_reg[36]/D (clocked by processing_clk). Large setup violations at the end of those stages might be difficult to fix during the post-placement implementation flow and could be the result of non-optimal XDC constraints or non-optimal design architecture
Related violations: <none>

TIMING-16#119 Warning
Large setup violation  
There is a large setup violation of -3.676 ns between u_fir_wrap/u_fir_compiler/U0/i_synth/g_single_rate.i_single_rate/g_m_data_chan_no_fifo.m_axis_data_tdata_int_reg[0]/C (clocked by processing_clk) and u_mean_square_calculator/square_sum_reg[38]/D (clocked by processing_clk). Large setup violations at the end of those stages might be difficult to fix during the post-placement implementation flow and could be the result of non-optimal XDC constraints or non-optimal design architecture
Related violations: <none>

TIMING-16#120 Warning
Large setup violation  
There is a large setup violation of -3.731 ns between u_fir_wrap/u_fir_compiler/U0/i_synth/g_single_rate.i_single_rate/g_m_data_chan_no_fifo.m_axis_data_tdata_int_reg[0]/C (clocked by processing_clk) and u_mean_square_calculator/square_sum_reg[37]/D (clocked by processing_clk). Large setup violations at the end of those stages might be difficult to fix during the post-placement implementation flow and could be the result of non-optimal XDC constraints or non-optimal design architecture
Related violations: <none>

TIMING-16#121 Warning
Large setup violation  
There is a large setup violation of -3.739 ns between u_fir_wrap/u_fir_compiler/U0/i_synth/g_single_rate.i_single_rate/g_m_data_chan_no_fifo.m_axis_data_tdata_int_reg[0]/C (clocked by processing_clk) and u_mean_square_calculator/square_sum_reg[39]/D (clocked by processing_clk). Large setup violations at the end of those stages might be difficult to fix during the post-placement implementation flow and could be the result of non-optimal XDC constraints or non-optimal design architecture
Related violations: <none>

TIMING-16#122 Warning
Large setup violation  
There is a large setup violation of -3.752 ns between u_fir_wrap/u_fir_compiler/U0/i_synth/g_single_rate.i_single_rate/g_m_data_chan_no_fifo.m_axis_data_tdata_int_reg[0]/C (clocked by processing_clk) and u_mean_square_calculator/square_sum_reg[40]/D (clocked by processing_clk). Large setup violations at the end of those stages might be difficult to fix during the post-placement implementation flow and could be the result of non-optimal XDC constraints or non-optimal design architecture
Related violations: <none>

TIMING-16#123 Warning
Large setup violation  
There is a large setup violation of -3.777 ns between u_fir_wrap/u_fir_compiler/U0/i_synth/g_single_rate.i_single_rate/g_m_data_chan_no_fifo.m_axis_data_tdata_int_reg[0]/C (clocked by processing_clk) and u_mean_square_calculator/square_sum_reg[42]/D (clocked by processing_clk). Large setup violations at the end of those stages might be difficult to fix during the post-placement implementation flow and could be the result of non-optimal XDC constraints or non-optimal design architecture
Related violations: <none>

TIMING-16#124 Warning
Large setup violation  
There is a large setup violation of -3.832 ns between u_fir_wrap/u_fir_compiler/U0/i_synth/g_single_rate.i_single_rate/g_m_data_chan_no_fifo.m_axis_data_tdata_int_reg[0]/C (clocked by processing_clk) and u_mean_square_calculator/square_sum_reg[41]/D (clocked by processing_clk). Large setup violations at the end of those stages might be difficult to fix during the post-placement implementation flow and could be the result of non-optimal XDC constraints or non-optimal design architecture
Related violations: <none>

TIMING-16#125 Warning
Large setup violation  
There is a large setup violation of -3.840 ns between u_fir_wrap/u_fir_compiler/U0/i_synth/g_single_rate.i_single_rate/g_m_data_chan_no_fifo.m_axis_data_tdata_int_reg[0]/C (clocked by processing_clk) and u_mean_square_calculator/square_sum_reg[43]/D (clocked by processing_clk). Large setup violations at the end of those stages might be difficult to fix during the post-placement implementation flow and could be the result of non-optimal XDC constraints or non-optimal design architecture
Related violations: <none>

TIMING-16#126 Warning
Large setup violation  
There is a large setup violation of -3.852 ns between u_fir_wrap/u_fir_compiler/U0/i_synth/g_single_rate.i_single_rate/g_m_data_chan_no_fifo.m_axis_data_tdata_int_reg[0]/C (clocked by processing_clk) and u_mean_square_calculator/square_sum_reg[44]/D (clocked by processing_clk). Large setup violations at the end of those stages might be difficult to fix during the post-placement implementation flow and could be the result of non-optimal XDC constraints or non-optimal design architecture
Related violations: <none>

TIMING-16#127 Warning
Large setup violation  
There is a large setup violation of -3.877 ns between u_fir_wrap/u_fir_compiler/U0/i_synth/g_single_rate.i_single_rate/g_m_data_chan_no_fifo.m_axis_data_tdata_int_reg[0]/C (clocked by processing_clk) and u_mean_square_calculator/square_sum_reg[46]/D (clocked by processing_clk). Large setup violations at the end of those stages might be difficult to fix during the post-placement implementation flow and could be the result of non-optimal XDC constraints or non-optimal design architecture
Related violations: <none>

TIMING-16#128 Warning
Large setup violation  
There is a large setup violation of -3.932 ns between u_fir_wrap/u_fir_compiler/U0/i_synth/g_single_rate.i_single_rate/g_m_data_chan_no_fifo.m_axis_data_tdata_int_reg[0]/C (clocked by processing_clk) and u_mean_square_calculator/square_sum_reg[45]/D (clocked by processing_clk). Large setup violations at the end of those stages might be difficult to fix during the post-placement implementation flow and could be the result of non-optimal XDC constraints or non-optimal design architecture
Related violations: <none>

TIMING-16#129 Warning
Large setup violation  
There is a large setup violation of -3.940 ns between u_fir_wrap/u_fir_compiler/U0/i_synth/g_single_rate.i_single_rate/g_m_data_chan_no_fifo.m_axis_data_tdata_int_reg[0]/C (clocked by processing_clk) and u_mean_square_calculator/square_sum_reg[47]/D (clocked by processing_clk). Large setup violations at the end of those stages might be difficult to fix during the post-placement implementation flow and could be the result of non-optimal XDC constraints or non-optimal design architecture
Related violations: <none>

TIMING-16#130 Warning
Large setup violation  
There is a large setup violation of -4.356 ns between u_fir_wrap/u_fir_compiler/U0/i_synth/g_single_rate.i_single_rate/g_m_data_chan_no_fifo.m_axis_data_tdata_int_reg[0]/C (clocked by processing_clk) and u_mean_square_calculator/mean_square_out_reg[0]/D (clocked by processing_clk). Large setup violations at the end of those stages might be difficult to fix during the post-placement implementation flow and could be the result of non-optimal XDC constraints or non-optimal design architecture
Related violations: <none>

TIMING-16#131 Warning
Large setup violation  
There is a large setup violation of -4.405 ns between u_fir_wrap/u_fir_compiler/U0/i_synth/g_single_rate.i_single_rate/g_m_data_chan_no_fifo.m_axis_data_tdata_int_reg[0]/C (clocked by processing_clk) and u_mean_square_calculator/mean_square_out_reg[1]/D (clocked by processing_clk). Large setup violations at the end of those stages might be difficult to fix during the post-placement implementation flow and could be the result of non-optimal XDC constraints or non-optimal design architecture
Related violations: <none>

TIMING-16#132 Warning
Large setup violation  
There is a large setup violation of -4.513 ns between u_fir_wrap/u_fir_compiler/U0/i_synth/g_single_rate.i_single_rate/g_m_data_chan_no_fifo.m_axis_data_tdata_int_reg[0]/C (clocked by processing_clk) and u_mean_square_calculator/mean_square_out_reg[2]/D (clocked by processing_clk). Large setup violations at the end of those stages might be difficult to fix during the post-placement implementation flow and could be the result of non-optimal XDC constraints or non-optimal design architecture
Related violations: <none>

TIMING-16#133 Warning
Large setup violation  
There is a large setup violation of -4.532 ns between u_fir_wrap/u_fir_compiler/U0/i_synth/g_single_rate.i_single_rate/g_m_data_chan_no_fifo.m_axis_data_tdata_int_reg[0]/C (clocked by processing_clk) and u_mean_square_calculator/mean_square_out_reg[4]/D (clocked by processing_clk). Large setup violations at the end of those stages might be difficult to fix during the post-placement implementation flow and could be the result of non-optimal XDC constraints or non-optimal design architecture
Related violations: <none>

TIMING-16#134 Warning
Large setup violation  
There is a large setup violation of -4.592 ns between u_fir_wrap/u_fir_compiler/U0/i_synth/g_single_rate.i_single_rate/g_m_data_chan_no_fifo.m_axis_data_tdata_int_reg[0]/C (clocked by processing_clk) and u_mean_square_calculator/mean_square_out_reg[5]/D (clocked by processing_clk). Large setup violations at the end of those stages might be difficult to fix during the post-placement implementation flow and could be the result of non-optimal XDC constraints or non-optimal design architecture
Related violations: <none>

TIMING-16#135 Warning
Large setup violation  
There is a large setup violation of -4.597 ns between u_fir_wrap/u_fir_compiler/U0/i_synth/g_single_rate.i_single_rate/g_m_data_chan_no_fifo.m_axis_data_tdata_int_reg[0]/C (clocked by processing_clk) and u_mean_square_calculator/mean_square_out_reg[3]/D (clocked by processing_clk). Large setup violations at the end of those stages might be difficult to fix during the post-placement implementation flow and could be the result of non-optimal XDC constraints or non-optimal design architecture
Related violations: <none>

TIMING-16#136 Warning
Large setup violation  
There is a large setup violation of -4.613 ns between u_fir_wrap/u_fir_compiler/U0/i_synth/g_single_rate.i_single_rate/g_m_data_chan_no_fifo.m_axis_data_tdata_int_reg[0]/C (clocked by processing_clk) and u_mean_square_calculator/mean_square_out_reg[6]/D (clocked by processing_clk). Large setup violations at the end of those stages might be difficult to fix during the post-placement implementation flow and could be the result of non-optimal XDC constraints or non-optimal design architecture
Related violations: <none>

TIMING-16#137 Warning
Large setup violation  
There is a large setup violation of -4.632 ns between u_fir_wrap/u_fir_compiler/U0/i_synth/g_single_rate.i_single_rate/g_m_data_chan_no_fifo.m_axis_data_tdata_int_reg[0]/C (clocked by processing_clk) and u_mean_square_calculator/mean_square_out_reg[8]/D (clocked by processing_clk). Large setup violations at the end of those stages might be difficult to fix during the post-placement implementation flow and could be the result of non-optimal XDC constraints or non-optimal design architecture
Related violations: <none>

TIMING-16#138 Warning
Large setup violation  
There is a large setup violation of -4.692 ns between u_fir_wrap/u_fir_compiler/U0/i_synth/g_single_rate.i_single_rate/g_m_data_chan_no_fifo.m_axis_data_tdata_int_reg[0]/C (clocked by processing_clk) and u_mean_square_calculator/mean_square_out_reg[9]/D (clocked by processing_clk). Large setup violations at the end of those stages might be difficult to fix during the post-placement implementation flow and could be the result of non-optimal XDC constraints or non-optimal design architecture
Related violations: <none>

TIMING-16#139 Warning
Large setup violation  
There is a large setup violation of -4.697 ns between u_fir_wrap/u_fir_compiler/U0/i_synth/g_single_rate.i_single_rate/g_m_data_chan_no_fifo.m_axis_data_tdata_int_reg[0]/C (clocked by processing_clk) and u_mean_square_calculator/mean_square_out_reg[7]/D (clocked by processing_clk). Large setup violations at the end of those stages might be difficult to fix during the post-placement implementation flow and could be the result of non-optimal XDC constraints or non-optimal design architecture
Related violations: <none>

TIMING-16#140 Warning
Large setup violation  
There is a large setup violation of -4.714 ns between u_fir_wrap/u_fir_compiler/U0/i_synth/g_single_rate.i_single_rate/g_m_data_chan_no_fifo.m_axis_data_tdata_int_reg[0]/C (clocked by processing_clk) and u_mean_square_calculator/mean_square_out_reg[10]/D (clocked by processing_clk). Large setup violations at the end of those stages might be difficult to fix during the post-placement implementation flow and could be the result of non-optimal XDC constraints or non-optimal design architecture
Related violations: <none>

TIMING-16#141 Warning
Large setup violation  
There is a large setup violation of -4.733 ns between u_fir_wrap/u_fir_compiler/U0/i_synth/g_single_rate.i_single_rate/g_m_data_chan_no_fifo.m_axis_data_tdata_int_reg[0]/C (clocked by processing_clk) and u_mean_square_calculator/mean_square_out_reg[12]/D (clocked by processing_clk). Large setup violations at the end of those stages might be difficult to fix during the post-placement implementation flow and could be the result of non-optimal XDC constraints or non-optimal design architecture
Related violations: <none>

TIMING-16#142 Warning
Large setup violation  
There is a large setup violation of -4.793 ns between u_fir_wrap/u_fir_compiler/U0/i_synth/g_single_rate.i_single_rate/g_m_data_chan_no_fifo.m_axis_data_tdata_int_reg[0]/C (clocked by processing_clk) and u_mean_square_calculator/mean_square_out_reg[13]/D (clocked by processing_clk). Large setup violations at the end of those stages might be difficult to fix during the post-placement implementation flow and could be the result of non-optimal XDC constraints or non-optimal design architecture
Related violations: <none>

TIMING-16#143 Warning
Large setup violation  
There is a large setup violation of -4.798 ns between u_fir_wrap/u_fir_compiler/U0/i_synth/g_single_rate.i_single_rate/g_m_data_chan_no_fifo.m_axis_data_tdata_int_reg[0]/C (clocked by processing_clk) and u_mean_square_calculator/mean_square_out_reg[11]/D (clocked by processing_clk). Large setup violations at the end of those stages might be difficult to fix during the post-placement implementation flow and could be the result of non-optimal XDC constraints or non-optimal design architecture
Related violations: <none>

TIMING-16#144 Warning
Large setup violation  
There is a large setup violation of -4.827 ns between u_fir_wrap/u_fir_compiler/U0/i_synth/g_single_rate.i_single_rate/g_m_data_chan_no_fifo.m_axis_data_tdata_int_reg[0]/C (clocked by processing_clk) and u_mean_square_calculator/mean_square_out_reg[14]/D (clocked by processing_clk). Large setup violations at the end of those stages might be difficult to fix during the post-placement implementation flow and could be the result of non-optimal XDC constraints or non-optimal design architecture
Related violations: <none>

TIMING-16#145 Warning
Large setup violation  
There is a large setup violation of -4.846 ns between u_fir_wrap/u_fir_compiler/U0/i_synth/g_single_rate.i_single_rate/g_m_data_chan_no_fifo.m_axis_data_tdata_int_reg[0]/C (clocked by processing_clk) and u_mean_square_calculator/mean_square_out_reg[16]/D (clocked by processing_clk). Large setup violations at the end of those stages might be difficult to fix during the post-placement implementation flow and could be the result of non-optimal XDC constraints or non-optimal design architecture
Related violations: <none>

TIMING-16#146 Warning
Large setup violation  
There is a large setup violation of -4.898 ns between u_fir_wrap/u_fir_compiler/U0/i_synth/g_single_rate.i_single_rate/g_m_data_chan_no_fifo.m_axis_data_tdata_int_reg[0]/C (clocked by processing_clk) and u_mean_square_calculator/frame_fault_reg/D (clocked by processing_clk). Large setup violations at the end of those stages might be difficult to fix during the post-placement implementation flow and could be the result of non-optimal XDC constraints or non-optimal design architecture
Related violations: <none>

TIMING-16#147 Warning
Large setup violation  
There is a large setup violation of -4.906 ns between u_fir_wrap/u_fir_compiler/U0/i_synth/g_single_rate.i_single_rate/g_m_data_chan_no_fifo.m_axis_data_tdata_int_reg[0]/C (clocked by processing_clk) and u_mean_square_calculator/mean_square_out_reg[17]/D (clocked by processing_clk). Large setup violations at the end of those stages might be difficult to fix during the post-placement implementation flow and could be the result of non-optimal XDC constraints or non-optimal design architecture
Related violations: <none>

TIMING-16#148 Warning
Large setup violation  
There is a large setup violation of -4.911 ns between u_fir_wrap/u_fir_compiler/U0/i_synth/g_single_rate.i_single_rate/g_m_data_chan_no_fifo.m_axis_data_tdata_int_reg[0]/C (clocked by processing_clk) and u_mean_square_calculator/mean_square_out_reg[15]/D (clocked by processing_clk). Large setup violations at the end of those stages might be difficult to fix during the post-placement implementation flow and could be the result of non-optimal XDC constraints or non-optimal design architecture
Related violations: <none>

TIMING-16#149 Warning
Large setup violation  
There is a large setup violation of -4.927 ns between u_fir_wrap/u_fir_compiler/U0/i_synth/g_single_rate.i_single_rate/g_m_data_chan_no_fifo.m_axis_data_tdata_int_reg[0]/C (clocked by processing_clk) and u_mean_square_calculator/mean_square_out_reg[18]/D (clocked by processing_clk). Large setup violations at the end of those stages might be difficult to fix during the post-placement implementation flow and could be the result of non-optimal XDC constraints or non-optimal design architecture
Related violations: <none>

TIMING-16#150 Warning
Large setup violation  
There is a large setup violation of -4.946 ns between u_fir_wrap/u_fir_compiler/U0/i_synth/g_single_rate.i_single_rate/g_m_data_chan_no_fifo.m_axis_data_tdata_int_reg[0]/C (clocked by processing_clk) and u_mean_square_calculator/mean_square_out_reg[20]/D (clocked by processing_clk). Large setup violations at the end of those stages might be difficult to fix during the post-placement implementation flow and could be the result of non-optimal XDC constraints or non-optimal design architecture
Related violations: <none>

TIMING-16#151 Warning
Large setup violation  
There is a large setup violation of -5.006 ns between u_fir_wrap/u_fir_compiler/U0/i_synth/g_single_rate.i_single_rate/g_m_data_chan_no_fifo.m_axis_data_tdata_int_reg[0]/C (clocked by processing_clk) and u_mean_square_calculator/mean_square_out_reg[21]/D (clocked by processing_clk). Large setup violations at the end of those stages might be difficult to fix during the post-placement implementation flow and could be the result of non-optimal XDC constraints or non-optimal design architecture
Related violations: <none>

TIMING-16#152 Warning
Large setup violation  
There is a large setup violation of -5.011 ns between u_fir_wrap/u_fir_compiler/U0/i_synth/g_single_rate.i_single_rate/g_m_data_chan_no_fifo.m_axis_data_tdata_int_reg[0]/C (clocked by processing_clk) and u_mean_square_calculator/mean_square_out_reg[19]/D (clocked by processing_clk). Large setup violations at the end of those stages might be difficult to fix during the post-placement implementation flow and could be the result of non-optimal XDC constraints or non-optimal design architecture
Related violations: <none>

TIMING-16#153 Warning
Large setup violation  
There is a large setup violation of -5.081 ns between u_fir_wrap/u_fir_compiler/U0/i_synth/g_single_rate.i_single_rate/g_m_data_chan_no_fifo.m_axis_data_tdata_int_reg[0]/C (clocked by processing_clk) and u_mean_square_calculator/mean_square_out_reg[22]/D (clocked by processing_clk). Large setup violations at the end of those stages might be difficult to fix during the post-placement implementation flow and could be the result of non-optimal XDC constraints or non-optimal design architecture
Related violations: <none>

TIMING-16#154 Warning
Large setup violation  
There is a large setup violation of -5.100 ns between u_fir_wrap/u_fir_compiler/U0/i_synth/g_single_rate.i_single_rate/g_m_data_chan_no_fifo.m_axis_data_tdata_int_reg[0]/C (clocked by processing_clk) and u_mean_square_calculator/mean_square_out_reg[24]/D (clocked by processing_clk). Large setup violations at the end of those stages might be difficult to fix during the post-placement implementation flow and could be the result of non-optimal XDC constraints or non-optimal design architecture
Related violations: <none>

TIMING-16#155 Warning
Large setup violation  
There is a large setup violation of -5.160 ns between u_fir_wrap/u_fir_compiler/U0/i_synth/g_single_rate.i_single_rate/g_m_data_chan_no_fifo.m_axis_data_tdata_int_reg[0]/C (clocked by processing_clk) and u_mean_square_calculator/mean_square_out_reg[25]/D (clocked by processing_clk). Large setup violations at the end of those stages might be difficult to fix during the post-placement implementation flow and could be the result of non-optimal XDC constraints or non-optimal design architecture
Related violations: <none>

TIMING-16#156 Warning
Large setup violation  
There is a large setup violation of -5.165 ns between u_fir_wrap/u_fir_compiler/U0/i_synth/g_single_rate.i_single_rate/g_m_data_chan_no_fifo.m_axis_data_tdata_int_reg[0]/C (clocked by processing_clk) and u_mean_square_calculator/mean_square_out_reg[23]/D (clocked by processing_clk). Large setup violations at the end of those stages might be difficult to fix during the post-placement implementation flow and could be the result of non-optimal XDC constraints or non-optimal design architecture
Related violations: <none>

TIMING-16#157 Warning
Large setup violation  
There is a large setup violation of -5.180 ns between u_fir_wrap/u_fir_compiler/U0/i_synth/g_single_rate.i_single_rate/g_m_data_chan_no_fifo.m_axis_data_tdata_int_reg[0]/C (clocked by processing_clk) and u_mean_square_calculator/mean_square_out_reg[26]/D (clocked by processing_clk). Large setup violations at the end of those stages might be difficult to fix during the post-placement implementation flow and could be the result of non-optimal XDC constraints or non-optimal design architecture
Related violations: <none>

TIMING-16#158 Warning
Large setup violation  
There is a large setup violation of -5.199 ns between u_fir_wrap/u_fir_compiler/U0/i_synth/g_single_rate.i_single_rate/g_m_data_chan_no_fifo.m_axis_data_tdata_int_reg[0]/C (clocked by processing_clk) and u_mean_square_calculator/mean_square_out_reg[28]/D (clocked by processing_clk). Large setup violations at the end of those stages might be difficult to fix during the post-placement implementation flow and could be the result of non-optimal XDC constraints or non-optimal design architecture
Related violations: <none>

TIMING-16#159 Warning
Large setup violation  
There is a large setup violation of -5.259 ns between u_fir_wrap/u_fir_compiler/U0/i_synth/g_single_rate.i_single_rate/g_m_data_chan_no_fifo.m_axis_data_tdata_int_reg[0]/C (clocked by processing_clk) and u_mean_square_calculator/mean_square_out_reg[29]/D (clocked by processing_clk). Large setup violations at the end of those stages might be difficult to fix during the post-placement implementation flow and could be the result of non-optimal XDC constraints or non-optimal design architecture
Related violations: <none>

TIMING-16#160 Warning
Large setup violation  
There is a large setup violation of -5.264 ns between u_fir_wrap/u_fir_compiler/U0/i_synth/g_single_rate.i_single_rate/g_m_data_chan_no_fifo.m_axis_data_tdata_int_reg[0]/C (clocked by processing_clk) and u_mean_square_calculator/mean_square_out_reg[27]/D (clocked by processing_clk). Large setup violations at the end of those stages might be difficult to fix during the post-placement implementation flow and could be the result of non-optimal XDC constraints or non-optimal design architecture
Related violations: <none>

TIMING-16#161 Warning
Large setup violation  
There is a large setup violation of -5.279 ns between u_fir_wrap/u_fir_compiler/U0/i_synth/g_single_rate.i_single_rate/g_m_data_chan_no_fifo.m_axis_data_tdata_int_reg[0]/C (clocked by processing_clk) and u_mean_square_calculator/mean_square_out_reg[30]/D (clocked by processing_clk). Large setup violations at the end of those stages might be difficult to fix during the post-placement implementation flow and could be the result of non-optimal XDC constraints or non-optimal design architecture
Related violations: <none>

TIMING-16#162 Warning
Large setup violation  
There is a large setup violation of -5.363 ns between u_fir_wrap/u_fir_compiler/U0/i_synth/g_single_rate.i_single_rate/g_m_data_chan_no_fifo.m_axis_data_tdata_int_reg[0]/C (clocked by processing_clk) and u_mean_square_calculator/mean_square_out_reg[31]/D (clocked by processing_clk). Large setup violations at the end of those stages might be difficult to fix during the post-placement implementation flow and could be the result of non-optimal XDC constraints or non-optimal design architecture
Related violations: <none>

TIMING-16#163 Warning
Large setup violation  
There is a large setup violation of -5.955 ns between u_fir_wrap/u_fir_compiler/U0/i_synth/g_single_rate.i_single_rate/g_m_data_chan_no_fifo.m_axis_data_tdata_int_reg[0]/C (clocked by processing_clk) and u_mean_square_calculator/overflow_reg/D (clocked by processing_clk). Large setup violations at the end of those stages might be difficult to fix during the post-placement implementation flow and could be the result of non-optimal XDC constraints or non-optimal design architecture
Related violations: <none>

TIMING-16#164 Warning
Large setup violation  
There is a large setup violation of -8.327 ns between u_fir_wrap/u_fir_compiler/U0/i_synth/g_single_rate.i_single_rate/g_m_data_chan_no_fifo.m_axis_data_tdata_int_reg[0]/C (clocked by processing_clk) and u_peak_to_peak_detector/vpp_out_reg[15]/D (clocked by processing_clk). Large setup violations at the end of those stages might be difficult to fix during the post-placement implementation flow and could be the result of non-optimal XDC constraints or non-optimal design architecture
Related violations: <none>

TIMING-16#165 Warning
Large setup violation  
There is a large setup violation of -8.392 ns between u_fir_wrap/u_fir_compiler/U0/i_synth/g_single_rate.i_single_rate/g_m_data_chan_no_fifo.m_axis_data_tdata_int_reg[0]/C (clocked by processing_clk) and u_peak_to_peak_detector/vpp_out_reg[14]/D (clocked by processing_clk). Large setup violations at the end of those stages might be difficult to fix during the post-placement implementation flow and could be the result of non-optimal XDC constraints or non-optimal design architecture
Related violations: <none>

TIMING-16#166 Warning
Large setup violation  
There is a large setup violation of -9.005 ns between u_fir_wrap/u_fir_compiler/U0/i_synth/g_single_rate.i_single_rate/g_m_data_chan_no_fifo.m_axis_data_tdata_int_reg[0]/C (clocked by processing_clk) and u_peak_to_peak_detector/vpp_out_reg[13]/D (clocked by processing_clk). Large setup violations at the end of those stages might be difficult to fix during the post-placement implementation flow and could be the result of non-optimal XDC constraints or non-optimal design architecture
Related violations: <none>

TIMING-16#167 Warning
Large setup violation  
There is a large setup violation of -9.160 ns between u_fir_wrap/u_fir_compiler/U0/i_synth/g_single_rate.i_single_rate/g_m_data_chan_no_fifo.m_axis_data_tdata_int_reg[0]/C (clocked by processing_clk) and u_peak_to_peak_detector/vpp_out_reg[12]/D (clocked by processing_clk). Large setup violations at the end of those stages might be difficult to fix during the post-placement implementation flow and could be the result of non-optimal XDC constraints or non-optimal design architecture
Related violations: <none>

TIMING-16#168 Warning
Large setup violation  
There is a large setup violation of -9.498 ns between u_fir_wrap/u_fir_compiler/U0/i_synth/g_single_rate.i_single_rate/g_m_data_chan_no_fifo.m_axis_data_tdata_int_reg[0]/C (clocked by processing_clk) and u_peak_to_peak_detector/vpp_out_reg[10]/D (clocked by processing_clk). Large setup violations at the end of those stages might be difficult to fix during the post-placement implementation flow and could be the result of non-optimal XDC constraints or non-optimal design architecture
Related violations: <none>

TIMING-16#169 Warning
Large setup violation  
There is a large setup violation of -9.583 ns between u_fir_wrap/u_fir_compiler/U0/i_synth/g_single_rate.i_single_rate/g_m_data_chan_no_fifo.m_axis_data_tdata_int_reg[0]/C (clocked by processing_clk) and u_peak_to_peak_detector/vpp_out_reg[11]/D (clocked by processing_clk). Large setup violations at the end of those stages might be difficult to fix during the post-placement implementation flow and could be the result of non-optimal XDC constraints or non-optimal design architecture
Related violations: <none>

TIMING-16#170 Warning
Large setup violation  
There is a large setup violation of -9.761 ns between u_fir_wrap/u_fir_compiler/U0/i_synth/g_single_rate.i_single_rate/g_m_data_chan_no_fifo.m_axis_data_tdata_int_reg[0]/C (clocked by processing_clk) and u_peak_to_peak_detector/vpp_out_reg[8]/D (clocked by processing_clk). Large setup violations at the end of those stages might be difficult to fix during the post-placement implementation flow and could be the result of non-optimal XDC constraints or non-optimal design architecture
Related violations: <none>

TIMING-16#171 Warning
Large setup violation  
There is a large setup violation of -9.779 ns between u_fir_wrap/u_fir_compiler/U0/i_synth/g_single_rate.i_single_rate/g_m_data_chan_no_fifo.m_axis_data_tdata_int_reg[0]/C (clocked by processing_clk) and u_peak_to_peak_detector/vpp_out_reg[7]/D (clocked by processing_clk). Large setup violations at the end of those stages might be difficult to fix during the post-placement implementation flow and could be the result of non-optimal XDC constraints or non-optimal design architecture
Related violations: <none>

TIMING-16#172 Warning
Large setup violation  
There is a large setup violation of -9.863 ns between u_fir_wrap/u_fir_compiler/U0/i_synth/g_single_rate.i_single_rate/g_m_data_chan_no_fifo.m_axis_data_tdata_int_reg[0]/C (clocked by processing_clk) and u_peak_to_peak_detector/vpp_out_reg[5]/D (clocked by processing_clk). Large setup violations at the end of those stages might be difficult to fix during the post-placement implementation flow and could be the result of non-optimal XDC constraints or non-optimal design architecture
Related violations: <none>

TIMING-18#1 Warning
Missing input or output delay  
An input delay is missing on adc_rst relative to clock(s) adc_clk
Related violations: <none>

TIMING-18#2 Warning
Missing input or output delay  
An input delay is missing on clear_error relative to clock(s) adc_clk
Related violations: <none>

TIMING-18#3 Warning
Missing input or output delay  
An output delay is missing on bram_addr[0] relative to clock(s) processing_clk
Related violations: <none>

TIMING-18#4 Warning
Missing input or output delay  
An output delay is missing on bram_addr[10] relative to clock(s) processing_clk
Related violations: <none>

TIMING-18#5 Warning
Missing input or output delay  
An output delay is missing on bram_addr[11] relative to clock(s) processing_clk
Related violations: <none>

TIMING-18#6 Warning
Missing input or output delay  
An output delay is missing on bram_addr[12] relative to clock(s) processing_clk
Related violations: <none>

TIMING-18#7 Warning
Missing input or output delay  
An output delay is missing on bram_addr[13] relative to clock(s) processing_clk
Related violations: <none>

TIMING-18#8 Warning
Missing input or output delay  
An output delay is missing on bram_addr[14] relative to clock(s) processing_clk
Related violations: <none>

TIMING-18#9 Warning
Missing input or output delay  
An output delay is missing on bram_addr[15] relative to clock(s) processing_clk
Related violations: <none>

TIMING-18#10 Warning
Missing input or output delay  
An output delay is missing on bram_addr[16] relative to clock(s) processing_clk
Related violations: <none>

TIMING-18#11 Warning
Missing input or output delay  
An output delay is missing on bram_addr[17] relative to clock(s) processing_clk
Related violations: <none>

TIMING-18#12 Warning
Missing input or output delay  
An output delay is missing on bram_addr[1] relative to clock(s) processing_clk
Related violations: <none>

TIMING-18#13 Warning
Missing input or output delay  
An output delay is missing on bram_addr[2] relative to clock(s) processing_clk
Related violations: <none>

TIMING-18#14 Warning
Missing input or output delay  
An output delay is missing on bram_addr[3] relative to clock(s) processing_clk
Related violations: <none>

TIMING-18#15 Warning
Missing input or output delay  
An output delay is missing on bram_addr[4] relative to clock(s) processing_clk
Related violations: <none>

TIMING-18#16 Warning
Missing input or output delay  
An output delay is missing on bram_addr[5] relative to clock(s) processing_clk
Related violations: <none>

TIMING-18#17 Warning
Missing input or output delay  
An output delay is missing on bram_addr[6] relative to clock(s) processing_clk
Related violations: <none>

TIMING-18#18 Warning
Missing input or output delay  
An output delay is missing on bram_addr[7] relative to clock(s) processing_clk
Related violations: <none>

TIMING-18#19 Warning
Missing input or output delay  
An output delay is missing on bram_addr[8] relative to clock(s) processing_clk
Related violations: <none>

TIMING-18#20 Warning
Missing input or output delay  
An output delay is missing on bram_addr[9] relative to clock(s) processing_clk
Related violations: <none>

TIMING-18#21 Warning
Missing input or output delay  
An output delay is missing on bram_en relative to clock(s) processing_clk
Related violations: <none>

TIMING-18#22 Warning
Missing input or output delay  
An output delay is missing on bram_we[0] relative to clock(s) processing_clk
Related violations: <none>

TIMING-18#23 Warning
Missing input or output delay  
An output delay is missing on bram_we[1] relative to clock(s) processing_clk
Related violations: <none>

TIMING-18#24 Warning
Missing input or output delay  
An output delay is missing on bram_we[2] relative to clock(s) processing_clk
Related violations: <none>

TIMING-18#25 Warning
Missing input or output delay  
An output delay is missing on bram_we[3] relative to clock(s) processing_clk
Related violations: <none>

TIMING-18#26 Warning
Missing input or output delay  
An output delay is missing on bram_wrdata[0] relative to clock(s) processing_clk
Related violations: <none>

TIMING-18#27 Warning
Missing input or output delay  
An output delay is missing on bram_wrdata[10] relative to clock(s) processing_clk
Related violations: <none>

TIMING-18#28 Warning
Missing input or output delay  
An output delay is missing on bram_wrdata[11] relative to clock(s) processing_clk
Related violations: <none>

TIMING-18#29 Warning
Missing input or output delay  
An output delay is missing on bram_wrdata[12] relative to clock(s) processing_clk
Related violations: <none>

TIMING-18#30 Warning
Missing input or output delay  
An output delay is missing on bram_wrdata[13] relative to clock(s) processing_clk
Related violations: <none>

TIMING-18#31 Warning
Missing input or output delay  
An output delay is missing on bram_wrdata[14] relative to clock(s) processing_clk
Related violations: <none>

TIMING-18#32 Warning
Missing input or output delay  
An output delay is missing on bram_wrdata[15] relative to clock(s) processing_clk
Related violations: <none>

TIMING-18#33 Warning
Missing input or output delay  
An output delay is missing on bram_wrdata[16] relative to clock(s) processing_clk
Related violations: <none>

TIMING-18#34 Warning
Missing input or output delay  
An output delay is missing on bram_wrdata[17] relative to clock(s) processing_clk
Related violations: <none>

TIMING-18#35 Warning
Missing input or output delay  
An output delay is missing on bram_wrdata[18] relative to clock(s) processing_clk
Related violations: <none>

TIMING-18#36 Warning
Missing input or output delay  
An output delay is missing on bram_wrdata[19] relative to clock(s) processing_clk
Related violations: <none>

TIMING-18#37 Warning
Missing input or output delay  
An output delay is missing on bram_wrdata[1] relative to clock(s) processing_clk
Related violations: <none>

TIMING-18#38 Warning
Missing input or output delay  
An output delay is missing on bram_wrdata[20] relative to clock(s) processing_clk
Related violations: <none>

TIMING-18#39 Warning
Missing input or output delay  
An output delay is missing on bram_wrdata[21] relative to clock(s) processing_clk
Related violations: <none>

TIMING-18#40 Warning
Missing input or output delay  
An output delay is missing on bram_wrdata[22] relative to clock(s) processing_clk
Related violations: <none>

TIMING-18#41 Warning
Missing input or output delay  
An output delay is missing on bram_wrdata[23] relative to clock(s) processing_clk
Related violations: <none>

TIMING-18#42 Warning
Missing input or output delay  
An output delay is missing on bram_wrdata[24] relative to clock(s) processing_clk
Related violations: <none>

TIMING-18#43 Warning
Missing input or output delay  
An output delay is missing on bram_wrdata[25] relative to clock(s) processing_clk
Related violations: <none>

TIMING-18#44 Warning
Missing input or output delay  
An output delay is missing on bram_wrdata[26] relative to clock(s) processing_clk
Related violations: <none>

TIMING-18#45 Warning
Missing input or output delay  
An output delay is missing on bram_wrdata[27] relative to clock(s) processing_clk
Related violations: <none>

TIMING-18#46 Warning
Missing input or output delay  
An output delay is missing on bram_wrdata[28] relative to clock(s) processing_clk
Related violations: <none>

TIMING-18#47 Warning
Missing input or output delay  
An output delay is missing on bram_wrdata[29] relative to clock(s) processing_clk
Related violations: <none>

TIMING-18#48 Warning
Missing input or output delay  
An output delay is missing on bram_wrdata[2] relative to clock(s) processing_clk
Related violations: <none>

TIMING-18#49 Warning
Missing input or output delay  
An output delay is missing on bram_wrdata[30] relative to clock(s) processing_clk
Related violations: <none>

TIMING-18#50 Warning
Missing input or output delay  
An output delay is missing on bram_wrdata[31] relative to clock(s) processing_clk
Related violations: <none>

TIMING-18#51 Warning
Missing input or output delay  
An output delay is missing on bram_wrdata[3] relative to clock(s) processing_clk
Related violations: <none>

TIMING-18#52 Warning
Missing input or output delay  
An output delay is missing on bram_wrdata[4] relative to clock(s) processing_clk
Related violations: <none>

TIMING-18#53 Warning
Missing input or output delay  
An output delay is missing on bram_wrdata[5] relative to clock(s) processing_clk
Related violations: <none>

TIMING-18#54 Warning
Missing input or output delay  
An output delay is missing on bram_wrdata[6] relative to clock(s) processing_clk
Related violations: <none>

TIMING-18#55 Warning
Missing input or output delay  
An output delay is missing on bram_wrdata[7] relative to clock(s) processing_clk
Related violations: <none>

TIMING-18#56 Warning
Missing input or output delay  
An output delay is missing on bram_wrdata[8] relative to clock(s) processing_clk
Related violations: <none>

TIMING-18#57 Warning
Missing input or output delay  
An output delay is missing on bram_wrdata[9] relative to clock(s) processing_clk
Related violations: <none>

TIMING-18#58 Warning
Missing input or output delay  
An output delay is missing on capture_busy relative to clock(s) adc_clk_a_fwd
Related violations: <none>

TIMING-18#59 Warning
Missing input or output delay  
An output delay is missing on fifo_read_error relative to clock(s) processing_clk
Related violations: <none>

TIMING-18#60 Warning
Missing input or output delay  
An output delay is missing on fifo_ready relative to clock(s) adc_clk_a_fwd
Related violations: <none>

TIMING-18#61 Warning
Missing input or output delay  
An output delay is missing on fifo_write_error relative to clock(s) adc_clk_a_fwd
Related violations: <none>

TIMING-18#62 Warning
Missing input or output delay  
An output delay is missing on fir_busy relative to clock(s) processing_clk
Related violations: <none>

TIMING-18#63 Warning
Missing input or output delay  
An output delay is missing on fir_protocol_error relative to clock(s) processing_clk
Related violations: <none>

TIMING-18#64 Warning
Missing input or output delay  
An output delay is missing on fir_saturation_error relative to clock(s) processing_clk
Related violations: <none>

TIMING-18#65 Warning
Missing input or output delay  
An output delay is missing on frame_pending relative to clock(s) adc_clk_a_fwd
Related violations: <none>

TIMING-18#66 Warning
Missing input or output delay  
An output delay is missing on measurement_busy relative to clock(s) processing_clk
Related violations: <none>

TIMING-18#67 Warning
Missing input or output delay  
An output delay is missing on measurement_error relative to clock(s) processing_clk
Related violations: <none>

TIMING-18#68 Warning
Missing input or output delay  
An output delay is missing on measurement_frame_done relative to clock(s) processing_clk
Related violations: <none>

TIMING-18#69 Warning
Missing input or output delay  
An output delay is missing on measurement_mean_square_done relative to clock(s) processing_clk
Related violations: <none>

TIMING-18#70 Warning
Missing input or output delay  
An output delay is missing on measurement_vpp_done relative to clock(s) processing_clk
Related violations: <none>

TIMING-18#71 Warning
Missing input or output delay  
An output delay is missing on measurement_wave_done relative to clock(s) processing_clk
Related violations: <none>

TIMING-24#1 Warning
Overridden Max delay datapath only  
An asynchronous set_clock_groups or a set_false path (see constraint position 3 in the Timing Constraints window in Vivado IDE) between clocks adc_clk and processing_clk overrides a set_max_delay -datapath_only (position 17). It is not recommended to override a set_max_delay -datapath_only constraint. Replace the set_clock_groups or set_false_path between clocks with point-to-point set_false_path constraints
Related violations: <none>

TIMING-24#2 Warning
Overridden Max delay datapath only  
An asynchronous set_clock_groups or a set_false path (see constraint position 3 in the Timing Constraints window in Vivado IDE) between clocks processing_clk and adc_clk overrides a set_max_delay -datapath_only (position 15). It is not recommended to override a set_max_delay -datapath_only constraint. Replace the set_clock_groups or set_false_path between clocks with point-to-point set_false_path constraints
Related violations: <none>

XDCB-2#1 Warning
Clock defined on multiple objects  
The clock adc_clk is defined on multiple objects. Although this is logically functional for timing analysis, it cannot exist in hardware. It is recommended to define a primary clock on a single object.
create_clock -period 31.250 -name adc_clk [get_ports {adc_clk adc_clk_drive}]
C:/Users/prolet/Desktop/2026G/fpga/src/constrs/measurement_timing_pipeline.xdc (Line: 3)
Related violations: <none>

XDCH-2#1 Warning
Same min and max delay values on IO port  
The same input delay of 0.00000000000000000 ns has been defined on port 'adc_channel_select' relative to clock adc_clk for both max and min. Make sure this reflects the design intent.
set_input_delay -clock adc_clk -min 0.000 [get_ports {adc_rst fifo_rst capture_start adc_channel_select}]
C:/Users/prolet/Desktop/2026G/fpga/src/constrs/measurement_timing_pipeline.xdc (Line: 35)
Related violations: <none>

XDCH-2#2 Warning
Same min and max delay values on IO port  
The same input delay of 0.00000000000000000 ns has been defined on port 'adc_rst' relative to clock adc_clk for both max and min. Make sure this reflects the design intent.
set_input_delay -clock adc_clk -min 0.000 [get_ports {adc_rst fifo_rst capture_start adc_channel_select}]
C:/Users/prolet/Desktop/2026G/fpga/src/constrs/measurement_timing_pipeline.xdc (Line: 35)
Related violations: <none>

XDCH-2#3 Warning
Same min and max delay values on IO port  
The same input delay of 0.00000000000000000 ns has been defined on port 'capture_start' relative to clock adc_clk for both max and min. Make sure this reflects the design intent.
set_input_delay -clock adc_clk -min 0.000 [get_ports {adc_rst fifo_rst capture_start adc_channel_select}]
C:/Users/prolet/Desktop/2026G/fpga/src/constrs/measurement_timing_pipeline.xdc (Line: 35)
Related violations: <none>

XDCH-2#4 Warning
Same min and max delay values on IO port  
The same input delay of 0.00000000000000000 ns has been defined on port 'clear_error' relative to clock processing_clk for both max and min. Make sure this reflects the design intent.
set_input_delay -clock processing_clk -min 0.000 [get_ports {processing_rst clear_error}]
C:/Users/prolet/Desktop/2026G/fpga/src/constrs/measurement_timing_pipeline.xdc (Line: 39)
Related violations: <none>

XDCH-2#5 Warning
Same min and max delay values on IO port  
The same input delay of 0.00000000000000000 ns has been defined on port 'fifo_rst' relative to clock adc_clk for both max and min. Make sure this reflects the design intent.
set_input_delay -clock adc_clk -min 0.000 [get_ports {adc_rst fifo_rst capture_start adc_channel_select}]
C:/Users/prolet/Desktop/2026G/fpga/src/constrs/measurement_timing_pipeline.xdc (Line: 35)
Related violations: <none>

XDCH-2#6 Warning
Same min and max delay values on IO port  
The same input delay of 0.00000000000000000 ns has been defined on port 'processing_rst' relative to clock processing_clk for both max and min. Make sure this reflects the design intent.
set_input_delay -clock processing_clk -min 0.000 [get_ports {processing_rst clear_error}]
C:/Users/prolet/Desktop/2026G/fpga/src/constrs/measurement_timing_pipeline.xdc (Line: 39)
Related violations: <none>


