index,data,first,last
0,0,1,0
1,0,0,0
2,0,0,0
3,0,0,0
4,0,0,0
5,0,0,0
6,0,0,0
7,0,0,0
8,0,0,0
9,0,0,0
10,0,0,0
11,0,0,0
12,0,0,0
13,0,0,0
14,0,0,0
15,0,0,0
16,0,0,0
17,0,0,0
18,0,0,0
19,0,0,0
20,0,0,0
21,0,0,0
22,0,0,0
23,1,0,0
24,1,0,0
25,1,0,0
26,1,0,0
27,1,0,0
28,1,0,0
29,1,0,0
30,1,0,0
31,1,0,0
32,2,0,0
33,2,0,0
34,2,0,0
35,2,0,0
36,2,0,0
37,2,0,0
38,2,0,0
39,1,0,0
40,1,0,0
41,1,0,0
42,1,0,0
43,1,0,0
44,1,0,0
45,0,0,0
46,0,0,0
47,0,0,0
48,0,0,0
49,0,0,0
50,-1,0,0
51,-1,0,0
52,-1,0,0
53,-1,0,0
54,0,0,0
55,0,0,0
56,0,0,0
57,0,0,0
58,1,0,0
59,1,0,0
60,2,0,0
61,3,0,0
62,4,0,0
63,5,0,0
64,6,0,0
65,8,0,0
66,9,0,0
67,11,0,0
68,13,0,0
69,15,0,0
70,17,0,0
71,19,0,0
72,21,0,0
73,24,0,0
74,26,0,0
75,29,0,0
76,31,0,0
77,34,0,0
78,37,0,0
79,40,0,0
80,43,0,0
81,46,0,0
82,49,0,0
83,52,0,0
84,54,0,0
85,58,0,0
86,61,0,0
87,64,0,0
88,67,0,0
89,70,0,0
90,73,0,0
91,75,0,0
92,78,0,0
93,81,0,0
94,84,0,0
95,87,0,0
96,90,0,0
97,93,0,0
98,96,0,0
99,98,0,0
100,101,0,0
101,104,0,0
102,107,0,0
103,110,0,0
104,112,0,0
105,115,0,0
106,118,0,0
107,121,0,0
108,124,0,0
109,126,0,0
110,129,0,0
111,132,0,0
112,134,0,0
113,137,0,0
114,140,0,0
115,143,0,0
116,145,0,0
117,148,0,0
118,151,0,0
119,153,0,0
120,156,0,0
121,159,0,0
122,161,0,0
123,164,0,0
124,167,0,0
125,169,0,0
126,172,0,0
127,174,0,0
128,177,0,0
129,179,0,0
130,182,0,0
131,184,0,0
132,187,0,0
133,189,0,0
134,192,0,0
135,194,0,0
136,197,0,0
137,199,0,0
138,202,0,0
139,204,0,0
140,206,0,0
141,209,0,0
142,211,0,0
143,213,0,0
144,216,0,0
145,218,0,0
146,220,0,0
147,223,0,0
148,225,0,0
149,227,0,0
150,229,0,0
151,231,0,0
152,234,0,0
153,236,0,0
154,238,0,0
155,240,0,0
156,242,0,0
157,244,0,0
158,246,0,0
159,248,0,0
160,250,0,0
161,252,0,0
162,254,0,0
163,256,0,0
164,258,0,0
165,260,0,0
166,262,0,0
167,263,0,0
168,265,0,0
169,267,0,0
170,269,0,0
171,271,0,0
172,273,0,0
173,275,0,0
174,277,0,0
175,279,0,0
176,280,0,0
177,282,0,0
178,284,0,0
179,286,0,0
180,288,0,0
181,290,0,0
182,292,0,0
183,294,0,0
184,296,0,0
185,297,0,0
186,299,0,0
187,301,0,0
188,303,0,0
189,304,0,0
190,306,0,0
191,307,0,0
192,309,0,0
193,310,0,0
194,312,0,0
195,313,0,0
196,315,0,0
197,316,0,0
198,317,0,0
199,318,0,0
200,319,0,0
201,321,0,0
202,322,0,0
203,323,0,0
204,324,0,0
205,325,0,0
206,326,0,0
207,327,0,0
208,328,0,0
209,328,0,0
210,330,0,0
211,331,0,0
212,331,0,0
213,332,0,0
214,333,0,0
215,334,0,0
216,335,0,0
217,336,0,0
218,337,0,0
219,338,0,0
220,339,0,0
221,340,0,0
222,341,0,0
223,342,0,0
224,343,0,0
225,344,0,0
226,345,0,0
227,346,0,0
228,347,0,0
229,348,0,0
230,349,0,0
231,350,0,0
232,350,0,0
233,351,0,0
234,352,0,0
235,353,0,0
236,353,0,0
237,354,0,0
238,354,0,0
239,355,0,0
240,355,0,0
241,355,0,0
242,356,0,0
243,356,0,0
244,356,0,0
245,357,0,0
246,357,0,0
247,357,0,0
248,357,0,0
249,357,0,0
250,357,0,0
251,357,0,0
252,357,0,0
253,357,0,0
254,357,0,0
255,357,0,0
256,357,0,0
257,357,0,0
258,357,0,0
259,357,0,0
260,357,0,0
261,357,0,0
262,357,0,0
263,357,0,0
264,357,0,0
265,357,0,0
266,357,0,0
267,357,0,0
268,357,0,0
269,357,0,0
270,357,0,0
271,357,0,0
272,356,0,0
273,356,0,0
274,356,0,0
275,356,0,0
276,356,0,0
277,356,0,0
278,355,0,0
279,355,0,0
280,355,0,0
281,355,0,0
282,354,0,0
283,354,0,0
284,353,0,0
285,353,0,0
286,353,0,0
287,352,0,0
288,351,0,0
289,351,0,0
290,350,0,0
291,350,0,0
292,349,0,0
293,348,0,0
294,348,0,0
295,347,0,0
296,346,0,0
297,345,0,0
298,345,0,0
299,344,0,0
300,343,0,0
301,342,0,0
302,341,0,0
303,340,0,0
304,339,0,0
305,338,0,0
306,337,0,0
307,337,0,0
308,336,0,0
309,334,0,0
310,333,0,0
311,332,0,0
312,331,0,0
313,330,0,0
314,329,0,0
315,328,0,0
316,327,0,0
317,325,0,0
318,324,0,0
319,323,0,0
320,322,0,0
321,321,0,0
322,319,0,0
323,318,0,0
324,316,0,0
325,315,0,0
326,314,0,0
327,312,0,0
328,311,0,0
329,310,0,0
330,308,0,0
331,307,0,0
332,305,0,0
333,304,0,0
334,302,0,0
335,301,0,0
336,299,0,0
337,298,0,0
338,297,0,0
339,295,0,0
340,294,0,0
341,292,0,0
342,291,0,0
343,289,0,0
344,288,0,0
345,286,0,0
346,285,0,0
347,283,0,0
348,282,0,0
349,280,0,0
350,279,0,0
351,278,0,0
352,276,0,0
353,274,0,0
354,273,0,0
355,271,0,0
356,270,0,0
357,268,0,0
358,266,0,0
359,265,0,0
360,263,0,0
361,261,0,0
362,260,0,0
363,258,0,0
364,256,0,0
365,254,0,0
366,252,0,0
367,250,0,0
368,248,0,0
369,246,0,0
370,244,0,0
371,243,0,0
372,240,0,0
373,239,0,0
374,237,0,0
375,235,0,0
376,233,0,0
377,231,0,0
378,228,0,0
379,226,0,0
380,224,0,0
381,222,0,0
382,220,0,0
383,219,0,0
384,216,0,0
385,214,0,0
386,213,0,0
387,211,0,0
388,209,0,0
389,207,0,0
390,205,0,0
391,203,0,0
392,201,0,0
393,199,0,0
394,197,0,0
395,196,0,0
396,194,0,0
397,192,0,0
398,190,0,0
399,188,0,0
400,186,0,0
401,185,0,0
402,183,0,0
403,181,0,0
404,179,0,0
405,177,0,0
406,175,0,0
407,173,0,0
408,171,0,0
409,169,0,0
410,167,0,0
411,165,0,0
412,163,0,0
413,162,0,0
414,159,0,0
415,157,0,0
416,155,0,0
417,153,0,0
418,151,0,0
419,149,0,0
420,148,0,0
421,146,0,0
422,144,0,0
423,142,0,0
424,140,0,0
425,138,0,0
426,136,0,0
427,134,0,0
428,132,0,0
429,130,0,0
430,128,0,0
431,126,0,0
432,124,0,0
433,122,0,0
434,120,0,0
435,118,0,0
436,116,0,0
437,115,0,0
438,112,0,0
439,111,0,0
440,109,0,0
441,107,0,0
442,105,0,0
443,103,0,0
444,101,0,0
445,98,0,0
446,96,0,0
447,94,0,0
448,92,0,0
449,90,0,0
450,88,0,0
451,86,0,0
452,84,0,0
453,82,0,0
454,80,0,0
455,78,0,0
456,76,0,0
457,74,0,0
458,72,0,0
459,70,0,0
460,68,0,0
461,66,0,0
462,64,0,0
463,62,0,0
464,60,0,0
465,58,0,0
466,56,0,0
467,55,0,0
468,53,0,0
469,51,0,0
470,50,0,0
471,48,0,0
472,46,0,0
473,45,0,0
474,43,0,0
475,41,0,0
476,40,0,0
477,38,0,0
478,37,0,0
479,35,0,0
480,33,0,0
481,32,0,0
482,30,0,0
483,29,0,0
484,27,0,0
485,25,0,0
486,24,0,0
487,22,0,0
488,21,0,0
489,19,0,0
490,17,0,0
491,15,0,0
492,14,0,0
493,12,0,0
494,10,0,0
495,9,0,0
496,7,0,0
497,5,0,0
498,4,0,0
499,2,0,0
500,0,0,0
501,-1,0,0
502,-2,0,0
503,-4,0,0
504,-5,0,0
505,-7,0,0
506,-8,0,0
507,-10,0,0
508,-11,0,0
509,-13,0,0
510,-14,0,0
511,-15,0,0
512,-17,0,0
513,-18,0,0
514,-19,0,0
515,-20,0,0
516,-22,0,0
517,-23,0,0
518,-24,0,0
519,-25,0,0
520,-26,0,0
521,-27,0,0
522,-28,0,0
523,-30,0,0
524,-31,0,0
525,-32,0,0
526,-33,0,0
527,-34,0,0
528,-36,0,0
529,-37,0,0
530,-38,0,0
531,-39,0,0
532,-40,0,0
533,-41,0,0
534,-43,0,0
535,-44,0,0
536,-45,0,0
537,-46,0,0
538,-47,0,0
539,-48,0,0
540,-50,0,0
541,-50,0,0
542,-52,0,0
543,-53,0,0
544,-54,0,0
545,-55,0,0
546,-55,0,0
547,-57,0,0
548,-58,0,0
549,-58,0,0
550,-59,0,0
551,-60,0,0
552,-61,0,0
553,-61,0,0
554,-62,0,0
555,-63,0,0
556,-63,0,0
557,-64,0,0
558,-64,0,0
559,-65,0,0
560,-65,0,0
561,-66,0,0
562,-66,0,0
563,-67,0,0
564,-67,0,0
565,-67,0,0
566,-68,0,0
567,-68,0,0
568,-68,0,0
569,-69,0,0
570,-69,0,0
571,-69,0,0
572,-70,0,0
573,-70,0,0
574,-70,0,0
575,-71,0,0
576,-71,0,0
577,-71,0,0
578,-72,0,0
579,-72,0,0
580,-73,0,0
581,-73,0,0
582,-73,0,0
583,-73,0,0
584,-74,0,0
585,-74,0,0
586,-74,0,0
587,-75,0,0
588,-75,0,0
589,-75,0,0
590,-76,0,0
591,-76,0,0
592,-76,0,0
593,-76,0,0
594,-76,0,0
595,-76,0,0
596,-76,0,0
597,-76,0,0
598,-77,0,0
599,-76,0,0
600,-76,0,0
601,-76,0,0
602,-76,0,0
603,-76,0,0
604,-76,0,0
605,-76,0,0
606,-76,0,0
607,-76,0,0
608,-76,0,0
609,-75,0,0
610,-75,0,0
611,-75,0,0
612,-75,0,0
613,-74,0,0
614,-74,0,0
615,-74,0,0
616,-74,0,0
617,-73,0,0
618,-73,0,0
619,-73,0,0
620,-73,0,0
621,-72,0,0
622,-72,0,0
623,-72,0,0
624,-72,0,0
625,-72,0,0
626,-71,0,0
627,-71,0,0
628,-71,0,0
629,-70,0,0
630,-70,0,0
631,-70,0,0
632,-69,0,0
633,-69,0,0
634,-69,0,0
635,-69,0,0
636,-68,0,0
637,-68,0,0
638,-67,0,0
639,-67,0,0
640,-67,0,0
641,-66,0,0
642,-65,0,0
643,-65,0,0
644,-64,0,0
645,-64,0,0
646,-63,0,0
647,-63,0,0
648,-62,0,0
649,-62,0,0
650,-61,0,0
651,-60,0,0
652,-59,0,0
653,-59,0,0
654,-58,0,0
655,-57,0,0
656,-56,0,0
657,-55,0,0
658,-54,0,0
659,-54,0,0
660,-52,0,0
661,-52,0,0
662,-51,0,0
663,-50,0,0
664,-49,0,0
665,-48,0,0
666,-47,0,0
667,-46,0,0
668,-45,0,0
669,-44,0,0
670,-43,0,0
671,-42,0,0
672,-41,0,0
673,-40,0,0
674,-40,0,0
675,-39,0,0
676,-38,0,0
677,-37,0,0
678,-36,0,0
679,-35,0,0
680,-35,0,0
681,-34,0,0
682,-33,0,0
683,-32,0,0
684,-32,0,0
685,-31,0,0
686,-30,0,0
687,-30,0,0
688,-29,0,0
689,-28,0,0
690,-28,0,0
691,-27,0,0
692,-26,0,0
693,-26,0,0
694,-25,0,0
695,-24,0,0
696,-23,0,0
697,-23,0,0
698,-22,0,0
699,-21,0,0
700,-20,0,0
701,-19,0,0
702,-18,0,0
703,-17,0,0
704,-17,0,0
705,-15,0,0
706,-14,0,0
707,-13,0,0
708,-12,0,0
709,-11,0,0
710,-10,0,0
711,-9,0,0
712,-8,0,0
713,-6,0,0
714,-5,0,0
715,-4,0,0
716,-3,0,0
717,-1,0,0
718,0,0,0
719,1,0,0
720,2,0,0
721,3,0,0
722,5,0,0
723,6,0,0
724,7,0,0
725,8,0,0
726,9,0,0
727,10,0,0
728,11,0,0
729,12,0,0
730,13,0,0
731,14,0,0
732,15,0,0
733,16,0,0
734,16,0,0
735,17,0,0
736,18,0,0
737,19,0,0
738,20,0,0
739,21,0,0
740,21,0,0
741,22,0,0
742,23,0,0
743,24,0,0
744,25,0,0
745,25,0,0
746,26,0,0
747,27,0,0
748,28,0,0
749,29,0,0
750,30,0,0
751,30,0,0
752,31,0,0
753,32,0,0
754,33,0,0
755,34,0,0
756,34,0,0
757,35,0,0
758,36,0,0
759,37,0,0
760,38,0,0
761,39,0,0
762,39,0,0
763,40,0,0
764,41,0,0
765,42,0,0
766,43,0,0
767,43,0,0
768,44,0,0
769,45,0,0
770,46,0,0
771,47,0,0
772,47,0,0
773,48,0,0
774,49,0,0
775,50,0,0
776,51,0,0
777,51,0,0
778,53,0,0
779,53,0,0
780,54,0,0
781,55,0,0
782,56,0,0
783,57,0,0
784,58,0,0
785,59,0,0
786,60,0,0
787,60,0,0
788,61,0,0
789,62,0,0
790,63,0,0
791,64,0,0
792,64,0,0
793,65,0,0
794,66,0,0
795,66,0,0
796,67,0,0
797,67,0,0
798,68,0,0
799,68,0,0
800,68,0,0
801,69,0,0
802,69,0,0
803,69,0,0
804,69,0,0
805,70,0,0
806,70,0,0
807,70,0,0
808,70,0,0
809,70,0,0
810,70,0,0
811,70,0,0
812,70,0,0
813,70,0,0
814,70,0,0
815,70,0,0
816,70,0,0
817,70,0,0
818,70,0,0
819,71,0,0
820,71,0,0
821,71,0,0
822,71,0,0
823,71,0,0
824,71,0,0
825,72,0,0
826,72,0,0
827,72,0,0
828,73,0,0
829,73,0,0
830,73,0,0
831,73,0,0
832,74,0,0
833,74,0,0
834,74,0,0
835,74,0,0
836,75,0,0
837,75,0,0
838,75,0,0
839,75,0,0
840,76,0,0
841,76,0,0
842,76,0,0
843,76,0,0
844,76,0,0
845,76,0,0
846,76,0,0
847,76,0,0
848,75,0,0
849,75,0,0
850,75,0,0
851,75,0,0
852,74,0,0
853,74,0,0
854,74,0,0
855,73,0,0
856,73,0,0
857,73,0,0
858,72,0,0
859,72,0,0
860,71,0,0
861,71,0,0
862,70,0,0
863,70,0,0
864,69,0,0
865,69,0,0
866,68,0,0
867,68,0,0
868,67,0,0
869,67,0,0
870,66,0,0
871,65,0,0
872,65,0,0
873,64,0,0
874,64,0,0
875,63,0,0
876,63,0,0
877,62,0,0
878,61,0,0
879,61,0,0
880,60,0,0
881,59,0,0
882,59,0,0
883,58,0,0
884,57,0,0
885,57,0,0
886,56,0,0
887,55,0,0
888,54,0,0
889,54,0,0
890,53,0,0
891,52,0,0
892,51,0,0
893,50,0,0
894,50,0,0
895,49,0,0
896,48,0,0
897,47,0,0
898,46,0,0
899,45,0,0
900,44,0,0
901,43,0,0
902,42,0,0
903,41,0,0
904,40,0,0
905,39,0,0
906,38,0,0
907,37,0,0
908,36,0,0
909,35,0,0
910,34,0,0
911,33,0,0
912,32,0,0
913,30,0,0
914,29,0,0
915,28,0,0
916,27,0,0
917,25,0,0
918,24,0,0
919,23,0,0
920,21,0,0
921,20,0,0
922,19,0,0
923,17,0,0
924,16,0,0
925,14,0,0
926,13,0,0
927,11,0,0
928,10,0,0
929,8,0,0
930,7,0,0
931,5,0,0
932,4,0,0
933,2,0,0
934,1,0,0
935,-1,0,0
936,-2,0,0
937,-4,0,0
938,-5,0,0
939,-7,0,0
940,-8,0,0
941,-10,0,0
942,-11,0,0
943,-12,0,0
944,-14,0,0
945,-15,0,0
946,-17,0,0
947,-18,0,0
948,-20,0,0
949,-21,0,0
950,-23,0,0
951,-25,0,0
952,-26,0,0
953,-28,0,0
954,-29,0,0
955,-31,0,0
956,-32,0,0
957,-34,0,0
958,-36,0,0
959,-38,0,0
960,-39,0,0
961,-41,0,0
962,-43,0,0
963,-45,0,0
964,-47,0,0
965,-49,0,0
966,-50,0,0
967,-52,0,0
968,-54,0,0
969,-56,0,0
970,-58,0,0
971,-60,0,0
972,-62,0,0
973,-64,0,0
974,-66,0,0
975,-68,0,0
976,-70,0,0
977,-72,0,0
978,-73,0,0
979,-75,0,0
980,-77,0,0
981,-79,0,0
982,-81,0,0
983,-83,0,0
984,-85,0,0
985,-87,0,0
986,-88,0,0
987,-90,0,0
988,-92,0,0
989,-94,0,0
990,-96,0,0
991,-98,0,0
992,-100,0,0
993,-102,0,0
994,-104,0,0
995,-105,0,0
996,-107,0,0
997,-109,0,0
998,-111,0,0
999,-113,0,0
1000,-115,0,0
1001,-117,0,0
1002,-119,0,0
1003,-121,0,0
1004,-123,0,0
1005,-125,0,0
1006,-127,0,0
1007,-129,0,0
1008,-130,0,0
1009,-132,0,0
1010,-134,0,0
1011,-137,0,0
1012,-139,0,0
1013,-141,0,0
1014,-143,0,0
1015,-145,0,0
1016,-147,0,0
1017,-149,0,0
1018,-151,0,0
1019,-153,0,0
1020,-155,0,0
1021,-157,0,0
1022,-159,0,0
1023,-161,0,0
1024,-163,0,0
1025,-165,0,0
1026,-167,0,0
1027,-169,0,0
1028,-171,0,0
1029,-173,0,0
1030,-175,0,0
1031,-177,0,0
1032,-179,0,0
1033,-181,0,0
1034,-184,0,0
1035,-186,0,0
1036,-188,0,0
1037,-190,0,0
1038,-192,0,0
1039,-194,0,0
1040,-196,0,0
1041,-198,0,0
1042,-200,0,0
1043,-202,0,0
1044,-204,0,0
1045,-206,0,0
1046,-209,0,0
1047,-210,0,0
1048,-212,0,0
1049,-214,0,0
1050,-216,0,0
1051,-218,0,0
1052,-220,0,0
1053,-222,0,0
1054,-224,0,0
1055,-226,0,0
1056,-228,0,0
1057,-229,0,0
1058,-231,0,0
1059,-233,0,0
1060,-235,0,0
1061,-237,0,0
1062,-239,0,0
1063,-241,0,0
1064,-242,0,0
1065,-244,0,0
1066,-246,0,0
1067,-248,0,0
1068,-250,0,0
1069,-252,0,0
1070,-253,0,0
1071,-255,0,0
1072,-257,0,0
1073,-259,0,0
1074,-261,0,0
1075,-262,0,0
1076,-264,0,0
1077,-266,0,0
1078,-267,0,0
1079,-269,0,0
1080,-271,0,0
1081,-272,0,0
1082,-274,0,0
1083,-276,0,0
1084,-277,0,0
1085,-279,0,0
1086,-280,0,0
1087,-282,0,0
1088,-283,0,0
1089,-285,0,0
1090,-287,0,0
1091,-288,0,0
1092,-289,0,0
1093,-291,0,0
1094,-292,0,0
1095,-293,0,0
1096,-295,0,0
1097,-296,0,0
1098,-298,0,0
1099,-299,0,0
1100,-301,0,0
1101,-302,0,0
1102,-304,0,0
1103,-305,0,0
1104,-306,0,0
1105,-308,0,0
1106,-309,0,0
1107,-311,0,0
1108,-312,0,0
1109,-313,0,0
1110,-315,0,0
1111,-316,0,0
1112,-318,0,0
1113,-319,0,0
1114,-320,0,0
1115,-322,0,0
1116,-323,0,0
1117,-324,0,0
1118,-326,0,0
1119,-327,0,0
1120,-328,0,0
1121,-329,0,0
1122,-330,0,0
1123,-332,0,0
1124,-333,0,0
1125,-334,0,0
1126,-335,0,0
1127,-336,0,0
1128,-337,0,0
1129,-338,0,0
1130,-339,0,0
1131,-339,0,0
1132,-340,0,0
1133,-341,0,0
1134,-342,0,0
1135,-343,0,0
1136,-344,0,0
1137,-344,0,0
1138,-345,0,0
1139,-346,0,0
1140,-347,0,0
1141,-347,0,0
1142,-348,0,0
1143,-349,0,0
1144,-349,0,0
1145,-350,0,0
1146,-351,0,0
1147,-351,0,0
1148,-352,0,0
1149,-353,0,0
1150,-353,0,0
1151,-354,0,0
1152,-354,0,0
1153,-355,0,0
1154,-356,0,0
1155,-356,0,0
1156,-356,0,0
1157,-357,0,0
1158,-357,0,0
1159,-358,0,0
1160,-358,0,0
1161,-358,0,0
1162,-359,0,0
1163,-359,0,0
1164,-359,0,0
1165,-359,0,0
1166,-359,0,0
1167,-360,0,0
1168,-360,0,0
1169,-360,0,0
1170,-360,0,0
1171,-360,0,0
1172,-360,0,0
1173,-360,0,0
1174,-360,0,0
1175,-360,0,0
1176,-360,0,0
1177,-359,0,0
1178,-359,0,0
1179,-359,0,0
1180,-359,0,0
1181,-358,0,0
1182,-358,0,0
1183,-358,0,0
1184,-358,0,0
1185,-358,0,0
1186,-357,0,0
1187,-357,0,0
1188,-357,0,0
1189,-356,0,0
1190,-356,0,0
1191,-356,0,0
1192,-356,0,0
1193,-355,0,0
1194,-355,0,0
1195,-355,0,0
1196,-354,0,0
1197,-354,0,0
1198,-354,0,0
1199,-353,0,0
1200,-353,0,0
1201,-353,0,0
1202,-352,0,0
1203,-352,0,0
1204,-351,0,0
1205,-350,0,0
1206,-350,0,0
1207,-349,0,0
1208,-349,0,0
1209,-348,0,0
1210,-348,0,0
1211,-347,0,0
1212,-346,0,0
1213,-345,0,0
1214,-344,0,0
1215,-344,0,0
1216,-343,0,0
1217,-342,0,0
1218,-341,0,0
1219,-340,0,0
1220,-339,0,0
1221,-338,0,0
1222,-337,0,0
1223,-336,0,0
1224,-335,0,0
1225,-334,0,0
1226,-332,0,0
1227,-331,0,0
1228,-330,0,0
1229,-329,0,0
1230,-328,0,0
1231,-326,0,0
1232,-325,0,0
1233,-324,0,0
1234,-323,0,0
1235,-321,0,0
1236,-320,0,0
1237,-319,0,0
1238,-318,0,0
1239,-316,0,0
1240,-315,0,0
1241,-314,0,0
1242,-313,0,0
1243,-311,0,0
1244,-310,0,0
1245,-309,0,0
1246,-307,0,0
1247,-306,0,0
1248,-304,0,0
1249,-303,0,0
1250,-301,0,0
1251,-299,0,0
1252,-298,0,0
1253,-296,0,0
1254,-295,0,0
1255,-293,0,0
1256,-291,0,0
1257,-289,0,0
1258,-288,0,0
1259,-286,0,0
1260,-284,0,0
1261,-282,0,0
1262,-280,0,0
1263,-278,0,0
1264,-277,0,0
1265,-275,0,0
1266,-273,0,0
1267,-271,0,0
1268,-269,0,0
1269,-267,0,0
1270,-265,0,0
1271,-263,0,0
1272,-261,0,0
1273,-259,0,0
1274,-257,0,0
1275,-254,0,0
1276,-252,0,0
1277,-250,0,0
1278,-248,0,0
1279,-246,0,0
1280,-244,0,0
1281,-242,0,0
1282,-240,0,0
1283,-237,0,0
1284,-235,0,0
1285,-233,0,0
1286,-231,0,0
1287,-228,0,0
1288,-226,0,0
1289,-224,0,0
1290,-222,0,0
1291,-219,0,0
1292,-217,0,0
1293,-215,0,0
1294,-212,0,0
1295,-210,0,0
1296,-208,0,0
1297,-205,0,0
1298,-203,0,0
1299,-200,0,0
1300,-198,0,0
1301,-196,0,0
1302,-193,0,0
1303,-191,0,0
1304,-189,0,0
1305,-186,0,0
1306,-184,0,0
1307,-181,0,0
1308,-179,0,0
1309,-176,0,0
1310,-174,0,0
1311,-172,0,0
1312,-169,0,0
1313,-167,0,0
1314,-164,0,0
1315,-162,0,0
1316,-159,0,0
1317,-157,0,0
1318,-154,0,0
1319,-152,0,0
1320,-149,0,0
1321,-146,0,0
1322,-144,0,0
1323,-141,0,0
1324,-138,0,0
1325,-135,0,0
1326,-133,0,0
1327,-130,0,0
1328,-127,0,0
1329,-124,0,0
1330,-121,0,0
1331,-118,0,0
1332,-115,0,0
1333,-112,0,0
1334,-109,0,0
1335,-106,0,0
1336,-103,0,0
1337,-100,0,0
1338,-97,0,0
1339,-94,0,0
1340,-91,0,0
1341,-88,0,0
1342,-85,0,0
1343,-82,0,0
1344,-79,0,0
1345,-76,0,0
1346,-72,0,0
1347,-70,0,0
1348,-67,0,0
1349,-64,0,0
1350,-61,0,0
1351,-58,0,0
1352,-55,0,0
1353,-52,0,0
1354,-50,0,0
1355,-47,0,0
1356,-44,0,0
1357,-41,0,0
1358,-39,0,0
1359,-36,0,0
1360,-33,0,0
1361,-30,0,0
1362,-28,0,0
1363,-25,0,0
1364,-22,0,0
1365,-19,0,0
1366,-17,0,0
1367,-14,0,0
1368,-11,0,0
1369,-8,0,0
1370,-5,0,0
1371,-2,0,0
1372,1,0,0
1373,3,0,0
1374,6,0,0
1375,9,0,0
1376,12,0,0
1377,15,0,0
1378,18,0,0
1379,21,0,0
1380,24,0,0
1381,27,0,0
1382,30,0,0
1383,33,0,0
1384,36,0,0
1385,39,0,0
1386,42,0,0
1387,45,0,0
1388,48,0,0
1389,51,0,0
1390,54,0,0
1391,57,0,0
1392,60,0,0
1393,63,0,0
1394,66,0,0
1395,69,0,0
1396,72,0,0
1397,75,0,0
1398,78,0,0
1399,81,0,0
1400,84,0,0
1401,86,0,0
1402,89,0,0
1403,92,0,0
1404,95,0,0
1405,98,0,0
1406,101,0,0
1407,104,0,0
1408,107,0,0
1409,109,0,0
1410,112,0,0
1411,115,0,0
1412,118,0,0
1413,121,0,0
1414,123,0,0
1415,126,0,0
1416,129,0,0
1417,131,0,0
1418,134,0,0
1419,137,0,0
1420,140,0,0
1421,142,0,0
1422,145,0,0
1423,148,0,0
1424,150,0,0
1425,153,0,0
1426,155,0,0
1427,158,0,0
1428,161,0,0
1429,163,0,0
1430,166,0,0
1431,168,0,0
1432,171,0,0
1433,174,0,0
1434,176,0,0
1435,179,0,0
1436,181,0,0
1437,184,0,0
1438,186,0,0
1439,189,0,0
1440,191,0,0
1441,194,0,0
1442,197,0,0
1443,199,0,0
1444,202,0,0
1445,204,0,0
1446,207,0,0
1447,209,0,0
1448,212,0,0
1449,214,0,0
1450,217,0,0
1451,219,0,0
1452,221,0,0
1453,224,0,0
1454,226,0,0
1455,228,0,0
1456,231,0,0
1457,233,0,0
1458,235,0,0
1459,238,0,0
1460,240,0,0
1461,242,0,0
1462,244,0,0
1463,246,0,0
1464,248,0,0
1465,250,0,0
1466,253,0,0
1467,254,0,0
1468,256,0,0
1469,259,0,0
1470,260,0,0
1471,262,0,0
1472,264,0,0
1473,266,0,0
1474,268,0,0
1475,270,0,0
1476,272,0,0
1477,274,0,0
1478,275,0,0
1479,277,0,0
1480,279,0,0
1481,281,0,0
1482,283,0,0
1483,284,0,0
1484,286,0,0
1485,288,0,0
1486,289,0,0
1487,291,0,0
1488,293,0,0
1489,294,0,0
1490,296,0,0
1491,298,0,0
1492,299,0,0
1493,301,0,0
1494,302,0,0
1495,304,0,0
1496,306,0,0
1497,307,0,0
1498,309,0,0
1499,310,0,0
1500,311,0,0
1501,313,0,0
1502,314,0,0
1503,315,0,0
1504,317,0,0
1505,318,0,0
1506,319,0,0
1507,320,0,0
1508,322,0,0
1509,323,0,0
1510,324,0,0
1511,325,0,0
1512,326,0,0
1513,327,0,0
1514,328,0,0
1515,329,0,0
1516,330,0,0
1517,332,0,0
1518,332,0,0
1519,333,0,0
1520,334,0,0
1521,335,0,0
1522,336,0,0
1523,337,0,0
1524,338,0,0
1525,339,0,0
1526,340,0,0
1527,341,0,0
1528,342,0,0
1529,343,0,0
1530,344,0,0
1531,345,0,0
1532,346,0,0
1533,347,0,0
1534,347,0,0
1535,348,0,0
1536,349,0,0
1537,350,0,0
1538,350,0,0
1539,351,0,0
1540,351,0,0
1541,352,0,0
1542,353,0,0
1543,353,0,0
1544,354,0,0
1545,354,0,0
1546,354,0,0
1547,355,0,0
1548,355,0,0
1549,355,0,0
1550,356,0,0
1551,356,0,0
1552,356,0,0
1553,356,0,0
1554,357,0,0
1555,357,0,0
1556,357,0,0
1557,357,0,0
1558,357,0,0
1559,357,0,0
1560,357,0,0
1561,357,0,0
1562,358,0,0
1563,358,0,0
1564,358,0,0
1565,358,0,0
1566,358,0,0
1567,358,0,0
1568,358,0,0
1569,358,0,0
1570,358,0,0
1571,358,0,0
1572,358,0,0
1573,358,0,0
1574,359,0,0
1575,359,0,0
1576,358,0,0
1577,359,0,0
1578,358,0,0
1579,359,0,0
1580,358,0,0
1581,358,0,0
1582,358,0,0
1583,358,0,0
1584,358,0,0
1585,357,0,0
1586,357,0,0
1587,357,0,0
1588,357,0,0
1589,356,0,0
1590,356,0,0
1591,355,0,0
1592,355,0,0
1593,354,0,0
1594,354,0,0
1595,353,0,0
1596,352,0,0
1597,351,0,0
1598,350,0,0
1599,350,0,0
1600,349,0,0
1601,348,0,0
1602,347,0,0
1603,346,0,0
1604,345,0,0
1605,344,0,0
1606,343,0,0
1607,342,0,0
1608,341,0,0
1609,340,0,0
1610,340,0,0
1611,338,0,0
1612,337,0,0
1613,336,0,0
1614,335,0,0
1615,334,0,0
1616,333,0,0
1617,332,0,0
1618,331,0,0
1619,330,0,0
1620,329,0,0
1621,328,0,0
1622,326,0,0
1623,325,0,0
1624,324,0,0
1625,323,0,0
1626,322,0,0
1627,321,0,0
1628,319,0,0
1629,318,0,0
1630,317,0,0
1631,316,0,0
1632,315,0,0
1633,313,0,0
1634,312,0,0
1635,311,0,0
1636,310,0,0
1637,308,0,0
1638,307,0,0
1639,305,0,0
1640,304,0,0
1641,303,0,0
1642,301,0,0
1643,300,0,0
1644,298,0,0
1645,297,0,0
1646,295,0,0
1647,294,0,0
1648,292,0,0
1649,291,0,0
1650,289,0,0
1651,288,0,0
1652,286,0,0
1653,284,0,0
1654,283,0,0
1655,281,0,0
1656,279,0,0
1657,278,0,0
1658,276,0,0
1659,274,0,0
1660,273,0,0
1661,271,0,0
1662,269,0,0
1663,267,0,0
1664,266,0,0
1665,264,0,0
1666,262,0,0
1667,260,0,0
1668,258,0,0
1669,257,0,0
1670,255,0,0
1671,253,0,0
1672,251,0,0
1673,250,0,0
1674,248,0,0
1675,246,0,0
1676,244,0,0
1677,242,0,0
1678,241,0,0
1679,239,0,0
1680,237,0,0
1681,235,0,0
1682,233,0,0
1683,232,0,0
1684,230,0,0
1685,228,0,0
1686,226,0,0
1687,224,0,0
1688,223,0,0
1689,221,0,0
1690,219,0,0
1691,217,0,0
1692,215,0,0
1693,213,0,0
1694,212,0,0
1695,210,0,0
1696,208,0,0
1697,206,0,0
1698,204,0,0
1699,202,0,0
1700,200,0,0
1701,198,0,0
1702,196,0,0
1703,194,0,0
1704,192,0,0
1705,190,0,0
1706,188,0,0
1707,186,0,0
1708,184,0,0
1709,182,0,0
1710,179,0,0
1711,178,0,0
1712,175,0,0
1713,173,0,0
1714,171,0,0
1715,169,0,0
1716,167,0,0
1717,165,0,0
1718,163,0,0
1719,161,0,0
1720,159,0,0
1721,157,0,0
1722,155,0,0
1723,153,0,0
1724,151,0,0
1725,149,0,0
1726,147,0,0
1727,145,0,0
1728,143,0,0
1729,141,0,0
1730,138,0,0
1731,137,0,0
1732,134,0,0
1733,132,0,0
1734,130,0,0
1735,128,0,0
1736,126,0,0
1737,124,0,0
1738,122,0,0
1739,120,0,0
1740,118,0,0
1741,116,0,0
1742,114,0,0
1743,112,0,0
1744,110,0,0
1745,108,0,0
1746,106,0,0
1747,104,0,0
1748,102,0,0
1749,100,0,0
1750,98,0,0
1751,96,0,0
1752,95,0,0
1753,93,0,0
1754,91,0,0
1755,89,0,0
1756,87,0,0
1757,86,0,0
1758,84,0,0
1759,82,0,0
1760,80,0,0
1761,79,0,0
1762,77,0,0
1763,75,0,0
1764,73,0,0
1765,71,0,0
1766,70,0,0
1767,68,0,0
1768,66,0,0
1769,64,0,0
1770,62,0,0
1771,61,0,0
1772,59,0,0
1773,57,0,0
1774,55,0,0
1775,53,0,0
1776,52,0,0
1777,50,0,0
1778,48,0,0
1779,46,0,0
1780,44,0,0
1781,42,0,0
1782,40,0,0
1783,38,0,0
1784,36,0,0
1785,34,0,0
1786,32,0,0
1787,31,0,0
1788,29,0,0
1789,27,0,0
1790,25,0,0
1791,23,0,0
1792,21,0,0
1793,20,0,0
1794,18,0,0
1795,16,0,0
1796,14,0,0
1797,13,0,0
1798,11,0,0
1799,10,0,0
1800,8,0,0
1801,7,0,0
1802,5,0,0
1803,4,0,0
1804,2,0,0
1805,1,0,0
1806,-1,0,0
1807,-2,0,0
1808,-3,0,0
1809,-5,0,0
1810,-6,0,0
1811,-7,0,0
1812,-8,0,0
1813,-10,0,0
1814,-11,0,0
1815,-12,0,0
1816,-13,0,0
1817,-14,0,0
1818,-16,0,0
1819,-17,0,0
1820,-18,0,0
1821,-20,0,0
1822,-21,0,0
1823,-22,0,0
1824,-23,0,0
1825,-24,0,0
1826,-26,0,0
1827,-27,0,0
1828,-28,0,0
1829,-29,0,0
1830,-31,0,0
1831,-32,0,0
1832,-33,0,0
1833,-34,0,0
1834,-35,0,0
1835,-37,0,0
1836,-38,0,0
1837,-39,0,0
1838,-40,0,0
1839,-41,0,0
1840,-42,0,0
1841,-43,0,0
1842,-44,0,0
1843,-45,0,0
1844,-46,0,0
1845,-47,0,0
1846,-48,0,0
1847,-49,0,0
1848,-49,0,0
1849,-50,0,0
1850,-51,0,0
1851,-52,0,0
1852,-53,0,0
1853,-53,0,0
1854,-54,0,0
1855,-55,0,0
1856,-56,0,0
1857,-57,0,0
1858,-57,0,0
1859,-58,0,0
1860,-59,0,0
1861,-60,0,0
1862,-60,0,0
1863,-61,0,0
1864,-62,0,0
1865,-62,0,0
1866,-63,0,0
1867,-64,0,0
1868,-65,0,0
1869,-65,0,0
1870,-66,0,0
1871,-66,0,0
1872,-67,0,0
1873,-68,0,0
1874,-68,0,0
1875,-69,0,0
1876,-69,0,0
1877,-70,0,0
1878,-70,0,0
1879,-71,0,0
1880,-71,0,0
1881,-71,0,0
1882,-72,0,0
1883,-72,0,0
1884,-72,0,0
1885,-72,0,0
1886,-73,0,0
1887,-73,0,0
1888,-73,0,0
1889,-73,0,0
1890,-73,0,0
1891,-73,0,0
1892,-74,0,0
1893,-73,0,0
1894,-74,0,0
1895,-74,0,0
1896,-74,0,0
1897,-74,0,0
1898,-74,0,0
1899,-74,0,0
1900,-74,0,0
1901,-75,0,0
1902,-75,0,0
1903,-75,0,0
1904,-75,0,0
1905,-75,0,0
1906,-75,0,0
1907,-75,0,0
1908,-75,0,0
1909,-75,0,0
1910,-76,0,0
1911,-76,0,0
1912,-76,0,0
1913,-76,0,0
1914,-76,0,0
1915,-76,0,0
1916,-76,0,0
1917,-76,0,0
1918,-75,0,0
1919,-76,0,0
1920,-75,0,0
1921,-75,0,0
1922,-75,0,0
1923,-75,0,0
1924,-75,0,0
1925,-74,0,0
1926,-74,0,0
1927,-74,0,0
1928,-73,0,0
1929,-73,0,0
1930,-73,0,0
1931,-73,0,0
1932,-72,0,0
1933,-72,0,0
1934,-72,0,0
1935,-71,0,0
1936,-71,0,0
1937,-70,0,0
1938,-70,0,0
1939,-70,0,0
1940,-69,0,0
1941,-69,0,0
1942,-68,0,0
1943,-68,0,0
1944,-67,0,0
1945,-67,0,0
1946,-66,0,0
1947,-65,0,0
1948,-65,0,0
1949,-64,0,0
1950,-64,0,0
1951,-63,0,0
1952,-62,0,0
1953,-61,0,0
1954,-61,0,0
1955,-60,0,0
1956,-59,0,0
1957,-59,0,0
1958,-58,0,0
1959,-57,0,0
1960,-56,0,0
1961,-55,0,0
1962,-54,0,0
1963,-54,0,0
1964,-53,0,0
1965,-52,0,0
1966,-51,0,0
1967,-50,0,0
1968,-49,0,0
1969,-48,0,0
1970,-48,0,0
1971,-47,0,0
1972,-46,0,0
1973,-45,0,0
1974,-44,0,0
1975,-44,0,0
1976,-43,0,0
1977,-42,0,0
1978,-42,0,0
1979,-41,0,0
1980,-40,0,0
1981,-39,0,0
1982,-39,0,0
1983,-38,0,0
1984,-37,0,0
1985,-37,0,0
1986,-36,0,0
1987,-35,0,0
1988,-34,0,0
1989,-34,0,0
1990,-33,0,0
1991,-32,0,0
1992,-32,0,0
1993,-31,0,0
1994,-30,0,0
1995,-29,0,0
1996,-28,0,0
1997,-27,0,0
1998,-26,0,0
1999,-26,0,0
2000,-25,0,0
2001,-24,0,0
2002,-23,0,0
2003,-22,0,0
2004,-21,0,0
2005,-20,0,0
2006,-19,0,0
2007,-18,0,0
2008,-17,0,0
2009,-16,0,0
2010,-15,0,0
2011,-14,0,0
2012,-13,0,0
2013,-12,0,0
2014,-11,0,0
2015,-10,0,0
2016,-9,0,0
2017,-8,0,0
2018,-7,0,0
2019,-6,0,0
2020,-5,0,0
2021,-4,0,0
2022,-3,0,0
2023,-2,0,0
2024,-1,0,0
2025,0,0,0
2026,1,0,0
2027,2,0,0
2028,3,0,0
2029,3,0,0
2030,5,0,0
2031,6,0,0
2032,6,0,0
2033,7,0,0
2034,9,0,0
2035,10,0,0
2036,11,0,0
2037,12,0,0
2038,13,0,0
2039,14,0,0
2040,15,0,0
2041,16,0,0
2042,17,0,0
2043,18,0,0
2044,19,0,0
2045,20,0,0
2046,21,0,0
2047,22,0,0
2048,23,0,0
2049,24,0,0
2050,25,0,0
2051,26,0,0
2052,27,0,0
2053,28,0,0
2054,29,0,0
2055,30,0,0
2056,31,0,0
2057,32,0,0
2058,32,0,0
2059,33,0,0
2060,34,0,0
2061,35,0,0
2062,36,0,0
2063,37,0,0
2064,38,0,0
2065,38,0,0
2066,39,0,0
2067,40,0,0
2068,40,0,0
2069,41,0,0
2070,42,0,0
2071,43,0,0
2072,43,0,0
2073,44,0,0
2074,45,0,0
2075,45,0,0
2076,46,0,0
2077,47,0,0
2078,47,0,0
2079,48,0,0
2080,48,0,0
2081,49,0,0
2082,50,0,0
2083,50,0,0
2084,51,0,0
2085,52,0,0
2086,52,0,0
2087,53,0,0
2088,54,0,0
2089,54,0,0
2090,55,0,0
2091,56,0,0
2092,56,0,0
2093,57,0,0
2094,58,0,0
2095,58,0,0
2096,59,0,0
2097,60,0,0
2098,60,0,0
2099,61,0,0
2100,62,0,0
2101,62,0,0
2102,63,0,0
2103,63,0,0
2104,64,0,0
2105,65,0,0
2106,65,0,0
2107,66,0,0
2108,66,0,0
2109,67,0,0
2110,68,0,0
2111,68,0,0
2112,69,0,0
2113,69,0,0
2114,70,0,0
2115,70,0,0
2116,70,0,0
2117,71,0,0
2118,71,0,0
2119,72,0,0
2120,72,0,0
2121,72,0,0
2122,73,0,0
2123,73,0,0
2124,73,0,0
2125,73,0,0
2126,74,0,0
2127,74,0,0
2128,74,0,0
2129,74,0,0
2130,75,0,0
2131,74,0,0
2132,75,0,0
2133,75,0,0
2134,75,0,0
2135,75,0,0
2136,75,0,0
2137,75,0,0
2138,75,0,0
2139,75,0,0
2140,75,0,0
2141,75,0,0
2142,75,0,0
2143,75,0,0
2144,75,0,0
2145,75,0,0
2146,74,0,0
2147,74,0,0
2148,74,0,0
2149,74,0,0
2150,74,0,0
2151,74,0,0
2152,74,0,0
2153,73,0,0
2154,73,0,0
2155,73,0,0
2156,73,0,0
2157,73,0,0
2158,72,0,0
2159,72,0,0
2160,72,0,0
2161,71,0,0
2162,71,0,0
2163,71,0,0
2164,71,0,0
2165,70,0,0
2166,70,0,0
2167,70,0,0
2168,69,0,0
2169,69,0,0
2170,68,0,0
2171,68,0,0
2172,67,0,0
2173,67,0,0
2174,66,0,0
2175,66,0,0
2176,66,0,0
2177,65,0,0
2178,64,0,0
2179,64,0,0
2180,63,0,0
2181,62,0,0
2182,62,0,0
2183,61,0,0
2184,60,0,0
2185,60,0,0
2186,59,0,0
2187,58,0,0
2188,58,0,0
2189,57,0,0
2190,56,0,0
2191,56,0,0
2192,55,0,0
2193,54,0,0
2194,54,0,0
2195,53,0,0
2196,53,0,0
2197,52,0,0
2198,51,0,0
2199,50,0,0
2200,50,0,0
2201,49,0,0
2202,48,0,0
2203,47,0,0
2204,47,0,0
2205,46,0,0
2206,45,0,0
2207,44,0,0
2208,43,0,0
2209,42,0,0
2210,41,0,0
2211,40,0,0
2212,39,0,0
2213,38,0,0
2214,37,0,0
2215,36,0,0
2216,34,0,0
2217,33,0,0
2218,32,0,0
2219,30,0,0
2220,29,0,0
2221,28,0,0
2222,26,0,0
2223,25,0,0
2224,23,0,0
2225,22,0,0
2226,20,0,0
2227,19,0,0
2228,18,0,0
2229,16,0,0
2230,15,0,0
2231,13,0,0
2232,12,0,0
2233,10,0,0
2234,9,0,0
2235,8,0,0
2236,6,0,0
2237,5,0,0
2238,4,0,0
2239,2,0,0
2240,1,0,0
2241,0,0,0
2242,-2,0,0
2243,-3,0,0
2244,-4,0,0
2245,-5,0,0
2246,-7,0,0
2247,-8,0,0
2248,-9,0,0
2249,-11,0,0
2250,-12,0,0
2251,-14,0,0
2252,-15,0,0
2253,-16,0,0
2254,-18,0,0
2255,-20,0,0
2256,-21,0,0
2257,-23,0,0
2258,-24,0,0
2259,-26,0,0
2260,-28,0,0
2261,-29,0,0
2262,-31,0,0
2263,-33,0,0
2264,-35,0,0
2265,-37,0,0
2266,-39,0,0
2267,-41,0,0
2268,-43,0,0
2269,-44,0,0
2270,-46,0,0
2271,-48,0,0
2272,-50,0,0
2273,-52,0,0
2274,-54,0,0
2275,-56,0,0
2276,-58,0,0
2277,-60,0,0
2278,-62,0,0
2279,-64,0,0
2280,-66,0,0
2281,-68,0,0
2282,-70,0,0
2283,-72,0,0
2284,-73,0,0
2285,-75,0,0
2286,-77,0,0
2287,-79,0,0
2288,-81,0,0
2289,-83,0,0
2290,-85,0,0
2291,-87,0,0
2292,-88,0,0
2293,-90,0,0
2294,-92,0,0
2295,-94,0,0
2296,-96,0,0
2297,-98,0,0
2298,-100,0,0
2299,-102,0,0
2300,-104,0,0
2301,-106,0,0
2302,-108,0,0
2303,-110,0,0
2304,-112,0,0
2305,-114,0,0
2306,-116,0,0
2307,-118,0,0
2308,-120,0,0
2309,-122,0,0
2310,-124,0,0
2311,-126,0,0
2312,-128,0,0
2313,-130,0,0
2314,-132,0,0
2315,-134,0,0
2316,-136,0,0
2317,-138,0,0
2318,-140,0,0
2319,-142,0,0
2320,-144,0,0
2321,-146,0,0
2322,-148,0,0
2323,-149,0,0
2324,-151,0,0
2325,-153,0,0
2326,-155,0,0
2327,-157,0,0
2328,-159,0,0
2329,-161,0,0
2330,-163,0,0
2331,-165,0,0
2332,-167,0,0
2333,-169,0,0
2334,-171,0,0
2335,-173,0,0
2336,-175,0,0
2337,-177,0,0
2338,-179,0,0
2339,-181,0,0
2340,-183,0,0
2341,-185,0,0
2342,-187,0,0
2343,-189,0,0
2344,-191,0,0
2345,-194,0,0
2346,-196,0,0
2347,-198,0,0
2348,-200,0,0
2349,-202,0,0
2350,-204,0,0
2351,-206,0,0
2352,-208,0,0
2353,-210,0,0
2354,-212,0,0
2355,-215,0,0
2356,-216,0,0
2357,-218,0,0
2358,-220,0,0
2359,-222,0,0
2360,-224,0,0
2361,-226,0,0
2362,-228,0,0
2363,-230,0,0
2364,-231,0,0
2365,-233,0,0
2366,-235,0,0
2367,-237,0,0
2368,-238,0,0
2369,-240,0,0
2370,-242,0,0
2371,-243,0,0
2372,-245,0,0
2373,-247,0,0
2374,-248,0,0
2375,-250,0,0
2376,-252,0,0
2377,-253,0,0
2378,-255,0,0
2379,-257,0,0
2380,-258,0,0
2381,-260,0,0
2382,-262,0,0
2383,-263,0,0
2384,-265,0,0
2385,-267,0,0
2386,-269,0,0
2387,-270,0,0
2388,-272,0,0
2389,-274,0,0
2390,-275,0,0
2391,-277,0,0
2392,-279,0,0
2393,-281,0,0
2394,-283,0,0
2395,-284,0,0
2396,-286,0,0
2397,-288,0,0
2398,-289,0,0
2399,-291,0,0
2400,-293,0,0
2401,-294,0,0
2402,-296,0,0
2403,-297,0,0
2404,-299,0,0
2405,-300,0,0
2406,-302,0,0
2407,-304,0,0
2408,-305,0,0
2409,-307,0,0
2410,-308,0,0
2411,-309,0,0
2412,-311,0,0
2413,-312,0,0
2414,-314,0,0
2415,-315,0,0
2416,-316,0,0
2417,-317,0,0
2418,-319,0,0
2419,-320,0,0
2420,-321,0,0
2421,-322,0,0
2422,-323,0,0
2423,-324,0,0
2424,-325,0,0
2425,-326,0,0
2426,-327,0,0
2427,-328,0,0
2428,-329,0,0
2429,-330,0,0
2430,-331,0,0
2431,-332,0,0
2432,-333,0,0
2433,-334,0,0
2434,-335,0,0
2435,-336,0,0
2436,-337,0,0
2437,-338,0,0
2438,-339,0,0
2439,-340,0,0
2440,-341,0,0
2441,-341,0,0
2442,-342,0,0
2443,-343,0,0
2444,-344,0,0
2445,-345,0,0
2446,-346,0,0
2447,-347,0,0
2448,-347,0,0
2449,-348,0,0
2450,-349,0,0
2451,-350,0,0
2452,-350,0,0
2453,-351,0,0
2454,-352,0,0
2455,-352,0,0
2456,-353,0,0
2457,-353,0,0
2458,-354,0,0
2459,-355,0,0
2460,-355,0,0
2461,-356,0,0
2462,-356,0,0
2463,-356,0,0
2464,-357,0,0
2465,-357,0,0
2466,-358,0,0
2467,-358,0,0
2468,-358,0,0
2469,-358,0,0
2470,-359,0,0
2471,-359,0,0
2472,-359,0,0
2473,-359,0,0
2474,-359,0,0
2475,-359,0,0
2476,-360,0,0
2477,-360,0,0
2478,-360,0,0
2479,-360,0,0
2480,-360,0,0
2481,-360,0,0
2482,-360,0,0
2483,-360,0,0
2484,-360,0,0
2485,-360,0,0
2486,-360,0,0
2487,-360,0,0
2488,-360,0,0
2489,-360,0,0
2490,-360,0,0
2491,-360,0,0
2492,-360,0,0
2493,-360,0,0
2494,-360,0,0
2495,-360,0,0
2496,-359,0,0
2497,-359,0,0
2498,-359,0,0
2499,-359,0,0
2500,-358,0,0
2501,-358,0,0
2502,-358,0,0
2503,-357,0,0
2504,-357,0,0
2505,-357,0,0
2506,-356,0,0
2507,-356,0,0
2508,-355,0,0
2509,-355,0,0
2510,-354,0,0
2511,-354,0,0
2512,-353,0,0
2513,-352,0,0
2514,-352,0,0
2515,-351,0,0
2516,-350,0,0
2517,-349,0,0
2518,-348,0,0
2519,-348,0,0
2520,-346,0,0
2521,-346,0,0
2522,-345,0,0
2523,-344,0,0
2524,-343,0,0
2525,-342,0,0
2526,-340,0,0
2527,-339,0,0
2528,-338,0,0
2529,-337,0,0
2530,-336,0,0
2531,-335,0,0
2532,-334,0,0
2533,-332,0,0
2534,-331,0,0
2535,-330,0,0
2536,-328,0,0
2537,-327,0,0
2538,-326,0,0
2539,-325,0,0
2540,-323,0,0
2541,-322,0,0
2542,-321,0,0
2543,-319,0,0
2544,-318,0,0
2545,-317,0,0
2546,-315,0,0
2547,-314,0,0
2548,-313,0,0
2549,-311,0,0
2550,-310,0,0
2551,-309,0,0
2552,-307,0,0
2553,-306,0,0
2554,-304,0,0
2555,-303,0,0
2556,-301,0,0
2557,-300,0,0
2558,-298,0,0
2559,-296,0,0
2560,-295,0,0
2561,-293,0,0
2562,-291,0,0
2563,-289,0,0
2564,-288,0,0
2565,-286,0,0
2566,-284,0,0
2567,-282,0,0
2568,-280,0,0
2569,-278,0,0
2570,-276,0,0
2571,-274,0,0
2572,-272,0,0
2573,-270,0,0
2574,-268,0,0
2575,-266,0,0
2576,-264,0,0
2577,-262,0,0
2578,-260,0,0
2579,-258,0,0
2580,-256,0,0
2581,-254,0,0
2582,-252,0,0
2583,-250,0,0
2584,-248,0,0
2585,-246,0,0
2586,-244,0,0
2587,-242,0,0
2588,-240,0,0
2589,-238,0,0
2590,-236,0,0
2591,-233,0,0
2592,-231,0,0
2593,-229,0,0
2594,-227,0,0
2595,-225,0,0
2596,-223,0,0
2597,-220,0,0
2598,-218,0,0
2599,-216,0,0
2600,-214,0,0
2601,-211,0,0
2602,-209,0,0
2603,-206,0,0
2604,-204,0,0
2605,-201,0,0
2606,-199,0,0
2607,-196,0,0
2608,-194,0,0
2609,-191,0,0
2610,-189,0,0
2611,-186,0,0
2612,-183,0,0
2613,-181,0,0
2614,-178,0,0
2615,-175,0,0
2616,-173,0,0
2617,-170,0,0
2618,-167,0,0
2619,-165,0,0
2620,-162,0,0
2621,-159,0,0
2622,-157,0,0
2623,-154,0,0
2624,-151,0,0
2625,-149,0,0
2626,-146,0,0
2627,-143,0,0
2628,-141,0,0
2629,-138,0,0
2630,-136,0,0
2631,-133,0,0
2632,-130,0,0
2633,-128,0,0
2634,-125,0,0
2635,-123,0,0
2636,-120,0,0
2637,-117,0,0
2638,-114,0,0
2639,-112,0,0
2640,-109,0,0
2641,-106,0,0
2642,-103,0,0
2643,-101,0,0
2644,-98,0,0
2645,-95,0,0
2646,-92,0,0
2647,-89,0,0
2648,-86,0,0
2649,-83,0,0
2650,-80,0,0
2651,-77,0,0
2652,-74,0,0
2653,-71,0,0
2654,-68,0,0
2655,-65,0,0
2656,-62,0,0
2657,-60,0,0
2658,-56,0,0
2659,-53,0,0
2660,-51,0,0
2661,-48,0,0
2662,-45,0,0
2663,-42,0,0
2664,-39,0,0
2665,-36,0,0
2666,-33,0,0
2667,-30,0,0
2668,-27,0,0
2669,-24,0,0
2670,-22,0,0
2671,-19,0,0
2672,-16,0,0
2673,-13,0,0
2674,-10,0,0
2675,-7,0,0
2676,-5,0,0
2677,-2,0,0
2678,1,0,0
2679,4,0,0
2680,7,0,0
2681,9,0,0
2682,12,0,0
2683,15,0,0
2684,18,0,0
2685,21,0,0
2686,24,0,0
2687,27,0,0
2688,29,0,0
2689,32,0,0
2690,35,0,0
2691,38,0,0
2692,41,0,0
2693,44,0,0
2694,47,0,0
2695,50,0,0
2696,53,0,0
2697,56,0,0
2698,59,0,0
2699,62,0,0
2700,65,0,0
2701,68,0,0
2702,71,0,0
2703,74,0,0
2704,77,0,0
2705,80,0,0
2706,83,0,0
2707,86,0,0
2708,89,0,0
2709,92,0,0
2710,95,0,0
2711,98,0,0
2712,101,0,0
2713,104,0,0
2714,107,0,0
2715,110,0,0
2716,113,0,0
2717,116,0,0
2718,119,0,0
2719,121,0,0
2720,124,0,0
2721,127,0,0
2722,130,0,0
2723,132,0,0
2724,135,0,0
2725,138,0,0
2726,140,0,0
2727,143,0,0
2728,146,0,0
2729,148,0,0
2730,151,0,0
2731,153,0,0
2732,156,0,0
2733,158,0,0
2734,161,0,0
2735,163,0,0
2736,166,0,0
2737,168,0,0
2738,171,0,0
2739,173,0,0
2740,175,0,0
2741,178,0,0
2742,180,0,0
2743,183,0,0
2744,185,0,0
2745,187,0,0
2746,190,0,0
2747,192,0,0
2748,195,0,0
2749,197,0,0
2750,199,0,0
2751,202,0,0
2752,204,0,0
2753,207,0,0
2754,209,0,0
2755,211,0,0
2756,214,0,0
2757,216,0,0
2758,219,0,0
2759,221,0,0
2760,224,0,0
2761,226,0,0
2762,228,0,0
2763,231,0,0
2764,233,0,0
2765,235,0,0
2766,238,0,0
2767,240,0,0
2768,242,0,0
2769,245,0,0
2770,247,0,0
2771,249,0,0
2772,251,0,0
2773,253,0,0
2774,255,0,0
2775,258,0,0
2776,260,0,0
2777,262,0,0
2778,264,0,0
2779,266,0,0
2780,268,0,0
2781,269,0,0
2782,271,0,0
2783,273,0,0
2784,275,0,0
2785,277,0,0
2786,279,0,0
2787,280,0,0
2788,282,0,0
2789,284,0,0
2790,285,0,0
2791,287,0,0
2792,289,0,0
2793,290,0,0
2794,292,0,0
2795,294,0,0
2796,295,0,0
2797,297,0,0
2798,298,0,0
2799,300,0,0
2800,302,0,0
2801,303,0,0
2802,305,0,0
2803,306,0,0
2804,308,0,0
2805,309,0,0
2806,311,0,0
2807,312,0,0
2808,314,0,0
2809,315,0,0
2810,317,0,0
2811,318,0,0
2812,319,0,0
2813,321,0,0
2814,322,0,0
2815,323,0,0
2816,325,0,0
2817,326,0,0
2818,327,0,0
2819,329,0,0
2820,330,0,0
2821,331,0,0
2822,332,0,0
2823,333,0,0
2824,334,0,0
2825,335,0,0
2826,336,0,0
2827,337,0,0
2828,338,0,0
2829,339,0,0
2830,340,0,0
2831,341,0,0
2832,342,0,0
2833,342,0,0
2834,343,0,0
2835,344,0,0
2836,345,0,0
2837,346,0,0
2838,346,0,0
2839,347,0,0
2840,348,0,0
2841,348,0,0
2842,349,0,0
2843,350,0,0
2844,350,0,0
2845,351,0,0
2846,352,0,0
2847,352,0,0
2848,353,0,0
2849,353,0,0
2850,354,0,0
2851,355,0,0
2852,355,0,0
2853,356,0,0
2854,356,0,0
2855,357,0,0
2856,357,0,0
2857,358,0,0
2858,358,0,0
2859,359,0,0
2860,359,0,0
2861,359,0,0
2862,359,0,0
2863,360,0,0
2864,360,0,0
2865,360,0,0
2866,360,0,0
2867,360,0,0
2868,361,0,0
2869,360,0,0
2870,361,0,0
2871,360,0,0
2872,360,0,0
2873,360,0,0
2874,360,0,0
2875,360,0,0
2876,360,0,0
2877,360,0,0
2878,359,0,0
2879,359,0,0
2880,359,0,0
2881,359,0,0
2882,358,0,0
2883,358,0,0
2884,358,0,0
2885,357,0,0
2886,357,0,0
2887,357,0,0
2888,356,0,0
2889,356,0,0
2890,356,0,0
2891,355,0,0
2892,355,0,0
2893,354,0,0
2894,354,0,0
2895,353,0,0
2896,353,0,0
2897,352,0,0
2898,352,0,0
2899,351,0,0
2900,351,0,0
2901,350,0,0
2902,349,0,0
2903,349,0,0
2904,348,0,0
2905,347,0,0
2906,347,0,0
2907,346,0,0
2908,345,0,0
2909,344,0,0
2910,344,0,0
2911,343,0,0
2912,342,0,0
2913,341,0,0
2914,340,0,0
2915,339,0,0
2916,338,0,0
2917,338,0,0
2918,337,0,0
2919,336,0,0
2920,335,0,0
2921,334,0,0
2922,333,0,0
2923,332,0,0
2924,331,0,0
2925,330,0,0
2926,329,0,0
2927,328,0,0
2928,327,0,0
2929,326,0,0
2930,325,0,0
2931,324,0,0
2932,322,0,0
2933,321,0,0
2934,320,0,0
2935,319,0,0
2936,318,0,0
2937,316,0,0
2938,315,0,0
2939,314,0,0
2940,313,0,0
2941,311,0,0
2942,310,0,0
2943,308,0,0
2944,307,0,0
2945,305,0,0
2946,304,0,0
2947,303,0,0
2948,301,0,0
2949,299,0,0
2950,298,0,0
2951,296,0,0
2952,294,0,0
2953,293,0,0
2954,291,0,0
2955,290,0,0
2956,288,0,0
2957,286,0,0
2958,285,0,0
2959,283,0,0
2960,282,0,0
2961,280,0,0
2962,278,0,0
2963,277,0,0
2964,275,0,0
2965,273,0,0
2966,272,0,0
2967,270,0,0
2968,269,0,0
2969,267,0,0
2970,265,0,0
2971,264,0,0
2972,262,0,0
2973,261,0,0
2974,259,0,0
2975,257,0,0
2976,255,0,0
2977,254,0,0
2978,252,0,0
2979,250,0,0
2980,249,0,0
2981,247,0,0
2982,245,0,0
2983,243,0,0
2984,242,0,0
2985,240,0,0
2986,238,0,0
2987,236,0,0
2988,234,0,0
2989,232,0,0
2990,230,0,0
2991,228,0,0
2992,227,0,0
2993,225,0,0
2994,223,0,0
2995,221,0,0
2996,219,0,0
2997,217,0,0
2998,215,0,0
2999,213,0,0
3000,211,0,0
3001,209,0,0
3002,207,0,0
3003,205,0,0
3004,203,0,0
3005,201,0,0
3006,199,0,0
3007,197,0,0
3008,195,0,0
3009,193,0,0
3010,191,0,0
3011,189,0,0
3012,187,0,0
3013,185,0,0
3014,183,0,0
3015,181,0,0
3016,179,0,0
3017,177,0,0
3018,175,0,0
3019,173,0,0
3020,171,0,0
3021,169,0,0
3022,167,0,0
3023,165,0,0
3024,163,0,0
3025,161,0,0
3026,159,0,0
3027,157,0,0
3028,155,0,0
3029,153,0,0
3030,151,0,0
3031,149,0,0
3032,147,0,0
3033,145,0,0
3034,143,0,0
3035,141,0,0
3036,139,0,0
3037,137,0,0
3038,135,0,0
3039,133,0,0
3040,131,0,0
3041,129,0,0
3042,127,0,0
3043,125,0,0
3044,123,0,0
3045,121,0,0
3046,119,0,0
3047,117,0,0
3048,115,0,0
3049,113,0,0
3050,111,0,0
3051,109,0,0
3052,107,0,0
3053,105,0,0
3054,103,0,0
3055,101,0,0
3056,99,0,0
3057,97,0,0
3058,95,0,0
3059,93,0,0
3060,91,0,0
3061,89,0,0
3062,87,0,0
3063,85,0,0
3064,83,0,0
3065,81,0,0
3066,80,0,0
3067,77,0,0
3068,76,0,0
3069,74,0,0
3070,72,0,0
3071,70,0,0
3072,68,0,0
3073,66,0,0
3074,64,0,0
3075,63,0,0
3076,61,0,0
3077,59,0,0
3078,57,0,0
3079,56,0,0
3080,54,0,0
3081,52,0,0
3082,51,0,0
3083,49,0,0
3084,47,0,0
3085,46,0,0
3086,44,0,0
3087,42,0,0
3088,41,0,0
3089,39,0,0
3090,37,0,0
3091,36,0,0
3092,34,0,0
3093,33,0,0
3094,31,0,0
3095,29,0,0
3096,28,0,0
3097,26,0,0
3098,24,0,0
3099,23,0,0
3100,21,0,0
3101,20,0,0
3102,18,0,0
3103,17,0,0
3104,15,0,0
3105,13,0,0
3106,12,0,0
3107,10,0,0
3108,8,0,0
3109,7,0,0
3110,5,0,0
3111,3,0,0
3112,2,0,0
3113,1,0,0
3114,-1,0,0
3115,-3,0,0
3116,-4,0,0
3117,-6,0,0
3118,-7,0,0
3119,-9,0,0
3120,-10,0,0
3121,-12,0,0
3122,-13,0,0
3123,-15,0,0
3124,-16,0,0
3125,-17,0,0
3126,-19,0,0
3127,-20,0,0
3128,-21,0,0
3129,-23,0,0
3130,-24,0,0
3131,-25,0,0
3132,-26,0,0
3133,-27,0,0
3134,-29,0,0
3135,-30,0,0
3136,-31,0,0
3137,-32,0,0
3138,-33,0,0
3139,-34,0,0
3140,-35,0,0
3141,-37,0,0
3142,-37,0,0
3143,-39,0,0
3144,-40,0,0
3145,-41,0,0
3146,-42,0,0
3147,-43,0,0
3148,-44,0,0
3149,-45,0,0
3150,-46,0,0
3151,-47,0,0
3152,-48,0,0
3153,-49,0,0
3154,-50,0,0
3155,-51,0,0
3156,-52,0,0
3157,-53,0,0
3158,-54,0,0
3159,-55,0,0
3160,-56,0,0
3161,-57,0,0
3162,-58,0,0
3163,-59,0,0
3164,-60,0,0
3165,-60,0,0
3166,-61,0,0
3167,-62,0,0
3168,-63,0,0
3169,-63,0,0
3170,-64,0,0
3171,-65,0,0
3172,-65,0,0
3173,-66,0,0
3174,-66,0,0
3175,-67,0,0
3176,-67,0,0
3177,-67,0,0
3178,-68,0,0
3179,-68,0,0
3180,-68,0,0
3181,-69,0,0
3182,-69,0,0
3183,-69,0,0
3184,-69,0,0
3185,-69,0,0
3186,-70,0,0
3187,-70,0,0
3188,-70,0,0
3189,-70,0,0
3190,-70,0,0
3191,-71,0,0
3192,-71,0,0
3193,-71,0,0
3194,-71,0,0
3195,-71,0,0
3196,-71,0,0
3197,-72,0,0
3198,-72,0,0
3199,-72,0,0
3200,-72,0,0
3201,-72,0,0
3202,-73,0,0
3203,-73,0,0
3204,-73,0,0
3205,-74,0,0
3206,-74,0,0
3207,-74,0,0
3208,-74,0,0
3209,-74,0,0
3210,-74,0,0
3211,-75,0,0
3212,-75,0,0
3213,-75,0,0
3214,-75,0,0
3215,-75,0,0
3216,-75,0,0
3217,-75,0,0
3218,-75,0,0
3219,-75,0,0
3220,-75,0,0
3221,-75,0,0
3222,-75,0,0
3223,-75,0,0
3224,-75,0,0
3225,-74,0,0
3226,-74,0,0
3227,-74,0,0
3228,-74,0,0
3229,-73,0,0
3230,-73,0,0
3231,-73,0,0
3232,-72,0,0
3233,-72,0,0
3234,-72,0,0
3235,-71,0,0
3236,-71,0,0
3237,-70,0,0
3238,-70,0,0
3239,-69,0,0
3240,-69,0,0
3241,-68,0,0
3242,-68,0,0
3243,-68,0,0
3244,-67,0,0
3245,-67,0,0
3246,-66,0,0
3247,-66,0,0
3248,-65,0,0
3249,-65,0,0
3250,-64,0,0
3251,-64,0,0
3252,-64,0,0
3253,-63,0,0
3254,-62,0,0
3255,-62,0,0
3256,-62,0,0
3257,-61,0,0
3258,-61,0,0
3259,-60,0,0
3260,-60,0,0
3261,-59,0,0
3262,-59,0,0
3263,-58,0,0
3264,-57,0,0
3265,-57,0,0
3266,-56,0,0
3267,-56,0,0
3268,-55,0,0
3269,-54,0,0
3270,-54,0,0
3271,-53,0,0
3272,-52,0,0
3273,-51,0,0
3274,-51,0,0
3275,-50,0,0
3276,-49,0,0
3277,-48,0,0
3278,-48,0,0
3279,-47,0,0
3280,-46,0,0
3281,-45,0,0
3282,-44,0,0
3283,-44,0,0
3284,-43,0,0
3285,-42,0,0
3286,-41,0,0
3287,-40,0,0
3288,-39,0,0
3289,-38,0,0
3290,-38,0,0
3291,-36,0,0
3292,-36,0,0
3293,-35,0,0
3294,-34,0,0
3295,-33,0,0
3296,-32,0,0
3297,-31,0,0
3298,-30,0,0
3299,-29,0,0
3300,-28,0,0
3301,-27,0,0
3302,-26,0,0
3303,-25,0,0
3304,-25,0,0
3305,-24,0,0
3306,-23,0,0
3307,-22,0,0
3308,-21,0,0
3309,-20,0,0
3310,-19,0,0
3311,-19,0,0
3312,-18,0,0
3313,-17,0,0
3314,-16,0,0
3315,-15,0,0
3316,-14,0,0
3317,-14,0,0
3318,-13,0,0
3319,-12,0,0
3320,-11,0,0
3321,-10,0,0
3322,-9,0,0
3323,-8,0,0
3324,-7,0,0
3325,-6,0,0
3326,-5,0,0
3327,-5,0,0
3328,-4,0,0
3329,-3,0,0
3330,-2,0,0
3331,-1,0,0
3332,0,0,0
3333,1,0,0
3334,2,0,0
3335,3,0,0
3336,4,0,0
3337,5,0,0
3338,7,0,0
3339,8,0,0
3340,8,0,0
3341,9,0,0
3342,11,0,0
3343,12,0,0
3344,13,0,0
3345,14,0,0
3346,15,0,0
3347,16,0,0
3348,17,0,0
3349,18,0,0
3350,19,0,0
3351,20,0,0
3352,21,0,0
3353,22,0,0
3354,23,0,0
3355,24,0,0
3356,24,0,0
3357,26,0,0
3358,26,0,0
3359,27,0,0
3360,28,0,0
3361,29,0,0
3362,30,0,0
3363,31,0,0
3364,32,0,0
3365,33,0,0
3366,34,0,0
3367,35,0,0
3368,35,0,0
3369,36,0,0
3370,37,0,0
3371,38,0,0
3372,39,0,0
3373,40,0,0
3374,41,0,0
3375,41,0,0
3376,42,0,0
3377,43,0,0
3378,44,0,0
3379,45,0,0
3380,45,0,0
3381,46,0,0
3382,47,0,0
3383,48,0,0
3384,48,0,0
3385,49,0,0
3386,50,0,0
3387,51,0,0
3388,51,0,0
3389,52,0,0
3390,53,0,0
3391,53,0,0
3392,54,0,0
3393,55,0,0
3394,55,0,0
3395,56,0,0
3396,57,0,0
3397,57,0,0
3398,58,0,0
3399,58,0,0
3400,59,0,0
3401,59,0,0
3402,60,0,0
3403,60,0,0
3404,61,0,0
3405,61,0,0
3406,62,0,0
3407,62,0,0
3408,63,0,0
3409,63,0,0
3410,64,0,0
3411,64,0,0
3412,65,0,0
3413,65,0,0
3414,66,0,0
3415,66,0,0
3416,67,0,0
3417,67,0,0
3418,67,0,0
3419,68,0,0
3420,68,0,0
3421,69,0,0
3422,69,0,0
3423,69,0,0
3424,70,0,0
3425,70,0,0
3426,70,0,0
3427,71,0,0
3428,71,0,0
3429,71,0,0
3430,71,0,0
3431,72,0,0
3432,72,0,0
3433,72,0,0
3434,72,0,0
3435,72,0,0
3436,73,0,0
3437,73,0,0
3438,73,0,0
3439,73,0,0
3440,73,0,0
3441,73,0,0
3442,73,0,0
3443,73,0,0
3444,73,0,0
3445,73,0,0
3446,73,0,0
3447,74,0,0
3448,74,0,0
3449,73,0,0
3450,74,0,0
3451,73,0,0
3452,73,0,0
3453,73,0,0
3454,73,0,0
3455,73,0,0
3456,73,0,0
3457,73,0,0
3458,73,0,0
3459,73,0,0
3460,73,0,0
3461,73,0,0
3462,73,0,0
3463,73,0,0
3464,72,0,0
3465,72,0,0
3466,72,0,0
3467,72,0,0
3468,72,0,0
3469,71,0,0
3470,71,0,0
3471,71,0,0
3472,71,0,0
3473,71,0,0
3474,70,0,0
3475,70,0,0
3476,70,0,0
3477,69,0,0
3478,69,0,0
3479,68,0,0
3480,68,0,0
3481,67,0,0
3482,67,0,0
3483,66,0,0
3484,66,0,0
3485,65,0,0
3486,64,0,0
3487,64,0,0
3488,63,0,0
3489,62,0,0
3490,62,0,0
3491,61,0,0
3492,60,0,0
3493,59,0,0
3494,59,0,0
3495,58,0,0
3496,57,0,0
3497,56,0,0
3498,55,0,0
3499,54,0,0
3500,54,0,0
3501,53,0,0
3502,52,0,0
3503,51,0,0
3504,50,0,0
3505,49,0,0
3506,49,0,0
3507,48,0,0
3508,47,0,0
3509,46,0,0
3510,45,0,0
3511,44,0,0
3512,43,0,0
3513,42,0,0
3514,41,0,0
3515,41,0,0
3516,40,0,0
3517,39,0,0
3518,38,0,0
3519,37,0,0
3520,36,0,0
3521,35,0,0
3522,34,0,0
3523,33,0,0
3524,32,0,0
3525,31,0,0
3526,29,0,0
3527,28,0,0
3528,27,0,0
3529,26,0,0
3530,25,0,0
3531,23,0,0
3532,22,0,0
3533,21,0,0
3534,19,0,0
3535,18,0,0
3536,17,0,0
3537,16,0,0
3538,14,0,0
3539,13,0,0
3540,11,0,0
3541,10,0,0
3542,9,0,0
3543,7,0,0
3544,6,0,0
3545,4,0,0
3546,3,0,0
3547,1,0,0
3548,0,0,0
3549,-1,0,0
3550,-3,0,0
3551,-5,0,0
3552,-6,0,0
3553,-8,0,0
3554,-9,0,0
3555,-11,0,0
3556,-13,0,0
3557,-14,0,0
3558,-16,0,0
3559,-18,0,0
3560,-19,0,0
3561,-21,0,0
3562,-22,0,0
3563,-24,0,0
3564,-26,0,0
3565,-28,0,0
3566,-29,0,0
3567,-31,0,0
3568,-33,0,0
3569,-34,0,0
3570,-36,0,0
3571,-38,0,0
3572,-39,0,0
3573,-41,0,0
3574,-43,0,0
3575,-44,0,0
3576,-46,0,0
3577,-48,0,0
3578,-49,0,0
3579,-51,0,0
3580,-53,0,0
3581,-55,0,0
3582,-56,0,0
3583,-58,0,0
3584,-60,0,0
3585,-61,0,0
3586,-63,0,0
3587,-65,0,0
3588,-67,0,0
3589,-69,0,0
3590,-70,0,0
3591,-72,0,0
3592,-74,0,0
3593,-76,0,0
3594,-78,0,0
3595,-80,0,0
3596,-82,0,0
3597,-84,0,0
3598,-86,0,0
3599,-88,0,0
3600,-90,0,0
3601,-92,0,0
3602,-94,0,0
3603,-97,0,0
3604,-99,0,0
3605,-101,0,0
3606,-103,0,0
3607,-105,0,0
3608,-107,0,0
3609,-109,0,0
3610,-112,0,0
3611,-114,0,0
3612,-116,0,0
3613,-118,0,0
3614,-120,0,0
3615,-122,0,0
3616,-124,0,0
3617,-126,0,0
3618,-128,0,0
3619,-130,0,0
3620,-132,0,0
3621,-134,0,0
3622,-136,0,0
3623,-138,0,0
3624,-140,0,0
3625,-141,0,0
3626,-143,0,0
3627,-145,0,0
3628,-147,0,0
3629,-149,0,0
3630,-151,0,0
3631,-153,0,0
3632,-155,0,0
3633,-157,0,0
3634,-159,0,0
3635,-161,0,0
3636,-163,0,0
3637,-165,0,0
3638,-167,0,0
3639,-169,0,0
3640,-171,0,0
3641,-173,0,0
3642,-175,0,0
3643,-177,0,0
3644,-179,0,0
3645,-182,0,0
3646,-184,0,0
3647,-186,0,0
3648,-188,0,0
3649,-190,0,0
3650,-193,0,0
3651,-195,0,0
3652,-197,0,0
3653,-199,0,0
3654,-201,0,0
3655,-203,0,0
3656,-205,0,0
3657,-207,0,0
3658,-210,0,0
3659,-211,0,0
3660,-213,0,0
3661,-215,0,0
3662,-217,0,0
3663,-219,0,0
3664,-221,0,0
3665,-223,0,0
3666,-224,0,0
3667,-226,0,0
3668,-228,0,0
3669,-230,0,0
3670,-231,0,0
3671,-233,0,0
3672,-235,0,0
3673,-236,0,0
3674,-238,0,0
3675,-240,0,0
3676,-241,0,0
3677,-243,0,0
3678,-245,0,0
3679,-247,0,0
3680,-248,0,0
3681,-250,0,0
3682,-252,0,0
3683,-253,0,0
3684,-255,0,0
3685,-257,0,0
3686,-259,0,0
3687,-260,0,0
3688,-262,0,0
3689,-264,0,0
3690,-266,0,0
3691,-267,0,0
3692,-269,0,0
3693,-271,0,0
3694,-273,0,0
3695,-275,0,0
3696,-277,0,0
3697,-278,0,0
3698,-280,0,0
3699,-282,0,0
3700,-283,0,0
3701,-285,0,0
3702,-287,0,0
3703,-288,0,0
3704,-290,0,0
3705,-291,0,0
3706,-293,0,0
3707,-294,0,0
3708,-296,0,0
3709,-297,0,0
3710,-299,0,0
3711,-300,0,0
3712,-302,0,0
3713,-303,0,0
3714,-305,0,0
3715,-306,0,0
3716,-307,0,0
3717,-309,0,0
3718,-310,0,0
3719,-311,0,0
3720,-313,0,0
3721,-314,0,0
3722,-315,0,0
3723,-316,0,0
3724,-318,0,0
3725,-319,0,0
3726,-320,0,0
3727,-321,0,0
3728,-323,0,0
3729,-324,0,0
3730,-325,0,0
3731,-326,0,0
3732,-327,0,0
3733,-328,0,0
3734,-330,0,0
3735,-331,0,0
3736,-331,0,0
3737,-332,0,0
3738,-334,0,0
3739,-335,0,0
3740,-336,0,0
3741,-336,0,0
3742,-337,0,0
3743,-338,0,0
3744,-339,0,0
3745,-340,0,0
3746,-341,0,0
3747,-342,0,0
3748,-342,0,0
3749,-343,0,0
3750,-344,0,0
3751,-345,0,0
3752,-345,0,0
3753,-346,0,0
3754,-347,0,0
3755,-347,0,0
3756,-348,0,0
3757,-349,0,0
3758,-349,0,0
3759,-350,0,0
3760,-351,0,0
3761,-351,0,0
3762,-352,0,0
3763,-353,0,0
3764,-353,0,0
3765,-354,0,0
3766,-354,0,0
3767,-355,0,0
3768,-355,0,0
3769,-356,0,0
3770,-356,0,0
3771,-357,0,0
3772,-357,0,0
3773,-357,0,0
3774,-358,0,0
3775,-358,0,0
3776,-358,0,0
3777,-359,0,0
3778,-359,0,0
3779,-359,0,0
3780,-359,0,0
3781,-359,0,0
3782,-359,0,0
3783,-359,0,0
3784,-359,0,0
3785,-359,0,0
3786,-359,0,0
3787,-359,0,0
3788,-359,0,0
3789,-359,0,0
3790,-359,0,0
3791,-359,0,0
3792,-358,0,0
3793,-358,0,0
3794,-358,0,0
3795,-358,0,0
3796,-358,0,0
3797,-358,0,0
3798,-357,0,0
3799,-357,0,0
3800,-357,0,0
3801,-357,0,0
3802,-356,0,0
3803,-356,0,0
3804,-356,0,0
3805,-356,0,0
3806,-355,0,0
3807,-355,0,0
3808,-355,0,0
3809,-354,0,0
3810,-354,0,0
3811,-354,0,0
3812,-353,0,0
3813,-353,0,0
3814,-353,0,0
3815,-352,0,0
3816,-351,0,0
3817,-351,0,0
3818,-350,0,0
3819,-350,0,0
3820,-349,0,0
3821,-348,0,0
3822,-348,0,0
3823,-347,0,0
3824,-346,0,0
3825,-345,0,0
3826,-345,0,0
3827,-344,0,0
3828,-343,0,0
3829,-342,0,0
3830,-341,0,0
3831,-340,0,0
3832,-339,0,0
3833,-338,0,0
3834,-337,0,0
3835,-336,0,0
3836,-335,0,0
3837,-334,0,0
3838,-333,0,0
3839,-332,0,0
3840,-331,0,0
3841,-329,0,0
3842,-328,0,0
3843,-327,0,0
3844,-326,0,0
3845,-324,0,0
3846,-323,0,0
3847,-322,0,0
3848,-321,0,0
3849,-319,0,0
3850,-318,0,0
3851,-316,0,0
3852,-315,0,0
3853,-313,0,0
3854,-312,0,0
3855,-310,0,0
3856,-309,0,0
3857,-307,0,0
3858,-306,0,0
3859,-304,0,0
3860,-303,0,0
3861,-301,0,0
3862,-300,0,0
3863,-298,0,0
3864,-297,0,0
3865,-295,0,0
3866,-293,0,0
3867,-292,0,0
3868,-290,0,0
3869,-289,0,0
3870,-287,0,0
3871,-286,0,0
3872,-284,0,0
3873,-282,0,0
3874,-281,0,0
3875,-279,0,0
3876,-277,0,0
3877,-275,0,0
3878,-273,0,0
3879,-272,0,0
3880,-270,0,0
3881,-268,0,0
3882,-266,0,0
3883,-264,0,0
3884,-262,0,0
3885,-260,0,0
3886,-258,0,0
3887,-256,0,0
3888,-253,0,0
3889,-251,0,0
3890,-249,0,0
3891,-247,0,0
3892,-244,0,0
3893,-242,0,0
3894,-240,0,0
3895,-237,0,0
3896,-235,0,0
3897,-233,0,0
3898,-230,0,0
3899,-228,0,0
3900,-225,0,0
3901,-223,0,0
3902,-221,0,0
3903,-218,0,0
3904,-216,0,0
3905,-214,0,0
3906,-212,0,0
3907,-209,0,0
3908,-207,0,0
3909,-205,0,0
3910,-202,0,0
3911,-200,0,0
3912,-198,0,0
3913,-196,0,0
3914,-194,0,0
3915,-191,0,0
3916,-189,0,0
3917,-187,0,0
3918,-184,0,0
3919,-182,0,0
3920,-180,0,0
3921,-177,0,0
3922,-175,0,0
3923,-172,0,0
3924,-170,0,0
3925,-167,0,0
3926,-165,0,0
3927,-162,0,0
3928,-159,0,0
3929,-157,0,0
3930,-154,0,0
3931,-151,0,0
3932,-149,0,0
3933,-146,0,0
3934,-143,0,0
3935,-140,0,0
3936,-137,0,0
3937,-135,0,0
3938,-132,0,0
3939,-129,0,0
3940,-126,0,0
3941,-123,0,0
3942,-120,0,0
3943,-117,0,0
3944,-115,0,0
3945,-112,0,0
3946,-109,0,0
3947,-106,0,0
3948,-103,0,0
3949,-101,0,0
3950,-98,0,0
3951,-95,0,0
3952,-92,0,0
3953,-89,0,0
3954,-86,0,0
3955,-84,0,0
3956,-81,0,0
3957,-78,0,0
3958,-75,0,0
3959,-73,0,0
3960,-70,0,0
3961,-67,0,0
3962,-64,0,0
3963,-61,0,0
3964,-59,0,0
3965,-55,0,0
3966,-53,0,0
3967,-50,0,0
3968,-47,0,0
3969,-44,0,0
3970,-41,0,0
3971,-38,0,0
3972,-35,0,0
3973,-33,0,0
3974,-29,0,0
3975,-26,0,0
3976,-23,0,0
3977,-21,0,0
3978,-18,0,0
3979,-15,0,0
3980,-12,0,0
3981,-9,0,0
3982,-6,0,0
3983,-3,0,0
3984,0,0,0
3985,3,0,0
3986,6,0,0
3987,9,0,0
3988,12,0,0
3989,15,0,0
3990,18,0,0
3991,21,0,0
3992,24,0,0
3993,27,0,0
3994,30,0,0
3995,33,0,0
3996,37,0,0
3997,39,0,0
3998,42,0,0
3999,45,0,0
4000,48,0,0
4001,51,0,0
4002,54,0,0
4003,57,0,0
4004,60,0,0
4005,63,0,0
4006,66,0,0
4007,69,0,0
4008,72,0,0
4009,75,0,0
4010,78,0,0
4011,80,0,0
4012,83,0,0
4013,86,0,0
4014,89,0,0
4015,91,0,0
4016,94,0,0
4017,97,0,0
4018,100,0,0
4019,102,0,0
4020,105,0,0
4021,108,0,0
4022,111,0,0
4023,113,0,0
4024,116,0,0
4025,119,0,0
4026,122,0,0
4027,124,0,0
4028,127,0,0
4029,130,0,0
4030,133,0,0
4031,135,0,0
4032,138,0,0
4033,141,0,0
4034,144,0,0
4035,146,0,0
4036,149,0,0
4037,152,0,0
4038,154,0,0
4039,157,0,0
4040,160,0,0
4041,162,0,0
4042,165,0,0
4043,168,0,0
4044,170,0,0
4045,173,0,0
4046,176,0,0
4047,178,0,0
4048,180,0,0
4049,183,0,0
4050,185,0,0
4051,188,0,0
4052,190,0,0
4053,193,0,0
4054,195,0,0
4055,198,0,0
4056,200,0,0
4057,203,0,0
4058,205,0,0
4059,207,0,0
4060,210,0,0
4061,212,0,0
4062,214,0,0
4063,217,0,0
4064,219,0,0
4065,222,0,0
4066,224,0,0
4067,226,0,0
4068,228,0,0
4069,231,0,0
4070,233,0,0
4071,236,0,0
4072,238,0,0
4073,240,0,0
4074,242,0,0
4075,244,0,0
4076,247,0,0
4077,249,0,0
4078,251,0,0
4079,253,0,0
4080,256,0,0
4081,258,0,0
4082,260,0,0
4083,262,0,0
4084,264,0,0
4085,266,0,0
4086,268,0,0
4087,270,0,0
4088,272,0,0
4089,274,0,0
4090,276,0,0
4091,277,0,0
4092,279,0,0
4093,281,0,0
4094,283,0,0
4095,284,0,0
4096,286,0,0
4097,288,0,0
4098,289,0,0
4099,291,0,0
4100,293,0,0
4101,294,0,0
4102,296,0,0
4103,297,0,0
4104,299,0,0
4105,300,0,0
4106,302,0,0
4107,303,0,0
4108,304,0,0
4109,306,0,0
4110,307,0,0
4111,309,0,0
4112,310,0,0
4113,311,0,0
4114,313,0,0
4115,314,0,0
4116,316,0,0
4117,317,0,0
4118,318,0,0
4119,319,0,0
4120,320,0,0
4121,322,0,0
4122,323,0,0
4123,324,0,0
4124,325,0,0
4125,326,0,0
4126,327,0,0
4127,328,0,0
4128,330,0,0
4129,331,0,0
4130,332,0,0
4131,333,0,0
4132,334,0,0
4133,335,0,0
4134,336,0,0
4135,337,0,0
4136,338,0,0
4137,339,0,0
4138,340,0,0
4139,341,0,0
4140,342,0,0
4141,343,0,0
4142,344,0,0
4143,345,0,0
4144,346,0,0
4145,347,0,0
4146,348,0,0
4147,349,0,0
4148,350,0,0
4149,350,0,0
4150,351,0,0
4151,352,0,0
4152,353,0,0
4153,353,0,0
4154,354,0,0
4155,354,0,0
4156,355,0,0
4157,356,0,0
4158,356,0,0
4159,357,0,0
4160,357,0,0
4161,357,0,0
4162,358,0,0
4163,358,0,0
4164,358,0,0
4165,358,0,0
4166,358,0,0
4167,359,0,0
4168,359,0,0
4169,359,0,0
4170,359,0,0
4171,359,0,0
4172,359,0,0
4173,359,0,0
4174,359,0,0
4175,358,0,0
4176,358,0,0
4177,358,0,0
4178,358,0,0
4179,358,0,0
4180,358,0,0
4181,358,0,0
4182,357,0,0
4183,357,0,0
4184,357,0,0
4185,357,0,0
4186,357,0,0
4187,357,0,0
4188,357,0,0
4189,357,0,0
4190,356,0,0
4191,356,0,0
4192,356,0,0
4193,356,0,0
4194,356,0,0
4195,356,0,0
4196,356,0,0
4197,356,0,0
4198,355,0,0
4199,355,0,0
4200,355,0,0
4201,355,0,0
4202,355,0,0
4203,354,0,0
4204,354,0,0
4205,354,0,0
4206,353,0,0
4207,353,0,0
4208,352,0,0
4209,352,0,0
4210,351,0,0
4211,351,0,0
4212,350,0,0
4213,349,0,0
4214,348,0,0
4215,347,0,0
4216,347,0,0
4217,346,0,0
4218,345,0,0
4219,344,0,0
4220,342,0,0
4221,341,0,0
4222,340,0,0
4223,339,0,0
4224,338,0,0
4225,337,0,0
4226,336,0,0
4227,334,0,0
4228,333,0,0
4229,332,0,0
4230,331,0,0
4231,329,0,0
4232,328,0,0
4233,326,0,0
4234,325,0,0
4235,324,0,0
4236,323,0,0
4237,322,0,0
4238,320,0,0
4239,319,0,0
4240,318,0,0
4241,317,0,0
4242,316,0,0
4243,314,0,0
4244,313,0,0
4245,312,0,0
4246,311,0,0
4247,309,0,0
4248,308,0,0
4249,307,0,0
4250,306,0,0
4251,304,0,0
4252,303,0,0
4253,302,0,0
4254,300,0,0
4255,299,0,0
4256,298,0,0
4257,296,0,0
4258,295,0,0
4259,294,0,0
4260,292,0,0
4261,291,0,0
4262,289,0,0
4263,288,0,0
4264,286,0,0
4265,284,0,0
4266,283,0,0
4267,281,0,0
4268,280,0,0
4269,278,0,0
4270,277,0,0
4271,275,0,0
4272,273,0,0
4273,271,0,0
4274,270,0,0
4275,268,0,0
4276,266,0,0
4277,265,0,0
4278,263,0,0
4279,261,0,0
4280,259,0,0
4281,258,0,0
4282,256,0,0
4283,254,0,0
4284,253,0,0
4285,251,0,0
4286,249,0,0
4287,248,0,0
4288,246,0,0
4289,244,0,0
4290,242,0,0
4291,241,0,0
4292,239,0,0
4293,237,0,0
4294,235,0,0
4295,233,0,0
4296,232,0,0
4297,230,0,0
4298,228,0,0
4299,226,0,0
4300,224,0,0
4301,222,0,0
4302,220,0,0
4303,218,0,0
4304,216,0,0
4305,214,0,0
4306,212,0,0
4307,210,0,0
4308,207,0,0
4309,205,0,0
4310,203,0,0
4311,201,0,0
4312,199,0,0
4313,197,0,0
4314,195,0,0
4315,193,0,0
4316,190,0,0
4317,188,0,0
4318,186,0,0
4319,184,0,0
4320,182,0,0
4321,180,0,0
4322,178,0,0
4323,175,0,0
4324,173,0,0
4325,172,0,0
4326,169,0,0
4327,167,0,0
4328,165,0,0
4329,163,0,0
4330,161,0,0
4331,159,0,0
4332,157,0,0
4333,155,0,0
4334,154,0,0
4335,152,0,0
4336,150,0,0
4337,148,0,0
4338,146,0,0
4339,144,0,0
4340,142,0,0
4341,140,0,0
4342,139,0,0
4343,137,0,0
4344,135,0,0
4345,133,0,0
4346,131,0,0
4347,129,0,0
4348,127,0,0
4349,125,0,0
4350,123,0,0
4351,122,0,0
4352,120,0,0
4353,118,0,0
4354,116,0,0
4355,114,0,0
4356,112,0,0
4357,110,0,0
4358,108,0,0
4359,106,0,0
4360,104,0,0
4361,102,0,0
4362,100,0,0
4363,98,0,0
4364,96,0,0
4365,94,0,0
4366,92,0,0
4367,90,0,0
4368,88,0,0
4369,86,0,0
4370,84,0,0
4371,82,0,0
4372,80,0,0
4373,78,0,0
4374,76,0,0
4375,75,0,0
4376,72,0,0
4377,71,0,0
4378,69,0,0
4379,67,0,0
4380,65,0,0
4381,63,0,0
4382,61,0,0
4383,60,0,0
4384,58,0,0
4385,56,0,0
4386,54,0,0
4387,53,0,0
4388,51,0,0
4389,49,0,0
4390,48,0,0
4391,46,0,0
4392,44,0,0
4393,43,0,0
4394,41,0,0
4395,39,0,0
4396,38,0,0
4397,36,0,0
4398,34,0,0
4399,33,0,0
4400,31,0,0
4401,29,0,0
4402,28,0,0
4403,26,0,0
4404,24,0,0
4405,23,0,0
4406,21,0,0
4407,19,0,0
4408,17,0,0
4409,16,0,0
4410,14,0,0
4411,12,0,0
4412,11,0,0
4413,9,0,0
4414,7,0,0
4415,5,0,0
4416,4,0,0
4417,2,0,0
4418,0,0,0
4419,-1,0,0
4420,-3,0,0
4421,-4,0,0
4422,-6,0,0
4423,-7,0,0
4424,-9,0,0
4425,-10,0,0
4426,-11,0,0
4427,-13,0,0
4428,-14,0,0
4429,-15,0,0
4430,-16,0,0
4431,-17,0,0
4432,-19,0,0
4433,-20,0,0
4434,-21,0,0
4435,-22,0,0
4436,-23,0,0
4437,-24,0,0
4438,-25,0,0
4439,-26,0,0
4440,-27,0,0
4441,-28,0,0
4442,-29,0,0
4443,-30,0,0
4444,-31,0,0
4445,-32,0,0
4446,-33,0,0
4447,-35,0,0
4448,-35,0,0
4449,-37,0,0
4450,-38,0,0
4451,-39,0,0
4452,-40,0,0
4453,-41,0,0
4454,-42,0,0
4455,-43,0,0
4456,-44,0,0
4457,-45,0,0
4458,-46,0,0
4459,-47,0,0
4460,-48,0,0
4461,-49,0,0
4462,-50,0,0
4463,-51,0,0
4464,-52,0,0
4465,-53,0,0
4466,-54,0,0
4467,-55,0,0
4468,-55,0,0
4469,-56,0,0
4470,-57,0,0
4471,-58,0,0
4472,-59,0,0
4473,-59,0,0
4474,-60,0,0
4475,-60,0,0
4476,-61,0,0
4477,-62,0,0
4478,-62,0,0
4479,-63,0,0
4480,-64,0,0
4481,-64,0,0
4482,-65,0,0
4483,-65,0,0
4484,-66,0,0
4485,-67,0,0
4486,-67,0,0
4487,-68,0,0
4488,-68,0,0
4489,-69,0,0
4490,-70,0,0
4491,-70,0,0
4492,-71,0,0
4493,-71,0,0
4494,-72,0,0
4495,-72,0,0
4496,-73,0,0
4497,-73,0,0
4498,-74,0,0
4499,-74,0,0
4500,-74,0,0
4501,-75,0,0
4502,-75,0,0
4503,-75,0,0
4504,-75,0,0
4505,-75,0,0
4506,-75,0,0
4507,-76,0,0
4508,-76,0,0
4509,-75,0,0
4510,-76,0,0
4511,-75,0,0
4512,-75,0,0
4513,-75,0,0
4514,-75,0,0
4515,-75,0,0
4516,-75,0,0
4517,-75,0,0
4518,-75,0,0
4519,-75,0,0
4520,-74,0,0
4521,-74,0,0
4522,-74,0,0
4523,-74,0,0
4524,-74,0,0
4525,-74,0,0
4526,-74,0,0
4527,-74,0,0
4528,-74,0,0
4529,-74,0,0
4530,-73,0,0
4531,-73,0,0
4532,-74,0,0
4533,-73,0,0
4534,-73,0,0
4535,-73,0,0
4536,-73,0,0
4537,-73,0,0
4538,-73,0,0
4539,-73,0,0
4540,-73,0,0
4541,-72,0,0
4542,-72,0,0
4543,-72,0,0
4544,-72,0,0
4545,-71,0,0
4546,-71,0,0
4547,-71,0,0
4548,-71,0,0
4549,-70,0,0
4550,-70,0,0
4551,-69,0,0
4552,-69,0,0
4553,-68,0,0
4554,-68,0,0
4555,-67,0,0
4556,-67,0,0
4557,-67,0,0
4558,-66,0,0
4559,-65,0,0
4560,-65,0,0
4561,-64,0,0
4562,-64,0,0
4563,-63,0,0
4564,-62,0,0
4565,-62,0,0
4566,-61,0,0
4567,-61,0,0
4568,-60,0,0
4569,-59,0,0
4570,-59,0,0
4571,-58,0,0
4572,-57,0,0
4573,-57,0,0
4574,-56,0,0
4575,-55,0,0
4576,-55,0,0
4577,-54,0,0
4578,-53,0,0
4579,-52,0,0
4580,-51,0,0
4581,-51,0,0
4582,-50,0,0
4583,-49,0,0
4584,-48,0,0
4585,-47,0,0
4586,-46,0,0
4587,-45,0,0
4588,-44,0,0
4589,-44,0,0
4590,-43,0,0
4591,-42,0,0
4592,-41,0,0
4593,-40,0,0
4594,-39,0,0
4595,-38,0,0
4596,-37,0,0
4597,-36,0,0
4598,-35,0,0
4599,-34,0,0
4600,-33,0,0
4601,-32,0,0
4602,-31,0,0
4603,-30,0,0
4604,-29,0,0
4605,-29,0,0
4606,-28,0,0
4607,-27,0,0
4608,-26,0,0
4609,-25,0,0
4610,-24,0,0
4611,-24,0,0
4612,-23,0,0
4613,-22,0,0
4614,-21,0,0
4615,-20,0,0
4616,-20,0,0
4617,-19,0,0
4618,-18,0,0
4619,-17,0,0
4620,-16,0,0
4621,-15,0,0
4622,-15,0,0
4623,-14,0,0
4624,-13,0,0
4625,-12,0,0
4626,-11,0,0
4627,-10,0,0
4628,-9,0,0
4629,-8,0,0
4630,-7,0,0
4631,-6,0,0
4632,-5,0,0
4633,-4,0,0
4634,-3,0,0
4635,-2,0,0
4636,-1,0,0
4637,0,0,0
4638,1,0,0
4639,2,0,0
4640,3,0,0
4641,4,0,0
4642,5,0,0
4643,6,0,0
4644,8,0,0
4645,8,0,0
4646,10,0,0
4647,10,0,0
4648,11,0,0
4649,12,0,0
4650,13,0,0
4651,14,0,0
4652,15,0,0
4653,16,0,0
4654,17,0,0
4655,18,0,0
4656,19,0,0
4657,19,0,0
4658,20,0,0
4659,21,0,0
4660,22,0,0
4661,22,0,0
4662,23,0,0
4663,24,0,0
4664,25,0,0
4665,26,0,0
4666,27,0,0
4667,27,0,0
4668,28,0,0
4669,29,0,0
4670,30,0,0
4671,31,0,0
4672,32,0,0
4673,33,0,0
4674,34,0,0
4675,35,0,0
4676,36,0,0
4677,36,0,0
4678,37,0,0
4679,38,0,0
4680,39,0,0
4681,40,0,0
4682,41,0,0
4683,42,0,0
4684,43,0,0
4685,44,0,0
4686,45,0,0
4687,46,0,0
4688,47,0,0
4689,48,0,0
4690,49,0,0
4691,50,0,0
4692,50,0,0
4693,51,0,0
4694,52,0,0
4695,53,0,0
4696,54,0,0
4697,55,0,0
4698,55,0,0
4699,56,0,0
4700,56,0,0
4701,57,0,0
4702,58,0,0
4703,58,0,0
4704,59,0,0
4705,60,0,0
4706,60,0,0
4707,60,0,0
4708,61,0,0
4709,61,0,0
4710,62,0,0
4711,62,0,0
4712,63,0,0
4713,63,0,0
4714,63,0,0
4715,64,0,0
4716,64,0,0
4717,64,0,0
4718,65,0,0
4719,65,0,0
4720,65,0,0
4721,66,0,0
4722,66,0,0
4723,67,0,0
4724,67,0,0
4725,67,0,0
4726,67,0,0
4727,68,0,0
4728,68,0,0
4729,69,0,0
4730,69,0,0
4731,69,0,0
4732,70,0,0
4733,70,0,0
4734,70,0,0
4735,71,0,0
4736,71,0,0
4737,72,0,0
4738,72,0,0
4739,72,0,0
4740,72,0,0
4741,73,0,0
4742,73,0,0
4743,73,0,0
4744,73,0,0
4745,74,0,0
4746,74,0,0
4747,74,0,0
4748,74,0,0
4749,75,0,0
4750,75,0,0
4751,75,0,0
4752,75,0,0
4753,75,0,0
4754,75,0,0
4755,75,0,0
4756,75,0,0
4757,75,0,0
4758,75,0,0
4759,75,0,0
4760,75,0,0
4761,75,0,0
4762,75,0,0
4763,75,0,0
4764,75,0,0
4765,75,0,0
4766,74,0,0
4767,74,0,0
4768,74,0,0
4769,74,0,0
4770,73,0,0
4771,73,0,0
4772,73,0,0
4773,72,0,0
4774,72,0,0
4775,72,0,0
4776,71,0,0
4777,71,0,0
4778,71,0,0
4779,70,0,0
4780,70,0,0
4781,69,0,0
4782,69,0,0
4783,68,0,0
4784,68,0,0
4785,67,0,0
4786,67,0,0
4787,66,0,0
4788,66,0,0
4789,65,0,0
4790,65,0,0
4791,64,0,0
4792,64,0,0
4793,63,0,0
4794,63,0,0
4795,62,0,0
4796,62,0,0
4797,61,0,0
4798,61,0,0
4799,60,0,0
4800,60,0,0
4801,59,0,0
4802,58,0,0
4803,58,0,0
4804,57,0,0
4805,57,0,0
4806,56,0,0
4807,55,0,0
4808,54,0,0
4809,54,0,0
4810,53,0,0
4811,52,0,0
4812,51,0,0
4813,50,0,0
4814,49,0,0
4815,48,0,0
4816,47,0,0
4817,46,0,0
4818,45,0,0
4819,44,0,0
4820,43,0,0
4821,41,0,0
4822,40,0,0
4823,39,0,0
4824,37,0,0
4825,36,0,0
4826,35,0,0
4827,34,0,0
4828,32,0,0
4829,31,0,0
4830,29,0,0
4831,28,0,0
4832,26,0,0
4833,25,0,0
4834,24,0,0
4835,22,0,0
4836,21,0,0
4837,19,0,0
4838,18,0,0
4839,17,0,0
4840,16,0,0
4841,14,0,0
4842,13,0,0
4843,12,0,0
4844,11,0,0
4845,9,0,0
4846,8,0,0
4847,7,0,0
4848,6,0,0
4849,4,0,0
4850,3,0,0
4851,2,0,0
4852,1,0,0
4853,-1,0,0
4854,-2,0,0
4855,-3,0,0
4856,-4,0,0
4857,-6,0,0
4858,-7,0,0
4859,-8,0,0
4860,-10,0,0
4861,-11,0,0
4862,-12,0,0
4863,-14,0,0
4864,-16,0,0
4865,-17,0,0
4866,-18,0,0
4867,-20,0,0
4868,-22,0,0
4869,-23,0,0
4870,-25,0,0
4871,-26,0,0
4872,-28,0,0
4873,-30,0,0
4874,-31,0,0
4875,-33,0,0
4876,-35,0,0
4877,-36,0,0
4878,-38,0,0
4879,-40,0,0
4880,-41,0,0
4881,-43,0,0
4882,-45,0,0
4883,-46,0,0
4884,-49,0,0
4885,-50,0,0
4886,-52,0,0
4887,-54,0,0
4888,-56,0,0
4889,-58,0,0
4890,-59,0,0
4891,-61,0,0
4892,-63,0,0
4893,-65,0,0
4894,-67,0,0
4895,-69,0,0
4896,-71,0,0
4897,-73,0,0
4898,-75,0,0
4899,-77,0,0
4900,-79,0,0
4901,-81,0,0
4902,-83,0,0
4903,-85,0,0
4904,-87,0,0
4905,-89,0,0
4906,-91,0,0
4907,-93,0,0
4908,-95,0,0
4909,-97,0,0
4910,-99,0,0
4911,-101,0,0
4912,-103,0,0
4913,-105,0,0
4914,-107,0,0
4915,-109,0,0
4916,-111,0,0
4917,-114,0,0
4918,-115,0,0
4919,-118,0,0
4920,-119,0,0
4921,-121,0,0
4922,-124,0,0
4923,-126,0,0
4924,-128,0,0
4925,-130,0,0
4926,-131,0,0
4927,-133,0,0
4928,-136,0,0
4929,-138,0,0
4930,-140,0,0
4931,-141,0,0
4932,-143,0,0
4933,-145,0,0
4934,-147,0,0
4935,-149,0,0
4936,-151,0,0
4937,-153,0,0
4938,-156,0,0
4939,-157,0,0
4940,-160,0,0
4941,-162,0,0
4942,-164,0,0
4943,-166,0,0
4944,-168,0,0
4945,-170,0,0
4946,-172,0,0
4947,-174,0,0
4948,-176,0,0
4949,-178,0,0
4950,-180,0,0
4951,-182,0,0
4952,-184,0,0
4953,-186,0,0
4954,-188,0,0
4955,-190,0,0
4956,-192,0,0
4957,-194,0,0
4958,-196,0,0
4959,-198,0,0
4960,-200,0,0
4961,-202,0,0
4962,-204,0,0
4963,-205,0,0
4964,-207,0,0
4965,-209,0,0
4966,-211,0,0
4967,-213,0,0
4968,-215,0,0
4969,-217,0,0
4970,-218,0,0
4971,-220,0,0
4972,-222,0,0
4973,-224,0,0
4974,-226,0,0
4975,-228,0,0
4976,-229,0,0
4977,-231,0,0
4978,-233,0,0
4979,-235,0,0
4980,-237,0,0
4981,-239,0,0
4982,-240,0,0
4983,-242,0,0
4984,-244,0,0
4985,-246,0,0
4986,-248,0,0
4987,-250,0,0
4988,-252,0,0
4989,-253,0,0
4990,-255,0,0
4991,-257,0,0
4992,-259,0,0
4993,-261,0,0
4994,-263,0,0
4995,-264,0,0
4996,-266,0,0
4997,-268,0,0
4998,-270,0,0
4999,-272,0,0
5000,-273,0,0
5001,-275,0,0
5002,-277,0,0
5003,-279,0,0
5004,-280,0,0
5005,-282,0,0
5006,-283,0,0
5007,-285,0,0
5008,-286,0,0
5009,-288,0,0
5010,-289,0,0
5011,-291,0,0
5012,-292,0,0
5013,-294,0,0
5014,-295,0,0
5015,-297,0,0
5016,-298,0,0
5017,-300,0,0
5018,-301,0,0
5019,-302,0,0
5020,-304,0,0
5021,-305,0,0
5022,-306,0,0
5023,-308,0,0
5024,-309,0,0
5025,-310,0,0
5026,-312,0,0
5027,-313,0,0
5028,-314,0,0
5029,-316,0,0
5030,-317,0,0
5031,-318,0,0
5032,-320,0,0
5033,-321,0,0
5034,-322,0,0
5035,-324,0,0
5036,-325,0,0
5037,-326,0,0
5038,-327,0,0
5039,-329,0,0
5040,-330,0,0
5041,-331,0,0
5042,-332,0,0
5043,-333,0,0
5044,-334,0,0
5045,-335,0,0
5046,-336,0,0
5047,-337,0,0
5048,-338,0,0
5049,-339,0,0
5050,-340,0,0
5051,-340,0,0
5052,-341,0,0
5053,-342,0,0
5054,-343,0,0
5055,-343,0,0
5056,-344,0,0
5057,-345,0,0
5058,-345,0,0
5059,-346,0,0
5060,-346,0,0
5061,-347,0,0
5062,-348,0,0
5063,-348,0,0
5064,-349,0,0
5065,-349,0,0
5066,-350,0,0
5067,-350,0,0
5068,-351,0,0
5069,-352,0,0
5070,-352,0,0
5071,-353,0,0
5072,-353,0,0
5073,-354,0,0
5074,-355,0,0
5075,-355,0,0
5076,-356,0,0
5077,-357,0,0
5078,-357,0,0
5079,-357,0,0
5080,-358,0,0
5081,-359,0,0
5082,-359,0,0
5083,-359,0,0
5084,-360,0,0
5085,-360,0,0
5086,-360,0,0
5087,-361,0,0
5088,-361,0,0
5089,-361,0,0
5090,-361,0,0
5091,-361,0,0
5092,-361,0,0
5093,-361,0,0
5094,-361,0,0
5095,-361,0,0
5096,-360,0,0
5097,-360,0,0
5098,-360,0,0
5099,-360,0,0
5100,-359,0,0
5101,-359,0,0
5102,-359,0,0
5103,-358,0,0
5104,-358,0,0
5105,-358,0,0
5106,-357,0,0
5107,-357,0,0
5108,-356,0,0
5109,-356,0,0
5110,-356,0,0
5111,-355,0,0
5112,-355,0,0
5113,-355,0,0
5114,-354,0,0
5115,-354,0,0
5116,-354,0,0
5117,-354,0,0
5118,-353,0,0
5119,-353,0,0
5120,-353,0,0
5121,-352,0,0
5122,-352,0,0
5123,-351,0,0
5124,-351,0,0
5125,-350,0,0
5126,-350,0,0
5127,-349,0,0
5128,-348,0,0
5129,-348,0,0
5130,-347,0,0
5131,-346,0,0
5132,-345,0,0
5133,-344,0,0
5134,-344,0,0
5135,-343,0,0
5136,-342,0,0
5137,-340,0,0
5138,-339,0,0
5139,-338,0,0
5140,-337,0,0
5141,-336,0,0
5142,-334,0,0
5143,-333,0,0
5144,-332,0,0
5145,-331,0,0
5146,-329,0,0
5147,-328,0,0
5148,-326,0,0
5149,-325,0,0
5150,-324,0,0
5151,-323,0,0
5152,-321,0,0
5153,-320,0,0
5154,-319,0,0
5155,-318,0,0
5156,-316,0,0
5157,-315,0,0
5158,-314,0,0
5159,-312,0,0
5160,-311,0,0
5161,-310,0,0
5162,-308,0,0
5163,-307,0,0
5164,-306,0,0
5165,-304,0,0
5166,-303,0,0
5167,-301,0,0
5168,-300,0,0
5169,-298,0,0
5170,-297,0,0
5171,-295,0,0
5172,-294,0,0
5173,-292,0,0
5174,-290,0,0
5175,-289,0,0
5176,-287,0,0
5177,-285,0,0
5178,-284,0,0
5179,-282,0,0
5180,-280,0,0
5181,-278,0,0
5182,-276,0,0
5183,-275,0,0
5184,-273,0,0
5185,-271,0,0
5186,-269,0,0
5187,-267,0,0
5188,-266,0,0
5189,-264,0,0
5190,-262,0,0
5191,-260,0,0
5192,-258,0,0
5193,-256,0,0
5194,-254,0,0
5195,-252,0,0
5196,-250,0,0
5197,-248,0,0
5198,-246,0,0
5199,-244,0,0
5200,-242,0,0
5201,-240,0,0
5202,-238,0,0
5203,-236,0,0
5204,-234,0,0
5205,-232,0,0
5206,-229,0,0
5207,-227,0,0
5208,-225,0,0
5209,-222,0,0
5210,-220,0,0
5211,-218,0,0
5212,-215,0,0
5213,-213,0,0
5214,-210,0,0
5215,-208,0,0
5216,-205,0,0
5217,-203,0,0
5218,-200,0,0
5219,-198,0,0
5220,-195,0,0
5221,-192,0,0
5222,-190,0,0
5223,-187,0,0
5224,-185,0,0
5225,-182,0,0
5226,-179,0,0
5227,-177,0,0
5228,-174,0,0
5229,-171,0,0
5230,-169,0,0
5231,-166,0,0
5232,-164,0,0
5233,-161,0,0
5234,-158,0,0
5235,-156,0,0
5236,-153,0,0
5237,-150,0,0
5238,-148,0,0
5239,-145,0,0
5240,-142,0,0
5241,-139,0,0
5242,-137,0,0
5243,-134,0,0
5244,-131,0,0
5245,-129,0,0
5246,-126,0,0
5247,-123,0,0
5248,-120,0,0
5249,-118,0,0
5250,-115,0,0
5251,-112,0,0
5252,-109,0,0
5253,-107,0,0
5254,-104,0,0
5255,-101,0,0
5256,-98,0,0
5257,-96,0,0
5258,-93,0,0
5259,-90,0,0
5260,-87,0,0
5261,-84,0,0
5262,-82,0,0
5263,-79,0,0
5264,-76,0,0
5265,-73,0,0
5266,-70,0,0
5267,-68,0,0
5268,-65,0,0
5269,-62,0,0
5270,-59,0,0
5271,-56,0,0
5272,-53,0,0
5273,-50,0,0
5274,-47,0,0
5275,-44,0,0
5276,-41,0,0
5277,-38,0,0
5278,-36,0,0
5279,-32,0,0
5280,-29,0,0
5281,-26,0,0
5282,-23,0,0
5283,-20,0,0
5284,-17,0,0
5285,-14,0,0
5286,-11,0,0
5287,-8,0,0
5288,-5,0,0
5289,-2,0,0
5290,2,0,0
5291,5,0,0
5292,8,0,0
5293,11,0,0
5294,14,0,0
5295,17,0,0
5296,20,0,0
5297,23,0,0
5298,25,0,0
5299,29,0,0
5300,31,0,0
5301,34,0,0
5302,37,0,0
5303,40,0,0
5304,43,0,0
5305,46,0,0
5306,49,0,0
5307,52,0,0
5308,55,0,0
5309,58,0,0
5310,60,0,0
5311,63,0,0
5312,66,0,0
5313,69,0,0
5314,72,0,0
5315,75,0,0
5316,77,0,0
5317,80,0,0
5318,83,0,0
5319,86,0,0
5320,89,0,0
5321,92,0,0
5322,94,0,0
5323,97,0,0
5324,100,0,0
5325,103,0,0
5326,106,0,0
5327,109,0,0
5328,111,0,0
5329,114,0,0
5330,117,0,0
5331,120,0,0
5332,122,0,0
5333,125,0,0
5334,128,0,0
5335,130,0,0
5336,133,0,0
5337,136,0,0
5338,138,0,0
5339,141,0,0
5340,143,0,0
5341,146,0,0
5342,149,0,0
5343,151,0,0
5344,154,0,0
5345,156,0,0
5346,159,0,0
5347,162,0,0
5348,164,0,0
5349,166,0,0
5350,169,0,0
5351,172,0,0
5352,174,0,0
5353,177,0,0
5354,179,0,0
5355,182,0,0
5356,184,0,0
5357,187,0,0
5358,190,0,0
5359,192,0,0
5360,195,0,0
5361,197,0,0
5362,199,0,0
5363,202,0,0
5364,204,0,0
5365,207,0,0
5366,209,0,0
5367,212,0,0
5368,214,0,0
5369,216,0,0
5370,219,0,0
5371,221,0,0
5372,223,0,0
5373,225,0,0
5374,228,0,0
5375,230,0,0
5376,232,0,0
5377,234,0,0
5378,237,0,0
5379,239,0,0
5380,241,0,0
5381,243,0,0
5382,245,0,0
5383,247,0,0
5384,249,0,0
5385,251,0,0
5386,253,0,0
5387,255,0,0
5388,258,0,0
5389,259,0,0
5390,261,0,0
5391,264,0,0
5392,266,0,0
5393,268,0,0
5394,270,0,0
5395,272,0,0
5396,274,0,0
5397,275,0,0
5398,277,0,0
5399,279,0,0
5400,281,0,0
5401,283,0,0
5402,285,0,0
5403,287,0,0
5404,288,0,0
5405,290,0,0
5406,292,0,0
5407,294,0,0
5408,296,0,0
5409,297,0,0
5410,299,0,0
5411,301,0,0
5412,302,0,0
5413,304,0,0
5414,305,0,0
5415,307,0,0
5416,308,0,0
5417,310,0,0
5418,311,0,0
5419,312,0,0
5420,314,0,0
5421,315,0,0
5422,316,0,0
5423,318,0,0
5424,319,0,0
5425,320,0,0
5426,321,0,0
5427,323,0,0
5428,324,0,0
5429,325,0,0
5430,326,0,0
5431,327,0,0
5432,328,0,0
5433,329,0,0
5434,330,0,0
5435,332,0,0
5436,333,0,0
5437,334,0,0
5438,334,0,0
5439,336,0,0
5440,337,0,0
5441,337,0,0
5442,338,0,0
5443,339,0,0
5444,340,0,0
5445,341,0,0
5446,342,0,0
5447,342,0,0
5448,343,0,0
5449,344,0,0
5450,344,0,0
5451,345,0,0
5452,346,0,0
5453,346,0,0
5454,347,0,0
5455,348,0,0
5456,348,0,0
5457,349,0,0
5458,350,0,0
5459,350,0,0
5460,351,0,0
5461,351,0,0
5462,352,0,0
5463,353,0,0
5464,353,0,0
5465,354,0,0
5466,355,0,0
5467,355,0,0
5468,356,0,0
5469,356,0,0
5470,357,0,0
5471,357,0,0
5472,358,0,0
5473,358,0,0
5474,359,0,0
5475,359,0,0
5476,360,0,0
5477,360,0,0
5478,360,0,0
5479,360,0,0
5480,360,0,0
5481,361,0,0
5482,361,0,0
5483,361,0,0
5484,361,0,0
5485,361,0,0
5486,361,0,0
5487,360,0,0
5488,360,0,0
5489,360,0,0
5490,360,0,0
5491,359,0,0
5492,359,0,0
5493,358,0,0
5494,358,0,0
5495,358,0,0
5496,357,0,0
5497,357,0,0
5498,356,0,0
5499,356,0,0
5500,355,0,0
5501,354,0,0
5502,354,0,0
5503,353,0,0
5504,353,0,0
5505,353,0,0
5506,352,0,0
5507,351,0,0
5508,351,0,0
5509,351,0,0
5510,350,0,0
5511,350,0,0
5512,349,0,0
5513,349,0,0
5514,348,0,0
5515,348,0,0
5516,347,0,0
5517,347,0,0
5518,346,0,0
5519,346,0,0
5520,346,0,0
5521,345,0,0
5522,344,0,0
5523,344,0,0
5524,343,0,0
5525,343,0,0
5526,342,0,0
5527,341,0,0
5528,341,0,0
5529,340,0,0
5530,339,0,0
5531,338,0,0
5532,337,0,0
5533,336,0,0
5534,335,0,0
5535,334,0,0
5536,333,0,0
5537,332,0,0
5538,331,0,0
5539,330,0,0
5540,328,0,0
5541,327,0,0
5542,326,0,0
5543,325,0,0
5544,323,0,0
5545,322,0,0
5546,321,0,0
5547,319,0,0
5548,318,0,0
5549,317,0,0
5550,315,0,0
5551,314,0,0
5552,313,0,0
5553,311,0,0
5554,310,0,0
5555,308,0,0
5556,307,0,0
5557,306,0,0
5558,304,0,0
5559,302,0,0
5560,301,0,0
5561,300,0,0
5562,298,0,0
5563,297,0,0
5564,295,0,0
5565,294,0,0
5566,292,0,0
5567,290,0,0
5568,289,0,0
5569,287,0,0
5570,286,0,0
5571,284,0,0
5572,282,0,0
5573,281,0,0
5574,279,0,0
5575,277,0,0
5576,276,0,0
5577,274,0,0
5578,272,0,0
5579,270,0,0
5580,269,0,0
5581,267,0,0
5582,265,0,0
5583,263,0,0
5584,261,0,0
5585,260,0,0
5586,258,0,0
5587,256,0,0
5588,255,0,0
5589,253,0,0
5590,251,0,0
5591,249,0,0
5592,248,0,0
5593,246,0,0
5594,244,0,0
5595,243,0,0
5596,241,0,0
5597,239,0,0
5598,238,0,0
5599,236,0,0
5600,234,0,0
5601,233,0,0
5602,231,0,0
5603,229,0,0
5604,228,0,0
5605,226,0,0
5606,224,0,0
5607,223,0,0
5608,221,0,0
5609,219,0,0
5610,218,0,0
5611,215,0,0
5612,214,0,0
5613,212,0,0
5614,210,0,0
5615,208,0,0
5616,206,0,0
5617,204,0,0
5618,202,0,0
5619,200,0,0
5620,198,0,0
5621,196,0,0
5622,194,0,0
5623,192,0,0
5624,190,0,0
5625,188,0,0
5626,185,0,0
5627,183,0,0
5628,181,0,0
5629,179,0,0
5630,176,0,0
5631,174,0,0
5632,172,0,0
5633,170,0,0
5634,168,0,0
5635,165,0,0
5636,163,0,0
5637,161,0,0
5638,159,0,0
5639,157,0,0
5640,155,0,0
5641,153,0,0
5642,151,0,0
5643,149,0,0
5644,147,0,0
5645,145,0,0
5646,142,0,0
5647,141,0,0
5648,139,0,0
5649,137,0,0
5650,135,0,0
5651,133,0,0
5652,131,0,0
5653,129,0,0
5654,127,0,0
5655,125,0,0
5656,123,0,0
5657,122,0,0
5658,120,0,0
5659,118,0,0
5660,116,0,0
5661,114,0,0
5662,112,0,0
5663,110,0,0
5664,109,0,0
5665,107,0,0
5666,105,0,0
5667,103,0,0
5668,101,0,0
5669,99,0,0
5670,97,0,0
5671,95,0,0
5672,93,0,0
5673,91,0,0
5674,89,0,0
5675,87,0,0
5676,86,0,0
5677,84,0,0
5678,82,0,0
5679,80,0,0
5680,78,0,0
5681,76,0,0
5682,74,0,0
5683,72,0,0
5684,70,0,0
5685,68,0,0
5686,66,0,0
5687,64,0,0
5688,62,0,0
5689,60,0,0
5690,59,0,0
5691,57,0,0
5692,55,0,0
5693,53,0,0
5694,51,0,0
5695,49,0,0
5696,48,0,0
5697,46,0,0
5698,44,0,0
5699,42,0,0
5700,40,0,0
5701,39,0,0
5702,37,0,0
5703,35,0,0
5704,34,0,0
5705,32,0,0
5706,30,0,0
5707,29,0,0
5708,27,0,0
5709,25,0,0
5710,24,0,0
5711,22,0,0
5712,21,0,0
5713,19,0,0
5714,17,0,0
5715,16,0,0
5716,14,0,0
5717,13,0,0
5718,11,0,0
5719,10,0,0
5720,8,0,0
5721,7,0,0
5722,5,0,0
5723,4,0,0
5724,2,0,0
5725,1,0,0
5726,0,0,0
5727,-2,0,0
5728,-3,0,0
5729,-5,0,0
5730,-6,0,0
5731,-8,0,0
5732,-9,0,0
5733,-10,0,0
5734,-12,0,0
5735,-13,0,0
5736,-14,0,0
5737,-16,0,0
5738,-17,0,0
5739,-18,0,0
5740,-20,0,0
5741,-21,0,0
5742,-22,0,0
5743,-23,0,0
5744,-25,0,0
5745,-26,0,0
5746,-27,0,0
5747,-29,0,0
5748,-30,0,0
5749,-31,0,0
5750,-32,0,0
5751,-34,0,0
5752,-35,0,0
5753,-36,0,0
5754,-37,0,0
5755,-39,0,0
5756,-40,0,0
5757,-41,0,0
5758,-42,0,0
5759,-43,0,0
5760,-44,0,0
5761,-45,0,0
5762,-46,0,0
5763,-47,0,0
5764,-48,0,0
5765,-49,0,0
5766,-50,0,0
5767,-51,0,0
5768,-52,0,0
5769,-52,0,0
5770,-53,0,0
5771,-54,0,0
5772,-55,0,0
5773,-55,0,0
5774,-56,0,0
5775,-57,0,0
5776,-58,0,0
5777,-58,0,0
5778,-59,0,0
5779,-60,0,0
5780,-60,0,0
5781,-61,0,0
5782,-61,0,0
5783,-62,0,0
5784,-63,0,0
5785,-63,0,0
5786,-64,0,0
5787,-64,0,0
5788,-65,0,0
5789,-65,0,0
5790,-66,0,0
5791,-66,0,0
5792,-67,0,0
5793,-67,0,0
5794,-68,0,0
5795,-68,0,0
5796,-68,0,0
5797,-69,0,0
5798,-69,0,0
5799,-70,0,0
5800,-70,0,0
5801,-71,0,0
5802,-71,0,0
5803,-71,0,0
5804,-72,0,0
5805,-72,0,0
5806,-72,0,0
5807,-72,0,0
5808,-73,0,0
5809,-73,0,0
5810,-73,0,0
5811,-73,0,0
5812,-74,0,0
5813,-74,0,0
5814,-74,0,0
5815,-74,0,0
5816,-74,0,0
5817,-75,0,0
5818,-75,0,0
5819,-75,0,0
5820,-75,0,0
5821,-75,0,0
5822,-75,0,0
5823,-75,0,0
5824,-75,0,0
5825,-75,0,0
5826,-75,0,0
5827,-75,0,0
5828,-75,0,0
5829,-75,0,0
5830,-75,0,0
5831,-75,0,0
5832,-75,0,0
5833,-75,0,0
5834,-75,0,0
5835,-75,0,0
5836,-75,0,0
5837,-74,0,0
5838,-74,0,0
5839,-74,0,0
5840,-74,0,0
5841,-74,0,0
5842,-73,0,0
5843,-73,0,0
5844,-73,0,0
5845,-72,0,0
5846,-72,0,0
5847,-72,0,0
5848,-71,0,0
5849,-71,0,0
5850,-71,0,0
5851,-70,0,0
5852,-70,0,0
5853,-69,0,0
5854,-69,0,0
5855,-68,0,0
5856,-68,0,0
5857,-67,0,0
5858,-67,0,0
5859,-66,0,0
5860,-66,0,0
5861,-65,0,0
5862,-65,0,0
5863,-64,0,0
5864,-64,0,0
5865,-63,0,0
5866,-62,0,0
5867,-62,0,0
5868,-61,0,0
5869,-61,0,0
5870,-60,0,0
5871,-60,0,0
5872,-59,0,0
5873,-58,0,0
5874,-58,0,0
5875,-57,0,0
5876,-57,0,0
5877,-56,0,0
5878,-56,0,0
5879,-55,0,0
5880,-55,0,0
5881,-54,0,0
5882,-53,0,0
5883,-53,0,0
5884,-52,0,0
5885,-51,0,0
5886,-51,0,0
5887,-50,0,0
5888,-49,0,0
5889,-49,0,0
5890,-48,0,0
5891,-47,0,0
5892,-46,0,0
5893,-46,0,0
5894,-45,0,0
5895,-44,0,0
5896,-43,0,0
5897,-43,0,0
5898,-42,0,0
5899,-41,0,0
5900,-40,0,0
5901,-39,0,0
5902,-38,0,0
5903,-37,0,0
5904,-37,0,0
5905,-36,0,0
5906,-35,0,0
5907,-34,0,0
5908,-33,0,0
5909,-32,0,0
5910,-31,0,0
5911,-30,0,0
5912,-29,0,0
5913,-28,0,0
5914,-27,0,0
5915,-26,0,0
5916,-25,0,0
5917,-25,0,0
5918,-24,0,0
5919,-23,0,0
5920,-22,0,0
5921,-21,0,0
5922,-20,0,0
5923,-19,0,0
5924,-18,0,0
5925,-17,0,0
5926,-16,0,0
5927,-15,0,0
5928,-14,0,0
5929,-14,0,0
5930,-13,0,0
5931,-11,0,0
5932,-11,0,0
5933,-10,0,0
5934,-9,0,0
5935,-8,0,0
5936,-7,0,0
5937,-6,0,0
5938,-5,0,0
5939,-4,0,0
5940,-3,0,0
5941,-2,0,0
5942,-1,0,0
5943,0,0,0
5944,2,0,0
5945,3,0,0
5946,3,0,0
5947,5,0,0
5948,6,0,0
5949,7,0,0
5950,8,0,0
5951,9,0,0
5952,10,0,0
5953,11,0,0
5954,12,0,0
5955,13,0,0
5956,14,0,0
5957,15,0,0
5958,16,0,0
5959,17,0,0
5960,18,0,0
5961,19,0,0
5962,20,0,0
5963,21,0,0
5964,22,0,0
5965,23,0,0
5966,23,0,0
5967,24,0,0
5968,25,0,0
5969,26,0,0
5970,27,0,0
5971,28,0,0
5972,29,0,0
5973,30,0,0
5974,31,0,0
5975,31,0,0
5976,32,0,0
5977,33,0,0
5978,34,0,0
5979,34,0,0
5980,35,0,0
5981,36,0,0
5982,37,0,0
5983,38,0,0
5984,38,0,0
5985,39,0,0
5986,40,0,0
5987,41,0,0
5988,42,0,0
5989,43,0,0
5990,43,0,0
5991,44,0,0
5992,45,0,0
5993,45,0,0
5994,46,0,0
5995,47,0,0
5996,48,0,0
5997,48,0,0
5998,49,0,0
5999,50,0,0
6000,50,0,0
6001,51,0,0
6002,52,0,0
6003,53,0,0
6004,53,0,0
6005,54,0,0
6006,55,0,0
6007,55,0,0
6008,56,0,0
6009,57,0,0
6010,57,0,0
6011,58,0,0
6012,59,0,0
6013,59,0,0
6014,60,0,0
6015,61,0,0
6016,61,0,0
6017,62,0,0
6018,63,0,0
6019,63,0,0
6020,64,0,0
6021,64,0,0
6022,65,0,0
6023,66,0,0
6024,66,0,0
6025,67,0,0
6026,67,0,0
6027,68,0,0
6028,68,0,0
6029,69,0,0
6030,69,0,0
6031,70,0,0
6032,70,0,0
6033,70,0,0
6034,71,0,0
6035,71,0,0
6036,71,0,0
6037,72,0,0
6038,72,0,0
6039,72,0,0
6040,72,0,0
6041,73,0,0
6042,73,0,0
6043,73,0,0
6044,73,0,0
6045,73,0,0
6046,73,0,0
6047,73,0,0
6048,73,0,0
6049,74,0,0
6050,74,0,0
6051,74,0,0
6052,73,0,0
6053,74,0,0
6054,74,0,0
6055,74,0,0
6056,74,0,0
6057,74,0,0
6058,73,0,0
6059,74,0,0
6060,73,0,0
6061,73,0,0
6062,73,0,0
6063,73,0,0
6064,73,0,0
6065,73,0,0
6066,73,0,0
6067,73,0,0
6068,73,0,0
6069,72,0,0
6070,72,0,0
6071,72,0,0
6072,72,0,0
6073,72,0,0
6074,72,0,0
6075,71,0,0
6076,71,0,0
6077,71,0,0
6078,71,0,0
6079,71,0,0
6080,70,0,0
6081,70,0,0
6082,70,0,0
6083,69,0,0
6084,69,0,0
6085,69,0,0
6086,68,0,0
6087,68,0,0
6088,67,0,0
6089,67,0,0
6090,67,0,0
6091,66,0,0
6092,66,0,0
6093,65,0,0
6094,65,0,0
6095,64,0,0
6096,63,0,0
6097,63,0,0
6098,62,0,0
6099,62,0,0
6100,61,0,0
6101,60,0,0
6102,60,0,0
6103,59,0,0
6104,58,0,0
6105,57,0,0
6106,57,0,0
6107,56,0,0
6108,55,0,0
6109,54,0,0
6110,54,0,0
6111,53,0,0
6112,52,0,0
6113,51,0,0
6114,50,0,0
6115,50,0,0
6116,48,0,0
6117,48,0,0
6118,47,0,0
6119,46,0,0
6120,45,0,0
6121,44,0,0
6122,43,0,0
6123,42,0,0
6124,41,0,0
6125,40,0,0
6126,39,0,0
6127,38,0,0
6128,37,0,0
6129,36,0,0
6130,35,0,0
6131,34,0,0
6132,33,0,0
6133,32,0,0
6134,31,0,0
6135,30,0,0
6136,29,0,0
6137,27,0,0
6138,26,0,0
6139,25,0,0
6140,24,0,0
6141,23,0,0
6142,22,0,0
6143,21,0,0
6144,19,0,0
6145,18,0,0
6146,17,0,0
6147,16,0,0
6148,15,0,0
6149,13,0,0
6150,12,0,0
6151,11,0,0
6152,10,0,0
6153,9,0,0
6154,7,0,0
6155,6,0,0
6156,5,0,0
6157,3,0,0
6158,2,0,0
6159,1,0,0
6160,-1,0,0
6161,-2,0,0
6162,-3,0,0
6163,-5,0,0
6164,-6,0,0
6165,-8,0,0
6166,-9,0,0
6167,-11,0,0
6168,-12,0,0
6169,-14,0,0
6170,-15,0,0
6171,-17,0,0
6172,-19,0,0
6173,-20,0,0
6174,-22,0,0
6175,-24,0,0
6176,-25,0,0
6177,-27,0,0
6178,-29,0,0
6179,-31,0,0
6180,-33,0,0
6181,-34,0,0
6182,-36,0,0
6183,-38,0,0
6184,-40,0,0
6185,-42,0,0
6186,-44,0,0
6187,-45,0,0
6188,-47,0,0
6189,-49,0,0
6190,-51,0,0
6191,-53,0,0
6192,-54,0,0
6193,-56,0,0
6194,-58,0,0
6195,-60,0,0
6196,-62,0,0
6197,-64,0,0
6198,-65,0,0
6199,-67,0,0
6200,-69,0,0
6201,-71,0,0
6202,-72,0,0
6203,-74,0,0
6204,-76,0,0
6205,-77,0,0
6206,-79,0,0
6207,-81,0,0
6208,-83,0,0
6209,-84,0,0
6210,-86,0,0
6211,-88,0,0
6212,-90,0,0
6213,-92,0,0
6214,-93,0,0
6215,-95,0,0
6216,-97,0,0
6217,-99,0,0
6218,-101,0,0
6219,-103,0,0
6220,-105,0,0
6221,-107,0,0
6222,-109,0,0
6223,-111,0,0
6224,-113,0,0
6225,-115,0,0
6226,-117,0,0
6227,-119,0,0
6228,-121,0,0
6229,-123,0,0
6230,-125,0,0
6231,-128,0,0
6232,-130,0,0
6233,-132,0,0
6234,-134,0,0
6235,-136,0,0
6236,-138,0,0
6237,-141,0,0
6238,-143,0,0
6239,-145,0,0
6240,-147,0,0
6241,-149,0,0
6242,-151,0,0
6243,-153,0,0
6244,-155,0,0
6245,-157,0,0
6246,-159,0,0
6247,-161,0,0
6248,-163,0,0
6249,-165,0,0
6250,-167,0,0
6251,-169,0,0
6252,-171,0,0
6253,-172,0,0
6254,-174,0,0
6255,-176,0,0
6256,-178,0,0
6257,-180,0,0
6258,-182,0,0
6259,-183,0,0
6260,-185,0,0
6261,-187,0,0
6262,-189,0,0
6263,-191,0,0
6264,-192,0,0
6265,-194,0,0
6266,-196,0,0
6267,-198,0,0
6268,-200,0,0
6269,-202,0,0
6270,-204,0,0
6271,-206,0,0
6272,-208,0,0
6273,-209,0,0
6274,-212,0,0
6275,-213,0,0
6276,-216,0,0
6277,-218,0,0
6278,-220,0,0
6279,-222,0,0
6280,-224,0,0
6281,-226,0,0
6282,-228,0,0
6283,-230,0,0
6284,-232,0,0
6285,-234,0,0
6286,-236,0,0
6287,-238,0,0
6288,-241,0,0
6289,-242,0,0
6290,-245,0,0
6291,-247,0,0
6292,-248,0,0
6293,-250,0,0
6294,-252,0,0
6295,-254,0,0
6296,-256,0,0
6297,-258,0,0
6298,-260,0,0
6299,-261,0,0
6300,-263,0,0
6301,-265,0,0
6302,-266,0,0
6303,-268,0,0
6304,-270,0,0
6305,-271,0,0
6306,-273,0,0
6307,-275,0,0
6308,-276,0,0
6309,-278,0,0
6310,-279,0,0
6311,-281,0,0
6312,-282,0,0
6313,-284,0,0
6314,-285,0,0
6315,-287,0,0
6316,-288,0,0
6317,-290,0,0
6318,-291,0,0
6319,-293,0,0
6320,-294,0,0
6321,-296,0,0
6322,-297,0,0
6323,-299,0,0
6324,-300,0,0
6325,-302,0,0
6326,-303,0,0
6327,-305,0,0
6328,-306,0,0
6329,-308,0,0
6330,-309,0,0
6331,-311,0,0
6332,-312,0,0
6333,-314,0,0
6334,-315,0,0
6335,-316,0,0
6336,-318,0,0
6337,-319,0,0
6338,-320,0,0
6339,-322,0,0
6340,-323,0,0
6341,-324,0,0
6342,-325,0,0
6343,-327,0,0
6344,-328,0,0
6345,-329,0,0
6346,-330,0,0
6347,-331,0,0
6348,-332,0,0
6349,-333,0,0
6350,-334,0,0
6351,-335,0,0
6352,-336,0,0
6353,-337,0,0
6354,-338,0,0
6355,-339,0,0
6356,-339,0,0
6357,-340,0,0
6358,-341,0,0
6359,-342,0,0
6360,-343,0,0
6361,-343,0,0
6362,-344,0,0
6363,-345,0,0
6364,-345,0,0
6365,-346,0,0
6366,-346,0,0
6367,-347,0,0
6368,-347,0,0
6369,-348,0,0
6370,-349,0,0
6371,-349,0,0
6372,-350,0,0
6373,-350,0,0
6374,-351,0,0
6375,-351,0,0
6376,-352,0,0
6377,-352,0,0
6378,-353,0,0
6379,-353,0,0
6380,-354,0,0
6381,-354,0,0
6382,-355,0,0
6383,-355,0,0
6384,-356,0,0
6385,-356,0,0
6386,-356,0,0
6387,-357,0,0
6388,-357,0,0
6389,-358,0,0
6390,-358,0,0
6391,-358,0,0
6392,-359,0,0
6393,-359,0,0
6394,-359,0,0
6395,-359,0,0
6396,-360,0,0
6397,-360,0,0
6398,-360,0,0
6399,-360,0,0
6400,-360,0,0
6401,-360,0,0
6402,-360,0,0
6403,-360,0,0
6404,-360,0,0
6405,-360,0,0
6406,-360,0,0
6407,-360,0,0
6408,-360,0,0
6409,-360,0,0
6410,-360,0,0
6411,-359,0,0
6412,-359,0,0
6413,-359,0,0
6414,-358,0,0
6415,-358,0,0
6416,-358,0,0
6417,-357,0,0
6418,-357,0,0
6419,-356,0,0
6420,-356,0,0
6421,-355,0,0
6422,-355,0,0
6423,-354,0,0
6424,-354,0,0
6425,-353,0,0
6426,-352,0,0
6427,-352,0,0
6428,-351,0,0
6429,-351,0,0
6430,-350,0,0
6431,-350,0,0
6432,-349,0,0
6433,-348,0,0
6434,-348,0,0
6435,-347,0,0
6436,-346,0,0
6437,-346,0,0
6438,-345,0,0
6439,-344,0,0
6440,-343,0,0
6441,-343,0,0
6442,-342,0,0
6443,-341,0,0
6444,-340,0,0
6445,-339,0,0
6446,-338,0,0
6447,-337,0,0
6448,-336,0,0
6449,-335,0,0
6450,-334,0,0
6451,-333,0,0
6452,-332,0,0
6453,-331,0,0
6454,-330,0,0
6455,-328,0,0
6456,-327,0,0
6457,-326,0,0
6458,-324,0,0
6459,-323,0,0
6460,-322,0,0
6461,-320,0,0
6462,-319,0,0
6463,-317,0,0
6464,-316,0,0
6465,-314,0,0
6466,-313,0,0
6467,-311,0,0
6468,-310,0,0
6469,-308,0,0
6470,-306,0,0
6471,-305,0,0
6472,-303,0,0
6473,-302,0,0
6474,-300,0,0
6475,-298,0,0
6476,-297,0,0
6477,-295,0,0
6478,-293,0,0
6479,-292,0,0
6480,-290,0,0
6481,-289,0,0
6482,-287,0,0
6483,-285,0,0
6484,-283,0,0
6485,-282,0,0
6486,-280,0,0
6487,-278,0,0
6488,-276,0,0
6489,-275,0,0
6490,-273,0,0
6491,-271,0,0
6492,-269,0,0
6493,-267,0,0
6494,-265,0,0
6495,-263,0,0
6496,-261,0,0
6497,-259,0,0
6498,-257,0,0
6499,-255,0,0
6500,-253,0,0
6501,-251,0,0
6502,-249,0,0
6503,-247,0,0
6504,-244,0,0
6505,-242,0,0
6506,-240,0,0
6507,-238,0,0
6508,-236,0,0
6509,-233,0,0
6510,-231,0,0
6511,-229,0,0
6512,-226,0,0
6513,-224,0,0
6514,-222,0,0
6515,-219,0,0
6516,-217,0,0
6517,-215,0,0
6518,-212,0,0
6519,-210,0,0
6520,-207,0,0
6521,-205,0,0
6522,-202,0,0
6523,-200,0,0
6524,-198,0,0
6525,-195,0,0
6526,-193,0,0
6527,-190,0,0
6528,-188,0,0
6529,-185,0,0
6530,-183,0,0
6531,-181,0,0
6532,-178,0,0
6533,-176,0,0
6534,-173,0,0
6535,-171,0,0
6536,-168,0,0
6537,-166,0,0
6538,-163,0,0
6539,-161,0,0
6540,-158,0,0
6541,-156,0,0
6542,-153,0,0
6543,-151,0,0
6544,-148,0,0
6545,-146,0,0
6546,-143,0,0
6547,-141,0,0
6548,-138,0,0
6549,-135,0,0
6550,-133,0,0
6551,-130,0,0
6552,-128,0,0
6553,-125,0,0
6554,-122,0,0
6555,-120,0,0
6556,-117,0,0
6557,-114,0,0
6558,-111,0,0
6559,-108,0,0
6560,-106,0,0
6561,-103,0,0
6562,-100,0,0
6563,-97,0,0
6564,-94,0,0
6565,-91,0,0
6566,-88,0,0
6567,-85,0,0
6568,-82,0,0
6569,-79,0,0
6570,-76,0,0
6571,-73,0,0
6572,-70,0,0
6573,-67,0,0
6574,-64,0,0
6575,-61,0,0
6576,-58,0,0
6577,-55,0,0
6578,-52,0,0
6579,-49,0,0
6580,-46,0,0
6581,-43,0,0
6582,-40,0,0
6583,-37,0,0
6584,-34,0,0
6585,-31,0,0
6586,-29,0,0
6587,-26,0,0
6588,-23,0,0
6589,-20,0,0
6590,-17,0,0
6591,-14,0,0
6592,-11,0,0
6593,-9,0,0
6594,-6,0,0
6595,-3,0,0
6596,0,0,0
6597,3,0,0
6598,6,0,0
6599,8,0,0
6600,11,0,0
6601,14,0,0
6602,17,0,0
6603,20,0,0
6604,22,0,0
6605,25,0,0
6606,28,0,0
6607,31,0,0
6608,34,0,0
6609,36,0,0
6610,39,0,0
6611,42,0,0
6612,45,0,0
6613,48,0,0
6614,51,0,0
6615,54,0,0
6616,57,0,0
6617,60,0,0
6618,63,0,0
6619,66,0,0
6620,69,0,0
6621,72,0,0
6622,75,0,0
6623,78,0,0
6624,81,0,0
6625,84,0,0
6626,87,0,0
6627,90,0,0
6628,93,0,0
6629,95,0,0
6630,99,0,0
6631,101,0,0
6632,104,0,0
6633,107,0,0
6634,110,0,0
6635,113,0,0
6636,116,0,0
6637,118,0,0
6638,121,0,0
6639,124,0,0
6640,127,0,0
6641,129,0,0
6642,132,0,0
6643,135,0,0
6644,138,0,0
6645,140,0,0
6646,143,0,0
6647,145,0,0
6648,148,0,0
6649,151,0,0
6650,154,0,0
6651,156,0,0
6652,159,0,0
6653,161,0,0
6654,164,0,0
6655,166,0,0
6656,169,0,0
6657,172,0,0
6658,174,0,0
6659,177,0,0
6660,179,0,0
6661,182,0,0
6662,185,0,0
6663,187,0,0
6664,190,0,0
6665,192,0,0
6666,195,0,0
6667,197,0,0
6668,200,0,0
6669,202,0,0
6670,205,0,0
6671,207,0,0
6672,210,0,0
6673,212,0,0
6674,215,0,0
6675,217,0,0
6676,219,0,0
6677,222,0,0
6678,224,0,0
6679,226,0,0
6680,229,0,0
6681,231,0,0
6682,233,0,0
6683,235,0,0
6684,237,0,0
6685,240,0,0
6686,242,0,0
6687,244,0,0
6688,246,0,0
6689,248,0,0
6690,250,0,0
6691,252,0,0
6692,254,0,0
6693,256,0,0
6694,258,0,0
6695,260,0,0
6696,262,0,0
6697,264,0,0
6698,266,0,0
6699,268,0,0
6700,269,0,0
6701,271,0,0
6702,273,0,0
6703,275,0,0
6704,277,0,0
6705,279,0,0
6706,281,0,0
6707,282,0,0
6708,284,0,0
6709,286,0,0
6710,288,0,0
6711,289,0,0
6712,291,0,0
6713,293,0,0
6714,294,0,0
6715,296,0,0
6716,298,0,0
6717,299,0,0
6718,301,0,0
6719,302,0,0
6720,304,0,0
6721,305,0,0
6722,307,0,0
6723,309,0,0
6724,310,0,0
6725,312,0,0
6726,313,0,0
6727,314,0,0
6728,316,0,0
6729,317,0,0
6730,319,0,0
6731,320,0,0
6732,321,0,0
6733,322,0,0
6734,324,0,0
6735,325,0,0
6736,326,0,0
6737,327,0,0
6738,329,0,0
6739,330,0,0
6740,331,0,0
6741,332,0,0
6742,333,0,0
6743,334,0,0
6744,335,0,0
6745,336,0,0
6746,337,0,0
6747,338,0,0
6748,339,0,0
6749,339,0,0
6750,340,0,0
6751,341,0,0
6752,342,0,0
6753,343,0,0
6754,344,0,0
6755,344,0,0
6756,345,0,0
6757,346,0,0
6758,346,0,0
6759,347,0,0
6760,348,0,0
6761,349,0,0
6762,349,0,0
6763,350,0,0
6764,350,0,0
6765,351,0,0
6766,352,0,0
6767,352,0,0
6768,353,0,0
6769,353,0,0
6770,354,0,0
6771,354,0,0
6772,355,0,0
6773,356,0,0
6774,356,0,0
6775,356,0,0
6776,357,0,0
6777,357,0,0
6778,358,0,0
6779,358,0,0
6780,358,0,0
6781,359,0,0
6782,359,0,0
6783,359,0,0
6784,360,0,0
6785,360,0,0
6786,360,0,0
6787,360,0,0
6788,360,0,0
6789,360,0,0
6790,360,0,0
6791,360,0,0
6792,360,0,0
6793,360,0,0
6794,360,0,0
6795,360,0,0
6796,360,0,0
6797,359,0,0
6798,359,0,0
6799,359,0,0
6800,359,0,0
6801,358,0,0
6802,358,0,0
6803,358,0,0
6804,357,0,0
6805,357,0,0
6806,356,0,0
6807,356,0,0
6808,356,0,0
6809,355,0,0
6810,355,0,0
6811,354,0,0
6812,354,0,0
6813,353,0,0
6814,353,0,0
6815,352,0,0
6816,352,0,0
6817,351,0,0
6818,351,0,0
6819,350,0,0
6820,350,0,0
6821,349,0,0
6822,348,0,0
6823,348,0,0
6824,347,0,0
6825,346,0,0
6826,346,0,0
6827,345,0,0
6828,344,0,0
6829,343,0,0
6830,343,0,0
6831,342,0,0
6832,341,0,0
6833,340,0,0
6834,339,0,0
6835,338,0,0
6836,337,0,0
6837,336,0,0
6838,335,0,0
6839,334,0,0
6840,333,0,0
6841,332,0,0
6842,331,0,0
6843,330,0,0
6844,329,0,0
6845,328,0,0
6846,326,0,0
6847,325,0,0
6848,324,0,0
6849,323,0,0
6850,322,0,0
6851,320,0,0
6852,319,0,0
6853,318,0,0
6854,317,0,0
6855,316,0,0
6856,315,0,0
6857,313,0,0
6858,312,0,0
6859,311,0,0
6860,309,0,0
6861,308,0,0
6862,307,0,0
6863,305,0,0
6864,304,0,0
6865,302,0,0
6866,301,0,0
6867,299,0,0
6868,298,0,0
6869,297,0,0
6870,295,0,0
6871,293,0,0
6872,292,0,0
6873,290,0,0
6874,289,0,0
6875,287,0,0
6876,285,0,0
6877,284,0,0
6878,282,0,0
6879,280,0,0
6880,279,0,0
6881,277,0,0
6882,275,0,0
6883,274,0,0
6884,272,0,0
6885,270,0,0
6886,269,0,0
6887,267,0,0
6888,266,0,0
6889,264,0,0
6890,262,0,0
6891,261,0,0
6892,259,0,0
6893,258,0,0
6894,256,0,0
6895,255,0,0
6896,253,0,0
6897,251,0,0
6898,250,0,0
6899,248,0,0
6900,247,0,0
6901,245,0,0
6902,243,0,0
6903,242,0,0
6904,240,0,0
6905,238,0,0
6906,236,0,0
6907,234,0,0
6908,233,0,0
6909,231,0,0
6910,229,0,0
6911,227,0,0
6912,225,0,0
6913,223,0,0
6914,221,0,0
6915,219,0,0
6916,217,0,0
6917,215,0,0
6918,213,0,0
6919,211,0,0
6920,209,0,0
6921,206,0,0
6922,204,0,0
6923,202,0,0
6924,200,0,0
6925,198,0,0
6926,196,0,0
6927,194,0,0
6928,192,0,0
6929,190,0,0
6930,188,0,0
6931,186,0,0
6932,184,0,0
6933,182,0,0
6934,180,0,0
6935,178,0,0
6936,176,0,0
6937,174,0,0
6938,172,0,0
6939,170,0,0
6940,169,0,0
6941,167,0,0
6942,165,0,0
6943,163,0,0
6944,161,0,0
6945,159,0,0
6946,157,0,0
6947,155,0,0
6948,153,0,0
6949,151,0,0
6950,149,0,0
6951,147,0,0
6952,145,0,0
6953,143,0,0
6954,141,0,0
6955,139,0,0
6956,137,0,0
6957,135,0,0
6958,133,0,0
6959,130,0,0
6960,128,0,0
6961,126,0,0
6962,124,0,0
6963,122,0,0
6964,120,0,0
6965,118,0,0
6966,116,0,0
6967,114,0,0
6968,112,0,0
6969,110,0,0
6970,108,0,0
6971,105,0,0
6972,104,0,0
6973,101,0,0
6974,99,0,0
6975,97,0,0
6976,95,0,0
6977,93,0,0
6978,91,0,0
6979,89,0,0
6980,87,0,0
6981,85,0,0
6982,83,0,0
6983,81,0,0
6984,79,0,0
6985,77,0,0
6986,75,0,0
6987,73,0,0
6988,71,0,0
6989,69,0,0
6990,67,0,0
6991,65,0,0
6992,64,0,0
6993,62,0,0
6994,60,0,0
6995,58,0,0
6996,56,0,0
6997,54,0,0
6998,53,0,0
6999,51,0,0
7000,49,0,0
7001,47,0,0
7002,46,0,0
7003,44,0,0
7004,42,0,0
7005,41,0,0
7006,39,0,0
7007,37,0,0
7008,35,0,0
7009,34,0,0
7010,32,0,0
7011,31,0,0
7012,29,0,0
7013,28,0,0
7014,26,0,0
7015,24,0,0
7016,23,0,0
7017,21,0,0
7018,20,0,0
7019,18,0,0
7020,17,0,0
7021,15,0,0
7022,13,0,0
7023,12,0,0
7024,10,0,0
7025,9,0,0
7026,7,0,0
7027,6,0,0
7028,4,0,0
7029,3,0,0
7030,1,0,0
7031,0,0,0
7032,-2,0,0
7033,-3,0,0
7034,-4,0,0
7035,-6,0,0
7036,-7,0,0
7037,-8,0,0
7038,-10,0,0
7039,-11,0,0
7040,-12,0,0
7041,-14,0,0
7042,-15,0,0
7043,-16,0,0
7044,-17,0,0
7045,-18,0,0
7046,-20,0,0
7047,-21,0,0
7048,-22,0,0
7049,-23,0,0
7050,-25,0,0
7051,-26,0,0
7052,-27,0,0
7053,-28,0,0
7054,-29,0,0
7055,-31,0,0
7056,-32,0,0
7057,-33,0,0
7058,-35,0,0
7059,-36,0,0
7060,-37,0,0
7061,-38,0,0
7062,-40,0,0
7063,-41,0,0
7064,-42,0,0
7065,-43,0,0
7066,-44,0,0
7067,-46,0,0
7068,-47,0,0
7069,-48,0,0
7070,-49,0,0
7071,-50,0,0
7072,-51,0,0
7073,-52,0,0
7074,-52,0,0
7075,-54,0,0
7076,-54,0,0
7077,-55,0,0
7078,-56,0,0
7079,-56,0,0
7080,-57,0,0
7081,-58,0,0
7082,-58,0,0
7083,-59,0,0
7084,-60,0,0
7085,-60,0,0
7086,-61,0,0
7087,-61,0,0
7088,-62,0,0
7089,-63,0,0
7090,-63,0,0
7091,-63,0,0
7092,-64,0,0
7093,-64,0,0
7094,-65,0,0
7095,-65,0,0
7096,-66,0,0
7097,-67,0,0
7098,-67,0,0
7099,-68,0,0
7100,-68,0,0
7101,-69,0,0
7102,-69,0,0
7103,-70,0,0
7104,-70,0,0
7105,-71,0,0
7106,-71,0,0
7107,-72,0,0
7108,-72,0,0
7109,-73,0,0
7110,-73,0,0
7111,-74,0,0
7112,-74,0,0
7113,-75,0,0
7114,-75,0,0
7115,-75,0,0
7116,-76,0,0
7117,-76,0,0
7118,-76,0,0
7119,-76,0,0
7120,-77,0,0
7121,-77,0,0
7122,-77,0,0
7123,-77,0,0
7124,-77,0,0
7125,-77,0,0
7126,-78,0,0
7127,-78,0,0
7128,-78,0,0
7129,-78,0,0
7130,-78,0,0
7131,-78,0,0
7132,-77,0,0
7133,-77,0,0
7134,-77,0,0
7135,-77,0,0
7136,-77,0,0
7137,-77,0,0
7138,-77,0,0
7139,-77,0,0
7140,-76,0,0
7141,-76,0,0
7142,-76,0,0
7143,-76,0,0
7144,-75,0,0
7145,-75,0,0
7146,-75,0,0
7147,-74,0,0
7148,-74,0,0
7149,-74,0,0
7150,-74,0,0
7151,-73,0,0
7152,-73,0,0
7153,-73,0,0
7154,-72,0,0
7155,-72,0,0
7156,-72,0,0
7157,-71,0,0
7158,-71,0,0
7159,-71,0,0
7160,-70,0,0
7161,-70,0,0
7162,-70,0,0
7163,-69,0,0
7164,-69,0,0
7165,-69,0,0
7166,-68,0,0
7167,-68,0,0
7168,-68,0,0
7169,-67,0,0
7170,-67,0,0
7171,-67,0,0
7172,-66,0,0
7173,-66,0,0
7174,-65,0,0
7175,-65,0,0
7176,-65,0,0
7177,-64,0,0
7178,-63,0,0
7179,-63,0,0
7180,-62,0,0
7181,-61,0,0
7182,-61,0,0
7183,-60,0,0
7184,-59,0,0
7185,-59,0,0
7186,-58,0,0
7187,-57,0,0
7188,-56,0,0
7189,-55,0,0
7190,-54,0,0
7191,-53,0,0
7192,-52,0,0
7193,-51,0,0
7194,-51,0,0
7195,-50,0,0
7196,-49,0,0
7197,-48,0,0
7198,-47,0,0
7199,-46,0,0
7200,-45,0,0
7201,-44,0,0
7202,-43,0,0
7203,-43,0,0
7204,-42,0,0
7205,-41,0,0
7206,-40,0,0
7207,-39,0,0
7208,-39,0,0
7209,-38,0,0
7210,-37,0,0
7211,-36,0,0
7212,-36,0,0
7213,-35,0,0
7214,-34,0,0
7215,-34,0,0
7216,-33,0,0
7217,-32,0,0
7218,-31,0,0
7219,-30,0,0
7220,-30,0,0
7221,-29,0,0
7222,-28,0,0
7223,-27,0,0
7224,-26,0,0
7225,-25,0,0
7226,-24,0,0
7227,-23,0,0
7228,-22,0,0
7229,-21,0,0
7230,-20,0,0
7231,-19,0,0
7232,-18,0,0
7233,-17,0,0
7234,-16,0,0
7235,-15,0,0
7236,-14,0,0
7237,-13,0,0
7238,-11,0,0
7239,-11,0,0
7240,-9,0,0
7241,-8,0,0
7242,-7,0,0
7243,-6,0,0
7244,-5,0,0
7245,-4,0,0
7246,-3,0,0
7247,-2,0,0
7248,-1,0,0
7249,0,0,0
7250,2,0,0
7251,2,0,0
7252,4,0,0
7253,5,0,0
7254,6,0,0
7255,7,0,0
7256,8,0,0
7257,9,0,0
7258,10,0,0
7259,11,0,0
7260,12,0,0
7261,13,0,0
7262,14,0,0
7263,15,0,0
7264,16,0,0
7265,17,0,0
7266,18,0,0
7267,18,0,0
7268,19,0,0
7269,20,0,0
7270,21,0,0
7271,22,0,0
7272,23,0,0
7273,24,0,0
7274,25,0,0
7275,26,0,0
7276,26,0,0
7277,27,0,0
7278,28,0,0
7279,29,0,0
7280,30,0,0
7281,31,0,0
7282,32,0,0
7283,33,0,0
7284,33,0,0
7285,34,0,0
7286,35,0,0
7287,36,0,0
7288,37,0,0
7289,37,0,0
7290,38,0,0
7291,39,0,0
7292,40,0,0
7293,41,0,0
7294,42,0,0
7295,42,0,0
7296,43,0,0
7297,44,0,0
7298,44,0,0
7299,45,0,0
7300,46,0,0
7301,47,0,0
7302,48,0,0
7303,48,0,0
7304,49,0,0
7305,50,0,0
7306,50,0,0
7307,51,0,0
7308,52,0,0
7309,52,0,0
7310,53,0,0
7311,53,0,0
7312,54,0,0
7313,54,0,0
7314,55,0,0
7315,55,0,0
7316,56,0,0
7317,56,0,0
7318,57,0,0
7319,57,0,0
7320,58,0,0
7321,59,0,0
7322,59,0,0
7323,59,0,0
7324,60,0,0
7325,60,0,0
7326,61,0,0
7327,61,0,0
7328,62,0,0
7329,62,0,0
7330,63,0,0
7331,63,0,0
7332,64,0,0
7333,64,0,0
7334,65,0,0
7335,66,0,0
7336,66,0,0
7337,67,0,0
7338,67,0,0
7339,68,0,0
7340,68,0,0
7341,69,0,0
7342,69,0,0
7343,70,0,0
7344,70,0,0
7345,71,0,0
7346,71,0,0
7347,71,0,0
7348,72,0,0
7349,72,0,0
7350,72,0,0
7351,73,0,0
7352,73,0,0
7353,73,0,0
7354,73,0,0
7355,73,0,0
7356,73,0,0
7357,74,0,0
7358,74,0,0
7359,74,0,0
7360,74,0,0
7361,74,0,0
7362,74,0,0
7363,74,0,0
7364,74,0,0
7365,74,0,0
7366,73,0,0
7367,74,0,0
7368,74,0,0
7369,73,0,0
7370,73,0,0
7371,73,0,0
7372,73,0,0
7373,73,0,0
7374,73,0,0
7375,73,0,0
7376,73,0,0
7377,73,0,0
7378,73,0,0
7379,72,0,0
7380,72,0,0
7381,72,0,0
7382,72,0,0
7383,72,0,0
7384,72,0,0
7385,72,0,0
7386,72,0,0
7387,71,0,0
7388,71,0,0
7389,71,0,0
7390,71,0,0
7391,70,0,0
7392,70,0,0
7393,70,0,0
7394,69,0,0
7395,69,0,0
7396,69,0,0
7397,68,0,0
7398,68,0,0
7399,67,0,0
7400,67,0,0
7401,66,0,0
7402,66,0,0
7403,65,0,0
7404,64,0,0
7405,64,0,0
7406,63,0,0
7407,62,0,0
7408,62,0,0
7409,61,0,0
7410,60,0,0
7411,59,0,0
7412,59,0,0
7413,58,0,0
7414,57,0,0
7415,56,0,0
7416,56,0,0
7417,55,0,0
7418,54,0,0
7419,53,0,0
7420,52,0,0
7421,52,0,0
7422,51,0,0
7423,50,0,0
7424,49,0,0
7425,48,0,0
7426,47,0,0
7427,47,0,0
7428,45,0,0
7429,44,0,0
7430,44,0,0
7431,43,0,0
7432,42,0,0
7433,41,0,0
7434,40,0,0
7435,39,0,0
7436,37,0,0
7437,36,0,0
7438,36,0,0
7439,34,0,0
7440,33,0,0
7441,32,0,0
7442,31,0,0
7443,30,0,0
7444,29,0,0
7445,27,0,0
7446,26,0,0
7447,25,0,0
7448,24,0,0
7449,22,0,0
7450,21,0,0
7451,20,0,0
7452,19,0,0
7453,17,0,0
7454,16,0,0
7455,15,0,0
7456,13,0,0
7457,12,0,0
7458,11,0,0
7459,9,0,0
7460,8,0,0
7461,7,0,0
7462,5,0,0
7463,4,0,0
7464,3,0,0
7465,1,0,0
7466,0,0,0
7467,-1,0,0
7468,-3,0,0
7469,-4,0,0
7470,-6,0,0
7471,-7,0,0
7472,-9,0,0
7473,-10,0,0
7474,-12,0,0
7475,-13,0,0
7476,-15,0,0
7477,-17,0,0
7478,-18,0,0
7479,-20,0,0
7480,-22,0,0
7481,-23,0,0
7482,-25,0,0
7483,-27,0,0
7484,-28,0,0
7485,-30,0,0
7486,-32,0,0
7487,-33,0,0
7488,-35,0,0
7489,-37,0,0
7490,-38,0,0
7491,-40,0,0
7492,-42,0,0
7493,-44,0,0
7494,-46,0,0
7495,-47,0,0
7496,-49,0,0
7497,-51,0,0
7498,-52,0,0
7499,-54,0,0
7500,-56,0,0
7501,-57,0,0
7502,-59,0,0
7503,-61,0,0
7504,-63,0,0
7505,-65,0,0
7506,-67,0,0
7507,-68,0,0
7508,-70,0,0
7509,-72,0,0
7510,-74,0,0
7511,-76,0,0
7512,-77,0,0
7513,-79,0,0
7514,-81,0,0
7515,-83,0,0
7516,-85,0,0
7517,-87,0,0
7518,-89,0,0
7519,-91,0,0
7520,-93,0,0
7521,-95,0,0
7522,-97,0,0
7523,-100,0,0
7524,-102,0,0
7525,-104,0,0
7526,-106,0,0
7527,-108,0,0
7528,-110,0,0
7529,-113,0,0
7530,-115,0,0
7531,-117,0,0
7532,-119,0,0
7533,-121,0,0
7534,-123,0,0
7535,-126,0,0
7536,-128,0,0
7537,-130,0,0
7538,-132,0,0
7539,-134,0,0
7540,-136,0,0
7541,-138,0,0
7542,-140,0,0
7543,-142,0,0
7544,-145,0,0
7545,-147,0,0
7546,-149,0,0
7547,-150,0,0
7548,-152,0,0
7549,-154,0,0
7550,-156,0,0
7551,-158,0,0
7552,-160,0,0
7553,-162,0,0
7554,-164,0,0
7555,-166,0,0
7556,-168,0,0
7557,-170,0,0
7558,-171,0,0
7559,-173,0,0
7560,-175,0,0
7561,-177,0,0
7562,-179,0,0
7563,-181,0,0
7564,-183,0,0
7565,-185,0,0
7566,-187,0,0
7567,-189,0,0
7568,-191,0,0
7569,-193,0,0
7570,-195,0,0
7571,-197,0,0
7572,-199,0,0
7573,-201,0,0
7574,-202,0,0
7575,-205,0,0
7576,-207,0,0
7577,-208,0,0
7578,-210,0,0
7579,-212,0,0
7580,-214,0,0
7581,-216,0,0
7582,-218,0,0
7583,-220,0,0
7584,-222,0,0
7585,-224,0,0
7586,-225,0,0
7587,-228,0,0
7588,-229,0,0
7589,-231,0,0
7590,-233,0,0
7591,-235,0,0
7592,-236,0,0
7593,-238,0,0
7594,-240,0,0
7595,-242,0,0
7596,-244,0,0
7597,-245,0,0
7598,-247,0,0
7599,-249,0,0
7600,-251,0,0
7601,-253,0,0
7602,-254,0,0
7603,-256,0,0
7604,-258,0,0
7605,-260,0,0
7606,-262,0,0
7607,-263,0,0
7608,-265,0,0
7609,-267,0,0
7610,-269,0,0
7611,-270,0,0
7612,-272,0,0
7613,-274,0,0
7614,-275,0,0
7615,-277,0,0
7616,-279,0,0
7617,-281,0,0
7618,-282,0,0
7619,-284,0,0
7620,-286,0,0
7621,-287,0,0
7622,-289,0,0
7623,-290,0,0
7624,-292,0,0
7625,-294,0,0
7626,-295,0,0
7627,-297,0,0
7628,-298,0,0
7629,-300,0,0
7630,-301,0,0
7631,-303,0,0
7632,-304,0,0
7633,-306,0,0
7634,-307,0,0
7635,-309,0,0
7636,-310,0,0
7637,-311,0,0
7638,-313,0,0
7639,-314,0,0
7640,-315,0,0
7641,-316,0,0
7642,-318,0,0
7643,-319,0,0
7644,-320,0,0
7645,-322,0,0
7646,-323,0,0
7647,-324,0,0
7648,-325,0,0
7649,-326,0,0
7650,-327,0,0
7651,-328,0,0
7652,-329,0,0
7653,-330,0,0
7654,-331,0,0
7655,-332,0,0
7656,-333,0,0
7657,-334,0,0
7658,-335,0,0
7659,-336,0,0
7660,-337,0,0
7661,-337,0,0
7662,-338,0,0
7663,-339,0,0
7664,-340,0,0
7665,-340,0,0
7666,-341,0,0
7667,-342,0,0
7668,-342,0,0
7669,-343,0,0
7670,-344,0,0
7671,-344,0,0
7672,-345,0,0
7673,-346,0,0
7674,-346,0,0
7675,-347,0,0
7676,-347,0,0
7677,-348,0,0
7678,-349,0,0
7679,-349,0,0
7680,-350,0,0
7681,-350,0,0
7682,-351,0,0
7683,-352,0,0
7684,-352,0,0
7685,-353,0,0
7686,-353,0,0
7687,-354,0,0
7688,-354,0,0
7689,-355,0,0
7690,-355,0,0
7691,-356,0,0
7692,-356,0,0
7693,-356,0,0
7694,-357,0,0
7695,-357,0,0
7696,-357,0,0
7697,-358,0,0
7698,-358,0,0
7699,-358,0,0
7700,-358,0,0
7701,-359,0,0
7702,-359,0,0
7703,-359,0,0
7704,-359,0,0
7705,-359,0,0
7706,-359,0,0
7707,-359,0,0
7708,-359,0,0
7709,-359,0,0
7710,-359,0,0
7711,-359,0,0
7712,-359,0,0
7713,-359,0,0
7714,-359,0,0
7715,-359,0,0
7716,-359,0,0
7717,-359,0,0
7718,-359,0,0
7719,-359,0,0
7720,-358,0,0
7721,-358,0,0
7722,-358,0,0
7723,-358,0,0
7724,-358,0,0
7725,-357,0,0
7726,-357,0,0
7727,-357,0,0
7728,-356,0,0
7729,-356,0,0
7730,-355,0,0
7731,-355,0,0
7732,-354,0,0
7733,-354,0,0
7734,-353,0,0
7735,-352,0,0
7736,-352,0,0
7737,-351,0,0
7738,-350,0,0
7739,-350,0,0
7740,-349,0,0
7741,-348,0,0
7742,-347,0,0
7743,-346,0,0
7744,-345,0,0
7745,-344,0,0
7746,-343,0,0
7747,-342,0,0
7748,-341,0,0
7749,-340,0,0
7750,-339,0,0
7751,-338,0,0
7752,-338,0,0
7753,-336,0,0
7754,-335,0,0
7755,-335,0,0
7756,-333,0,0
7757,-332,0,0
7758,-331,0,0
7759,-330,0,0
7760,-329,0,0
7761,-328,0,0
7762,-327,0,0
7763,-326,0,0
7764,-325,0,0
7765,-324,0,0
7766,-322,0,0
7767,-321,0,0
7768,-320,0,0
7769,-319,0,0
7770,-317,0,0
7771,-316,0,0
7772,-315,0,0
7773,-313,0,0
7774,-312,0,0
7775,-310,0,0
7776,-309,0,0
7777,-307,0,0
7778,-305,0,0
7779,-304,0,0
7780,-302,0,0
7781,-300,0,0
7782,-298,0,0
7783,-297,0,0
7784,-295,0,0
7785,-293,0,0
7786,-291,0,0
7787,-290,0,0
7788,-288,0,0
7789,-286,0,0
7790,-284,0,0
7791,-282,0,0
7792,-280,0,0
7793,-278,0,0
7794,-277,0,0
7795,-275,0,0
7796,-273,0,0
7797,-271,0,0
7798,-269,0,0
7799,-267,0,0
7800,-265,0,0
7801,-263,0,0
7802,-262,0,0
7803,-260,0,0
7804,-258,0,0
7805,-256,0,0
7806,-254,0,0
7807,-252,0,0
7808,-250,0,0
7809,-248,0,0
7810,-246,0,0
7811,-244,0,0
7812,-241,0,0
7813,-239,0,0
7814,-237,0,0
7815,-235,0,0
7816,-232,0,0
7817,-230,0,0
7818,-228,0,0
7819,-226,0,0
7820,-223,0,0
7821,-221,0,0
7822,-218,0,0
7823,-216,0,0
7824,-213,0,0
7825,-211,0,0
7826,-208,0,0
7827,-206,0,0
7828,-203,0,0
7829,-201,0,0
7830,-198,0,0
7831,-196,0,0
7832,-193,0,0
7833,-191,0,0
7834,-188,0,0
7835,-186,0,0
7836,-183,0,0
7837,-181,0,0
7838,-178,0,0
7839,-176,0,0
7840,-173,0,0
7841,-171,0,0
7842,-168,0,0
7843,-166,0,0
7844,-163,0,0
7845,-161,0,0
7846,-158,0,0
7847,-156,0,0
7848,-153,0,0
7849,-150,0,0
7850,-148,0,0
7851,-145,0,0
7852,-142,0,0
7853,-140,0,0
7854,-137,0,0
7855,-134,0,0
7856,-131,0,0
7857,-129,0,0
7858,-126,0,0
7859,-123,0,0
7860,-120,0,0
7861,-117,0,0
7862,-114,0,0
7863,-112,0,0
7864,-109,0,0
7865,-106,0,0
7866,-103,0,0
7867,-100,0,0
7868,-97,0,0
7869,-94,0,0
7870,-91,0,0
7871,-88,0,0
7872,-85,0,0
7873,-83,0,0
7874,-80,0,0
7875,-77,0,0
7876,-74,0,0
7877,-71,0,0
7878,-68,0,0
7879,-65,0,0
7880,-62,0,0
7881,-60,0,0
7882,-57,0,0
7883,-54,0,0
7884,-51,0,0
7885,-48,0,0
7886,-45,0,0
7887,-42,0,0
7888,-40,0,0
7889,-37,0,0
7890,-34,0,0
7891,-31,0,0
7892,-28,0,0
7893,-25,0,0
7894,-22,0,0
7895,-19,0,0
7896,-16,0,0
7897,-13,0,0
7898,-10,0,0
7899,-7,0,0
7900,-5,0,0
7901,-1,0,0
7902,1,0,0
7903,4,0,0
7904,7,0,0
7905,10,0,0
7906,13,0,0
7907,16,0,0
7908,19,0,0
7909,22,0,0
7910,25,0,0
7911,28,0,0
7912,30,0,0
7913,34,0,0
7914,36,0,0
7915,39,0,0
7916,42,0,0
7917,45,0,0
7918,48,0,0
7919,51,0,0
7920,53,0,0
7921,56,0,0
7922,59,0,0
7923,62,0,0
7924,65,0,0
7925,67,0,0
7926,70,0,0
7927,73,0,0
7928,76,0,0
7929,79,0,0
7930,82,0,0
7931,84,0,0
7932,87,0,0
7933,90,0,0
7934,93,0,0
7935,96,0,0
7936,99,0,0
7937,102,0,0
7938,104,0,0
7939,107,0,0
7940,110,0,0
7941,113,0,0
7942,116,0,0
7943,119,0,0
7944,121,0,0
7945,124,0,0
7946,127,0,0
7947,130,0,0
7948,132,0,0
7949,135,0,0
7950,138,0,0
7951,141,0,0
7952,143,0,0
7953,146,0,0
7954,149,0,0
7955,151,0,0
7956,154,0,0
7957,157,0,0
7958,159,0,0
7959,162,0,0
7960,165,0,0
7961,167,0,0
7962,170,0,0
7963,173,0,0
7964,175,0,0
7965,178,0,0
7966,181,0,0
7967,183,0,0
7968,186,0,0
7969,188,0,0
7970,191,0,0
7971,194,0,0
7972,196,0,0
7973,199,0,0
7974,201,0,0
7975,204,0,0
7976,207,0,0
7977,209,0,0
7978,212,0,0
7979,214,0,0
7980,217,0,0
7981,219,0,0
7982,221,0,0
7983,224,0,0
7984,226,0,0
7985,228,0,0
7986,231,0,0
7987,233,0,0
7988,235,0,0
7989,237,0,0
7990,239,0,0
7991,241,0,0
7992,243,0,0
7993,245,0,0
7994,247,0,0
7995,249,0,0
7996,251,0,0
7997,253,0,0
7998,255,0,0
7999,257,0,0
8000,259,0,0
8001,260,0,0
8002,262,0,0
8003,264,0,0
8004,265,0,0
8005,267,0,0
8006,269,0,0
8007,270,0,0
8008,272,0,0
8009,274,0,0
8010,276,0,0
8011,277,0,0
8012,279,0,0
8013,281,0,0
8014,283,0,0
8015,285,0,0
8016,287,0,0
8017,289,0,0
8018,290,0,0
8019,292,0,0
8020,294,0,0
8021,296,0,0
8022,298,0,0
8023,300,0,0
8024,301,0,0
8025,303,0,0
8026,305,0,0
8027,307,0,0
8028,308,0,0
8029,310,0,0
8030,312,0,0
8031,313,0,0
8032,315,0,0
8033,316,0,0
8034,318,0,0
8035,319,0,0
8036,320,0,0
8037,321,0,0
8038,323,0,0
8039,324,0,0
8040,325,0,0
8041,326,0,0
8042,327,0,0
8043,328,0,0
8044,329,0,0
8045,330,0,0
8046,331,0,0
8047,332,0,0
8048,333,0,0
8049,333,0,0
8050,334,0,0
8051,335,0,0
8052,336,0,0
8053,337,0,0
8054,338,0,0
8055,339,0,0
8056,339,0,0
8057,340,0,0
8058,341,0,0
8059,342,0,0
8060,343,0,0
8061,344,0,0
8062,345,0,0
8063,345,0,0
8064,347,0,0
8065,347,0,0
8066,348,0,0
8067,349,0,0
8068,350,0,0
8069,351,0,0
8070,351,0,0
8071,352,0,0
8072,353,0,0
8073,354,0,0
8074,354,0,0
8075,355,0,0
8076,355,0,0
8077,356,0,0
8078,356,0,0
8079,357,0,0
8080,357,0,0
8081,357,0,0
8082,358,0,0
8083,358,0,0
8084,358,0,0
8085,358,0,0
8086,359,0,0
8087,359,0,0
8088,359,0,0
8089,359,0,0
8090,359,0,0
8091,359,0,0
8092,359,0,0
8093,359,0,0
8094,358,0,0
8095,358,0,0
8096,358,0,0
8097,358,0,0
8098,358,0,0
8099,358,0,0
8100,358,0,0
8101,357,0,0
8102,357,0,0
8103,357,0,0
8104,357,0,0
8105,357,0,0
8106,356,0,0
8107,356,0,0
8108,356,0,0
8109,356,0,0
8110,356,0,0
8111,355,0,0
8112,355,0,0
8113,355,0,0
8114,354,0,0
8115,354,0,0
8116,354,0,0
8117,353,0,0
8118,353,0,0
8119,353,0,0
8120,352,0,0
8121,352,0,0
8122,351,0,0
8123,351,0,0
8124,350,0,0
8125,350,0,0
8126,349,0,0
8127,349,0,0
8128,348,0,0
8129,347,0,0
8130,347,0,0
8131,346,0,0
8132,345,0,0
8133,345,0,0
8134,344,0,0
8135,343,0,0
8136,342,0,0
8137,342,0,0
8138,341,0,0
8139,340,0,0
8140,339,0,0
8141,338,0,0
8142,337,0,0
8143,336,0,0
8144,336,0,0
8145,335,0,0
8146,334,0,0
8147,333,0,0
8148,332,0,0
8149,331,0,0
8150,329,0,0
8151,328,0,0
8152,327,0,0
8153,326,0,0
8154,325,0,0
8155,324,0,0
8156,323,0,0
8157,321,0,0
8158,320,0,0
8159,319,0,0
8160,318,0,0
8161,316,0,0
8162,315,0,0
8163,314,0,0
8164,313,0,0
8165,311,0,0
8166,310,0,0
8167,309,0,0
8168,307,0,0
8169,306,0,0
8170,304,0,0
8171,303,0,0
8172,301,0,0
8173,300,0,0
8174,299,0,0
8175,297,0,0
8176,296,0,0
8177,294,0,0
8178,293,0,0
8179,291,0,0
8180,290,0,0
8181,288,0,0
8182,287,0,0
8183,285,0,0
8184,284,0,0
8185,282,0,0
8186,281,0,0
8187,279,0,0
8188,277,0,0
8189,276,0,0
8190,274,0,0
8191,273,0,0
8192,271,0,0
8193,269,0,0
8194,268,0,0
8195,266,0,0
8196,264,0,0
8197,262,0,0
8198,261,0,0
8199,259,0,0
8200,257,0,0
8201,255,0,0
8202,254,0,0
8203,252,0,0
8204,250,0,0
8205,248,0,0
8206,246,0,0
8207,244,0,0
8208,243,0,0
8209,240,0,0
8210,239,0,0
8211,237,0,0
8212,235,0,0
8213,233,0,0
8214,231,0,0
8215,229,0,0
8216,227,0,0
8217,225,0,0
8218,223,0,0
8219,221,0,0
8220,219,0,0
8221,217,0,0
8222,215,0,0
8223,213,0,0
8224,211,0,0
8225,209,0,0
8226,207,0,0
8227,205,0,0
8228,203,0,0
8229,202,0,0
8230,199,0,0
8231,197,0,0
8232,196,0,0
8233,193,0,0
8234,192,0,0
8235,190,0,0
8236,188,0,0
8237,186,0,0
8238,184,0,0
8239,182,0,0
8240,180,0,0
8241,178,0,0
8242,176,0,0
8243,174,0,0
8244,173,0,0
8245,170,0,0
8246,169,0,0
8247,167,0,0
8248,165,0,0
8249,163,0,0
8250,161,0,0
8251,159,0,0
8252,157,0,0
8253,155,0,0
8254,153,0,0
8255,151,0,0
8256,149,0,0
8257,147,0,0
8258,145,0,0
8259,143,0,0
8260,141,0,0
8261,139,0,0
8262,137,0,0
8263,135,0,0
8264,133,0,0
8265,131,0,0
8266,128,0,0
8267,126,0,0
8268,124,0,0
8269,122,0,0
8270,120,0,0
8271,118,0,0
8272,116,0,0
8273,113,0,0
8274,111,0,0
8275,109,0,0
8276,107,0,0
8277,105,0,0
8278,103,0,0
8279,101,0,0
8280,99,0,0
8281,97,0,0
8282,95,0,0
8283,93,0,0
8284,91,0,0
8285,89,0,0
8286,87,0,0
8287,86,0,0
8288,83,0,0
8289,82,0,0
8290,80,0,0
8291,78,0,0
8292,76,0,0
8293,74,0,0
8294,72,0,0
8295,70,0,0
8296,68,0,0
8297,67,0,0
8298,65,0,0
8299,63,0,0
8300,61,0,0
8301,59,0,0
8302,57,0,0
8303,55,0,0
8304,53,0,0
8305,51,0,0
8306,49,0,0
8307,48,0,0
8308,46,0,0
8309,44,0,0
8310,42,0,0
8311,40,0,0
8312,39,0,0
8313,37,0,0
8314,35,0,0
8315,34,0,0
8316,32,0,0
8317,30,0,0
8318,29,0,0
8319,27,0,0
8320,26,0,0
8321,24,0,0
8322,23,0,0
8323,21,0,0
8324,20,0,0
8325,18,0,0
8326,17,0,0
8327,16,0,0
8328,14,0,0
8329,13,0,0
8330,12,0,0
8331,10,0,0
8332,9,0,0
8333,7,0,0
8334,6,0,0
8335,5,0,0
8336,3,0,0
8337,2,0,0
8338,0,0,0
8339,-1,0,0
8340,-3,0,0
8341,-4,0,0
8342,-6,0,0
8343,-7,0,0
8344,-8,0,0
8345,-10,0,0
8346,-11,0,0
8347,-13,0,0
8348,-14,0,0
8349,-16,0,0
8350,-17,0,0
8351,-18,0,0
8352,-20,0,0
8353,-21,0,0
8354,-23,0,0
8355,-24,0,0
8356,-25,0,0
8357,-26,0,0
8358,-28,0,0
8359,-29,0,0
8360,-30,0,0
8361,-31,0,0
8362,-32,0,0
8363,-33,0,0
8364,-35,0,0
8365,-36,0,0
8366,-37,0,0
8367,-38,0,0
8368,-39,0,0
8369,-40,0,0
8370,-41,0,0
8371,-42,0,0
8372,-43,0,0
8373,-44,0,0
8374,-45,0,0
8375,-46,0,0
8376,-47,0,0
8377,-48,0,0
8378,-49,0,0
8379,-50,0,0
8380,-51,0,0
8381,-52,0,0
8382,-53,0,0
8383,-53,0,0
8384,-54,0,0
8385,-55,0,0
8386,-56,0,0
8387,-57,0,0
8388,-57,0,0
8389,-59,0,0
8390,-59,0,0
8391,-60,0,0
8392,-60,0,0
8393,-61,0,0
8394,-62,0,0
8395,-62,0,0
8396,-63,0,0
8397,-63,0,0
8398,-64,0,0
8399,-64,0,0
8400,-65,0,0
8401,-65,0,0
8402,-66,0,0
8403,-66,0,0
8404,-67,0,0
8405,-67,0,0
8406,-67,0,0
8407,-68,0,0
8408,-68,0,0
8409,-69,0,0
8410,-69,0,0
8411,-70,0,0
8412,-70,0,0
8413,-70,0,0
8414,-71,0,0
8415,-71,0,0
8416,-72,0,0
8417,-72,0,0
8418,-73,0,0
8419,-73,0,0
8420,-73,0,0
8421,-74,0,0
8422,-74,0,0
8423,-75,0,0
8424,-75,0,0
8425,-75,0,0
8426,-75,0,0
8427,-76,0,0
8428,-76,0,0
8429,-76,0,0
8430,-76,0,0
8431,-76,0,0
8432,-76,0,0
8433,-76,0,0
8434,-76,0,0
8435,-76,0,0
8436,-76,0,0
8437,-76,0,0
8438,-76,0,0
8439,-76,0,0
8440,-76,0,0
8441,-76,0,0
8442,-75,0,0
8443,-75,0,0
8444,-75,0,0
8445,-75,0,0
8446,-75,0,0
8447,-74,0,0
8448,-74,0,0
8449,-74,0,0
8450,-74,0,0
8451,-73,0,0
8452,-73,0,0
8453,-73,0,0
8454,-73,0,0
8455,-72,0,0
8456,-72,0,0
8457,-72,0,0
8458,-72,0,0
8459,-71,0,0
8460,-71,0,0
8461,-71,0,0
8462,-71,0,0
8463,-70,0,0
8464,-70,0,0
8465,-70,0,0
8466,-69,0,0
8467,-69,0,0
8468,-69,0,0
8469,-68,0,0
8470,-68,0,0
8471,-68,0,0
8472,-67,0,0
8473,-66,0,0
8474,-66,0,0
8475,-65,0,0
8476,-65,0,0
8477,-64,0,0
8478,-63,0,0
8479,-63,0,0
8480,-62,0,0
8481,-61,0,0
8482,-61,0,0
8483,-60,0,0
8484,-59,0,0
8485,-59,0,0
8486,-58,0,0
8487,-57,0,0
8488,-56,0,0
8489,-56,0,0
8490,-55,0,0
8491,-54,0,0
8492,-53,0,0
8493,-53,0,0
8494,-52,0,0
8495,-52,0,0
8496,-51,0,0
8497,-50,0,0
8498,-50,0,0
8499,-49,0,0
8500,-48,0,0
8501,-48,0,0
8502,-47,0,0
8503,-46,0,0
8504,-46,0,0
8505,-45,0,0
8506,-45,0,0
8507,-44,0,0
8508,-44,0,0
8509,-43,0,0
8510,-42,0,0
8511,-42,0,0
8512,-41,0,0
8513,-40,0,0
8514,-40,0,0
8515,-39,0,0
8516,-38,0,0
8517,-38,0,0
8518,-37,0,0
8519,-36,0,0
8520,-35,0,0
8521,-34,0,0
8522,-33,0,0
8523,-32,0,0
8524,-32,0,0
8525,-31,0,0
8526,-30,0,0
8527,-29,0,0
8528,-28,0,0
8529,-27,0,0
8530,-26,0,0
8531,-25,0,0
8532,-24,0,0
8533,-23,0,0
8534,-22,0,0
8535,-21,0,0
8536,-20,0,0
8537,-19,0,0
8538,-18,0,0
8539,-17,0,0
8540,-16,0,0
8541,-15,0,0
8542,-14,0,0
8543,-13,0,0
8544,-12,0,0
8545,-11,0,0
8546,-10,0,0
8547,-9,0,0
8548,-8,0,0
8549,-7,0,0
8550,-6,0,0
8551,-5,0,0
8552,-4,0,0
8553,-3,0,0
8554,-2,0,0
8555,-1,0,0
8556,0,0,0
8557,1,0,0
8558,2,0,0
8559,3,0,0
8560,4,0,0
8561,5,0,0
8562,6,0,0
8563,7,0,0
8564,8,0,0
8565,9,0,0
8566,10,0,0
8567,11,0,0
8568,12,0,0
8569,13,0,0
8570,15,0,0
8571,16,0,0
8572,17,0,0
8573,18,0,0
8574,19,0,0
8575,20,0,0
8576,21,0,0
8577,22,0,0
8578,23,0,0
8579,24,0,0
8580,25,0,0
8581,26,0,0
8582,27,0,0
8583,28,0,0
8584,29,0,0
8585,30,0,0
8586,30,0,0
8587,31,0,0
8588,32,0,0
8589,33,0,0
8590,34,0,0
8591,35,0,0
8592,35,0,0
8593,36,0,0
8594,37,0,0
8595,37,0,0
8596,38,0,0
8597,39,0,0
8598,40,0,0
8599,40,0,0
8600,41,0,0
8601,41,0,0
8602,42,0,0
8603,43,0,0
8604,43,0,0
8605,44,0,0
8606,45,0,0
8607,45,0,0
8608,46,0,0
8609,47,0,0
8610,48,0,0
8611,48,0,0
8612,49,0,0
8613,50,0,0
8614,51,0,0
8615,51,0,0
8616,52,0,0
8617,53,0,0
8618,54,0,0
8619,55,0,0
8620,55,0,0
8621,56,0,0
8622,57,0,0
8623,58,0,0
8624,59,0,0
8625,60,0,0
8626,61,0,0
8627,62,0,0
8628,62,0,0
8629,63,0,0
8630,64,0,0
8631,65,0,0
8632,65,0,0
8633,66,0,0
8634,67,0,0
8635,67,0,0
8636,68,0,0
8637,68,0,0
8638,69,0,0
8639,69,0,0
8640,69,0,0
8641,70,0,0
8642,70,0,0
8643,70,0,0
8644,70,0,0
8645,71,0,0
8646,71,0,0
8647,71,0,0
8648,71,0,0
8649,71,0,0
8650,71,0,0
8651,71,0,0
8652,71,0,0
8653,72,0,0
8654,71,0,0
8655,72,0,0
8656,72,0,0
8657,72,0,0
8658,72,0,0
8659,72,0,0
8660,72,0,0
8661,72,0,0
8662,73,0,0
8663,73,0,0
8664,73,0,0
8665,73,0,0
8666,73,0,0
8667,73,0,0
8668,74,0,0
8669,74,0,0
8670,74,0,0
8671,74,0,0
8672,74,0,0
8673,74,0,0
8674,75,0,0
8675,75,0,0
8676,75,0,0
8677,75,0,0
8678,75,0,0
8679,75,0,0
8680,75,0,0
8681,75,0,0
8682,74,0,0
8683,74,0,0
8684,74,0,0
8685,74,0,0
8686,74,0,0
8687,73,0,0
8688,73,0,0
8689,73,0,0
8690,72,0,0
8691,72,0,0
8692,72,0,0
8693,71,0,0
8694,71,0,0
8695,70,0,0
8696,70,0,0
8697,69,0,0
8698,69,0,0
8699,68,0,0
8700,67,0,0
8701,67,0,0
8702,67,0,0
8703,66,0,0
8704,66,0,0
8705,65,0,0
8706,64,0,0
8707,64,0,0
8708,63,0,0
8709,63,0,0
8710,62,0,0
8711,62,0,0
8712,62,0,0
8713,61,0,0
8714,60,0,0
8715,60,0,0
8716,60,0,0
8717,59,0,0
8718,58,0,0
8719,58,0,0
8720,57,0,0
8721,56,0,0
8722,56,0,0
8723,55,0,0
8724,55,0,0
8725,54,0,0
8726,53,0,0
8727,52,0,0
8728,52,0,0
8729,51,0,0
8730,50,0,0
8731,49,0,0
8732,48,0,0
8733,47,0,0
8734,46,0,0
8735,45,0,0
8736,44,0,0
8737,43,0,0
8738,42,0,0
8739,41,0,0
8740,40,0,0
8741,39,0,0
8742,38,0,0
8743,37,0,0
8744,35,0,0
8745,34,0,0
8746,33,0,0
8747,32,0,0
8748,30,0,0
8749,29,0,0
8750,28,0,0
8751,27,0,0
8752,26,0,0
8753,24,0,0
8754,23,0,0
8755,22,0,0
8756,21,0,0
8757,20,0,0
8758,18,0,0
8759,17,0,0
8760,16,0,0
8761,15,0,0
8762,13,0,0
8763,12,0,0
8764,11,0,0
8765,10,0,0
8766,8,0,0
8767,7,0,0
8768,6,0,0
8769,4,0,0
8770,3,0,0
8771,1,0,0
8772,0,0,0
8773,-2,0,0
8774,-3,0,0
8775,-4,0,0
8776,-6,0,0
8777,-7,0,0
8778,-9,0,0
8779,-11,0,0
8780,-12,0,0
8781,-14,0,0
8782,-15,0,0
8783,-17,0,0
8784,-19,0,0
8785,-20,0,0
8786,-22,0,0
8787,-24,0,0
8788,-25,0,0
8789,-27,0,0
8790,-29,0,0
8791,-30,0,0
8792,-32,0,0
8793,-34,0,0
8794,-36,0,0
8795,-37,0,0
8796,-39,0,0
8797,-41,0,0
8798,-43,0,0
8799,-44,0,0
8800,-46,0,0
8801,-48,0,0
8802,-49,0,0
8803,-51,0,0
8804,-53,0,0
8805,-55,0,0
8806,-57,0,0
8807,-58,0,0
8808,-60,0,0
8809,-62,0,0
8810,-64,0,0
8811,-65,0,0
8812,-67,0,0
8813,-69,0,0
8814,-71,0,0
8815,-73,0,0
8816,-75,0,0
8817,-76,0,0
8818,-78,0,0
8819,-80,0,0
8820,-82,0,0
8821,-84,0,0
8822,-86,0,0
8823,-87,0,0
8824,-89,0,0
8825,-91,0,0
8826,-93,0,0
8827,-95,0,0
8828,-97,0,0
8829,-99,0,0
8830,-101,0,0
8831,-103,0,0
8832,-105,0,0
8833,-107,0,0
8834,-109,0,0
8835,-111,0,0
8836,-113,0,0
8837,-115,0,0
8838,-117,0,0
8839,-119,0,0
8840,-121,0,0
8841,-123,0,0
8842,-126,0,0
8843,-127,0,0
8844,-130,0,0
8845,-132,0,0
8846,-134,0,0
8847,-136,0,0
8848,-138,0,0
8849,-140,0,0
8850,-142,0,0
8851,-144,0,0
8852,-146,0,0
8853,-148,0,0
8854,-150,0,0
8855,-152,0,0
8856,-154,0,0
8857,-156,0,0
8858,-158,0,0
8859,-160,0,0
8860,-162,0,0
8861,-164,0,0
8862,-166,0,0
8863,-168,0,0
8864,-170,0,0
8865,-172,0,0
8866,-174,0,0
8867,-176,0,0
8868,-178,0,0
8869,-179,0,0
8870,-181,0,0
8871,-184,0,0
8872,-185,0,0
8873,-188,0,0
8874,-189,0,0
8875,-191,0,0
8876,-194,0,0
8877,-195,0,0
8878,-197,0,0
8879,-200,0,0
8880,-202,0,0
8881,-204,0,0
8882,-206,0,0
8883,-208,0,0
8884,-210,0,0
8885,-212,0,0
8886,-214,0,0
8887,-216,0,0
8888,-218,0,0
8889,-220,0,0
8890,-222,0,0
8891,-224,0,0
8892,-226,0,0
8893,-228,0,0
8894,-230,0,0
8895,-232,0,0
8896,-234,0,0
8897,-236,0,0
8898,-238,0,0
8899,-240,0,0
8900,-241,0,0
8901,-243,0,0
8902,-245,0,0
8903,-246,0,0
8904,-248,0,0
8905,-250,0,0
8906,-251,0,0
8907,-253,0,0
8908,-255,0,0
8909,-256,0,0
8910,-258,0,0
8911,-259,0,0
8912,-261,0,0
8913,-262,0,0
8914,-264,0,0
8915,-265,0,0
8916,-267,0,0
8917,-268,0,0
8918,-270,0,0
8919,-272,0,0
8920,-273,0,0
8921,-275,0,0
8922,-276,0,0
8923,-278,0,0
8924,-280,0,0
8925,-281,0,0
8926,-283,0,0
8927,-284,0,0
8928,-286,0,0
8929,-288,0,0
8930,-289,0,0
8931,-291,0,0
8932,-293,0,0
8933,-294,0,0
8934,-296,0,0
8935,-298,0,0
8936,-299,0,0
8937,-301,0,0
8938,-303,0,0
8939,-304,0,0
8940,-306,0,0
8941,-307,0,0
8942,-309,0,0
8943,-310,0,0
8944,-312,0,0
8945,-313,0,0
8946,-315,0,0
8947,-316,0,0
8948,-317,0,0
8949,-319,0,0
8950,-320,0,0
8951,-321,0,0
8952,-323,0,0
8953,-324,0,0
8954,-325,0,0
8955,-326,0,0
8956,-327,0,0
8957,-329,0,0
8958,-329,0,0
8959,-331,0,0
8960,-332,0,0
8961,-333,0,0
8962,-334,0,0
8963,-335,0,0
8964,-336,0,0
8965,-337,0,0
8966,-337,0,0
8967,-338,0,0
8968,-339,0,0
8969,-340,0,0
8970,-341,0,0
8971,-341,0,0
8972,-342,0,0
8973,-343,0,0
8974,-344,0,0
8975,-345,0,0
8976,-345,0,0
8977,-346,0,0
8978,-347,0,0
8979,-348,0,0
8980,-348,0,0
8981,-349,0,0
8982,-350,0,0
8983,-350,0,0
8984,-351,0,0
8985,-352,0,0
8986,-352,0,0
8987,-353,0,0
8988,-353,0,0
8989,-354,0,0
8990,-355,0,0
8991,-355,0,0
8992,-356,0,0
8993,-356,0,0
8994,-357,0,0
8995,-357,0,0
8996,-358,0,0
8997,-358,0,0
8998,-359,0,0
8999,-359,0,0
9000,-360,0,0
9001,-360,0,0
9002,-360,0,0
9003,-361,0,0
9004,-361,0,0
9005,-361,0,0
9006,-361,0,0
9007,-361,0,0
9008,-362,0,0
9009,-362,0,0
9010,-362,0,0
9011,-362,0,0
9012,-362,0,0
9013,-362,0,0
9014,-362,0,0
9015,-362,0,0
9016,-362,0,0
9017,-362,0,0
9018,-361,0,0
9019,-361,0,0
9020,-361,0,0
9021,-361,0,0
9022,-361,0,0
9023,-360,0,0
9024,-360,0,0
9025,-360,0,0
9026,-360,0,0
9027,-359,0,0
9028,-359,0,0
9029,-358,0,0
9030,-358,0,0
9031,-357,0,0
9032,-357,0,0
9033,-356,0,0
9034,-356,0,0
9035,-355,0,0
9036,-355,0,0
9037,-354,0,0
9038,-353,0,0
9039,-353,0,0
9040,-352,0,0
9041,-351,0,0
9042,-351,0,0
9043,-350,0,0
9044,-349,0,0
9045,-349,0,0
9046,-348,0,0
9047,-347,0,0
9048,-346,0,0
9049,-346,0,0
9050,-345,0,0
9051,-344,0,0
9052,-343,0,0
9053,-342,0,0
9054,-341,0,0
9055,-340,0,0
9056,-340,0,0
9057,-339,0,0
9058,-338,0,0
9059,-337,0,0
9060,-336,0,0
9061,-335,0,0
9062,-334,0,0
9063,-333,0,0
9064,-332,0,0
9065,-331,0,0
9066,-330,0,0
9067,-328,0,0
9068,-327,0,0
9069,-326,0,0
9070,-325,0,0
9071,-324,0,0
9072,-322,0,0
9073,-321,0,0
9074,-320,0,0
9075,-318,0,0
9076,-317,0,0
9077,-316,0,0
9078,-314,0,0
9079,-313,0,0
9080,-311,0,0
9081,-310,0,0
9082,-308,0,0
9083,-307,0,0
9084,-305,0,0
9085,-304,0,0
9086,-302,0,0
9087,-301,0,0
9088,-299,0,0
9089,-297,0,0
9090,-296,0,0
9091,-294,0,0
9092,-292,0,0
9093,-291,0,0
9094,-289,0,0
9095,-287,0,0
9096,-285,0,0
9097,-283,0,0
9098,-281,0,0
9099,-280,0,0
9100,-278,0,0
9101,-276,0,0
9102,-274,0,0
9103,-272,0,0
9104,-270,0,0
9105,-268,0,0
9106,-266,0,0
9107,-264,0,0
9108,-262,0,0
9109,-260,0,0
9110,-258,0,0
9111,-256,0,0
9112,-254,0,0
9113,-252,0,0
9114,-249,0,0
9115,-247,0,0
9116,-245,0,0
9117,-243,0,0
9118,-241,0,0
9119,-239,0,0
9120,-236,0,0
9121,-234,0,0
9122,-232,0,0
9123,-230,0,0
9124,-228,0,0
9125,-225,0,0
9126,-223,0,0
9127,-221,0,0
9128,-219,0,0
9129,-217,0,0
9130,-214,0,0
9131,-212,0,0
9132,-210,0,0
9133,-208,0,0
9134,-205,0,0
9135,-203,0,0
9136,-201,0,0
9137,-198,0,0
9138,-196,0,0
9139,-194,0,0
9140,-191,0,0
9141,-188,0,0
9142,-186,0,0
9143,-184,0,0
9144,-181,0,0
9145,-178,0,0
9146,-176,0,0
9147,-173,0,0
9148,-170,0,0
9149,-167,0,0
9150,-165,0,0
9151,-162,0,0
9152,-159,0,0
9153,-156,0,0
9154,-154,0,0
9155,-151,0,0
9156,-148,0,0
9157,-145,0,0
9158,-142,0,0
9159,-139,0,0
9160,-136,0,0
9161,-133,0,0
9162,-131,0,0
9163,-128,0,0
9164,-125,0,0
9165,-122,0,0
9166,-119,0,0
9167,-116,0,0
9168,-113,0,0
9169,-111,0,0
9170,-108,0,0
9171,-105,0,0
9172,-102,0,0
9173,-100,0,0
9174,-97,0,0
9175,-94,0,0
9176,-91,0,0
9177,-89,0,0
9178,-86,0,0
9179,-83,0,0
9180,-80,0,0
9181,-77,0,0
9182,-75,0,0
9183,-72,0,0
9184,-69,0,0
9185,-66,0,0
9186,-64,0,0
9187,-61,0,0
9188,-58,0,0
9189,-55,0,0
9190,-53,0,0
9191,-50,0,0
9192,-47,0,0
9193,-44,0,0
9194,-41,0,0
9195,-39,0,0
9196,-36,0,0
9197,-33,0,0
9198,-30,0,0
9199,-27,0,0
9200,-24,0,0
9201,-22,0,0
9202,-19,0,0
9203,-16,0,0
9204,-13,0,0
9205,-10,0,0
9206,-7,0,0
9207,-4,0,0
9208,-1,0,0
9209,2,0,0
9210,5,0,0
9211,8,0,0
9212,11,0,0
9213,14,0,0
9214,17,0,0
9215,20,0,0
9216,23,0,0
9217,26,0,0
9218,29,0,0
9219,32,0,0
9220,35,0,0
9221,38,0,0
9222,41,0,0
9223,44,0,0
9224,47,0,0
9225,50,0,0
9226,54,0,0
9227,57,0,0
9228,60,0,0
9229,63,0,0
9230,66,0,0
9231,69,0,0
9232,72,0,0
9233,75,0,0
9234,78,0,0
9235,81,0,0
9236,84,0,0
9237,87,0,0
9238,90,0,0
9239,93,0,0
9240,96,0,0
9241,98,0,0
9242,102,0,0
9243,104,0,0
9244,107,0,0
9245,110,0,0
9246,113,0,0
9247,115,0,0
9248,118,0,0
9249,121,0,0
9250,124,0,0
9251,126,0,0
9252,129,0,0
9253,132,0,0
9254,134,0,0
9255,137,0,0
9256,139,0,0
9257,142,0,0
9258,145,0,0
9259,147,0,0
9260,150,0,0
9261,152,0,0
9262,155,0,0
9263,157,0,0
9264,160,0,0
9265,163,0,0
9266,165,0,0
9267,167,0,0
9268,170,0,0
9269,173,0,0
9270,175,0,0
9271,177,0,0
9272,180,0,0
9273,182,0,0
9274,185,0,0
9275,187,0,0
9276,190,0,0
9277,192,0,0
9278,195,0,0
9279,197,0,0
9280,199,0,0
9281,202,0,0
9282,204,0,0
9283,206,0,0
9284,209,0,0
9285,211,0,0
9286,213,0,0
9287,216,0,0
9288,218,0,0
9289,220,0,0
9290,223,0,0
9291,225,0,0
9292,227,0,0
9293,230,0,0
9294,232,0,0
9295,234,0,0
9296,236,0,0
9297,238,0,0
9298,241,0,0
9299,243,0,0
9300,245,0,0
9301,247,0,0
9302,249,0,0
9303,251,0,0
9304,253,0,0
9305,255,0,0
9306,257,0,0
9307,259,0,0
9308,261,0,0
9309,263,0,0
9310,265,0,0
9311,267,0,0
9312,269,0,0
9313,271,0,0
9314,272,0,0
9315,274,0,0
9316,276,0,0
9317,278,0,0
9318,279,0,0
9319,281,0,0
9320,283,0,0
9321,285,0,0
9322,286,0,0
9323,288,0,0
9324,290,0,0
9325,291,0,0
9326,293,0,0
9327,295,0,0
9328,297,0,0
9329,298,0,0
9330,300,0,0
9331,301,0,0
9332,303,0,0
9333,305,0,0
9334,306,0,0
9335,308,0,0
9336,309,0,0
9337,311,0,0
9338,313,0,0
9339,314,0,0
9340,316,0,0
9341,317,0,0
9342,319,0,0
9343,320,0,0
9344,321,0,0
9345,323,0,0
9346,324,0,0
9347,325,0,0
9348,327,0,0
9349,328,0,0
9350,329,0,0
9351,330,0,0
9352,331,0,0
9353,332,0,0
9354,334,0,0
9355,334,0,0
9356,335,0,0
9357,336,0,0
9358,337,0,0
9359,338,0,0
9360,339,0,0
9361,340,0,0
9362,341,0,0
9363,341,0,0
9364,342,0,0
9365,343,0,0
9366,344,0,0
9367,344,0,0
9368,345,0,0
9369,346,0,0
9370,347,0,0
9371,347,0,0
9372,348,0,0
9373,349,0,0
9374,349,0,0
9375,350,0,0
9376,351,0,0
9377,352,0,0
9378,352,0,0
9379,353,0,0
9380,354,0,0
9381,354,0,0
9382,355,0,0
9383,356,0,0
9384,356,0,0
9385,356,0,0
9386,357,0,0
9387,357,0,0
9388,358,0,0
9389,358,0,0
9390,359,0,0
9391,359,0,0
9392,359,0,0
9393,360,0,0
9394,360,0,0
9395,360,0,0
9396,360,0,0
9397,360,0,0
9398,360,0,0
9399,360,0,0
9400,360,0,0
9401,360,0,0
9402,360,0,0
9403,360,0,0
9404,359,0,0
9405,359,0,0
9406,359,0,0
9407,359,0,0
9408,359,0,0
9409,359,0,0
9410,358,0,0
9411,358,0,0
9412,358,0,0
9413,358,0,0
9414,358,0,0
9415,357,0,0
9416,357,0,0
9417,357,0,0
9418,357,0,0
9419,356,0,0
9420,356,0,0
9421,356,0,0
9422,355,0,0
9423,355,0,0
9424,354,0,0
9425,354,0,0
9426,353,0,0
9427,353,0,0
9428,352,0,0
9429,352,0,0
9430,351,0,0
9431,351,0,0
9432,350,0,0
9433,349,0,0
9434,349,0,0
9435,348,0,0
9436,347,0,0
9437,346,0,0
9438,345,0,0
9439,345,0,0
9440,344,0,0
9441,343,0,0
9442,342,0,0
9443,341,0,0
9444,340,0,0
9445,339,0,0
9446,338,0,0
9447,337,0,0
9448,336,0,0
9449,335,0,0
9450,334,0,0
9451,333,0,0
9452,332,0,0
9453,331,0,0
9454,330,0,0
9455,329,0,0
9456,328,0,0
9457,327,0,0
9458,326,0,0
9459,325,0,0
9460,324,0,0
9461,323,0,0
9462,322,0,0
9463,321,0,0
9464,319,0,0
9465,318,0,0
9466,317,0,0
9467,316,0,0
9468,315,0,0
9469,313,0,0
9470,312,0,0
9471,311,0,0
9472,309,0,0
9473,308,0,0
9474,307,0,0
9475,305,0,0
9476,304,0,0
9477,302,0,0
9478,301,0,0
9479,300,0,0
9480,298,0,0
9481,297,0,0
9482,295,0,0
9483,293,0,0
9484,292,0,0
9485,291,0,0
9486,289,0,0
9487,288,0,0
9488,286,0,0
9489,284,0,0
9490,283,0,0
9491,281,0,0
9492,279,0,0
9493,278,0,0
9494,276,0,0
9495,275,0,0
9496,273,0,0
9497,272,0,0
9498,270,0,0
9499,268,0,0
9500,267,0,0
9501,265,0,0
9502,263,0,0
9503,262,0,0
9504,260,0,0
9505,259,0,0
9506,257,0,0
9507,255,0,0
9508,254,0,0
9509,252,0,0
9510,250,0,0
9511,248,0,0
9512,247,0,0
9513,245,0,0
9514,243,0,0
9515,242,0,0
9516,240,0,0
9517,238,0,0
9518,236,0,0
9519,235,0,0
9520,233,0,0
9521,231,0,0
9522,229,0,0
9523,228,0,0
9524,226,0,0
9525,224,0,0
9526,222,0,0
9527,220,0,0
9528,218,0,0
9529,216,0,0
9530,214,0,0
9531,212,0,0
9532,210,0,0
9533,208,0,0
9534,206,0,0
9535,204,0,0
9536,202,0,0
9537,200,0,0
9538,198,0,0
9539,196,0,0
9540,193,0,0
9541,191,0,0
9542,189,0,0
9543,187,0,0
9544,185,0,0
9545,183,0,0
9546,181,0,0
9547,179,0,0
9548,177,0,0
9549,175,0,0
9550,173,0,0
9551,171,0,0
9552,169,0,0
9553,167,0,0
9554,165,0,0
9555,163,0,0
9556,161,0,0
9557,159,0,0
9558,157,0,0
9559,155,0,0
9560,153,0,0
9561,151,0,0
9562,149,0,0
9563,147,0,0
9564,145,0,0
9565,143,0,0
9566,140,0,0
9567,138,0,0
9568,136,0,0
9569,134,0,0
9570,132,0,0
9571,130,0,0
9572,128,0,0
9573,126,0,0
9574,124,0,0
9575,122,0,0
9576,120,0,0
9577,117,0,0
9578,115,0,0
9579,113,0,0
9580,111,0,0
9581,109,0,0
9582,107,0,0
9583,105,0,0
9584,103,0,0
9585,101,0,0
9586,99,0,0
9587,97,0,0
9588,95,0,0
9589,93,0,0
9590,91,0,0
9591,89,0,0
9592,87,0,0
9593,85,0,0
9594,83,0,0
9595,82,0,0
9596,80,0,0
9597,78,0,0
9598,76,0,0
9599,74,0,0
9600,73,0,0
9601,71,0,0
9602,69,0,0
9603,67,0,0
9604,66,0,0
9605,64,0,0
9606,62,0,0
9607,60,0,0
9608,59,0,0
9609,57,0,0
9610,56,0,0
9611,54,0,0
9612,52,0,0
9613,50,0,0
9614,48,0,0
9615,47,0,0
9616,45,0,0
9617,43,0,0
9618,42,0,0
9619,40,0,0
9620,38,0,0
9621,36,0,0
9622,34,0,0
9623,33,0,0
9624,31,0,0
9625,29,0,0
9626,27,0,0
9627,25,0,0
9628,24,0,0
9629,22,0,0
9630,20,0,0
9631,19,0,0
9632,17,0,0
9633,15,0,0
9634,13,0,0
9635,12,0,0
9636,10,0,0
9637,8,0,0
9638,7,0,0
9639,5,0,0
9640,3,0,0
9641,2,0,0
9642,0,0,0
9643,-1,0,0
9644,-3,0,0
9645,-4,0,0
9646,-5,0,0
9647,-7,0,0
9648,-8,0,0
9649,-10,0,0
9650,-11,0,0
9651,-12,0,0
9652,-14,0,0
9653,-15,0,0
9654,-16,0,0
9655,-17,0,0
9656,-18,0,0
9657,-20,0,0
9658,-21,0,0
9659,-22,0,0
9660,-23,0,0
9661,-24,0,0
9662,-25,0,0
9663,-26,0,0
9664,-27,0,0
9665,-28,0,0
9666,-29,0,0
9667,-30,0,0
9668,-31,0,0
9669,-32,0,0
9670,-33,0,0
9671,-34,0,0
9672,-35,0,0
9673,-36,0,0
9674,-37,0,0
9675,-38,0,0
9676,-39,0,0
9677,-40,0,0
9678,-41,0,0
9679,-42,0,0
9680,-43,0,0
9681,-45,0,0
9682,-46,0,0
9683,-47,0,0
9684,-48,0,0
9685,-49,0,0
9686,-49,0,0
9687,-51,0,0
9688,-52,0,0
9689,-53,0,0
9690,-54,0,0
9691,-55,0,0
9692,-55,0,0
9693,-56,0,0
9694,-57,0,0
9695,-58,0,0
9696,-59,0,0
9697,-60,0,0
9698,-61,0,0
9699,-61,0,0
9700,-62,0,0
9701,-63,0,0
9702,-63,0,0
9703,-64,0,0
9704,-65,0,0
9705,-65,0,0
9706,-66,0,0
9707,-66,0,0
9708,-67,0,0
9709,-67,0,0
9710,-68,0,0
9711,-69,0,0
9712,-69,0,0
9713,-70,0,0
9714,-70,0,0
9715,-70,0,0
9716,-71,0,0
9717,-71,0,0
9718,-72,0,0
9719,-72,0,0
9720,-72,0,0
9721,-73,0,0
9722,-73,0,0
9723,-73,0,0
9724,-74,0,0
9725,-74,0,0
9726,-74,0,0
9727,-75,0,0
9728,-75,0,0
9729,-75,0,0
9730,-75,0,0
9731,-76,0,0
9732,-76,0,0
9733,-76,0,0
9734,-76,0,0
9735,-76,0,0
9736,-76,0,0
9737,-77,0,0
9738,-77,0,0
9739,-77,0,0
9740,-77,0,0
9741,-77,0,0
9742,-77,0,0
9743,-77,0,0
9744,-77,0,0
9745,-76,0,0
9746,-76,0,0
9747,-76,0,0
9748,-76,0,0
9749,-76,0,0
9750,-76,0,0
9751,-75,0,0
9752,-75,0,0
9753,-75,0,0
9754,-75,0,0
9755,-74,0,0
9756,-74,0,0
9757,-74,0,0
9758,-73,0,0
9759,-73,0,0
9760,-73,0,0
9761,-72,0,0
9762,-72,0,0
9763,-72,0,0
9764,-71,0,0
9765,-71,0,0
9766,-71,0,0
9767,-71,0,0
9768,-70,0,0
9769,-70,0,0
9770,-70,0,0
9771,-69,0,0
9772,-69,0,0
9773,-69,0,0
9774,-68,0,0
9775,-68,0,0
9776,-68,0,0
9777,-67,0,0
9778,-67,0,0
9779,-67,0,0
9780,-66,0,0
9781,-66,0,0
9782,-65,0,0
9783,-65,0,0
9784,-64,0,0
9785,-64,0,0
9786,-63,0,0
9787,-62,0,0
9788,-62,0,0
9789,-61,0,0
9790,-60,0,0
9791,-60,0,0
9792,-59,0,0
9793,-59,0,0
9794,-58,0,0
9795,-57,0,0
9796,-56,0,0
9797,-56,0,0
9798,-55,0,0
9799,-54,0,0
9800,-53,0,0
9801,-53,0,0
9802,-52,0,0
9803,-51,0,0
9804,-50,0,0
9805,-50,0,0
9806,-49,0,0
9807,-48,0,0
9808,-48,0,0
9809,-47,0,0
9810,-46,0,0
9811,-45,0,0
9812,-45,0,0
9813,-44,0,0
9814,-43,0,0
9815,-42,0,0
9816,-42,0,0
9817,-41,0,0
9818,-40,0,0
9819,-39,0,0
9820,-39,0,0
9821,-38,0,0
9822,-37,0,0
9823,-36,0,0
9824,-35,0,0
9825,-34,0,0
9826,-34,0,0
9827,-33,0,0
9828,-32,0,0
9829,-31,0,0
9830,-30,0,0
9831,-29,0,0
9832,-28,0,0
9833,-27,0,0
9834,-26,0,0
9835,-25,0,0
9836,-24,0,0
9837,-23,0,0
9838,-22,0,0
9839,-21,0,0
9840,-20,0,0
9841,-19,0,0
9842,-18,0,0
9843,-18,0,0
9844,-17,0,0
9845,-16,0,0
9846,-15,0,0
9847,-14,0,0
9848,-13,0,0
9849,-12,0,0
9850,-11,0,0
9851,-10,0,0
9852,-9,0,0
9853,-9,0,0
9854,-7,0,0
9855,-7,0,0
9856,-6,0,0
9857,-5,0,0
9858,-4,0,0
9859,-3,0,0
9860,-2,0,0
9861,-1,0,0
9862,0,0,0
9863,1,0,0
9864,2,0,0
9865,3,0,0
9866,4,0,0
9867,5,0,0
9868,6,0,0
9869,7,0,0
9870,8,0,0
9871,9,0,0
9872,10,0,0
9873,11,0,0
9874,12,0,0
9875,13,0,0
9876,14,0,0
9877,15,0,0
9878,16,0,0
9879,17,0,0
9880,18,0,0
9881,19,0,0
9882,20,0,0
9883,21,0,0
9884,22,0,0
9885,23,0,0
9886,24,0,0
9887,25,0,0
9888,26,0,0
9889,26,0,0
9890,27,0,0
9891,28,0,0
9892,29,0,0
9893,30,0,0
9894,31,0,0
9895,32,0,0
9896,32,0,0
9897,33,0,0
9898,34,0,0
9899,35,0,0
9900,36,0,0
9901,37,0,0
9902,38,0,0
9903,39,0,0
9904,39,0,0
9905,40,0,0
9906,41,0,0
9907,42,0,0
9908,43,0,0
9909,44,0,0
9910,45,0,0
9911,46,0,0
9912,46,0,0
9913,47,0,0
9914,48,0,0
9915,49,0,0
9916,50,0,0
9917,50,0,0
9918,51,0,0
9919,52,0,0
9920,53,0,0
9921,53,0,0
9922,54,0,0
9923,54,0,0
9924,55,0,0
9925,56,0,0
9926,56,0,0
9927,57,0,0
9928,57,0,0
9929,58,0,0
9930,58,0,0
9931,59,0,0
9932,59,0,0
9933,60,0,0
9934,60,0,0
9935,61,0,0
9936,61,0,0
9937,62,0,0
9938,62,0,0
9939,63,0,0
9940,63,0,0
9941,64,0,0
9942,64,0,0
9943,65,0,0
9944,66,0,0
9945,66,0,0
9946,66,0,0
9947,67,0,0
9948,68,0,0
9949,68,0,0
9950,68,0,0
9951,69,0,0
9952,69,0,0
9953,70,0,0
9954,70,0,0
9955,70,0,0
9956,71,0,0
9957,71,0,0
9958,71,0,0
9959,72,0,0
9960,72,0,0
9961,72,0,0
9962,72,0,0
9963,73,0,0
9964,72,0,0
9965,73,0,0
9966,73,0,0
9967,73,0,0
9968,73,0,0
9969,73,0,0
9970,73,0,0
9971,73,0,0
9972,73,0,0
9973,73,0,0
9974,73,0,0
9975,73,0,0
9976,73,0,0
9977,73,0,0
9978,73,0,0
9979,73,0,0
9980,73,0,0
9981,73,0,0
9982,73,0,0
9983,73,0,0
9984,73,0,0
9985,73,0,0
9986,73,0,0
9987,73,0,0
9988,73,0,0
9989,73,0,0
9990,73,0,0
9991,73,0,0
9992,73,0,0
9993,73,0,0
9994,73,0,0
9995,73,0,0
9996,72,0,0
9997,72,0,0
9998,71,0,0
9999,71,0,0
10000,71,0,0
10001,70,0,0
10002,70,0,0
10003,69,0,0
10004,69,0,0
10005,68,0,0
10006,68,0,0
10007,67,0,0
10008,66,0,0
10009,66,0,0
10010,65,0,0
10011,64,0,0
10012,64,0,0
10013,63,0,0
10014,62,0,0
10015,62,0,0
10016,61,0,0
10017,60,0,0
10018,60,0,0
10019,59,0,0
10020,59,0,0
10021,58,0,0
10022,58,0,0
10023,57,0,0
10024,57,0,0
10025,56,0,0
10026,56,0,0
10027,55,0,0
10028,55,0,0
10029,54,0,0
10030,53,0,0
10031,53,0,0
10032,52,0,0
10033,52,0,0
10034,51,0,0
10035,51,0,0
10036,50,0,0
10037,49,0,0
10038,48,0,0
10039,48,0,0
10040,47,0,0
10041,46,0,0
10042,45,0,0
10043,44,0,0
10044,43,0,0
10045,43,0,0
10046,42,0,0
10047,40,0,0
10048,39,0,0
10049,38,0,0
10050,37,0,0
10051,36,0,0
10052,35,0,0
10053,34,0,0
10054,33,0,0
10055,32,0,0
10056,30,0,0
10057,29,0,0
10058,28,0,0
10059,27,0,0
10060,25,0,0
10061,24,0,0
10062,23,0,0
10063,22,0,0
10064,20,0,0
10065,19,0,0
10066,17,0,0
10067,16,0,0
10068,15,0,0
10069,13,0,0
10070,12,0,0
10071,10,0,0
10072,9,0,0
10073,7,0,0
10074,6,0,0
10075,4,0,0
10076,3,0,0
10077,1,0,0
10078,-1,0,0
10079,-2,0,0
10080,-4,0,0
10081,-6,0,0
10082,-7,0,0
10083,-9,0,0
10084,-11,0,0
10085,-12,0,0
10086,-14,0,0
10087,-16,0,0
10088,-18,0,0
10089,-19,0,0
10090,-21,0,0
10091,-22,0,0
10092,-24,0,0
10093,-26,0,0
10094,-27,0,0
10095,-29,0,0
10096,-31,0,0
10097,-32,0,0
10098,-34,0,0
10099,-35,0,0
10100,-37,0,0
10101,-39,0,0
10102,-40,0,0
10103,-42,0,0
10104,-43,0,0
10105,-45,0,0
10106,-47,0,0
10107,-48,0,0
10108,-50,0,0
10109,-52,0,0
10110,-53,0,0
10111,-55,0,0
10112,-56,0,0
10113,-58,0,0
10114,-60,0,0
10115,-62,0,0
10116,-63,0,0
10117,-65,0,0
10118,-67,0,0
10119,-69,0,0
10120,-71,0,0
10121,-73,0,0
10122,-74,0,0
10123,-76,0,0
10124,-78,0,0
10125,-80,0,0
10126,-82,0,0
10127,-84,0,0
10128,-86,0,0
10129,-88,0,0
10130,-90,0,0
10131,-92,0,0
10132,-94,0,0
10133,-96,0,0
10134,-98,0,0
10135,-100,0,0
10136,-102,0,0
10137,-105,0,0
10138,-107,0,0
10139,-109,0,0
10140,-111,0,0
10141,-113,0,0
10142,-115,0,0
10143,-117,0,0
10144,-119,0,0
10145,-121,0,0
10146,-123,0,0
10147,-125,0,0
10148,-127,0,0
10149,-129,0,0
10150,-131,0,0
10151,-133,0,0
10152,-135,0,0
10153,-137,0,0
10154,-140,0,0
10155,-141,0,0
10156,-144,0,0
10157,-146,0,0
10158,-147,0,0
10159,-150,0,0
10160,-152,0,0
10161,-153,0,0
10162,-155,0,0
10163,-157,0,0
10164,-159,0,0
10165,-161,0,0
10166,-163,0,0
10167,-165,0,0
10168,-167,0,0
10169,-169,0,0
10170,-170,0,0
10171,-172,0,0
10172,-174,0,0
10173,-176,0,0
10174,-178,0,0
10175,-180,0,0
10176,-182,0,0
10177,-184,0,0
10178,-186,0,0
10179,-187,0,0
10180,-189,0,0
10181,-191,0,0
10182,-193,0,0
10183,-195,0,0
10184,-197,0,0
10185,-199,0,0
10186,-201,0,0
10187,-203,0,0
10188,-205,0,0
10189,-207,0,0
10190,-209,0,0
10191,-211,0,0
10192,-214,0,0
10193,-216,0,0
10194,-218,0,0
10195,-220,0,0
10196,-222,0,0
10197,-224,0,0
10198,-226,0,0
10199,-228,0,0
10200,-230,0,0
10201,-232,0,0
10202,-234,0,0
10203,-236,0,0
10204,-238,0,0
10205,-239,0,0
10206,-241,0,0
10207,-243,0,0
10208,-245,0,0
10209,-247,0,0
10210,-249,0,0
10211,-250,0,0
10212,-252,0,0
10213,-254,0,0
10214,-256,0,0
10215,-257,0,0
10216,-259,0,0
10217,-261,0,0
10218,-262,0,0
10219,-264,0,0
10220,-266,0,0
10221,-267,0,0
10222,-269,0,0
10223,-270,0,0
10224,-272,0,0
10225,-274,0,0
10226,-275,0,0
10227,-276,0,0
10228,-278,0,0
10229,-280,0,0
10230,-281,0,0
10231,-283,0,0
10232,-284,0,0
10233,-286,0,0
10234,-287,0,0
10235,-289,0,0
10236,-290,0,0
10237,-292,0,0
10238,-293,0,0
10239,-295,0,0
10240,-296,0,0
10241,-298,0,0
10242,-299,0,0
10243,-301,0,0
10244,-302,0,0
10245,-304,0,0
10246,-305,0,0
10247,-307,0,0
10248,-308,0,0
10249,-309,0,0
10250,-311,0,0
10251,-312,0,0
10252,-313,0,0
10253,-315,0,0
10254,-316,0,0
10255,-317,0,0
10256,-319,0,0
10257,-320,0,0
10258,-321,0,0
10259,-322,0,0
10260,-323,0,0
10261,-324,0,0
10262,-325,0,0
10263,-327,0,0
10264,-328,0,0
10265,-329,0,0
10266,-330,0,0
10267,-331,0,0
10268,-332,0,0
10269,-333,0,0
10270,-333,0,0
10271,-334,0,0
10272,-335,0,0
10273,-336,0,0
10274,-337,0,0
10275,-338,0,0
10276,-339,0,0
10277,-339,0,0
10278,-340,0,0
10279,-341,0,0
10280,-342,0,0
10281,-343,0,0
10282,-343,0,0
10283,-344,0,0
10284,-345,0,0
10285,-346,0,0
10286,-346,0,0
10287,-347,0,0
10288,-348,0,0
10289,-349,0,0
10290,-349,0,0
10291,-350,0,0
10292,-351,0,0
10293,-351,0,0
10294,-352,0,0
10295,-353,0,0
10296,-353,0,0
10297,-354,0,0
10298,-355,0,0
10299,-355,0,0
10300,-356,0,0
10301,-356,0,0
10302,-357,0,0
10303,-357,0,0
10304,-358,0,0
10305,-358,0,0
10306,-359,0,0
10307,-359,0,0
10308,-359,0,0
10309,-360,0,0
10310,-360,0,0
10311,-360,0,0
10312,-361,0,0
10313,-361,0,0
10314,-361,0,0
10315,-361,0,0
10316,-361,0,0
10317,-361,0,0
10318,-361,0,0
10319,-361,0,0
10320,-362,0,0
10321,-362,0,0
10322,-361,0,0
10323,-361,0,0
10324,-361,0,0
10325,-361,0,0
10326,-361,0,0
10327,-360,0,0
10328,-360,0,0
10329,-360,0,0
10330,-359,0,0
10331,-359,0,0
10332,-359,0,0
10333,-358,0,0
10334,-358,0,0
10335,-357,0,0
10336,-357,0,0
10337,-356,0,0
10338,-356,0,0
10339,-355,0,0
10340,-355,0,0
10341,-354,0,0
10342,-354,0,0
10343,-353,0,0
10344,-352,0,0
10345,-352,0,0
10346,-351,0,0
10347,-350,0,0
10348,-350,0,0
10349,-349,0,0
10350,-349,0,0
10351,-348,0,0
10352,-347,0,0
10353,-346,0,0
10354,-346,0,0
10355,-345,0,0
10356,-344,0,0
10357,-343,0,0
10358,-343,0,0
10359,-342,0,0
10360,-341,0,0
10361,-340,0,0
10362,-339,0,0
10363,-338,0,0
10364,-337,0,0
10365,-336,0,0
10366,-335,0,0
10367,-334,0,0
10368,-333,0,0
10369,-332,0,0
10370,-331,0,0
10371,-330,0,0
10372,-329,0,0
10373,-328,0,0
10374,-326,0,0
10375,-325,0,0
10376,-324,0,0
10377,-322,0,0
10378,-321,0,0
10379,-320,0,0
10380,-318,0,0
10381,-317,0,0
10382,-316,0,0
10383,-314,0,0
10384,-313,0,0
10385,-311,0,0
10386,-310,0,0
10387,-309,0,0
10388,-307,0,0
10389,-306,0,0
10390,-304,0,0
10391,-303,0,0
10392,-302,0,0
10393,-300,0,0
10394,-299,0,0
10395,-297,0,0
10396,-296,0,0
10397,-294,0,0
10398,-293,0,0
10399,-291,0,0
10400,-289,0,0
10401,-288,0,0
10402,-286,0,0
10403,-285,0,0
10404,-283,0,0
10405,-281,0,0
10406,-280,0,0
10407,-278,0,0
10408,-276,0,0
10409,-274,0,0
10410,-273,0,0
10411,-271,0,0
10412,-269,0,0
10413,-267,0,0
10414,-265,0,0
10415,-263,0,0
10416,-261,0,0
10417,-259,0,0
10418,-257,0,0
10419,-255,0,0
10420,-253,0,0
10421,-251,0,0
10422,-248,0,0
10423,-246,0,0
10424,-244,0,0
10425,-242,0,0
10426,-239,0,0
10427,-237,0,0
10428,-235,0,0
10429,-232,0,0
10430,-230,0,0
10431,-228,0,0
10432,-225,0,0
10433,-223,0,0
10434,-220,0,0
10435,-218,0,0
10436,-216,0,0
10437,-213,0,0
10438,-211,0,0
10439,-208,0,0
10440,-206,0,0
10441,-203,0,0
10442,-201,0,0
10443,-198,0,0
10444,-196,0,0
10445,-193,0,0
10446,-191,0,0
10447,-188,0,0
10448,-186,0,0
10449,-183,0,0
10450,-181,0,0
10451,-178,0,0
10452,-176,0,0
10453,-173,0,0
10454,-171,0,0
10455,-168,0,0
10456,-166,0,0
10457,-163,0,0
10458,-161,0,0
10459,-158,0,0
10460,-156,0,0
10461,-153,0,0
10462,-150,0,0
10463,-148,0,0
10464,-145,0,0
10465,-142,0,0
10466,-140,0,0
10467,-137,0,0
10468,-134,0,0
10469,-131,0,0
10470,-129,0,0
10471,-126,0,0
10472,-123,0,0
10473,-120,0,0
10474,-117,0,0
10475,-114,0,0
10476,-111,0,0
10477,-108,0,0
10478,-105,0,0
10479,-102,0,0
10480,-99,0,0
10481,-96,0,0
10482,-93,0,0
10483,-90,0,0
10484,-87,0,0
10485,-84,0,0
10486,-81,0,0
10487,-78,0,0
10488,-75,0,0
10489,-72,0,0
10490,-69,0,0
10491,-66,0,0
10492,-63,0,0
10493,-60,0,0
10494,-57,0,0
10495,-54,0,0
10496,-52,0,0
10497,-49,0,0
10498,-46,0,0
10499,-43,0,0
10500,-41,0,0
10501,-38,0,0
10502,-35,0,0
10503,-32,0,0
10504,-30,0,0
10505,-27,0,0
10506,-24,0,0
10507,-21,0,0
10508,-19,0,0
10509,-16,0,0
10510,-13,0,0
10511,-10,0,0
10512,-8,0,0
10513,-5,0,0
10514,-2,0,0
10515,1,0,0
10516,4,0,0
10517,7,0,0
10518,10,0,0
10519,13,0,0
10520,16,0,0
10521,18,0,0
10522,21,0,0
10523,24,0,0
10524,27,0,0
10525,30,0,0
10526,33,0,0
10527,36,0,0
10528,39,0,0
10529,42,0,0
10530,45,0,0
10531,48,0,0
10532,51,0,0
10533,54,0,0
10534,57,0,0
10535,60,0,0
10536,63,0,0
10537,66,0,0
10538,69,0,0
10539,72,0,0
10540,75,0,0
10541,77,0,0
10542,80,0,0
10543,83,0,0
10544,86,0,0
10545,89,0,0
10546,92,0,0
10547,95,0,0
10548,98,0,0
10549,101,0,0
10550,103,0,0
10551,106,0,0
10552,109,0,0
10553,112,0,0
10554,115,0,0
10555,118,0,0
10556,120,0,0
10557,123,0,0
10558,126,0,0
10559,129,0,0
10560,131,0,0
10561,134,0,0
10562,137,0,0
10563,139,0,0
10564,142,0,0
10565,145,0,0
10566,148,0,0
10567,150,0,0
10568,153,0,0
10569,156,0,0
10570,158,0,0
10571,161,0,0
10572,163,0,0
10573,166,0,0
10574,168,0,0
10575,171,0,0
10576,174,0,0
10577,176,0,0
10578,179,0,0
10579,181,0,0
10580,184,0,0
10581,187,0,0
10582,189,0,0
10583,192,0,0
10584,195,0,0
10585,197,0,0
10586,200,0,0
10587,202,0,0
10588,205,0,0
10589,207,0,0
10590,210,0,0
10591,212,0,0
10592,215,0,0
10593,217,0,0
10594,219,0,0
10595,222,0,0
10596,224,0,0
10597,226,0,0
10598,229,0,0
10599,231,0,0
10600,233,0,0
10601,235,0,0
10602,237,0,0
10603,240,0,0
10604,242,0,0
10605,244,0,0
10606,246,0,0
10607,248,0,0
10608,250,0,0
10609,252,0,0
10610,254,0,0
10611,256,0,0
10612,258,0,0
10613,260,0,0
10614,262,0,0
10615,264,0,0
10616,266,0,0
10617,268,0,0
10618,270,0,0
10619,272,0,0
10620,274,0,0
10621,276,0,0
10622,278,0,0
10623,280,0,0
10624,282,0,0
10625,284,0,0
10626,285,0,0
10627,287,0,0
10628,289,0,0
10629,291,0,0
10630,293,0,0
10631,295,0,0
10632,296,0,0
10633,298,0,0
10634,300,0,0
10635,301,0,0
10636,303,0,0
10637,304,0,0
10638,306,0,0
10639,307,0,0
10640,309,0,0
10641,310,0,0
10642,312,0,0
10643,313,0,0
10644,314,0,0
10645,316,0,0
10646,317,0,0
10647,318,0,0
10648,319,0,0
10649,320,0,0
10650,322,0,0
10651,323,0,0
10652,324,0,0
10653,325,0,0
10654,326,0,0
10655,327,0,0
10656,328,0,0
10657,329,0,0
10658,330,0,0
10659,331,0,0
10660,332,0,0
10661,333,0,0
10662,334,0,0
10663,335,0,0
10664,336,0,0
10665,337,0,0
10666,338,0,0
10667,339,0,0
10668,340,0,0
10669,341,0,0
10670,342,0,0
10671,343,0,0
10672,343,0,0
10673,344,0,0
10674,345,0,0
10675,346,0,0
10676,347,0,0
10677,347,0,0
10678,348,0,0
10679,349,0,0
10680,349,0,0
10681,350,0,0
10682,351,0,0
10683,351,0,0
10684,352,0,0
10685,352,0,0
10686,353,0,0
10687,353,0,0
10688,353,0,0
10689,354,0,0
10690,354,0,0
10691,354,0,0
10692,355,0,0
10693,355,0,0
10694,355,0,0
10695,355,0,0
10696,356,0,0
10697,356,0,0
10698,356,0,0
10699,356,0,0
10700,356,0,0
10701,356,0,0
10702,356,0,0
10703,356,0,0
10704,356,0,0
10705,356,0,0
10706,356,0,0
10707,356,0,0
10708,356,0,0
10709,356,0,0
10710,356,0,0
10711,356,0,0
10712,356,0,0
10713,356,0,0
10714,356,0,0
10715,356,0,0
10716,356,0,0
10717,356,0,0
10718,355,0,0
10719,355,0,0
10720,355,0,0
10721,355,0,0
10722,355,0,0
10723,355,0,0
10724,355,0,0
10725,354,0,0
10726,354,0,0
10727,354,0,0
10728,354,0,0
10729,353,0,0
10730,353,0,0
10731,353,0,0
10732,352,0,0
10733,352,0,0
10734,351,0,0
10735,351,0,0
10736,350,0,0
10737,350,0,0
10738,349,0,0
10739,349,0,0
10740,348,0,0
10741,347,0,0
10742,347,0,0
10743,346,0,0
10744,345,0,0
10745,344,0,0
10746,344,0,0
10747,343,0,0
10748,342,0,0
10749,341,0,0
10750,340,0,0
10751,339,0,0
10752,338,0,0
10753,337,0,0
10754,336,0,0
10755,335,0,0
10756,334,0,0
10757,333,0,0
10758,332,0,0
10759,331,0,0
10760,330,0,0
10761,329,0,0
10762,328,0,0
10763,327,0,0
10764,326,0,0
10765,325,0,0
10766,324,0,0
10767,323,0,0
10768,322,0,0
10769,321,0,0
10770,320,0,0
10771,319,0,0
10772,318,0,0
10773,317,0,0
10774,315,0,0
10775,314,0,0
10776,313,0,0
10777,312,0,0
10778,311,0,0
10779,309,0,0
10780,308,0,0
10781,307,0,0
10782,305,0,0
10783,304,0,0
10784,302,0,0
10785,301,0,0
10786,299,0,0
10787,298,0,0
10788,296,0,0
10789,295,0,0
10790,293,0,0
10791,292,0,0
10792,290,0,0
10793,288,0,0
10794,287,0,0
10795,285,0,0
10796,284,0,0
10797,282,0,0
10798,280,0,0
10799,279,0,0
10800,277,0,0
10801,275,0,0
10802,273,0,0
10803,272,0,0
10804,270,0,0
10805,268,0,0
10806,267,0,0
10807,265,0,0
10808,263,0,0
10809,262,0,0
10810,260,0,0
10811,259,0,0
10812,257,0,0
10813,255,0,0
10814,253,0,0
10815,252,0,0
10816,250,0,0
10817,248,0,0
10818,246,0,0
10819,245,0,0
10820,243,0,0
10821,241,0,0
10822,239,0,0
10823,238,0,0
10824,236,0,0
10825,234,0,0
10826,232,0,0
10827,230,0,0
10828,228,0,0
10829,226,0,0
10830,224,0,0
10831,222,0,0
10832,220,0,0
10833,218,0,0
10834,216,0,0
10835,214,0,0
10836,212,0,0
10837,211,0,0
10838,208,0,0
10839,207,0,0
10840,204,0,0
10841,202,0,0
10842,201,0,0
10843,199,0,0
10844,197,0,0
10845,195,0,0
10846,193,0,0
10847,191,0,0
10848,189,0,0
10849,187,0,0
10850,185,0,0
10851,183,0,0
10852,181,0,0
10853,179,0,0
10854,177,0,0
10855,175,0,0
10856,173,0,0
10857,171,0,0
10858,169,0,0
10859,167,0,0
10860,165,0,0
10861,163,0,0
10862,161,0,0
10863,159,0,0
10864,157,0,0
10865,155,0,0
10866,153,0,0
10867,151,0,0
10868,149,0,0
10869,147,0,0
10870,145,0,0
10871,142,0,0
10872,140,0,0
10873,138,0,0
10874,136,0,0
10875,134,0,0
10876,132,0,0
10877,130,0,0
10878,128,0,0
10879,126,0,0
10880,124,0,0
10881,122,0,0
10882,120,0,0
10883,118,0,0
10884,116,0,0
10885,115,0,0
10886,113,0,0
10887,111,0,0
10888,109,0,0
10889,107,0,0
10890,106,0,0
10891,104,0,0
10892,102,0,0
10893,100,0,0
10894,98,0,0
10895,97,0,0
10896,95,0,0
10897,93,0,0
10898,91,0,0
10899,89,0,0
10900,88,0,0
10901,86,0,0
10902,84,0,0
10903,82,0,0
10904,80,0,0
10905,78,0,0
10906,76,0,0
10907,74,0,0
10908,72,0,0
10909,70,0,0
10910,68,0,0
10911,66,0,0
10912,64,0,0
10913,62,0,0
10914,60,0,0
10915,58,0,0
10916,56,0,0
10917,54,0,0
10918,52,0,0
10919,50,0,0
10920,48,0,0
10921,46,0,0
10922,45,0,0
10923,43,0,0
10924,41,0,0
10925,39,0,0
10926,38,0,0
10927,36,0,0
10928,34,0,0
10929,32,0,0
10930,31,0,0
10931,29,0,0
10932,27,0,0
10933,26,0,0
10934,24,0,0
10935,23,0,0
10936,21,0,0
10937,20,0,0
10938,18,0,0
10939,17,0,0
10940,15,0,0
10941,14,0,0
10942,12,0,0
10943,11,0,0
10944,9,0,0
10945,7,0,0
10946,6,0,0
10947,4,0,0
10948,3,0,0
10949,1,0,0
10950,0,0,0
10951,-2,0,0
10952,-3,0,0
10953,-5,0,0
10954,-6,0,0
10955,-7,0,0
10956,-9,0,0
10957,-10,0,0
10958,-12,0,0
10959,-13,0,0
10960,-14,0,0
10961,-16,0,0
10962,-17,0,0
10963,-19,0,0
10964,-20,0,0
10965,-21,0,0
10966,-23,0,0
10967,-24,0,0
10968,-25,0,0
10969,-27,0,0
10970,-28,0,0
10971,-29,0,0
10972,-30,0,0
10973,-31,0,0
10974,-33,0,0
10975,-34,0,0
10976,-35,0,0
10977,-36,0,0
10978,-37,0,0
10979,-38,0,0
10980,-40,0,0
10981,-41,0,0
10982,-42,0,0
10983,-43,0,0
10984,-44,0,0
10985,-45,0,0
10986,-46,0,0
10987,-47,0,0
10988,-48,0,0
10989,-49,0,0
10990,-49,0,0
10991,-50,0,0
10992,-51,0,0
10993,-52,0,0
10994,-53,0,0
10995,-53,0,0
10996,-54,0,0
10997,-55,0,0
10998,-55,0,0
10999,-56,0,0
11000,-57,0,0
11001,-57,0,0
11002,-58,0,0
11003,-59,0,0
11004,-59,0,0
11005,-60,0,0
11006,-60,0,0
11007,-61,0,0
11008,-62,0,0
11009,-62,0,0
11010,-63,0,0
11011,-63,0,0
11012,-64,0,0
11013,-65,0,0
11014,-65,0,0
11015,-66,0,0
11016,-66,0,0
11017,-67,0,0
11018,-67,0,0
11019,-68,0,0
11020,-68,0,0
11021,-69,0,0
11022,-69,0,0
11023,-70,0,0
11024,-70,0,0
11025,-70,0,0
11026,-71,0,0
11027,-71,0,0
11028,-72,0,0
11029,-72,0,0
11030,-73,0,0
11031,-73,0,0
11032,-73,0,0
11033,-74,0,0
11034,-74,0,0
11035,-74,0,0
11036,-74,0,0
11037,-74,0,0
11038,-75,0,0
11039,-75,0,0
11040,-75,0,0
11041,-75,0,0
11042,-75,0,0
11043,-75,0,0
11044,-75,0,0
11045,-75,0,0
11046,-75,0,0
11047,-75,0,0
11048,-75,0,0
11049,-75,0,0
11050,-75,0,0
11051,-75,0,0
11052,-75,0,0
11053,-75,0,0
11054,-75,0,0
11055,-74,0,0
11056,-74,0,0
11057,-74,0,0
11058,-74,0,0
11059,-74,0,0
11060,-74,0,0
11061,-73,0,0
11062,-73,0,0
11063,-73,0,0
11064,-73,0,0
11065,-73,0,0
11066,-73,0,0
11067,-73,0,0
11068,-73,0,0
11069,-72,0,0
11070,-72,0,0
11071,-72,0,0
11072,-72,0,0
11073,-72,0,0
11074,-72,0,0
11075,-71,0,0
11076,-71,0,0
11077,-71,0,0
11078,-71,0,0
11079,-70,0,0
11080,-70,0,0
11081,-70,0,0
11082,-70,0,0
11083,-69,0,0
11084,-69,0,0
11085,-68,0,0
11086,-68,0,0
11087,-67,0,0
11088,-67,0,0
11089,-66,0,0
11090,-66,0,0
11091,-65,0,0
11092,-64,0,0
11093,-64,0,0
11094,-63,0,0
11095,-62,0,0
11096,-61,0,0
11097,-61,0,0
11098,-60,0,0
11099,-59,0,0
11100,-58,0,0
11101,-58,0,0
11102,-57,0,0
11103,-56,0,0
11104,-55,0,0
11105,-54,0,0
11106,-53,0,0
11107,-53,0,0
11108,-52,0,0
11109,-51,0,0
11110,-51,0,0
11111,-50,0,0
11112,-49,0,0
11113,-48,0,0
11114,-48,0,0
11115,-47,0,0
11116,-46,0,0
11117,-46,0,0
11118,-45,0,0
11119,-44,0,0
11120,-43,0,0
11121,-43,0,0
11122,-42,0,0
11123,-41,0,0
11124,-40,0,0
11125,-40,0,0
11126,-39,0,0
11127,-38,0,0
11128,-37,0,0
11129,-36,0,0
11130,-35,0,0
11131,-35,0,0
11132,-34,0,0
11133,-33,0,0
11134,-31,0,0
11135,-31,0,0
11136,-30,0,0
11137,-29,0,0
11138,-27,0,0
11139,-26,0,0
11140,-25,0,0
11141,-24,0,0
11142,-23,0,0
11143,-22,0,0
11144,-21,0,0
11145,-20,0,0
11146,-19,0,0
11147,-18,0,0
11148,-17,0,0
11149,-15,0,0
11150,-14,0,0
11151,-13,0,0
11152,-12,0,0
11153,-11,0,0
11154,-10,0,0
11155,-9,0,0
11156,-8,0,0
11157,-7,0,0
11158,-6,0,0
11159,-5,0,0
11160,-4,0,0
11161,-3,0,0
11162,-3,0,0
11163,-2,0,0
11164,-1,0,0
11165,0,0,0
11166,1,0,0
11167,2,0,0
11168,3,0,0
11169,4,0,0
11170,4,0,0
11171,6,0,0
11172,6,0,0
11173,7,0,0
11174,8,0,0
11175,9,0,0
11176,10,0,0
11177,11,0,0
11178,11,0,0
11179,12,0,0
11180,13,0,0
11181,14,0,0
11182,15,0,0
11183,16,0,0
11184,17,0,0
11185,18,0,0
11186,18,0,0
11187,19,0,0
11188,20,0,0
11189,21,0,0
11190,22,0,0
11191,23,0,0
11192,24,0,0
11193,25,0,0
11194,26,0,0
11195,27,0,0
11196,28,0,0
11197,29,0,0
11198,29,0,0
11199,30,0,0
11200,31,0,0
11201,32,0,0
11202,33,0,0
11203,34,0,0
11204,35,0,0
11205,36,0,0
11206,36,0,0
11207,37,0,0
11208,38,0,0
11209,39,0,0
11210,40,0,0
11211,41,0,0
11212,41,0,0
11213,42,0,0
11214,43,0,0
11215,44,0,0
11216,44,0,0
11217,45,0,0
11218,46,0,0
11219,47,0,0
11220,47,0,0
11221,48,0,0
11222,49,0,0
11223,50,0,0
11224,50,0,0
11225,51,0,0
11226,52,0,0
11227,53,0,0
11228,53,0,0
11229,54,0,0
11230,55,0,0
11231,55,0,0
11232,56,0,0
11233,57,0,0
11234,57,0,0
11235,58,0,0
11236,59,0,0
11237,60,0,0
11238,60,0,0
11239,61,0,0
11240,61,0,0
11241,62,0,0
11242,63,0,0
11243,63,0,0
11244,64,0,0
11245,64,0,0
11246,65,0,0
11247,65,0,0
11248,66,0,0
11249,66,0,0
11250,66,0,0
11251,67,0,0
11252,67,0,0
11253,68,0,0
11254,68,0,0
11255,69,0,0
11256,69,0,0
11257,69,0,0
11258,70,0,0
11259,70,0,0
11260,70,0,0
11261,71,0,0
11262,71,0,0
11263,72,0,0
11264,72,0,0
11265,72,0,0
11266,73,0,0
11267,73,0,0
11268,73,0,0
11269,73,0,0
11270,74,0,0
11271,74,0,0
11272,74,0,0
11273,74,0,0
11274,75,0,0
11275,75,0,0
11276,75,0,0
11277,75,0,0
11278,75,0,0
11279,75,0,0
11280,75,0,0
11281,75,0,0
11282,75,0,0
11283,75,0,0
11284,75,0,0
11285,74,0,0
11286,74,0,0
11287,74,0,0
11288,74,0,0
11289,74,0,0
11290,73,0,0
11291,73,0,0
11292,73,0,0
11293,72,0,0
11294,72,0,0
11295,72,0,0
11296,72,0,0
11297,71,0,0
11298,71,0,0
11299,71,0,0
11300,70,0,0
11301,70,0,0
11302,70,0,0
11303,70,0,0
11304,69,0,0
11305,69,0,0
11306,69,0,0
11307,69,0,0
11308,69,0,0
11309,68,0,0
11310,68,0,0
11311,68,0,0
11312,68,0,0
11313,68,0,0
11314,68,0,0
11315,67,0,0
11316,67,0,0
11317,67,0,0
11318,67,0,0
11319,66,0,0
11320,66,0,0
11321,66,0,0
11322,65,0,0
11323,65,0,0
11324,65,0,0
11325,64,0,0
11326,63,0,0
11327,63,0,0
11328,63,0,0
11329,62,0,0
11330,61,0,0
11331,61,0,0
11332,60,0,0
11333,59,0,0
11334,58,0,0
11335,57,0,0
11336,56,0,0
11337,55,0,0
11338,55,0,0
11339,54,0,0
11340,52,0,0
11341,52,0,0
11342,51,0,0
11343,50,0,0
11344,48,0,0
11345,47,0,0
11346,46,0,0
11347,45,0,0
11348,44,0,0
11349,43,0,0
11350,42,0,0
11351,41,0,0
11352,40,0,0
11353,39,0,0
11354,38,0,0
11355,37,0,0
11356,36,0,0
11357,35,0,0
11358,34,0,0
11359,33,0,0
11360,32,0,0
11361,30,0,0
11362,29,0,0
11363,28,0,0
11364,27,0,0
11365,26,0,0
11366,25,0,0
11367,24,0,0
11368,23,0,0
11369,22,0,0
11370,20,0,0
11371,19,0,0
11372,18,0,0
11373,17,0,0
11374,15,0,0
11375,14,0,0
11376,12,0,0
11377,11,0,0
11378,10,0,0
11379,8,0,0
11380,7,0,0
11381,5,0,0
11382,4,0,0
11383,2,0,0
11384,1,0,0
11385,-1,0,0
11386,-2,0,0
11387,-4,0,0
11388,-6,0,0
11389,-7,0,0
11390,-9,0,0
11391,-10,0,0
11392,-12,0,0
11393,-13,0,0
11394,-15,0,0
11395,-16,0,0
11396,-18,0,0
11397,-20,0,0
11398,-21,0,0
11399,-23,0,0
11400,-24,0,0
11401,-26,0,0
11402,-27,0,0
11403,-29,0,0
11404,-31,0,0
11405,-32,0,0
11406,-34,0,0
11407,-35,0,0
11408,-37,0,0
11409,-39,0,0
11410,-40,0,0
11411,-42,0,0
11412,-44,0,0
11413,-45,0,0
11414,-47,0,0
11415,-49,0,0
11416,-51,0,0
11417,-52,0,0
11418,-54,0,0
11419,-56,0,0
11420,-58,0,0
11421,-60,0,0
11422,-62,0,0
11423,-63,0,0
11424,-65,0,0
11425,-67,0,0
11426,-69,0,0
11427,-71,0,0
11428,-73,0,0
11429,-75,0,0
11430,-77,0,0
11431,-79,0,0
11432,-81,0,0
11433,-83,0,0
11434,-85,0,0
11435,-87,0,0
11436,-89,0,0
11437,-92,0,0
11438,-94,0,0
11439,-96,0,0
11440,-98,0,0
11441,-100,0,0
11442,-102,0,0
11443,-104,0,0
11444,-106,0,0
11445,-108,0,0
11446,-111,0,0
11447,-113,0,0
11448,-115,0,0
11449,-117,0,0
11450,-119,0,0
11451,-121,0,0
11452,-123,0,0
11453,-125,0,0
11454,-128,0,0
11455,-129,0,0
11456,-131,0,0
11457,-133,0,0
11458,-135,0,0
11459,-137,0,0
11460,-139,0,0
11461,-141,0,0
11462,-143,0,0
11463,-145,0,0
11464,-147,0,0
11465,-149,0,0
11466,-151,0,0
11467,-153,0,0
11468,-155,0,0
11469,-157,0,0
11470,-158,0,0
11471,-160,0,0
11472,-162,0,0
11473,-164,0,0
11474,-166,0,0
11475,-168,0,0
11476,-170,0,0
11477,-171,0,0
11478,-173,0,0
11479,-175,0,0
11480,-177,0,0
11481,-179,0,0
11482,-181,0,0
11483,-183,0,0
11484,-185,0,0
11485,-187,0,0
11486,-189,0,0
11487,-191,0,0
11488,-193,0,0
11489,-195,0,0
11490,-197,0,0
11491,-199,0,0
11492,-201,0,0
11493,-203,0,0
11494,-205,0,0
11495,-207,0,0
11496,-209,0,0
11497,-211,0,0
11498,-213,0,0
11499,-215,0,0
11500,-217,0,0
11501,-218,0,0
11502,-220,0,0
11503,-222,0,0
11504,-224,0,0
11505,-226,0,0
11506,-228,0,0
11507,-230,0,0
11508,-231,0,0
11509,-233,0,0
11510,-235,0,0
11511,-237,0,0
11512,-239,0,0
11513,-241,0,0
11514,-243,0,0
11515,-244,0,0
11516,-246,0,0
11517,-248,0,0
11518,-250,0,0
11519,-252,0,0
11520,-254,0,0
11521,-255,0,0
11522,-257,0,0
11523,-259,0,0
11524,-261,0,0
11525,-263,0,0
11526,-265,0,0
11527,-266,0,0
11528,-268,0,0
11529,-270,0,0
11530,-272,0,0
11531,-273,0,0
11532,-275,0,0
11533,-277,0,0
11534,-279,0,0
11535,-280,0,0
11536,-282,0,0
11537,-283,0,0
11538,-285,0,0
11539,-286,0,0
11540,-288,0,0
11541,-289,0,0
11542,-291,0,0
11543,-292,0,0
11544,-294,0,0
11545,-295,0,0
11546,-297,0,0
11547,-298,0,0
11548,-299,0,0
11549,-301,0,0
11550,-302,0,0
11551,-304,0,0
11552,-305,0,0
11553,-306,0,0
11554,-308,0,0
11555,-309,0,0
11556,-310,0,0
11557,-311,0,0
11558,-313,0,0
11559,-314,0,0
11560,-315,0,0
11561,-317,0,0
11562,-318,0,0
11563,-319,0,0
11564,-320,0,0
11565,-321,0,0
11566,-323,0,0
11567,-324,0,0
11568,-325,0,0
11569,-326,0,0
11570,-327,0,0
11571,-328,0,0
11572,-329,0,0
11573,-330,0,0
11574,-331,0,0
11575,-333,0,0
11576,-334,0,0
11577,-335,0,0
11578,-336,0,0
11579,-337,0,0
11580,-338,0,0
11581,-339,0,0
11582,-340,0,0
11583,-341,0,0
11584,-341,0,0
11585,-343,0,0
11586,-344,0,0
11587,-345,0,0
11588,-345,0,0
11589,-346,0,0
11590,-347,0,0
11591,-348,0,0
11592,-349,0,0
11593,-350,0,0
11594,-351,0,0
11595,-351,0,0
11596,-352,0,0
11597,-353,0,0
11598,-353,0,0
11599,-354,0,0
11600,-354,0,0
11601,-355,0,0
11602,-355,0,0
11603,-356,0,0
11604,-356,0,0
11605,-356,0,0
11606,-357,0,0
11607,-357,0,0
11608,-357,0,0
11609,-357,0,0
11610,-358,0,0
11611,-358,0,0
11612,-358,0,0
11613,-358,0,0
11614,-358,0,0
11615,-358,0,0
11616,-358,0,0
11617,-358,0,0
11618,-358,0,0
11619,-358,0,0
11620,-358,0,0
11621,-359,0,0
11622,-358,0,0
11623,-358,0,0
11624,-358,0,0
11625,-359,0,0
11626,-358,0,0
11627,-358,0,0
11628,-359,0,0
11629,-358,0,0
11630,-359,0,0
11631,-358,0,0
11632,-358,0,0
11633,-358,0,0
11634,-358,0,0
11635,-358,0,0
11636,-358,0,0
11637,-358,0,0
11638,-357,0,0
11639,-357,0,0
11640,-357,0,0
11641,-357,0,0
11642,-356,0,0
11643,-356,0,0
11644,-355,0,0
11645,-355,0,0
11646,-355,0,0
11647,-354,0,0
11648,-353,0,0
11649,-353,0,0
11650,-353,0,0
11651,-352,0,0
11652,-351,0,0
11653,-351,0,0
11654,-350,0,0
11655,-350,0,0
11656,-349,0,0
11657,-348,0,0
11658,-347,0,0
11659,-347,0,0
11660,-346,0,0
11661,-345,0,0
11662,-345,0,0
11663,-344,0,0
11664,-343,0,0
11665,-343,0,0
11666,-342,0,0
11667,-341,0,0
11668,-340,0,0
11669,-339,0,0
11670,-338,0,0
11671,-337,0,0
11672,-336,0,0
11673,-335,0,0
11674,-334,0,0
11675,-333,0,0
11676,-332,0,0
11677,-331,0,0
11678,-330,0,0
11679,-328,0,0
11680,-327,0,0
11681,-326,0,0
11682,-325,0,0
11683,-323,0,0
11684,-322,0,0
11685,-320,0,0
11686,-319,0,0
11687,-317,0,0
11688,-316,0,0
11689,-314,0,0
11690,-313,0,0
11691,-311,0,0
11692,-310,0,0
11693,-308,0,0
11694,-306,0,0
11695,-305,0,0
11696,-303,0,0
11697,-302,0,0
11698,-300,0,0
11699,-299,0,0
11700,-297,0,0
11701,-295,0,0
11702,-294,0,0
11703,-292,0,0
11704,-290,0,0
11705,-289,0,0
11706,-287,0,0
11707,-285,0,0
11708,-284,0,0
11709,-282,0,0
11710,-280,0,0
11711,-278,0,0
11712,-277,0,0
11713,-275,0,0
11714,-273,0,0
11715,-271,0,0
11716,-269,0,0
11717,-268,0,0
11718,-266,0,0
11719,-264,0,0
11720,-262,0,0
11721,-260,0,0
11722,-258,0,0
11723,-256,0,0
11724,-254,0,0
11725,-252,0,0
11726,-250,0,0
11727,-248,0,0
11728,-246,0,0
11729,-244,0,0
11730,-242,0,0
11731,-239,0,0
11732,-237,0,0
11733,-235,0,0
11734,-233,0,0
11735,-231,0,0
11736,-229,0,0
11737,-226,0,0
11738,-224,0,0
11739,-222,0,0
11740,-220,0,0
11741,-218,0,0
11742,-215,0,0
11743,-213,0,0
11744,-211,0,0
11745,-208,0,0
11746,-206,0,0
11747,-204,0,0
11748,-201,0,0
11749,-199,0,0
11750,-196,0,0
11751,-194,0,0
11752,-192,0,0
11753,-189,0,0
11754,-187,0,0
11755,-184,0,0
11756,-182,0,0
11757,-179,0,0
11758,-177,0,0
11759,-174,0,0
11760,-171,0,0
11761,-169,0,0
11762,-166,0,0
11763,-163,0,0
11764,-161,0,0
11765,-158,0,0
11766,-155,0,0
11767,-153,0,0
11768,-150,0,0
11769,-147,0,0
11770,-145,0,0
11771,-142,0,0
11772,-139,0,0
11773,-137,0,0
11774,-134,0,0
11775,-131,0,0
11776,-128,0,0
11777,-126,0,0
11778,-123,0,0
11779,-120,0,0
11780,-117,0,0
11781,-114,0,0
11782,-112,0,0
11783,-109,0,0
11784,-106,0,0
11785,-103,0,0
11786,-100,0,0
11787,-98,0,0
11788,-95,0,0
11789,-92,0,0
11790,-89,0,0
11791,-86,0,0
11792,-83,0,0
11793,-80,0,0
11794,-77,0,0
11795,-74,0,0
11796,-72,0,0
11797,-68,0,0
11798,-66,0,0
11799,-63,0,0
11800,-60,0,0
11801,-57,0,0
11802,-54,0,0
11803,-51,0,0
11804,-48,0,0
11805,-45,0,0
11806,-42,0,0
11807,-39,0,0
11808,-36,0,0
11809,-33,0,0
11810,-30,0,0
11811,-28,0,0
11812,-25,0,0
11813,-22,0,0
11814,-19,0,0
11815,-16,0,0
11816,-13,0,0
11817,-10,0,0
11818,-7,0,0
11819,-5,0,0
11820,-2,0,0
11821,1,0,0
11822,4,0,0
11823,7,0,0
11824,10,0,0
11825,13,0,0
11826,15,0,0
11827,18,0,0
11828,21,0,0
11829,24,0,0
11830,27,0,0
11831,30,0,0
11832,33,0,0
11833,36,0,0
11834,38,0,0
11835,41,0,0
11836,44,0,0
11837,47,0,0
11838,50,0,0
11839,53,0,0
11840,56,0,0
11841,59,0,0
11842,62,0,0
11843,65,0,0
11844,68,0,0
11845,71,0,0
11846,74,0,0
11847,77,0,0
11848,80,0,0
11849,82,0,0
11850,86,0,0
11851,88,0,0
11852,91,0,0
11853,94,0,0
11854,97,0,0
11855,100,0,0
11856,103,0,0
11857,106,0,0
11858,108,0,0
11859,111,0,0
11860,114,0,0
11861,117,0,0
11862,120,0,0
11863,123,0,0
11864,125,0,0
11865,128,0,0
11866,131,0,0
11867,134,0,0
11868,137,0,0
11869,139,0,0
11870,142,0,0
11871,145,0,0
11872,148,0,0
11873,150,0,0
11874,153,0,0
11875,156,0,0
11876,159,0,0
11877,161,0,0
11878,164,0,0
11879,167,0,0
11880,169,0,0
11881,172,0,0
11882,175,0,0
11883,177,0,0
11884,180,0,0
11885,182,0,0
11886,185,0,0
11887,187,0,0
11888,190,0,0
11889,192,0,0
11890,194,0,0
11891,197,0,0
11892,199,0,0
11893,202,0,0
11894,204,0,0
11895,206,0,0
11896,208,0,0
11897,211,0,0
11898,213,0,0
11899,215,0,0
11900,217,0,0
11901,219,0,0
11902,222,0,0
11903,224,0,0
11904,226,0,0
11905,228,0,0
11906,230,0,0
11907,232,0,0
11908,234,0,0
11909,236,0,0
11910,239,0,0
11911,241,0,0
11912,243,0,0
11913,245,0,0
11914,247,0,0
11915,249,0,0
11916,251,0,0
11917,253,0,0
11918,256,0,0
11919,258,0,0
11920,260,0,0
11921,262,0,0
11922,264,0,0
11923,266,0,0
11924,268,0,0
11925,271,0,0
11926,273,0,0
11927,275,0,0
11928,277,0,0
11929,279,0,0
11930,281,0,0
11931,283,0,0
11932,285,0,0
11933,287,0,0
11934,289,0,0
11935,291,0,0
11936,293,0,0
11937,294,0,0
11938,296,0,0
11939,298,0,0
11940,300,0,0
11941,301,0,0
11942,303,0,0
11943,305,0,0
11944,306,0,0
11945,308,0,0
11946,309,0,0
11947,311,0,0
11948,312,0,0
11949,314,0,0
11950,315,0,0
11951,316,0,0
11952,317,0,0
11953,319,0,0
11954,320,0,0
11955,321,0,0
11956,322,0,0
11957,324,0,0
11958,325,0,0
11959,326,0,0
11960,327,0,0
11961,328,0,0
11962,329,0,0
11963,330,0,0
11964,331,0,0
11965,332,0,0
11966,333,0,0
11967,334,0,0
11968,335,0,0
11969,336,0,0
11970,337,0,0
11971,338,0,0
11972,339,0,0
11973,340,0,0
11974,341,0,0
11975,342,0,0
11976,343,0,0
11977,344,0,0
11978,345,0,0
11979,346,0,0
11980,346,0,0
11981,347,0,0
11982,348,0,0
11983,349,0,0
11984,350,0,0
11985,350,0,0
11986,351,0,0
11987,352,0,0
11988,352,0,0
11989,353,0,0
11990,353,0,0
11991,354,0,0
11992,354,0,0
11993,355,0,0
11994,355,0,0
11995,356,0,0
11996,356,0,0
11997,356,0,0
11998,356,0,0
11999,357,0,0
12000,357,0,0
12001,357,0,0
12002,357,0,0
12003,357,0,0
12004,358,0,0
12005,358,0,0
12006,358,0,0
12007,358,0,0
12008,358,0,0
12009,358,0,0
12010,358,0,0
12011,358,0,0
12012,358,0,0
12013,358,0,0
12014,358,0,0
12015,358,0,0
12016,358,0,0
12017,358,0,0
12018,358,0,0
12019,358,0,0
12020,358,0,0
12021,358,0,0
12022,358,0,0
12023,358,0,0
12024,358,0,0
12025,357,0,0
12026,357,0,0
12027,357,0,0
12028,357,0,0
12029,357,0,0
12030,356,0,0
12031,356,0,0
12032,356,0,0
12033,356,0,0
12034,355,0,0
12035,355,0,0
12036,354,0,0
12037,354,0,0
12038,353,0,0
12039,353,0,0
12040,352,0,0
12041,351,0,0
12042,351,0,0
12043,350,0,0
12044,349,0,0
12045,349,0,0
12046,348,0,0
12047,347,0,0
12048,346,0,0
12049,345,0,0
12050,345,0,0
12051,344,0,0
12052,343,0,0
12053,342,0,0
12054,341,0,0
12055,340,0,0
12056,339,0,0
12057,338,0,0
12058,338,0,0
12059,337,0,0
12060,336,0,0
12061,335,0,0
12062,334,0,0
12063,333,0,0
12064,333,0,0
12065,332,0,0
12066,331,0,0
12067,330,0,0
12068,329,0,0
12069,328,0,0
12070,328,0,0
12071,327,0,0
12072,326,0,0
12073,325,0,0
12074,324,0,0
12075,323,0,0
12076,322,0,0
12077,321,0,0
12078,320,0,0
12079,319,0,0
12080,318,0,0
12081,317,0,0
12082,316,0,0
12083,314,0,0
12084,313,0,0
12085,312,0,0
12086,310,0,0
12087,309,0,0
12088,307,0,0
12089,306,0,0
12090,304,0,0
12091,303,0,0
12092,301,0,0
12093,299,0,0
12094,298,0,0
12095,296,0,0
12096,294,0,0
12097,292,0,0
12098,291,0,0
12099,289,0,0
12100,287,0,0
12101,285,0,0
12102,283,0,0
12103,282,0,0
12104,280,0,0
12105,278,0,0
12106,276,0,0
12107,274,0,0
12108,272,0,0
12109,271,0,0
12110,269,0,0
12111,267,0,0
12112,265,0,0
12113,264,0,0
12114,262,0,0
12115,260,0,0
12116,258,0,0
12117,257,0,0
12118,255,0,0
12119,254,0,0
12120,252,0,0
12121,250,0,0
12122,249,0,0
12123,247,0,0
12124,245,0,0
12125,244,0,0
12126,242,0,0
12127,240,0,0
12128,239,0,0
12129,237,0,0
12130,235,0,0
12131,234,0,0
12132,232,0,0
12133,230,0,0
12134,228,0,0
12135,227,0,0
12136,225,0,0
12137,223,0,0
12138,221,0,0
12139,219,0,0
12140,217,0,0
12141,215,0,0
12142,214,0,0
12143,212,0,0
12144,210,0,0
12145,208,0,0
12146,206,0,0
12147,204,0,0
12148,202,0,0
12149,200,0,0
12150,198,0,0
12151,196,0,0
12152,194,0,0
12153,192,0,0
12154,190,0,0
12155,187,0,0
12156,186,0,0
12157,183,0,0
12158,181,0,0
12159,179,0,0
12160,177,0,0
12161,175,0,0
12162,173,0,0
12163,171,0,0
12164,169,0,0
12165,167,0,0
12166,165,0,0
12167,163,0,0
12168,161,0,0
12169,159,0,0
12170,157,0,0
12171,155,0,0
12172,153,0,0
12173,151,0,0
12174,149,0,0
12175,147,0,0
12176,145,0,0
12177,143,0,0
12178,141,0,0
12179,140,0,0
12180,137,0,0
12181,135,0,0
12182,133,0,0
12183,131,0,0
12184,129,0,0
12185,127,0,0
12186,125,0,0
12187,123,0,0
12188,121,0,0
12189,119,0,0
12190,117,0,0
12191,115,0,0
12192,113,0,0
12193,111,0,0
12194,109,0,0
12195,107,0,0
12196,105,0,0
12197,103,0,0
12198,101,0,0
12199,99,0,0
12200,97,0,0
12201,95,0,0
12202,93,0,0
12203,91,0,0
12204,89,0,0
12205,87,0,0
12206,85,0,0
12207,83,0,0
12208,81,0,0
12209,79,0,0
12210,77,0,0
12211,75,0,0
12212,74,0,0
12213,72,0,0
12214,70,0,0
12215,68,0,0
12216,66,0,0
12217,65,0,0
12218,63,0,0
12219,61,0,0
12220,59,0,0
12221,57,0,0
12222,56,0,0
12223,54,0,0
12224,52,0,0
12225,50,0,0
12226,49,0,0
12227,47,0,0
12228,45,0,0
12229,43,0,0
12230,41,0,0
12231,39,0,0
12232,38,0,0
12233,36,0,0
12234,34,0,0
12235,32,0,0
12236,31,0,0
12237,29,0,0
12238,27,0,0
12239,25,0,0
12240,24,0,0
12241,22,0,0
12242,20,0,0
12243,19,0,0
12244,17,0,0
12245,16,0,0
12246,14,0,0
12247,13,0,0
12248,11,0,0
12249,10,0,0
12250,8,0,0
12251,7,0,0
12252,6,0,0
12253,4,0,0
12254,3,0,0
12255,1,0,0
12256,0,0,0
12257,-1,0,0
12258,-3,0,0
12259,-4,0,0
12260,-5,0,0
12261,-7,0,0
12262,-8,0,0
12263,-9,0,0
12264,-10,0,0
12265,-12,0,0
12266,-13,0,0
12267,-14,0,0
12268,-16,0,0
12269,-17,0,0
12270,-18,0,0
12271,-20,0,0
12272,-21,0,0
12273,-22,0,0
12274,-24,0,0
12275,-25,0,0
12276,-26,0,0
12277,-28,0,0
12278,-29,0,0
12279,-30,0,0
12280,-32,0,0
12281,-33,0,0
12282,-34,0,0
12283,-35,0,0
12284,-37,0,0
12285,-38,0,0
12286,-39,0,0
12287,-40,0,0
12288,-41,0,0
12289,-43,0,0
12290,-44,0,0
12291,-45,0,0
12292,-46,0,0
12293,-47,0,0
12294,-48,0,0
12295,-49,0,0
12296,-50,0,0
12297,-51,0,0
12298,-51,0,0
12299,-52,0,0
12300,-53,0,0
12301,-54,0,0
12302,-55,0,0
12303,-55,0,0
12304,-56,0,0
12305,-57,0,0
12306,-57,0,0
12307,-58,0,0
12308,-59,0,0
12309,-59,0,0
12310,-60,0,0
12311,-61,0,0
12312,-61,0,0
12313,-62,0,0
12314,-62,0,0
12315,-63,0,0
12316,-63,0,0
12317,-64,0,0
12318,-65,0,0
12319,-65,0,0
12320,-66,0,0
12321,-66,0,0
12322,-67,0,0
12323,-67,0,0
12324,-68,0,0
12325,-69,0,0
12326,-69,0,0
12327,-70,0,0
12328,-70,0,0
12329,-71,0,0
12330,-71,0,0
12331,-72,0,0
12332,-73,0,0
12333,-73,0,0
12334,-74,0,0
12335,-74,0,0
12336,-75,0,0
12337,-75,0,0
12338,-76,0,0
12339,-76,0,0
12340,-76,0,0
12341,-77,0,0
12342,-77,0,0
12343,-77,0,0
12344,-78,0,0
12345,-78,0,0
12346,-78,0,0
12347,-78,0,0
12348,-78,0,0
12349,-79,0,0
12350,-79,0,0
12351,-78,0,0
12352,-79,0,0
12353,-79,0,0
12354,-78,0,0
12355,-78,0,0
12356,-78,0,0
12357,-78,0,0
12358,-78,0,0
12359,-78,0,0
12360,-77,0,0
12361,-77,0,0
12362,-77,0,0
12363,-76,0,0
12364,-76,0,0
12365,-76,0,0
12366,-75,0,0
12367,-75,0,0
12368,-75,0,0
12369,-74,0,0
12370,-74,0,0
12371,-73,0,0
12372,-73,0,0
12373,-73,0,0
12374,-72,0,0
12375,-72,0,0
12376,-72,0,0
12377,-71,0,0
12378,-71,0,0
12379,-71,0,0
12380,-70,0,0
12381,-70,0,0
12382,-70,0,0
12383,-69,0,0
12384,-69,0,0
12385,-69,0,0
12386,-68,0,0
12387,-68,0,0
12388,-67,0,0
12389,-67,0,0
12390,-67,0,0
12391,-66,0,0
12392,-66,0,0
12393,-65,0,0
12394,-65,0,0
12395,-64,0,0
12396,-64,0,0
12397,-63,0,0
12398,-63,0,0
12399,-62,0,0
12400,-62,0,0
12401,-61,0,0
12402,-61,0,0
12403,-60,0,0
12404,-59,0,0
12405,-59,0,0
12406,-58,0,0
12407,-58,0,0
12408,-57,0,0
12409,-56,0,0
12410,-56,0,0
12411,-55,0,0
12412,-54,0,0
12413,-53,0,0
12414,-52,0,0
12415,-52,0,0
12416,-51,0,0
12417,-50,0,0
12418,-49,0,0
12419,-49,0,0
12420,-48,0,0
12421,-47,0,0
12422,-46,0,0
12423,-46,0,0
12424,-45,0,0
12425,-44,0,0
12426,-43,0,0
12427,-42,0,0
12428,-42,0,0
12429,-41,0,0
12430,-40,0,0
12431,-40,0,0
12432,-39,0,0
12433,-38,0,0
12434,-38,0,0
12435,-37,0,0
12436,-36,0,0
12437,-36,0,0
12438,-35,0,0
12439,-34,0,0
12440,-34,0,0
12441,-33,0,0
12442,-32,0,0
12443,-31,0,0
12444,-31,0,0
12445,-30,0,0
12446,-29,0,0
12447,-28,0,0
12448,-28,0,0
12449,-27,0,0
12450,-26,0,0
12451,-25,0,0
12452,-24,0,0
12453,-23,0,0
12454,-22,0,0
12455,-21,0,0
12456,-20,0,0
12457,-19,0,0
12458,-18,0,0
12459,-17,0,0
12460,-16,0,0
12461,-15,0,0
12462,-14,0,0
12463,-12,0,0
12464,-11,0,0
12465,-10,0,0
12466,-9,0,0
12467,-7,0,0
12468,-6,0,0
12469,-5,0,0
12470,-4,0,0
12471,-3,0,0
12472,-1,0,0
12473,0,0,0
12474,1,0,0
12475,2,0,0
12476,3,0,0
12477,5,0,0
12478,6,0,0
12479,7,0,0
12480,8,0,0
12481,9,0,0
12482,10,0,0
12483,11,0,0
12484,12,0,0
12485,13,0,0
12486,14,0,0
12487,15,0,0
12488,16,0,0
12489,17,0,0
12490,17,0,0
12491,18,0,0
12492,19,0,0
12493,20,0,0
12494,21,0,0
12495,21,0,0
12496,22,0,0
12497,23,0,0
12498,24,0,0
12499,25,0,0
12500,25,0,0
12501,26,0,0
12502,27,0,0
12503,28,0,0
12504,29,0,0
12505,30,0,0
12506,31,0,0
12507,32,0,0
12508,33,0,0
12509,34,0,0
12510,34,0,0
12511,35,0,0
12512,36,0,0
12513,37,0,0
12514,38,0,0
12515,39,0,0
12516,40,0,0
12517,41,0,0
12518,42,0,0
12519,43,0,0
12520,44,0,0
12521,45,0,0
12522,46,0,0
12523,47,0,0
12524,47,0,0
12525,48,0,0
12526,49,0,0
12527,50,0,0
12528,50,0,0
12529,51,0,0
12530,52,0,0
12531,53,0,0
12532,53,0,0
12533,54,0,0
12534,55,0,0
12535,55,0,0
12536,56,0,0
12537,56,0,0
12538,57,0,0
12539,58,0,0
12540,58,0,0
12541,59,0,0
12542,59,0,0
12543,60,0,0
12544,61,0,0
12545,61,0,0
12546,62,0,0
12547,62,0,0
12548,63,0,0
12549,63,0,0
12550,64,0,0
12551,64,0,0
12552,65,0,0
12553,66,0,0
12554,66,0,0
12555,67,0,0
12556,67,0,0
12557,68,0,0
12558,68,0,0
12559,69,0,0
12560,69,0,0
12561,70,0,0
12562,70,0,0
12563,70,0,0
12564,71,0,0
12565,71,0,0
12566,71,0,0
12567,72,0,0
12568,72,0,0
12569,72,0,0
12570,72,0,0
12571,73,0,0
12572,73,0,0
12573,73,0,0
12574,73,0,0
12575,73,0,0
12576,73,0,0
12577,73,0,0
12578,74,0,0
12579,74,0,0
12580,74,0,0
12581,74,0,0
12582,74,0,0
12583,74,0,0
12584,75,0,0
12585,75,0,0
12586,75,0,0
12587,75,0,0
12588,75,0,0
12589,76,0,0
12590,76,0,0
12591,76,0,0
12592,76,0,0
12593,76,0,0
12594,77,0,0
12595,77,0,0
12596,77,0,0
12597,77,0,0
12598,77,0,0
12599,77,0,0
12600,77,0,0
12601,77,0,0
12602,76,0,0
12603,76,0,0
12604,76,0,0
12605,76,0,0
12606,75,0,0
12607,75,0,0
12608,75,0,0
12609,74,0,0
12610,73,0,0
12611,73,0,0
12612,72,0,0
12613,72,0,0
12614,71,0,0
12615,71,0,0
12616,70,0,0
12617,69,0,0
12618,69,0,0
12619,68,0,0
12620,68,0,0
12621,67,0,0
12622,66,0,0
12623,66,0,0
12624,65,0,0
12625,65,0,0
12626,64,0,0
12627,63,0,0
12628,63,0,0
12629,62,0,0
12630,62,0,0
12631,61,0,0
12632,61,0,0
12633,60,0,0
12634,60,0,0
12635,59,0,0
12636,59,0,0
12637,59,0,0
12638,58,0,0
12639,57,0,0
12640,57,0,0
12641,56,0,0
12642,56,0,0
12643,55,0,0
12644,54,0,0
12645,53,0,0
12646,53,0,0
12647,52,0,0
12648,51,0,0
12649,50,0,0
12650,49,0,0
12651,48,0,0
12652,47,0,0
12653,46,0,0
12654,45,0,0
12655,44,0,0
12656,43,0,0
12657,42,0,0
12658,41,0,0
12659,40,0,0
12660,39,0,0
12661,37,0,0
12662,36,0,0
12663,35,0,0
12664,34,0,0
12665,33,0,0
12666,31,0,0
12667,30,0,0
12668,29,0,0
12669,28,0,0
12670,27,0,0
12671,25,0,0
12672,24,0,0
12673,23,0,0
12674,22,0,0
12675,21,0,0
12676,19,0,0
12677,18,0,0
12678,17,0,0
12679,16,0,0
12680,15,0,0
12681,13,0,0
12682,12,0,0
12683,11,0,0
12684,9,0,0
12685,8,0,0
12686,7,0,0
12687,5,0,0
12688,4,0,0
12689,3,0,0
12690,1,0,0
12691,0,0,0
12692,-2,0,0
12693,-3,0,0
12694,-5,0,0
12695,-7,0,0
12696,-8,0,0
12697,-10,0,0
12698,-12,0,0
12699,-13,0,0
12700,-15,0,0
12701,-17,0,0
12702,-19,0,0
12703,-20,0,0
12704,-22,0,0
12705,-24,0,0
12706,-26,0,0
12707,-27,0,0
12708,-29,0,0
12709,-31,0,0
12710,-33,0,0
12711,-35,0,0
12712,-37,0,0
12713,-38,0,0
12714,-40,0,0
12715,-42,0,0
12716,-44,0,0
12717,-46,0,0
12718,-47,0,0
12719,-49,0,0
12720,-51,0,0
12721,-53,0,0
12722,-54,0,0
12723,-56,0,0
12724,-58,0,0
12725,-60,0,0
12726,-62,0,0
12727,-63,0,0
12728,-65,0,0
12729,-67,0,0
12730,-69,0,0
12731,-70,0,0
12732,-72,0,0
12733,-74,0,0
12734,-76,0,0
12735,-78,0,0
12736,-79,0,0
12737,-81,0,0
12738,-83,0,0
12739,-85,0,0
12740,-87,0,0
12741,-89,0,0
12742,-91,0,0
12743,-93,0,0
12744,-95,0,0
12745,-97,0,0
12746,-99,0,0
12747,-100,0,0
12748,-102,0,0
12749,-104,0,0
12750,-106,0,0
12751,-108,0,0
12752,-110,0,0
12753,-112,0,0
12754,-114,0,0
12755,-116,0,0
12756,-118,0,0
12757,-120,0,0
12758,-122,0,0
12759,-124,0,0
12760,-126,0,0
12761,-128,0,0
12762,-130,0,0
12763,-132,0,0
12764,-134,0,0
12765,-136,0,0
12766,-138,0,0
12767,-140,0,0
12768,-142,0,0
12769,-144,0,0
12770,-146,0,0
12771,-148,0,0
12772,-151,0,0
12773,-152,0,0
12774,-154,0,0
12775,-156,0,0
12776,-158,0,0
12777,-160,0,0
12778,-162,0,0
12779,-164,0,0
12780,-166,0,0
12781,-168,0,0
12782,-170,0,0
12783,-172,0,0
12784,-174,0,0
12785,-176,0,0
12786,-178,0,0
12787,-179,0,0
12788,-182,0,0
12789,-184,0,0
12790,-185,0,0
12791,-187,0,0
12792,-189,0,0
12793,-191,0,0
12794,-193,0,0
12795,-195,0,0
12796,-197,0,0
12797,-199,0,0
12798,-201,0,0
12799,-203,0,0
12800,-205,0,0
12801,-207,0,0
12802,-209,0,0
12803,-211,0,0
12804,-213,0,0
12805,-215,0,0
12806,-217,0,0
12807,-219,0,0
12808,-220,0,0
12809,-222,0,0
12810,-224,0,0
12811,-226,0,0
12812,-228,0,0
12813,-230,0,0
12814,-232,0,0
12815,-234,0,0
12816,-236,0,0
12817,-237,0,0
12818,-239,0,0
12819,-241,0,0
12820,-243,0,0
12821,-245,0,0
12822,-246,0,0
12823,-248,0,0
12824,-250,0,0
12825,-252,0,0
12826,-254,0,0
12827,-255,0,0
12828,-257,0,0
12829,-259,0,0
12830,-261,0,0
12831,-262,0,0
12832,-264,0,0
12833,-265,0,0
12834,-267,0,0
12835,-269,0,0
12836,-270,0,0
12837,-272,0,0
12838,-274,0,0
12839,-275,0,0
12840,-277,0,0
12841,-279,0,0
12842,-280,0,0
12843,-282,0,0
12844,-283,0,0
12845,-285,0,0
12846,-286,0,0
12847,-288,0,0
12848,-290,0,0
12849,-291,0,0
12850,-293,0,0
12851,-294,0,0
12852,-296,0,0
12853,-297,0,0
12854,-299,0,0
12855,-300,0,0
12856,-302,0,0
12857,-303,0,0
12858,-305,0,0
12859,-306,0,0
12860,-308,0,0
12861,-309,0,0
12862,-310,0,0
12863,-312,0,0
12864,-313,0,0
12865,-314,0,0
12866,-316,0,0
12867,-317,0,0
12868,-319,0,0
12869,-320,0,0
12870,-321,0,0
12871,-323,0,0
12872,-324,0,0
12873,-325,0,0
12874,-327,0,0
12875,-328,0,0
12876,-329,0,0
12877,-330,0,0
12878,-331,0,0
12879,-332,0,0
12880,-333,0,0
12881,-335,0,0
12882,-336,0,0
12883,-337,0,0
12884,-337,0,0
12885,-338,0,0
12886,-339,0,0
12887,-340,0,0
12888,-341,0,0
12889,-342,0,0
12890,-343,0,0
12891,-344,0,0
12892,-344,0,0
12893,-345,0,0
12894,-346,0,0
12895,-346,0,0
12896,-347,0,0
12897,-348,0,0
12898,-349,0,0
12899,-349,0,0
12900,-350,0,0
12901,-350,0,0
12902,-351,0,0
12903,-352,0,0
12904,-353,0,0
12905,-353,0,0
12906,-353,0,0
12907,-354,0,0
12908,-354,0,0
12909,-355,0,0
12910,-355,0,0
12911,-356,0,0
12912,-356,0,0
12913,-357,0,0
12914,-357,0,0
12915,-357,0,0
12916,-358,0,0
12917,-358,0,0
12918,-358,0,0
12919,-358,0,0
12920,-359,0,0
12921,-359,0,0
12922,-359,0,0
12923,-359,0,0
12924,-359,0,0
12925,-359,0,0
12926,-359,0,0
12927,-360,0,0
12928,-360,0,0
12929,-360,0,0
12930,-360,0,0
12931,-360,0,0
12932,-360,0,0
12933,-360,0,0
12934,-360,0,0
12935,-360,0,0
12936,-360,0,0
12937,-360,0,0
12938,-360,0,0
12939,-360,0,0
12940,-360,0,0
12941,-360,0,0
12942,-360,0,0
12943,-359,0,0
12944,-359,0,0
12945,-359,0,0
12946,-359,0,0
12947,-359,0,0
12948,-358,0,0
12949,-358,0,0
12950,-357,0,0
12951,-357,0,0
12952,-357,0,0
12953,-356,0,0
12954,-356,0,0
12955,-355,0,0
12956,-354,0,0
12957,-354,0,0
12958,-353,0,0
12959,-353,0,0
12960,-352,0,0
12961,-351,0,0
12962,-350,0,0
12963,-349,0,0
12964,-349,0,0
12965,-348,0,0
12966,-347,0,0
12967,-346,0,0
12968,-345,0,0
12969,-345,0,0
12970,-344,0,0
12971,-343,0,0
12972,-342,0,0
12973,-341,0,0
12974,-340,0,0
12975,-339,0,0
12976,-338,0,0
12977,-337,0,0
12978,-336,0,0
12979,-336,0,0
12980,-335,0,0
12981,-334,0,0
12982,-333,0,0
12983,-331,0,0
12984,-330,0,0
12985,-329,0,0
12986,-328,0,0
12987,-327,0,0
12988,-326,0,0
12989,-325,0,0
12990,-323,0,0
12991,-322,0,0
12992,-321,0,0
12993,-319,0,0
12994,-318,0,0
12995,-316,0,0
12996,-315,0,0
12997,-313,0,0
12998,-311,0,0
12999,-310,0,0
13000,-308,0,0
13001,-307,0,0
13002,-305,0,0
13003,-303,0,0
13004,-301,0,0
13005,-299,0,0
13006,-298,0,0
13007,-296,0,0
13008,-294,0,0
13009,-292,0,0
13010,-290,0,0
13011,-288,0,0
13012,-286,0,0
13013,-284,0,0
13014,-283,0,0
13015,-281,0,0
13016,-279,0,0
13017,-277,0,0
13018,-275,0,0
13019,-273,0,0
13020,-271,0,0
13021,-270,0,0
13022,-268,0,0
13023,-266,0,0
13024,-264,0,0
13025,-263,0,0
13026,-261,0,0
13027,-259,0,0
13028,-258,0,0
13029,-256,0,0
13030,-254,0,0
13031,-252,0,0
13032,-250,0,0
13033,-249,0,0
13034,-247,0,0
13035,-245,0,0
13036,-243,0,0
13037,-241,0,0
13038,-239,0,0
13039,-237,0,0
13040,-235,0,0
13041,-233,0,0
13042,-231,0,0
13043,-229,0,0
13044,-226,0,0
13045,-224,0,0
13046,-222,0,0
13047,-219,0,0
13048,-217,0,0
13049,-215,0,0
13050,-212,0,0
13051,-210,0,0
13052,-207,0,0
13053,-205,0,0
13054,-202,0,0
13055,-200,0,0
13056,-197,0,0
13057,-195,0,0
13058,-192,0,0
13059,-190,0,0
13060,-187,0,0
13061,-184,0,0
13062,-181,0,0
13063,-179,0,0
13064,-176,0,0
13065,-173,0,0
13066,-171,0,0
13067,-168,0,0
13068,-165,0,0
13069,-163,0,0
13070,-160,0,0
13071,-158,0,0
13072,-155,0,0
13073,-152,0,0
13074,-149,0,0
13075,-147,0,0
13076,-144,0,0
13077,-141,0,0
13078,-139,0,0
13079,-136,0,0
13080,-133,0,0
13081,-131,0,0
13082,-128,0,0
13083,-125,0,0
13084,-122,0,0
13085,-120,0,0
13086,-117,0,0
13087,-114,0,0
13088,-111,0,0
13089,-109,0,0
13090,-106,0,0
13091,-103,0,0
13092,-100,0,0
13093,-97,0,0
13094,-94,0,0
13095,-92,0,0
13096,-89,0,0
13097,-86,0,0
13098,-83,0,0
13099,-80,0,0
13100,-77,0,0
13101,-74,0,0
13102,-72,0,0
13103,-69,0,0
13104,-66,0,0
13105,-63,0,0
13106,-60,0,0
13107,-57,0,0
13108,-54,0,0
13109,-51,0,0
13110,-49,0,0
13111,-46,0,0
13112,-43,0,0
13113,-40,0,0
13114,-37,0,0
13115,-34,0,0
13116,-31,0,0
13117,-29,0,0
13118,-26,0,0
13119,-23,0,0
13120,-20,0,0
13121,-17,0,0
13122,-14,0,0
13123,-11,0,0
13124,-8,0,0
13125,-5,0,0
13126,-2,0,0
13127,1,0,0
13128,4,0,0
13129,7,0,0
13130,10,0,0
13131,13,0,0
13132,16,0,0
13133,20,0,0
13134,23,0,0
13135,25,0,0
13136,29,0,0
13137,32,0,0
13138,35,0,0
13139,38,0,0
13140,40,0,0
13141,43,0,0
13142,46,0,0
13143,49,0,0
13144,52,0,0
13145,55,0,0
13146,58,0,0
13147,61,0,0
13148,64,0,0
13149,67,0,0
13150,69,0,0
13151,72,0,0
13152,75,0,0
13153,77,0,0
13154,80,0,0
13155,83,0,0
13156,86,0,0
13157,88,0,0
13158,91,0,0
13159,94,0,0
13160,96,0,0
13161,99,0,0
13162,102,0,0
13163,105,0,0
13164,107,0,0
13165,110,0,0
13166,113,0,0
13167,116,0,0
13168,118,0,0
13169,121,0,0
13170,124,0,0
13171,127,0,0
13172,129,0,0
13173,132,0,0
13174,135,0,0
13175,138,0,0
13176,141,0,0
13177,143,0,0
13178,146,0,0
13179,149,0,0
13180,152,0,0
13181,155,0,0
13182,158,0,0
13183,160,0,0
13184,163,0,0
13185,166,0,0
13186,169,0,0
13187,171,0,0
13188,174,0,0
13189,177,0,0
13190,179,0,0
13191,182,0,0
13192,184,0,0
13193,187,0,0
13194,189,0,0
13195,192,0,0
13196,194,0,0
13197,196,0,0
13198,199,0,0
13199,201,0,0
13200,203,0,0
13201,206,0,0
13202,208,0,0
13203,210,0,0
13204,213,0,0
13205,215,0,0
13206,217,0,0
13207,219,0,0
13208,221,0,0
13209,224,0,0
13210,226,0,0
13211,228,0,0
13212,230,0,0
13213,233,0,0
13214,235,0,0
13215,237,0,0
13216,239,0,0
13217,242,0,0
13218,244,0,0
13219,246,0,0
13220,248,0,0
13221,251,0,0
13222,253,0,0
13223,255,0,0
13224,257,0,0
13225,259,0,0
13226,262,0,0
13227,264,0,0
13228,266,0,0
13229,268,0,0
13230,270,0,0
13231,272,0,0
13232,274,0,0
13233,276,0,0
13234,278,0,0
13235,280,0,0
13236,281,0,0
13237,283,0,0
13238,285,0,0
13239,287,0,0
13240,288,0,0
13241,290,0,0
13242,292,0,0
13243,293,0,0
13244,295,0,0
13245,296,0,0
13246,298,0,0
13247,299,0,0
13248,301,0,0
13249,302,0,0
13250,304,0,0
13251,305,0,0
13252,306,0,0
13253,308,0,0
13254,309,0,0
13255,311,0,0
13256,312,0,0
13257,313,0,0
13258,315,0,0
13259,316,0,0
13260,317,0,0
13261,319,0,0
13262,320,0,0
13263,321,0,0
13264,323,0,0
13265,324,0,0
13266,325,0,0
13267,326,0,0
13268,327,0,0
13269,329,0,0
13270,330,0,0
13271,331,0,0
13272,332,0,0
13273,333,0,0
13274,334,0,0
13275,336,0,0
13276,337,0,0
13277,338,0,0
13278,339,0,0
13279,340,0,0
13280,341,0,0
13281,341,0,0
13282,342,0,0
13283,343,0,0
13284,344,0,0
13285,345,0,0
13286,345,0,0
13287,346,0,0
13288,347,0,0
13289,347,0,0
13290,348,0,0
13291,349,0,0
13292,349,0,0
13293,350,0,0
13294,350,0,0
13295,351,0,0
13296,351,0,0
13297,352,0,0
13298,352,0,0
13299,353,0,0
13300,353,0,0
13301,353,0,0
13302,354,0,0
13303,354,0,0
13304,354,0,0
13305,355,0,0
13306,355,0,0
13307,355,0,0
13308,356,0,0
13309,356,0,0
13310,356,0,0
13311,356,0,0
13312,357,0,0
13313,357,0,0
13314,357,0,0
13315,357,0,0
13316,357,0,0
13317,357,0,0
13318,358,0,0
13319,358,0,0
13320,358,0,0
13321,358,0,0
13322,358,0,0
13323,358,0,0
13324,358,0,0
13325,358,0,0
13326,358,0,0
13327,358,0,0
13328,358,0,0
13329,358,0,0
13330,358,0,0
13331,357,0,0
13332,358,0,0
13333,357,0,0
13334,357,0,0
13335,357,0,0
13336,357,0,0
13337,356,0,0
13338,356,0,0
13339,356,0,0
13340,356,0,0
13341,356,0,0
13342,355,0,0
13343,355,0,0
13344,355,0,0
13345,354,0,0
13346,354,0,0
13347,353,0,0
13348,353,0,0
13349,352,0,0
13350,352,0,0
13351,351,0,0
13352,351,0,0
13353,350,0,0
13354,350,0,0
13355,349,0,0
13356,348,0,0
13357,347,0,0
13358,347,0,0
13359,346,0,0
13360,345,0,0
13361,344,0,0
13362,343,0,0
13363,342,0,0
13364,341,0,0
13365,340,0,0
13366,339,0,0
13367,338,0,0
13368,337,0,0
13369,336,0,0
13370,335,0,0
13371,334,0,0
13372,333,0,0
13373,331,0,0
13374,330,0,0
13375,329,0,0
13376,328,0,0
13377,327,0,0
13378,325,0,0
13379,324,0,0
13380,323,0,0
13381,322,0,0
13382,320,0,0
13383,319,0,0
13384,318,0,0
13385,316,0,0
13386,315,0,0
13387,314,0,0
13388,312,0,0
13389,311,0,0
13390,310,0,0
13391,308,0,0
13392,307,0,0
13393,306,0,0
13394,304,0,0
13395,303,0,0
13396,302,0,0
13397,300,0,0
13398,299,0,0
13399,298,0,0
13400,296,0,0
13401,295,0,0
13402,293,0,0
13403,292,0,0
13404,291,0,0
13405,289,0,0
13406,288,0,0
13407,286,0,0
13408,285,0,0
13409,283,0,0
13410,282,0,0
13411,280,0,0
13412,279,0,0
13413,277,0,0
13414,275,0,0
13415,274,0,0
13416,272,0,0
13417,271,0,0
13418,269,0,0
13419,267,0,0
13420,265,0,0
13421,264,0,0
13422,262,0,0
13423,260,0,0
13424,258,0,0
13425,257,0,0
13426,255,0,0
13427,253,0,0
13428,251,0,0
13429,249,0,0
13430,247,0,0
13431,246,0,0
13432,244,0,0
13433,242,0,0
13434,240,0,0
13435,238,0,0
13436,236,0,0
13437,234,0,0
13438,232,0,0
13439,230,0,0
13440,229,0,0
13441,227,0,0
13442,225,0,0
13443,223,0,0
13444,221,0,0
13445,219,0,0
13446,217,0,0
13447,216,0,0
13448,214,0,0
13449,212,0,0
13450,210,0,0
13451,208,0,0
13452,206,0,0
13453,204,0,0
13454,202,0,0
13455,200,0,0
13456,198,0,0
13457,196,0,0
13458,194,0,0
13459,192,0,0
13460,190,0,0
13461,189,0,0
13462,186,0,0
13463,184,0,0
13464,182,0,0
13465,180,0,0
13466,178,0,0
13467,176,0,0
13468,174,0,0
13469,172,0,0
13470,170,0,0
13471,168,0,0
13472,165,0,0
13473,164,0,0
13474,161,0,0
13475,159,0,0
13476,157,0,0
13477,155,0,0
13478,153,0,0
13479,151,0,0
13480,149,0,0
13481,147,0,0
13482,145,0,0
13483,143,0,0
13484,141,0,0
13485,139,0,0
13486,137,0,0
13487,135,0,0
13488,133,0,0
13489,131,0,0
13490,129,0,0
13491,127,0,0
13492,126,0,0
13493,124,0,0
13494,122,0,0
13495,120,0,0
13496,118,0,0
13497,116,0,0
13498,114,0,0
13499,112,0,0
13500,110,0,0
13501,109,0,0
13502,107,0,0
13503,105,0,0
13504,103,0,0
13505,101,0,0
13506,99,0,0
13507,97,0,0
13508,96,0,0
13509,94,0,0
13510,92,0,0
13511,90,0,0
13512,88,0,0
13513,86,0,0
13514,84,0,0
13515,82,0,0
13516,80,0,0
13517,79,0,0
13518,77,0,0
13519,75,0,0
13520,73,0,0
13521,71,0,0
13522,69,0,0
13523,67,0,0
13524,65,0,0
13525,63,0,0
13526,62,0,0
13527,60,0,0
13528,58,0,0
13529,56,0,0
13530,54,0,0
13531,52,0,0
13532,50,0,0
13533,48,0,0
13534,46,0,0
13535,45,0,0
13536,43,0,0
13537,41,0,0
13538,39,0,0
13539,37,0,0
13540,35,0,0
13541,33,0,0
13542,31,0,0
13543,29,0,0
13544,28,0,0
13545,26,0,0
13546,24,0,0
13547,22,0,0
13548,20,0,0
13549,18,0,0
13550,17,0,0
13551,15,0,0
13552,13,0,0
13553,11,0,0
13554,10,0,0
13555,8,0,0
13556,6,0,0
13557,5,0,0
13558,3,0,0
13559,2,0,0
13560,0,0,0
13561,-2,0,0
13562,-3,0,0
13563,-4,0,0
13564,-6,0,0
13565,-7,0,0
13566,-8,0,0
13567,-9,0,0
13568,-10,0,0
13569,-12,0,0
13570,-13,0,0
13571,-14,0,0
13572,-15,0,0
13573,-16,0,0
13574,-17,0,0
13575,-18,0,0
13576,-19,0,0
13577,-20,0,0
13578,-22,0,0
13579,-23,0,0
13580,-24,0,0
13581,-25,0,0
13582,-26,0,0
13583,-27,0,0
13584,-28,0,0
13585,-29,0,0
13586,-31,0,0
13587,-32,0,0
13588,-33,0,0
13589,-34,0,0
13590,-35,0,0
13591,-36,0,0
13592,-38,0,0
13593,-39,0,0
13594,-40,0,0
13595,-41,0,0
13596,-42,0,0
13597,-44,0,0
13598,-45,0,0
13599,-46,0,0
13600,-47,0,0
13601,-48,0,0
13602,-49,0,0
13603,-50,0,0
13604,-52,0,0
13605,-52,0,0
13606,-54,0,0
13607,-55,0,0
13608,-55,0,0
13609,-56,0,0
13610,-57,0,0
13611,-58,0,0
13612,-59,0,0
13613,-59,0,0
13614,-60,0,0
13615,-61,0,0
13616,-62,0,0
13617,-62,0,0
13618,-63,0,0
13619,-63,0,0
13620,-64,0,0
13621,-64,0,0
13622,-65,0,0
13623,-65,0,0
13624,-66,0,0
13625,-66,0,0
13626,-66,0,0
13627,-67,0,0
13628,-67,0,0
13629,-68,0,0
13630,-68,0,0
13631,-68,0,0
13632,-69,0,0
13633,-69,0,0
13634,-69,0,0
13635,-70,0,0
13636,-70,0,0
13637,-71,0,0
13638,-71,0,0
13639,-71,0,0
13640,-72,0,0
13641,-72,0,0
13642,-72,0,0
13643,-73,0,0
13644,-73,0,0
13645,-73,0,0
13646,-74,0,0
13647,-74,0,0
13648,-75,0,0
13649,-75,0,0
13650,-75,0,0
13651,-75,0,0
13652,-76,0,0
13653,-76,0,0
13654,-76,0,0
13655,-77,0,0
13656,-77,0,0
13657,-77,0,0
13658,-77,0,0
13659,-77,0,0
13660,-77,0,0
13661,-77,0,0
13662,-77,0,0
13663,-77,0,0
13664,-77,0,0
13665,-77,0,0
13666,-77,0,0
13667,-77,0,0
13668,-77,0,0
13669,-77,0,0
13670,-76,0,0
13671,-76,0,0
13672,-76,0,0
13673,-76,0,0
13674,-75,0,0
13675,-75,0,0
13676,-75,0,0
13677,-74,0,0
13678,-74,0,0
13679,-74,0,0
13680,-73,0,0
13681,-73,0,0
13682,-72,0,0
13683,-72,0,0
13684,-72,0,0
13685,-71,0,0
13686,-71,0,0
13687,-71,0,0
13688,-70,0,0
13689,-70,0,0
13690,-69,0,0
13691,-69,0,0
13692,-69,0,0
13693,-68,0,0
13694,-68,0,0
13695,-68,0,0
13696,-67,0,0
13697,-66,0,0
13698,-66,0,0
13699,-66,0,0
13700,-65,0,0
13701,-65,0,0
13702,-65,0,0
13703,-64,0,0
13704,-64,0,0
13705,-63,0,0
13706,-63,0,0
13707,-62,0,0
13708,-62,0,0
13709,-61,0,0
13710,-61,0,0
13711,-60,0,0
13712,-60,0,0
13713,-59,0,0
13714,-59,0,0
13715,-58,0,0
13716,-57,0,0
13717,-57,0,0
13718,-56,0,0
13719,-55,0,0
13720,-54,0,0
13721,-54,0,0
13722,-53,0,0
13723,-52,0,0
13724,-51,0,0
13725,-51,0,0
13726,-50,0,0
13727,-49,0,0
13728,-48,0,0
13729,-47,0,0
13730,-46,0,0
13731,-45,0,0
13732,-44,0,0
13733,-44,0,0
13734,-43,0,0
13735,-42,0,0
13736,-41,0,0
13737,-40,0,0
13738,-39,0,0
13739,-38,0,0
13740,-37,0,0
13741,-36,0,0
13742,-35,0,0
13743,-34,0,0
13744,-33,0,0
13745,-32,0,0
13746,-31,0,0
13747,-30,0,0
13748,-29,0,0
13749,-28,0,0
13750,-28,0,0
13751,-27,0,0
13752,-26,0,0
13753,-25,0,0
13754,-24,0,0
13755,-23,0,0
13756,-22,0,0
13757,-21,0,0
13758,-20,0,0
13759,-19,0,0
13760,-18,0,0
13761,-17,0,0
13762,-16,0,0
13763,-15,0,0
13764,-14,0,0
13765,-13,0,0
13766,-12,0,0
13767,-11,0,0
13768,-10,0,0
13769,-9,0,0
13770,-8,0,0
13771,-7,0,0
13772,-6,0,0
13773,-5,0,0
13774,-4,0,0
13775,-3,0,0
13776,-2,0,0
13777,-1,0,0
13778,-1,0,0
13779,0,0,0
13780,1,0,0
13781,2,0,0
13782,3,0,0
13783,4,0,0
13784,5,0,0
13785,6,0,0
13786,6,0,0
13787,7,0,0
13788,8,0,0
13789,9,0,0
13790,10,0,0
13791,11,0,0
13792,12,0,0
13793,13,0,0
13794,14,0,0
13795,14,0,0
13796,15,0,0
13797,16,0,0
13798,17,0,0
13799,18,0,0
13800,19,0,0
13801,20,0,0
13802,21,0,0
13803,22,0,0
13804,23,0,0
13805,24,0,0
13806,25,0,0
13807,25,0,0
13808,26,0,0
13809,27,0,0
13810,28,0,0
13811,29,0,0
13812,30,0,0
13813,31,0,0
13814,32,0,0
13815,33,0,0
13816,34,0,0
13817,35,0,0
13818,36,0,0
13819,36,0,0
13820,37,0,0
13821,38,0,0
13822,39,0,0
13823,40,0,0
13824,41,0,0
13825,42,0,0
13826,43,0,0
13827,43,0,0
13828,44,0,0
13829,45,0,0
13830,46,0,0
13831,47,0,0
13832,48,0,0
13833,49,0,0
13834,49,0,0
13835,50,0,0
13836,51,0,0
13837,52,0,0
13838,52,0,0
13839,53,0,0
13840,54,0,0
13841,55,0,0
13842,55,0,0
13843,56,0,0
13844,57,0,0
13845,57,0,0
13846,58,0,0
13847,58,0,0
13848,59,0,0
13849,60,0,0
13850,60,0,0
13851,61,0,0
13852,61,0,0
13853,62,0,0
13854,62,0,0
13855,63,0,0
13856,63,0,0
13857,64,0,0
13858,64,0,0
13859,65,0,0
13860,65,0,0
13861,66,0,0
13862,66,0,0
13863,66,0,0
13864,67,0,0
13865,67,0,0
13866,68,0,0
13867,68,0,0
13868,68,0,0
13869,69,0,0
13870,69,0,0
13871,70,0,0
13872,70,0,0
13873,70,0,0
13874,70,0,0
13875,71,0,0
13876,71,0,0
13877,72,0,0
13878,72,0,0
13879,72,0,0
13880,72,0,0
13881,72,0,0
13882,73,0,0
13883,73,0,0
13884,73,0,0
13885,73,0,0
13886,73,0,0
13887,74,0,0
13888,74,0,0
13889,74,0,0
13890,74,0,0
13891,74,0,0
13892,74,0,0
13893,74,0,0
13894,74,0,0
13895,74,0,0
13896,74,0,0
13897,74,0,0
13898,74,0,0
13899,74,0,0
13900,74,0,0
13901,74,0,0
13902,74,0,0
13903,74,0,0
13904,74,0,0
13905,74,0,0
13906,74,0,0
13907,74,0,0
13908,74,0,0
13909,74,0,0
13910,74,0,0
13911,74,0,0
13912,74,0,0
13913,73,0,0
13914,73,0,0
13915,73,0,0
13916,73,0,0
13917,73,0,0
13918,73,0,0
13919,73,0,0
13920,72,0,0
13921,72,0,0
13922,72,0,0
13923,71,0,0
13924,71,0,0
13925,71,0,0
13926,70,0,0
13927,70,0,0
13928,69,0,0
13929,69,0,0
13930,68,0,0
13931,68,0,0
13932,67,0,0
13933,67,0,0
13934,66,0,0
13935,65,0,0
13936,64,0,0
13937,64,0,0
13938,63,0,0
13939,62,0,0
13940,61,0,0
13941,60,0,0
13942,59,0,0
13943,59,0,0
13944,58,0,0
13945,57,0,0
13946,56,0,0
13947,55,0,0
13948,54,0,0
13949,53,0,0
13950,52,0,0
13951,51,0,0
13952,50,0,0
13953,49,0,0
13954,48,0,0
13955,47,0,0
13956,46,0,0
13957,45,0,0
13958,45,0,0
13959,43,0,0
13960,42,0,0
13961,42,0,0
13962,40,0,0
13963,40,0,0
13964,39,0,0
13965,38,0,0
13966,36,0,0
13967,36,0,0
13968,35,0,0
13969,34,0,0
13970,33,0,0
13971,32,0,0
13972,31,0,0
13973,30,0,0
13974,28,0,0
13975,27,0,0
13976,26,0,0
13977,25,0,0
13978,24,0,0
13979,23,0,0
13980,22,0,0
13981,20,0,0
13982,19,0,0
13983,18,0,0
13984,17,0,0
13985,15,0,0
13986,14,0,0
13987,13,0,0
13988,11,0,0
13989,10,0,0
13990,9,0,0
13991,7,0,0
13992,6,0,0
13993,5,0,0
13994,3,0,0
13995,2,0,0
13996,0,0,0
13997,-1,0,0
13998,-2,0,0
13999,-4,0,0
14000,-5,0,0
14001,-7,0,0
14002,-8,0,0
14003,-10,0,0
14004,-11,0,0
14005,-13,0,0
14006,-15,0,0
14007,-16,0,0
14008,-17,0,0
14009,-19,0,0
14010,-21,0,0
14011,-22,0,0
14012,-24,0,0
14013,-26,0,0
14014,-27,0,0
14015,-29,0,0
14016,-30,0,0
14017,-32,0,0
14018,-33,0,0
14019,-35,0,0
14020,-37,0,0
14021,-39,0,0
14022,-40,0,0
14023,-42,0,0
14024,-44,0,0
14025,-45,0,0
14026,-47,0,0
14027,-49,0,0
14028,-51,0,0
14029,-52,0,0
14030,-54,0,0
14031,-56,0,0
14032,-58,0,0
14033,-60,0,0
14034,-62,0,0
14035,-64,0,0
14036,-65,0,0
14037,-67,0,0
14038,-69,0,0
14039,-71,0,0
14040,-73,0,0
14041,-75,0,0
14042,-77,0,0
14043,-79,0,0
14044,-81,0,0
14045,-83,0,0
14046,-84,0,0
14047,-86,0,0
14048,-88,0,0
14049,-90,0,0
14050,-92,0,0
14051,-94,0,0
14052,-96,0,0
14053,-98,0,0
14054,-100,0,0
14055,-102,0,0
14056,-105,0,0
14057,-106,0,0
14058,-109,0,0
14059,-111,0,0
14060,-113,0,0
14061,-115,0,0
14062,-117,0,0
14063,-119,0,0
14064,-121,0,0
14065,-123,0,0
14066,-125,0,0
14067,-127,0,0
14068,-129,0,0
14069,-131,0,0
14070,-134,0,0
14071,-136,0,0
14072,-138,0,0
14073,-140,0,0
14074,-142,0,0
14075,-144,0,0
14076,-146,0,0
14077,-148,0,0
14078,-150,0,0
14079,-152,0,0
14080,-154,0,0
14081,-156,0,0
14082,-158,0,0
14083,-160,0,0
14084,-162,0,0
14085,-164,0,0
14086,-166,0,0
14087,-168,0,0
14088,-170,0,0
14089,-172,0,0
14090,-174,0,0
14091,-176,0,0
14092,-178,0,0
14093,-180,0,0
14094,-182,0,0
14095,-184,0,0
14096,-186,0,0
14097,-188,0,0
14098,-190,0,0
14099,-191,0,0
14100,-193,0,0
14101,-195,0,0
14102,-197,0,0
14103,-199,0,0
14104,-201,0,0
14105,-203,0,0
14106,-205,0,0
14107,-207,0,0
14108,-209,0,0
14109,-211,0,0
14110,-213,0,0
14111,-215,0,0
14112,-217,0,0
14113,-219,0,0
14114,-221,0,0
14115,-223,0,0
14116,-225,0,0
14117,-227,0,0
14118,-229,0,0
14119,-231,0,0
14120,-233,0,0
14121,-235,0,0
14122,-237,0,0
14123,-239,0,0
14124,-241,0,0
14125,-243,0,0
14126,-245,0,0
14127,-247,0,0
14128,-249,0,0
14129,-251,0,0
14130,-253,0,0
14131,-254,0,0
14132,-256,0,0
14133,-258,0,0
14134,-260,0,0
14135,-262,0,0
14136,-263,0,0
14137,-265,0,0
14138,-267,0,0
14139,-269,0,0
14140,-270,0,0
14141,-272,0,0
14142,-274,0,0
14143,-275,0,0
14144,-277,0,0
14145,-279,0,0
14146,-280,0,0
14147,-282,0,0
14148,-283,0,0
14149,-285,0,0
14150,-286,0,0
14151,-288,0,0
14152,-289,0,0
14153,-291,0,0
14154,-292,0,0
14155,-294,0,0
14156,-295,0,0
14157,-296,0,0
14158,-298,0,0
14159,-300,0,0
14160,-301,0,0
14161,-302,0,0
14162,-303,0,0
14163,-305,0,0
14164,-306,0,0
14165,-308,0,0
14166,-309,0,0
14167,-310,0,0
14168,-312,0,0
14169,-313,0,0
14170,-314,0,0
14171,-315,0,0
14172,-317,0,0
14173,-318,0,0
14174,-319,0,0
14175,-321,0,0
14176,-322,0,0
14177,-323,0,0
14178,-324,0,0
14179,-326,0,0
14180,-327,0,0
14181,-328,0,0
14182,-329,0,0
14183,-330,0,0
14184,-332,0,0
14185,-333,0,0
14186,-334,0,0
14187,-335,0,0
14188,-336,0,0
14189,-337,0,0
14190,-338,0,0
14191,-339,0,0
14192,-339,0,0
14193,-340,0,0
14194,-341,0,0
14195,-342,0,0
14196,-342,0,0
14197,-343,0,0
14198,-344,0,0
14199,-345,0,0
14200,-345,0,0
14201,-346,0,0
14202,-346,0,0
14203,-347,0,0
14204,-348,0,0
14205,-348,0,0
14206,-349,0,0
14207,-349,0,0
14208,-349,0,0
14209,-350,0,0
14210,-350,0,0
14211,-351,0,0
14212,-351,0,0
14213,-352,0,0
14214,-352,0,0
14215,-352,0,0
14216,-353,0,0
14217,-354,0,0
14218,-354,0,0
14219,-354,0,0
14220,-355,0,0
14221,-355,0,0
14222,-356,0,0
14223,-356,0,0
14224,-357,0,0
14225,-357,0,0
14226,-357,0,0
14227,-358,0,0
14228,-358,0,0
14229,-358,0,0
14230,-358,0,0
14231,-359,0,0
14232,-359,0,0
14233,-359,0,0
14234,-359,0,0
14235,-360,0,0
14236,-360,0,0
14237,-360,0,0
14238,-360,0,0
14239,-360,0,0
14240,-360,0,0
14241,-360,0,0
14242,-360,0,0
14243,-360,0,0
14244,-360,0,0
14245,-360,0,0
14246,-360,0,0
14247,-360,0,0
14248,-359,0,0
14249,-359,0,0
14250,-359,0,0
14251,-358,0,0
14252,-358,0,0
14253,-358,0,0
14254,-357,0,0
14255,-357,0,0
14256,-357,0,0
14257,-356,0,0
14258,-356,0,0
14259,-355,0,0
14260,-355,0,0
14261,-354,0,0
14262,-353,0,0
14263,-353,0,0
14264,-352,0,0
14265,-351,0,0
14266,-351,0,0
14267,-350,0,0
14268,-349,0,0
14269,-348,0,0
14270,-348,0,0
14271,-347,0,0
14272,-346,0,0
14273,-345,0,0
14274,-344,0,0
14275,-343,0,0
14276,-342,0,0
14277,-341,0,0
14278,-340,0,0
14279,-339,0,0
14280,-338,0,0
14281,-337,0,0
14282,-336,0,0
14283,-335,0,0
14284,-334,0,0
14285,-333,0,0
14286,-332,0,0
14287,-331,0,0
14288,-330,0,0
14289,-329,0,0
14290,-328,0,0
14291,-327,0,0
14292,-326,0,0
14293,-325,0,0
14294,-324,0,0
14295,-323,0,0
14296,-321,0,0
14297,-320,0,0
14298,-319,0,0
14299,-318,0,0
14300,-317,0,0
14301,-316,0,0
14302,-314,0,0
14303,-313,0,0
14304,-312,0,0
14305,-311,0,0
14306,-309,0,0
14307,-308,0,0
14308,-306,0,0
14309,-305,0,0
14310,-303,0,0
14311,-302,0,0
14312,-300,0,0
14313,-299,0,0
14314,-297,0,0
14315,-295,0,0
14316,-294,0,0
14317,-292,0,0
14318,-290,0,0
14319,-289,0,0
14320,-287,0,0
14321,-285,0,0
14322,-283,0,0
14323,-281,0,0
14324,-279,0,0
14325,-277,0,0
14326,-275,0,0
14327,-273,0,0
14328,-271,0,0
14329,-269,0,0
14330,-266,0,0
14331,-264,0,0
14332,-262,0,0
14333,-260,0,0
14334,-258,0,0
14335,-256,0,0
14336,-254,0,0
14337,-251,0,0
14338,-249,0,0
14339,-247,0,0
14340,-245,0,0
14341,-243,0,0
14342,-241,0,0
14343,-239,0,0
14344,-236,0,0
14345,-234,0,0
14346,-232,0,0
14347,-230,0,0
14348,-228,0,0
14349,-226,0,0
14350,-224,0,0
14351,-221,0,0
14352,-219,0,0
14353,-217,0,0
14354,-215,0,0
14355,-213,0,0
14356,-211,0,0
14357,-209,0,0
14358,-207,0,0
14359,-205,0,0
14360,-203,0,0
14361,-200,0,0
14362,-198,0,0
14363,-196,0,0
14364,-193,0,0
14365,-191,0,0
14366,-189,0,0
14367,-186,0,0
14368,-184,0,0
14369,-181,0,0
14370,-178,0,0
14371,-176,0,0
14372,-173,0,0
14373,-170,0,0
14374,-168,0,0
14375,-165,0,0
14376,-162,0,0
14377,-159,0,0
14378,-156,0,0
14379,-153,0,0
14380,-150,0,0
14381,-147,0,0
14382,-144,0,0
14383,-141,0,0
14384,-138,0,0
14385,-135,0,0
14386,-132,0,0
14387,-129,0,0
14388,-126,0,0
14389,-123,0,0
14390,-120,0,0
14391,-117,0,0
14392,-114,0,0
14393,-111,0,0
14394,-109,0,0
14395,-106,0,0
14396,-103,0,0
14397,-100,0,0
14398,-98,0,0
14399,-95,0,0
14400,-93,0,0
14401,-90,0,0
14402,-87,0,0
14403,-85,0,0
14404,-82,0,0
14405,-80,0,0
14406,-77,0,0
14407,-75,0,0
14408,-72,0,0
14409,-69,0,0
14410,-67,0,0
14411,-64,0,0
14412,-61,0,0
14413,-59,0,0
14414,-56,0,0
14415,-53,0,0
14416,-50,0,0
14417,-48,0,0
14418,-44,0,0
14419,-42,0,0
14420,-39,0,0
14421,-36,0,0
14422,-33,0,0
14423,-30,0,0
14424,-27,0,0
14425,-24,0,0
14426,-21,0,0
14427,-18,0,0
14428,-15,0,0
14429,-12,0,0
14430,-9,0,0
14431,-6,0,0
14432,-3,0,0
14433,0,0,0
14434,3,0,0
14435,6,0,0
14436,9,0,0
14437,12,0,0
14438,15,0,0
14439,18,0,0
14440,21,0,0
14441,23,0,0
14442,26,0,0
14443,29,0,0
14444,32,0,0
14445,35,0,0
14446,38,0,0
14447,41,0,0
14448,44,0,0
14449,46,0,0
14450,49,0,0
14451,52,0,0
14452,55,0,0
14453,58,0,0
14454,61,0,0
14455,64,0,0
14456,67,0,0
14457,70,0,0
14458,73,0,0
14459,76,0,0
14460,79,0,0
14461,82,0,0
14462,85,0,0
14463,89,0,0
14464,92,0,0
14465,95,0,0
14466,98,0,0
14467,101,0,0
14468,104,0,0
14469,107,0,0
14470,110,0,0
14471,113,0,0
14472,116,0,0
14473,119,0,0
14474,122,0,0
14475,124,0,0
14476,127,0,0
14477,130,0,0
14478,133,0,0
14479,135,0,0
14480,138,0,0
14481,141,0,0
14482,143,0,0
14483,146,0,0
14484,149,0,0
14485,151,0,0
14486,154,0,0
14487,156,0,0
14488,159,0,0
14489,162,0,0
14490,164,0,0
14491,167,0,0
14492,169,0,0
14493,172,0,0
14494,174,0,0
14495,177,0,0
14496,179,0,0
14497,182,0,0
14498,184,0,0
14499,187,0,0
14500,189,0,0
14501,192,0,0
14502,194,0,0
14503,196,0,0
14504,199,0,0
14505,201,0,0
14506,204,0,0
14507,206,0,0
14508,208,0,0
14509,211,0,0
14510,213,0,0
14511,215,0,0
14512,218,0,0
14513,220,0,0
14514,222,0,0
14515,225,0,0
14516,227,0,0
14517,229,0,0
14518,231,0,0
14519,233,0,0
14520,236,0,0
14521,238,0,0
14522,240,0,0
14523,242,0,0
14524,244,0,0
14525,246,0,0
14526,249,0,0
14527,251,0,0
14528,253,0,0
14529,255,0,0
14530,257,0,0
14531,259,0,0
14532,261,0,0
14533,263,0,0
14534,265,0,0
14535,267,0,0
14536,269,0,0
14537,271,0,0
14538,273,0,0
14539,275,0,0
14540,277,0,0
14541,278,0,0
14542,280,0,0
14543,282,0,0
14544,284,0,0
14545,285,0,0
14546,287,0,0
14547,289,0,0
14548,291,0,0
14549,292,0,0
14550,294,0,0
14551,296,0,0
14552,297,0,0
14553,299,0,0
14554,300,0,0
14555,302,0,0
14556,304,0,0
14557,305,0,0
14558,307,0,0
14559,308,0,0
14560,309,0,0
14561,311,0,0
14562,312,0,0
14563,313,0,0
14564,315,0,0
14565,316,0,0
14566,318,0,0
14567,319,0,0
14568,320,0,0
14569,321,0,0
14570,322,0,0
14571,324,0,0
14572,325,0,0
14573,326,0,0
14574,327,0,0
14575,328,0,0
14576,329,0,0
14577,330,0,0
14578,332,0,0
14579,333,0,0
14580,334,0,0
14581,335,0,0
14582,336,0,0
14583,337,0,0
14584,338,0,0
14585,339,0,0
14586,340,0,0
14587,341,0,0
14588,342,0,0
14589,343,0,0
14590,344,0,0
14591,345,0,0
14592,346,0,0
14593,347,0,0
14594,348,0,0
14595,349,0,0
14596,350,0,0
14597,351,0,0
14598,352,0,0
14599,353,0,0
14600,354,0,0
14601,354,0,0
14602,355,0,0
14603,356,0,0
14604,356,0,0
14605,357,0,0
14606,358,0,0
14607,358,0,0
14608,359,0,0
14609,359,0,0
14610,359,0,0
14611,359,0,0
14612,360,0,0
14613,360,0,0
14614,360,0,0
14615,360,0,0
14616,360,0,0
14617,360,0,0
14618,360,0,0
14619,360,0,0
14620,360,0,0
14621,360,0,0
14622,360,0,0
14623,359,0,0
14624,359,0,0
14625,359,0,0
14626,359,0,0
14627,359,0,0
14628,359,0,0
14629,359,0,0
14630,359,0,0
14631,358,0,0
14632,359,0,0
14633,358,0,0
14634,358,0,0
14635,358,0,0
14636,358,0,0
14637,358,0,0
14638,358,0,0
14639,357,0,0
14640,357,0,0
14641,357,0,0
14642,357,0,0
14643,357,0,0
14644,357,0,0
14645,356,0,0
14646,356,0,0
14647,356,0,0
14648,355,0,0
14649,355,0,0
14650,354,0,0
14651,354,0,0
14652,353,0,0
14653,353,0,0
14654,352,0,0
14655,352,0,0
14656,351,0,0
14657,351,0,0
14658,350,0,0
14659,349,0,0
14660,348,0,0
14661,348,0,0
14662,347,0,0
14663,346,0,0
14664,345,0,0
14665,344,0,0
14666,344,0,0
14667,343,0,0
14668,342,0,0
14669,341,0,0
14670,340,0,0
14671,340,0,0
14672,339,0,0
14673,338,0,0
14674,337,0,0
14675,336,0,0
14676,335,0,0
14677,334,0,0
14678,333,0,0
14679,332,0,0
14680,331,0,0
14681,330,0,0
14682,329,0,0
14683,328,0,0
14684,327,0,0
14685,326,0,0
14686,325,0,0
14687,324,0,0
14688,322,0,0
14689,321,0,0
14690,319,0,0
14691,318,0,0
14692,317,0,0
14693,316,0,0
14694,314,0,0
14695,313,0,0
14696,311,0,0
14697,310,0,0
14698,308,0,0
14699,307,0,0
14700,305,0,0
14701,304,0,0
14702,302,0,0
14703,301,0,0
14704,299,0,0
14705,298,0,0
14706,296,0,0
14707,294,0,0
14708,293,0,0
14709,292,0,0
14710,290,0,0
14711,289,0,0
14712,287,0,0
14713,286,0,0
14714,284,0,0
14715,283,0,0
14716,281,0,0
14717,280,0,0
14718,278,0,0
14719,277,0,0
14720,275,0,0
14721,273,0,0
14722,272,0,0
14723,270,0,0
14724,269,0,0
14725,267,0,0
14726,265,0,0
14727,264,0,0
14728,262,0,0
14729,260,0,0
14730,259,0,0
14731,257,0,0
14732,255,0,0
14733,253,0,0
14734,252,0,0
14735,250,0,0
14736,248,0,0
14737,246,0,0
14738,244,0,0
14739,242,0,0
14740,240,0,0
14741,238,0,0
14742,236,0,0
14743,234,0,0
14744,232,0,0
14745,230,0,0
14746,228,0,0
14747,226,0,0
14748,224,0,0
14749,222,0,0
14750,220,0,0
14751,218,0,0
14752,216,0,0
14753,215,0,0
14754,213,0,0
14755,211,0,0
14756,209,0,0
14757,206,0,0
14758,205,0,0
14759,203,0,0
14760,201,0,0
14761,199,0,0
14762,197,0,0
14763,195,0,0
14764,193,0,0
14765,191,0,0
14766,189,0,0
14767,187,0,0
14768,185,0,0
14769,184,0,0
14770,182,0,0
14771,180,0,0
14772,178,0,0
14773,176,0,0
14774,174,0,0
14775,172,0,0
14776,171,0,0
14777,169,0,0
14778,167,0,0
14779,165,0,0
14780,163,0,0
14781,161,0,0
14782,159,0,0
14783,157,0,0
14784,155,0,0
14785,153,0,0
14786,151,0,0
14787,149,0,0
14788,147,0,0
14789,145,0,0
14790,143,0,0
14791,141,0,0
14792,139,0,0
14793,137,0,0
14794,135,0,0
14795,133,0,0
14796,130,0,0
14797,129,0,0
14798,126,0,0
14799,125,0,0
14800,122,0,0
14801,120,0,0
14802,118,0,0
14803,116,0,0
14804,114,0,0
14805,112,0,0
14806,110,0,0
14807,108,0,0
14808,106,0,0
14809,104,0,0
14810,102,0,0
14811,100,0,0
14812,98,0,0
14813,96,0,0
14814,94,0,0
14815,92,0,0
14816,90,0,0
14817,88,0,0
14818,86,0,0
14819,84,0,0
14820,82,0,0
14821,80,0,0
14822,78,0,0
14823,76,0,0
14824,75,0,0
14825,73,0,0
14826,71,0,0
14827,69,0,0
14828,67,0,0
14829,65,0,0
14830,63,0,0
14831,61,0,0
14832,60,0,0
14833,58,0,0
14834,56,0,0
14835,54,0,0
14836,52,0,0
14837,51,0,0
14838,49,0,0
14839,47,0,0
14840,45,0,0
14841,44,0,0
14842,42,0,0
14843,40,0,0
14844,38,0,0
14845,37,0,0
14846,35,0,0
14847,33,0,0
14848,32,0,0
14849,30,0,0
14850,28,0,0
14851,26,0,0
14852,25,0,0
14853,23,0,0
14854,22,0,0
14855,20,0,0
14856,18,0,0
14857,17,0,0
14858,15,0,0
14859,14,0,0
14860,12,0,0
14861,10,0,0
14862,9,0,0
14863,7,0,0
14864,6,0,0
14865,4,0,0
14866,2,0,0
14867,1,0,0
14868,0,0,0
14869,-2,0,0
14870,-3,0,0
14871,-5,0,0
14872,-6,0,0
14873,-8,0,0
14874,-9,0,0
14875,-11,0,0
14876,-12,0,0
14877,-14,0,0
14878,-15,0,0
14879,-16,0,0
14880,-18,0,0
14881,-19,0,0
14882,-20,0,0
14883,-21,0,0
14884,-23,0,0
14885,-24,0,0
14886,-25,0,0
14887,-26,0,0
14888,-28,0,0
14889,-29,0,0
14890,-30,0,0
14891,-31,0,0
14892,-32,0,0
14893,-33,0,0
14894,-34,0,0
14895,-36,0,0
14896,-37,0,0
14897,-38,0,0
14898,-39,0,0
14899,-40,0,0
14900,-41,0,0
14901,-42,0,0
14902,-43,0,0
14903,-44,0,0
14904,-46,0,0
14905,-47,0,0
14906,-48,0,0
14907,-49,0,0
14908,-50,0,0
14909,-51,0,0
14910,-52,0,0
14911,-53,0,0
14912,-54,0,0
14913,-55,0,0
14914,-56,0,0
14915,-56,0,0
14916,-57,0,0
14917,-58,0,0
14918,-59,0,0
14919,-59,0,0
14920,-60,0,0
14921,-61,0,0
14922,-61,0,0
14923,-62,0,0
14924,-63,0,0
14925,-63,0,0
14926,-64,0,0
14927,-64,0,0
14928,-65,0,0
14929,-65,0,0
14930,-65,0,0
14931,-66,0,0
14932,-66,0,0
14933,-66,0,0
14934,-67,0,0
14935,-67,0,0
14936,-68,0,0
14937,-68,0,0
14938,-68,0,0
14939,-68,0,0
14940,-69,0,0
14941,-69,0,0
14942,-70,0,0
14943,-70,0,0
14944,-70,0,0
14945,-71,0,0
14946,-71,0,0
14947,-72,0,0
14948,-72,0,0
14949,-72,0,0
14950,-73,0,0
14951,-73,0,0
14952,-73,0,0
14953,-74,0,0
14954,-74,0,0
14955,-75,0,0
14956,-75,0,0
14957,-75,0,0
14958,-75,0,0
14959,-76,0,0
14960,-76,0,0
14961,-76,0,0
14962,-76,0,0
14963,-76,0,0
14964,-76,0,0
14965,-76,0,0
14966,-76,0,0
14967,-76,0,0
14968,-76,0,0
14969,-76,0,0
14970,-76,0,0
14971,-75,0,0
14972,-75,0,0
14973,-75,0,0
14974,-75,0,0
14975,-75,0,0
14976,-74,0,0
14977,-74,0,0
14978,-74,0,0
14979,-73,0,0
14980,-73,0,0
14981,-73,0,0
14982,-72,0,0
14983,-72,0,0
14984,-72,0,0
14985,-71,0,0
14986,-71,0,0
14987,-71,0,0
14988,-70,0,0
14989,-70,0,0
14990,-70,0,0
14991,-69,0,0
14992,-69,0,0
14993,-69,0,0
14994,-68,0,0
14995,-68,0,0
14996,-68,0,0
14997,-67,0,0
14998,-67,0,0
14999,-67,0,0
15000,-66,0,0
15001,-66,0,0
15002,-65,0,0
15003,-65,0,0
15004,-65,0,0
15005,-64,0,0
15006,-64,0,0
15007,-63,0,0
15008,-63,0,0
15009,-62,0,0
15010,-62,0,0
15011,-61,0,0
15012,-61,0,0
15013,-60,0,0
15014,-59,0,0
15015,-59,0,0
15016,-58,0,0
15017,-57,0,0
15018,-57,0,0
15019,-56,0,0
15020,-56,0,0
15021,-55,0,0
15022,-54,0,0
15023,-54,0,0
15024,-53,0,0
15025,-52,0,0
15026,-51,0,0
15027,-51,0,0
15028,-50,0,0
15029,-49,0,0
15030,-48,0,0
15031,-48,0,0
15032,-47,0,0
15033,-46,0,0
15034,-45,0,0
15035,-44,0,0
15036,-44,0,0
15037,-43,0,0
15038,-42,0,0
15039,-41,0,0
15040,-41,0,0
15041,-40,0,0
15042,-39,0,0
15043,-38,0,0
15044,-37,0,0
15045,-36,0,0
15046,-35,0,0
15047,-34,0,0
15048,-34,0,0
15049,-33,0,0
15050,-32,0,0
15051,-31,0,0
15052,-30,0,0
15053,-29,0,0
15054,-29,0,0
15055,-28,0,0
15056,-27,0,0
15057,-26,0,0
15058,-26,0,0
15059,-25,0,0
15060,-24,0,0
15061,-23,0,0
15062,-22,0,0
15063,-22,0,0
15064,-21,0,0
15065,-20,0,0
15066,-19,0,0
15067,-18,0,0
15068,-18,0,0
15069,-17,0,0
15070,-16,0,0
15071,-15,0,0
15072,-15,0,0
15073,-14,0,0
15074,-13,0,0
15075,-12,0,0
15076,-11,0,0
15077,-10,0,0
15078,-9,0,0
15079,-8,0,0
15080,-7,0,0
15081,-6,0,0
15082,-5,0,0
15083,-5,0,0
15084,-4,0,0
15085,-2,0,0
15086,-1,0,0
15087,0,0,0
15088,0,0,0
15089,2,0,0
15090,3,0,0
15091,4,0,0
15092,4,0,0
15093,6,0,0
15094,7,0,0
15095,8,0,0
15096,9,0,0
15097,10,0,0
15098,11,0,0
15099,12,0,0
15100,13,0,0
15101,14,0,0
15102,15,0,0
15103,16,0,0
15104,17,0,0
15105,18,0,0
15106,19,0,0
15107,20,0,0
15108,21,0,0
15109,21,0,0
15110,22,0,0
15111,23,0,0
15112,25,0,0
15113,26,0,0
15114,26,0,0
15115,27,0,0
15116,28,0,0
15117,29,0,0
15118,30,0,0
15119,31,0,0
15120,32,0,0
15121,33,0,0
15122,34,0,0
15123,35,0,0
15124,36,0,0
15125,37,0,0
15126,37,0,0
15127,38,0,0
15128,39,0,0
15129,40,0,0
15130,41,0,0
15131,42,0,0
15132,42,0,0
15133,43,0,0
15134,44,0,0
15135,45,0,0
15136,45,0,0
15137,46,0,0
15138,47,0,0
15139,48,0,0
15140,48,0,0
15141,49,0,0
15142,50,0,0
15143,50,0,0
15144,51,0,0
15145,52,0,0
15146,53,0,0
15147,53,0,0
15148,54,0,0
15149,54,0,0
15150,55,0,0
15151,56,0,0
15152,57,0,0
15153,57,0,0
15154,58,0,0
15155,58,0,0
15156,59,0,0
15157,60,0,0
15158,61,0,0
15159,61,0,0
15160,62,0,0
15161,62,0,0
15162,63,0,0
15163,63,0,0
15164,64,0,0
15165,64,0,0
15166,65,0,0
15167,65,0,0
15168,66,0,0
15169,66,0,0
15170,67,0,0
15171,67,0,0
15172,68,0,0
15173,68,0,0
15174,68,0,0
15175,69,0,0
15176,69,0,0
15177,69,0,0
15178,70,0,0
15179,70,0,0
15180,70,0,0
15181,71,0,0
15182,71,0,0
15183,71,0,0
15184,71,0,0
15185,72,0,0
15186,72,0,0
15187,72,0,0
15188,72,0,0
15189,72,0,0
15190,72,0,0
15191,72,0,0
15192,72,0,0
15193,73,0,0
15194,73,0,0
15195,73,0,0
15196,73,0,0
15197,73,0,0
15198,73,0,0
15199,73,0,0
15200,73,0,0
15201,73,0,0
15202,73,0,0
15203,73,0,0
15204,73,0,0
15205,73,0,0
15206,73,0,0
15207,73,0,0
15208,72,0,0
15209,73,0,0
15210,72,0,0
15211,72,0,0
15212,72,0,0
15213,72,0,0
15214,72,0,0
15215,72,0,0
15216,72,0,0
15217,71,0,0
15218,71,0,0
15219,71,0,0
15220,71,0,0
15221,71,0,0
15222,71,0,0
15223,70,0,0
15224,70,0,0
15225,70,0,0
15226,69,0,0
15227,69,0,0
15228,69,0,0
15229,69,0,0
15230,68,0,0
15231,68,0,0
15232,68,0,0
15233,67,0,0
15234,67,0,0
15235,67,0,0
15236,66,0,0
15237,66,0,0
15238,65,0,0
15239,64,0,0
15240,64,0,0
15241,63,0,0
15242,63,0,0
15243,62,0,0
15244,62,0,0
15245,61,0,0
15246,60,0,0
15247,59,0,0
15248,59,0,0
15249,58,0,0
15250,57,0,0
15251,56,0,0
15252,56,0,0
15253,55,0,0
15254,54,0,0
15255,53,0,0
15256,52,0,0
15257,51,0,0
15258,50,0,0
15259,49,0,0
15260,48,0,0
15261,48,0,0
15262,47,0,0
15263,46,0,0
15264,45,0,0
15265,44,0,0
15266,43,0,0
15267,42,0,0
15268,42,0,0
15269,41,0,0
15270,40,0,0
15271,39,0,0
15272,38,0,0
15273,37,0,0
15274,37,0,0
15275,36,0,0
15276,35,0,0
15277,34,0,0
15278,33,0,0
15279,33,0,0
15280,32,0,0
15281,31,0,0
15282,30,0,0
15283,29,0,0
15284,28,0,0
15285,26,0,0
15286,25,0,0
15287,24,0,0
15288,23,0,0
15289,22,0,0
15290,20,0,0
15291,19,0,0
15292,18,0,0
15293,16,0,0
15294,15,0,0
15295,13,0,0
15296,12,0,0
15297,10,0,0
15298,9,0,0
15299,7,0,0
15300,5,0,0
15301,4,0,0
15302,2,0,0
15303,0,0,0
15304,-1,0,0
15305,-3,0,0
15306,-5,0,0
15307,-6,0,0
15308,-8,0,0
15309,-10,0,0
15310,-11,0,0
15311,-13,0,0
15312,-14,0,0
15313,-16,0,0
15314,-17,0,0
15315,-19,0,0
15316,-20,0,0
15317,-22,0,0
15318,-23,0,0
15319,-25,0,0
15320,-26,0,0
15321,-28,0,0
15322,-30,0,0
15323,-31,0,0
15324,-33,0,0
15325,-35,0,0
15326,-36,0,0
15327,-38,0,0
15328,-40,0,0
15329,-42,0,0
15330,-43,0,0
15331,-45,0,0
15332,-47,0,0
15333,-49,0,0
15334,-51,0,0
15335,-53,0,0
15336,-55,0,0
15337,-57,0,0
15338,-59,0,0
15339,-61,0,0
15340,-63,0,0
15341,-65,0,0
15342,-67,0,0
15343,-69,0,0
15344,-71,0,0
15345,-73,0,0
15346,-75,0,0
15347,-77,0,0
15348,-79,0,0
15349,-81,0,0
15350,-83,0,0
15351,-85,0,0
15352,-87,0,0
15353,-88,0,0
15354,-91,0,0
15355,-92,0,0
15356,-94,0,0
15357,-96,0,0
15358,-98,0,0
15359,-100,0,0
15360,-102,0,0
15361,-104,0,0
15362,-106,0,0
15363,-108,0,0
15364,-110,0,0
15365,-112,0,0
15366,-114,0,0
15367,-116,0,0
15368,-118,0,0
15369,-119,0,0
15370,-122,0,0
15371,-123,0,0
15372,-125,0,0
15373,-128,0,0
15374,-130,0,0
15375,-132,0,0
15376,-134,0,0
15377,-136,0,0
15378,-137,0,0
15379,-140,0,0
15380,-141,0,0
15381,-144,0,0
15382,-145,0,0
15383,-147,0,0
15384,-149,0,0
15385,-151,0,0
15386,-153,0,0
15387,-155,0,0
15388,-157,0,0
15389,-159,0,0
15390,-161,0,0
15391,-163,0,0
15392,-165,0,0
15393,-167,0,0
15394,-168,0,0
15395,-171,0,0
15396,-173,0,0
15397,-174,0,0
15398,-177,0,0
15399,-178,0,0
15400,-181,0,0
15401,-182,0,0
15402,-184,0,0
15403,-187,0,0
15404,-188,0,0
15405,-191,0,0
15406,-193,0,0
15407,-195,0,0
15408,-197,0,0
15409,-199,0,0
15410,-201,0,0
15411,-203,0,0
15412,-205,0,0
15413,-207,0,0
15414,-209,0,0
15415,-211,0,0
15416,-213,0,0
15417,-215,0,0
15418,-217,0,0
15419,-219,0,0
15420,-221,0,0
15421,-223,0,0
15422,-225,0,0
15423,-227,0,0
15424,-228,0,0
15425,-230,0,0
15426,-232,0,0
15427,-234,0,0
15428,-235,0,0
15429,-237,0,0
15430,-239,0,0
15431,-240,0,0
15432,-242,0,0
15433,-244,0,0
15434,-245,0,0
15435,-247,0,0
15436,-249,0,0
15437,-250,0,0
15438,-252,0,0
15439,-254,0,0
15440,-255,0,0
15441,-257,0,0
15442,-259,0,0
15443,-260,0,0
15444,-262,0,0
15445,-264,0,0
15446,-266,0,0
15447,-267,0,0
15448,-269,0,0
15449,-271,0,0
15450,-272,0,0
15451,-274,0,0
15452,-276,0,0
15453,-278,0,0
15454,-279,0,0
15455,-281,0,0
15456,-283,0,0
15457,-285,0,0
15458,-286,0,0
15459,-288,0,0
15460,-290,0,0
15461,-291,0,0
15462,-293,0,0
15463,-295,0,0
15464,-296,0,0
15465,-298,0,0
15466,-300,0,0
15467,-301,0,0
15468,-303,0,0
15469,-304,0,0
15470,-306,0,0
15471,-307,0,0
15472,-308,0,0
15473,-310,0,0
15474,-311,0,0
15475,-313,0,0
15476,-314,0,0
15477,-315,0,0
15478,-317,0,0
15479,-318,0,0
15480,-319,0,0
15481,-320,0,0
15482,-321,0,0
15483,-323,0,0
15484,-324,0,0
15485,-325,0,0
15486,-326,0,0
15487,-327,0,0
15488,-328,0,0
15489,-329,0,0
15490,-331,0,0
15491,-332,0,0
15492,-332,0,0
15493,-334,0,0
15494,-335,0,0
15495,-335,0,0
15496,-336,0,0
15497,-337,0,0
15498,-338,0,0
15499,-339,0,0
15500,-340,0,0
15501,-341,0,0
15502,-342,0,0
15503,-342,0,0
15504,-343,0,0
15505,-344,0,0
15506,-344,0,0
15507,-345,0,0
15508,-346,0,0
15509,-346,0,0
15510,-347,0,0
15511,-348,0,0
15512,-348,0,0
15513,-349,0,0
15514,-349,0,0
15515,-350,0,0
15516,-351,0,0
15517,-351,0,0
15518,-351,0,0
15519,-352,0,0
15520,-352,0,0
15521,-353,0,0
15522,-353,0,0
15523,-354,0,0
15524,-354,0,0
15525,-355,0,0
15526,-355,0,0
15527,-356,0,0
15528,-356,0,0
15529,-356,0,0
15530,-357,0,0
15531,-357,0,0
15532,-358,0,0
15533,-358,0,0
15534,-358,0,0
15535,-359,0,0
15536,-359,0,0
15537,-359,0,0
15538,-359,0,0
15539,-360,0,0
15540,-360,0,0
15541,-360,0,0
15542,-360,0,0
15543,-360,0,0
15544,-360,0,0
15545,-361,0,0
15546,-361,0,0
15547,-361,0,0
15548,-360,0,0
15549,-361,0,0
15550,-360,0,0
15551,-360,0,0
15552,-360,0,0
15553,-360,0,0
15554,-360,0,0
15555,-359,0,0
15556,-359,0,0
15557,-359,0,0
15558,-358,0,0
15559,-358,0,0
15560,-357,0,0
15561,-357,0,0
15562,-357,0,0
15563,-356,0,0
15564,-356,0,0
15565,-355,0,0
15566,-355,0,0
15567,-354,0,0
15568,-353,0,0
15569,-353,0,0
15570,-352,0,0
15571,-352,0,0
15572,-351,0,0
15573,-350,0,0
15574,-350,0,0
15575,-349,0,0
15576,-348,0,0
15577,-348,0,0
15578,-347,0,0
15579,-346,0,0
15580,-346,0,0
15581,-345,0,0
15582,-344,0,0
15583,-343,0,0
15584,-342,0,0
15585,-342,0,0
15586,-341,0,0
15587,-340,0,0
15588,-339,0,0
15589,-338,0,0
15590,-337,0,0
15591,-336,0,0
15592,-335,0,0
15593,-334,0,0
15594,-333,0,0
15595,-332,0,0
15596,-331,0,0
15597,-329,0,0
15598,-328,0,0
15599,-327,0,0
15600,-325,0,0
15601,-324,0,0
15602,-323,0,0
15603,-321,0,0
15604,-320,0,0
15605,-319,0,0
15606,-318,0,0
15607,-316,0,0
15608,-315,0,0
15609,-313,0,0
15610,-312,0,0
15611,-310,0,0
15612,-309,0,0
15613,-308,0,0
15614,-306,0,0
15615,-305,0,0
15616,-303,0,0
15617,-302,0,0
15618,-300,0,0
15619,-298,0,0
15620,-297,0,0
15621,-295,0,0
15622,-293,0,0
15623,-292,0,0
15624,-290,0,0
15625,-288,0,0
15626,-287,0,0
15627,-285,0,0
15628,-283,0,0
15629,-281,0,0
15630,-279,0,0
15631,-277,0,0
15632,-275,0,0
15633,-273,0,0
15634,-271,0,0
15635,-269,0,0
15636,-267,0,0
15637,-265,0,0
15638,-263,0,0
15639,-261,0,0
15640,-259,0,0
15641,-257,0,0
15642,-254,0,0
15643,-252,0,0
15644,-250,0,0
15645,-248,0,0
15646,-246,0,0
15647,-244,0,0
15648,-242,0,0
15649,-239,0,0
15650,-237,0,0
15651,-235,0,0
15652,-233,0,0
15653,-231,0,0
15654,-228,0,0
15655,-226,0,0
15656,-224,0,0
15657,-222,0,0
15658,-219,0,0
15659,-217,0,0
15660,-215,0,0
15661,-212,0,0
15662,-210,0,0
15663,-208,0,0
15664,-205,0,0
15665,-203,0,0
15666,-200,0,0
15667,-198,0,0
15668,-195,0,0
15669,-193,0,0
15670,-190,0,0
15671,-188,0,0
15672,-185,0,0
15673,-182,0,0
15674,-180,0,0
15675,-177,0,0
15676,-175,0,0
15677,-172,0,0
15678,-169,0,0
15679,-167,0,0
15680,-164,0,0
15681,-162,0,0
15682,-159,0,0
15683,-157,0,0
15684,-154,0,0
15685,-151,0,0
15686,-149,0,0
15687,-146,0,0
15688,-144,0,0
15689,-141,0,0
15690,-139,0,0
15691,-136,0,0
15692,-134,0,0
15693,-131,0,0
15694,-129,0,0
15695,-126,0,0
15696,-124,0,0
15697,-121,0,0
15698,-118,0,0
15699,-116,0,0
15700,-113,0,0
15701,-111,0,0
15702,-108,0,0
15703,-105,0,0
15704,-102,0,0
15705,-99,0,0
15706,-96,0,0
15707,-94,0,0
15708,-91,0,0
15709,-88,0,0
15710,-85,0,0
15711,-82,0,0
15712,-79,0,0
15713,-76,0,0
15714,-73,0,0
15715,-70,0,0
15716,-67,0,0
15717,-64,0,0
15718,-61,0,0
15719,-57,0,0
15720,-55,0,0
15721,-51,0,0
15722,-48,0,0
15723,-45,0,0
15724,-42,0,0
15725,-39,0,0
15726,-36,0,0
15727,-33,0,0
15728,-30,0,0
15729,-27,0,0
15730,-24,0,0
15731,-21,0,0
15732,-18,0,0
15733,-15,0,0
15734,-13,0,0
15735,-10,0,0
15736,-7,0,0
15737,-4,0,0
15738,-1,0,0
15739,2,0,0
15740,4,0,0
15741,7,0,0
15742,10,0,0
15743,13,0,0
15744,16,0,0
15745,19,0,0
15746,21,0,0
15747,24,0,0
15748,27,0,0
15749,30,0,0
15750,33,0,0
15751,35,0,0
15752,38,0,0
15753,41,0,0
15754,44,0,0
15755,47,0,0
15756,49,0,0
15757,52,0,0
15758,55,0,0
15759,58,0,0
15760,61,0,0
15761,64,0,0
15762,67,0,0
15763,70,0,0
15764,73,0,0
15765,76,0,0
15766,79,0,0
15767,81,0,0
15768,85,0,0
15769,87,0,0
15770,90,0,0
15771,93,0,0
15772,96,0,0
15773,99,0,0
15774,102,0,0
15775,105,0,0
15776,108,0,0
15777,110,0,0
15778,113,0,0
15779,116,0,0
15780,119,0,0
15781,122,0,0
15782,124,0,0
15783,127,0,0
15784,130,0,0
15785,133,0,0
15786,135,0,0
15787,138,0,0
15788,141,0,0
15789,143,0,0
15790,146,0,0
15791,149,0,0
15792,151,0,0
15793,154,0,0
15794,157,0,0
15795,159,0,0
15796,162,0,0
15797,164,0,0
15798,167,0,0
15799,169,0,0
15800,172,0,0
15801,174,0,0
15802,177,0,0
15803,179,0,0
15804,182,0,0
15805,185,0,0
15806,187,0,0
15807,190,0,0
15808,192,0,0
15809,195,0,0
15810,197,0,0
15811,200,0,0
15812,202,0,0
15813,205,0,0
15814,207,0,0
15815,210,0,0
15816,212,0,0
15817,215,0,0
15818,218,0,0
15819,220,0,0
15820,222,0,0
15821,225,0,0
15822,227,0,0
15823,230,0,0
15824,232,0,0
15825,234,0,0
15826,237,0,0
15827,239,0,0
15828,241,0,0
15829,243,0,0
15830,245,0,0
15831,248,0,0
15832,250,0,0
15833,252,0,0
15834,254,0,0
15835,256,0,0
15836,258,0,0
15837,260,0,0
15838,262,0,0
15839,264,0,0
15840,266,0,0
15841,267,0,0
15842,269,0,0
15843,271,0,0
15844,273,0,0
15845,275,0,0
15846,276,0,0
15847,278,0,0
15848,280,0,0
15849,282,0,0
15850,283,0,0
15851,285,0,0
15852,287,0,0
15853,288,0,0
15854,290,0,0
15855,292,0,0
15856,293,0,0
15857,295,0,0
15858,297,0,0
15859,298,0,0
15860,300,0,0
15861,302,0,0
15862,303,0,0
15863,305,0,0
15864,306,0,0
15865,308,0,0
15866,309,0,0
15867,310,0,0
15868,312,0,0
15869,313,0,0
15870,315,0,0
15871,316,0,0
15872,317,0,0
15873,318,0,0
15874,320,0,0
15875,321,0,0
15876,322,0,0
15877,323,0,0
15878,325,0,0
15879,326,0,0
15880,327,0,0
15881,328,0,0
15882,329,0,0
15883,330,0,0
15884,331,0,0
15885,332,0,0
15886,333,0,0
15887,334,0,0
15888,335,0,0
15889,336,0,0
15890,337,0,0
15891,338,0,0
15892,339,0,0
15893,340,0,0
15894,341,0,0
15895,342,0,0
15896,343,0,0
15897,344,0,0
15898,345,0,0
15899,345,0,0
15900,346,0,0
15901,347,0,0
15902,348,0,0
15903,349,0,0
15904,350,0,0
15905,351,0,0
15906,351,0,0
15907,352,0,0
15908,353,0,0
15909,353,0,0
15910,354,0,0
15911,355,0,0
15912,355,0,0
15913,356,0,0
15914,356,0,0
15915,357,0,0
15916,357,0,0
15917,357,0,0
15918,358,0,0
15919,358,0,0
15920,358,0,0
15921,358,0,0
15922,358,0,0
15923,358,0,0
15924,359,0,0
15925,358,0,0
15926,358,0,0
15927,358,0,0
15928,358,0,0
15929,358,0,0
15930,358,0,0
15931,358,0,0
15932,358,0,0
15933,358,0,0
15934,358,0,0
15935,357,0,0
15936,357,0,0
15937,357,0,0
15938,357,0,0
15939,357,0,0
15940,357,0,0
15941,356,0,0
15942,356,0,0
15943,356,0,0
15944,356,0,0
15945,356,0,0
15946,356,0,0
15947,355,0,0
15948,355,0,0
15949,355,0,0
15950,355,0,0
15951,355,0,0
15952,354,0,0
15953,354,0,0
15954,354,0,0
15955,354,0,0
15956,353,0,0
15957,353,0,0
15958,352,0,0
15959,352,0,0
15960,352,0,0
15961,351,0,0
15962,351,0,0
15963,350,0,0
15964,350,0,0
15965,349,0,0
15966,348,0,0
15967,348,0,0
15968,347,0,0
15969,346,0,0
15970,345,0,0
15971,344,0,0
15972,344,0,0
15973,343,0,0
15974,342,0,0
15975,341,0,0
15976,340,0,0
15977,339,0,0
15978,338,0,0
15979,336,0,0
15980,335,0,0
15981,334,0,0
15982,333,0,0
15983,332,0,0
15984,331,0,0
15985,330,0,0
15986,329,0,0
15987,328,0,0
15988,327,0,0
15989,326,0,0
15990,325,0,0
15991,323,0,0
15992,322,0,0
15993,322,0,0
15994,320,0,0
15995,319,0,0
15996,318,0,0
15997,317,0,0
15998,316,0,0
15999,315,0,0
16000,314,0,0
16001,313,0,0
16002,312,0,0
16003,311,0,0
16004,310,0,0
16005,308,0,0
16006,307,0,0
16007,306,0,0
16008,305,0,0
16009,303,0,0
16010,302,0,0
16011,300,0,0
16012,299,0,0
16013,298,0,0
16014,296,0,0
16015,294,0,0
16016,293,0,0
16017,291,0,0
16018,290,0,0
16019,288,0,0
16020,286,0,0
16021,284,0,0
16022,282,0,0
16023,281,0,0
16024,279,0,0
16025,277,0,0
16026,275,0,0
16027,273,0,0
16028,271,0,0
16029,270,0,0
16030,268,0,0
16031,266,0,0
16032,264,0,0
16033,262,0,0
16034,260,0,0
16035,258,0,0
16036,257,0,0
16037,255,0,0
16038,253,0,0
16039,251,0,0
16040,250,0,0
16041,248,0,0
16042,246,0,0
16043,244,0,0
16044,243,0,0
16045,241,0,0
16046,239,0,0
16047,237,0,0
16048,235,0,0
16049,234,0,0
16050,232,0,0
16051,230,0,0
16052,228,0,0
16053,227,0,0
16054,225,0,0
16055,223,0,0
16056,221,0,0
16057,219,0,0
16058,217,0,0
16059,215,0,0
16060,214,0,0
16061,212,0,0
16062,210,0,0
16063,208,0,0
16064,206,0,0
16065,204,0,0
16066,202,0,0
16067,200,0,0
16068,198,0,0
16069,196,0,0
16070,194,0,0
16071,192,0,0
16072,190,0,0
16073,188,0,0
16074,186,0,0
16075,184,0,0
16076,182,0,0
16077,179,0,0
16078,177,0,0
16079,176,0,0
16080,174,0,0
16081,171,0,0
16082,170,0,0
16083,168,0,0
16084,165,0,0
16085,164,0,0
16086,162,0,0
16087,159,0,0
16088,158,0,0
16089,155,0,0
16090,154,0,0
16091,152,0,0
16092,150,0,0
16093,148,0,0
16094,146,0,0
16095,144,0,0
16096,141,0,0
16097,139,0,0
16098,138,0,0
16099,136,0,0
16100,133,0,0
16101,131,0,0
16102,129,0,0
16103,127,0,0
16104,125,0,0
16105,123,0,0
16106,121,0,0
16107,119,0,0
16108,117,0,0
16109,115,0,0
16110,113,0,0
16111,111,0,0
16112,109,0,0
16113,107,0,0
16114,104,0,0
16115,103,0,0
16116,100,0,0
16117,99,0,0
16118,97,0,0
16119,94,0,0
16120,93,0,0
16121,91,0,0
16122,89,0,0
16123,87,0,0
16124,85,0,0
16125,83,0,0
16126,81,0,0
16127,79,0,0
16128,77,0,0
16129,75,0,0
16130,74,0,0
16131,72,0,0
16132,70,0,0
16133,68,0,0
16134,66,0,0
16135,64,0,0
16136,63,0,0
16137,61,0,0
16138,59,0,0
16139,57,0,0
16140,56,0,0
16141,54,0,0
16142,52,0,0
16143,50,0,0
16144,48,0,0
16145,47,0,0
16146,45,0,0
16147,43,0,0
16148,41,0,0
16149,39,0,0
16150,38,0,0
16151,36,0,0
16152,34,0,0
16153,32,0,0
16154,31,0,0
16155,29,0,0
16156,27,0,0
16157,26,0,0
16158,24,0,0
16159,22,0,0
16160,21,0,0
16161,19,0,0
16162,17,0,0
16163,16,0,0
16164,14,0,0
16165,13,0,0
16166,11,0,0
16167,9,0,0
16168,8,0,0
16169,7,0,0
16170,5,0,0
16171,3,0,0
16172,2,0,0
16173,1,0,0
16174,-1,0,0
16175,-2,0,0
16176,-4,0,0
16177,-5,0,0
16178,-7,0,0
16179,-8,0,0
16180,-10,0,0
16181,-11,0,0
16182,-12,0,0
16183,-13,0,0
16184,-15,0,0
16185,-16,0,0
16186,-17,0,0
16187,-19,0,0
16188,-20,0,0
16189,-21,0,0
16190,-22,0,0
16191,-24,0,0
16192,-25,0,0
16193,-26,0,0
16194,-27,0,0
16195,-29,0,0
16196,-30,0,0
16197,-31,0,0
16198,-32,0,0
16199,-33,0,0
16200,-34,0,0
16201,-36,0,0
16202,-37,0,0
16203,-38,0,0
16204,-39,0,0
16205,-40,0,0
16206,-41,0,0
16207,-42,0,0
16208,-43,0,0
16209,-44,0,0
16210,-45,0,0
16211,-46,0,0
16212,-47,0,0
16213,-48,0,0
16214,-49,0,0
16215,-50,0,0
16216,-51,0,0
16217,-52,0,0
16218,-53,0,0
16219,-54,0,0
16220,-55,0,0
16221,-55,0,0
16222,-57,0,0
16223,-57,0,0
16224,-58,0,0
16225,-59,0,0
16226,-60,0,0
16227,-60,0,0
16228,-61,0,0
16229,-62,0,0
16230,-63,0,0
16231,-63,0,0
16232,-64,0,0
16233,-65,0,0
16234,-65,0,0
16235,-66,0,0
16236,-66,0,0
16237,-67,0,0
16238,-67,0,0
16239,-67,0,0
16240,-68,0,0
16241,-68,0,0
16242,-69,0,0
16243,-69,0,0
16244,-69,0,0
16245,-69,0,0
16246,-70,0,0
16247,-70,0,0
16248,-70,0,0
16249,-70,0,0
16250,-71,0,0
16251,-71,0,0
16252,-71,0,0
16253,-71,0,0
16254,-72,0,0
16255,-72,0,0
16256,-72,0,0
16257,-72,0,0
16258,-73,0,0
16259,-73,0,0
16260,-74,0,0
16261,-74,0,0
16262,-74,0,0
16263,-74,0,0
16264,-75,0,0
16265,-75,0,0
16266,-75,0,0
16267,-76,0,0
16268,-76,0,0
16269,-76,0,0
16270,-76,0,0
16271,-77,0,0
16272,-77,0,0
16273,-77,0,0
16274,-77,0,0
16275,-77,0,0
16276,-77,0,0
16277,-77,0,0
16278,-77,0,0
16279,-77,0,0
16280,-77,0,0
16281,-77,0,0
16282,-76,0,0
16283,-76,0,0
16284,-76,0,0
16285,-75,0,0
16286,-75,0,0
16287,-75,0,0
16288,-74,0,0
16289,-74,0,0
16290,-73,0,0
16291,-73,0,0
16292,-72,0,0
16293,-72,0,0
16294,-71,0,0
16295,-71,0,0
16296,-70,0,0
16297,-70,0,0
16298,-69,0,0
16299,-69,0,0
16300,-68,0,0
16301,-68,0,0
16302,-67,0,0
16303,-67,0,0
16304,-67,0,0
16305,-66,0,0
16306,-66,0,0
16307,-66,0,0
16308,-65,0,0
16309,-65,0,0
16310,-65,0,0
16311,-64,0,0
16312,-64,0,0
16313,-64,0,0
16314,-64,0,0
16315,-63,0,0
16316,-63,0,0
16317,-63,0,0
16318,-62,0,0
16319,-62,0,0
16320,-61,0,0
16321,-61,0,0
16322,-61,0,0
16323,-60,0,0
16324,-59,0,0
16325,-59,0,0
16326,-58,0,0
16327,-57,0,0
16328,-57,0,0
16329,-56,0,0
16330,-55,0,0
16331,-55,0,0
16332,-54,0,0
16333,-53,0,0
16334,-52,0,0
16335,-51,0,0
16336,-50,0,0
16337,-49,0,0
16338,-48,0,0
16339,-47,0,0
16340,-46,0,0
16341,-46,0,0
16342,-45,0,0
16343,-44,0,0
16344,-43,0,0
16345,-42,0,0
16346,-41,0,0
16347,-40,0,0
16348,-40,0,0
16349,-39,0,0
16350,-38,0,0
16351,-37,0,0
16352,-36,0,0
16353,-36,0,0
16354,-35,0,0
16355,-34,0,0
16356,-33,0,0
16357,-33,0,0
16358,-32,0,0
16359,-31,0,0
16360,-30,0,0
16361,-30,0,0
16362,-29,0,0
16363,-28,0,0
16364,-28,0,0
16365,-27,0,0
16366,-26,0,0
16367,-25,0,0
16368,-24,0,0
16369,-23,0,0
16370,-22,0,0
16371,-21,0,0
16372,-20,0,0
16373,-19,0,0
16374,-19,0,0
16375,-18,0,0
16376,-16,0,0
16377,-15,0,0
16378,-15,0,0
16379,-13,0,0
16380,-12,0,0
16381,-11,0,0
16382,-10,0,0
16383,-9,0,0
16384,-8,0,0
16385,-7,0,0
16386,-6,0,0
16387,-5,0,0
16388,-3,0,0
16389,-2,0,0
16390,-1,0,0
16391,0,0,0
16392,1,0,0
16393,2,0,0
16394,3,0,0
16395,4,0,0
16396,5,0,0
16397,6,0,0
16398,7,0,0
16399,8,0,0
16400,9,0,0
16401,10,0,0
16402,11,0,0
16403,12,0,0
16404,13,0,0
16405,14,0,0
16406,15,0,0
16407,15,0,0
16408,16,0,0
16409,17,0,0
16410,18,0,0
16411,19,0,0
16412,20,0,0
16413,21,0,0
16414,21,0,0
16415,22,0,0
16416,23,0,0
16417,24,0,0
16418,25,0,0
16419,26,0,0
16420,27,0,0
16421,28,0,0
16422,29,0,0
16423,30,0,0
16424,30,0,0
16425,31,0,0
16426,32,0,0
16427,33,0,0
16428,34,0,0
16429,35,0,0
16430,36,0,0
16431,37,0,0
16432,38,0,0
16433,39,0,0
16434,40,0,0
16435,41,0,0
16436,42,0,0
16437,43,0,0
16438,44,0,0
16439,45,0,0
16440,46,0,0
16441,47,0,0
16442,48,0,0
16443,48,0,0
16444,49,0,0
16445,50,0,0
16446,51,0,0
16447,51,0,0
16448,52,0,0
16449,52,0,0
16450,53,0,0
16451,53,0,0
16452,54,0,0
16453,54,0,0
16454,55,0,0
16455,55,0,0
16456,56,0,0
16457,56,0,0
16458,57,0,0
16459,57,0,0
16460,57,0,0
16461,58,0,0
16462,59,0,0
16463,59,0,0
16464,59,0,0
16465,60,0,0
16466,60,0,0
16467,61,0,0
16468,61,0,0
16469,62,0,0
16470,62,0,0
16471,63,0,0
16472,64,0,0
16473,64,0,0
16474,65,0,0
16475,65,0,0
16476,66,0,0
16477,66,0,0
16478,67,0,0
16479,67,0,0
16480,68,0,0
16481,68,0,0
16482,68,0,0
16483,69,0,0
16484,69,0,0
16485,70,0,0
16486,70,0,0
16487,71,0,0
16488,71,0,0
16489,71,0,0
16490,71,0,0
16491,72,0,0
16492,72,0,0
16493,72,0,0
16494,73,0,0
16495,73,0,0
16496,73,0,0
16497,73,0,0
16498,73,0,0
16499,73,0,0
16500,73,0,0
16501,74,0,0
16502,74,0,0
16503,74,0,0
16504,74,0,0
16505,74,0,0
16506,74,0,0
16507,75,0,0
16508,75,0,0
16509,75,0,0
16510,75,0,0
16511,75,0,0
16512,75,0,0
16513,75,0,0
16514,75,0,0
16515,75,0,0
16516,76,0,0
16517,76,0,0
16518,76,0,0
16519,75,0,0
16520,75,0,0
16521,75,0,0
16522,75,0,0
16523,75,0,0
16524,75,0,0
16525,75,0,0
16526,75,0,0
16527,75,0,0
16528,74,0,0
16529,74,0,0
16530,74,0,0
16531,74,0,0
16532,73,0,0
16533,73,0,0
16534,73,0,0
16535,72,0,0
16536,72,0,0
16537,71,0,0
16538,70,0,0
16539,70,0,0
16540,70,0,0
16541,69,0,0
16542,68,0,0
16543,67,0,0
16544,67,0,0
16545,66,0,0
16546,65,0,0
16547,65,0,0
16548,64,0,0
16549,63,0,0
16550,62,0,0
16551,62,0,0
16552,61,0,0
16553,60,0,0
16554,59,0,0
16555,58,0,0
16556,58,0,0
16557,57,0,0
16558,56,0,0
16559,55,0,0
16560,54,0,0
16561,54,0,0
16562,53,0,0
16563,52,0,0
16564,51,0,0
16565,51,0,0
16566,50,0,0
16567,49,0,0
16568,48,0,0
16569,47,0,0
16570,46,0,0
16571,46,0,0
16572,45,0,0
16573,44,0,0
16574,43,0,0
16575,42,0,0
16576,41,0,0
16577,40,0,0
16578,39,0,0
16579,38,0,0
16580,37,0,0
16581,36,0,0
16582,35,0,0
16583,34,0,0
16584,33,0,0
16585,32,0,0
16586,30,0,0
16587,29,0,0
16588,28,0,0
16589,27,0,0
16590,26,0,0
16591,24,0,0
16592,23,0,0
16593,22,0,0
16594,20,0,0
16595,19,0,0
16596,18,0,0
16597,17,0,0
16598,15,0,0
16599,14,0,0
16600,13,0,0
16601,11,0,0
16602,10,0,0
16603,8,0,0
16604,7,0,0
16605,6,0,0
16606,4,0,0
16607,3,0,0
16608,2,0,0
16609,0,0,0
16610,-1,0,0
16611,-2,0,0
16612,-4,0,0
16613,-5,0,0
16614,-7,0,0
16615,-8,0,0
16616,-10,0,0
16617,-11,0,0
16618,-13,0,0
16619,-14,0,0
16620,-16,0,0
16621,-17,0,0
16622,-19,0,0
16623,-21,0,0
16624,-23,0,0
16625,-24,0,0
16626,-26,0,0
16627,-28,0,0
16628,-30,0,0
16629,-31,0,0
16630,-33,0,0
16631,-35,0,0
16632,-37,0,0
16633,-39,0,0
16634,-41,0,0
16635,-42,0,0
16636,-44,0,0
16637,-46,0,0
16638,-48,0,0
16639,-50,0,0
16640,-52,0,0
16641,-54,0,0
16642,-56,0,0
16643,-57,0,0
16644,-59,0,0
16645,-61,0,0
16646,-63,0,0
16647,-65,0,0
16648,-67,0,0
16649,-68,0,0
16650,-70,0,0
16651,-72,0,0
16652,-73,0,0
16653,-75,0,0
16654,-77,0,0
16655,-79,0,0
16656,-81,0,0
16657,-83,0,0
16658,-85,0,0
16659,-86,0,0
16660,-88,0,0
16661,-90,0,0
16662,-92,0,0
16663,-94,0,0
16664,-96,0,0
16665,-98,0,0
16666,-100,0,0
16667,-101,0,0
16668,-103,0,0
16669,-105,0,0
16670,-107,0,0
16671,-109,0,0
16672,-111,0,0
16673,-113,0,0
16674,-115,0,0
16675,-117,0,0
16676,-119,0,0
16677,-121,0,0
16678,-123,0,0
16679,-125,0,0
16680,-127,0,0
16681,-129,0,0
16682,-131,0,0
16683,-133,0,0
16684,-135,0,0
16685,-137,0,0
16686,-139,0,0
16687,-141,0,0
16688,-143,0,0
16689,-145,0,0
16690,-147,0,0
16691,-149,0,0
16692,-151,0,0
16693,-153,0,0
16694,-155,0,0
16695,-158,0,0
16696,-160,0,0
16697,-162,0,0
16698,-164,0,0
16699,-166,0,0
16700,-169,0,0
16701,-171,0,0
16702,-173,0,0
16703,-175,0,0
16704,-177,0,0
16705,-180,0,0
16706,-182,0,0
16707,-184,0,0
16708,-186,0,0
16709,-189,0,0
16710,-191,0,0
16711,-193,0,0
16712,-195,0,0
16713,-197,0,0
16714,-199,0,0
16715,-201,0,0
16716,-204,0,0
16717,-206,0,0
16718,-208,0,0
16719,-210,0,0
16720,-211,0,0
16721,-213,0,0
16722,-215,0,0
16723,-217,0,0
16724,-219,0,0
16725,-221,0,0
16726,-222,0,0
16727,-224,0,0
16728,-226,0,0
16729,-228,0,0
16730,-229,0,0
16731,-231,0,0
16732,-233,0,0
16733,-234,0,0
16734,-236,0,0
16735,-238,0,0
16736,-240,0,0
16737,-241,0,0
16738,-243,0,0
16739,-244,0,0
16740,-246,0,0
16741,-248,0,0
16742,-250,0,0
16743,-251,0,0
16744,-253,0,0
16745,-255,0,0
16746,-256,0,0
16747,-258,0,0
16748,-260,0,0
16749,-262,0,0
16750,-264,0,0
16751,-266,0,0
16752,-267,0,0
16753,-269,0,0
16754,-271,0,0
16755,-272,0,0
16756,-274,0,0
16757,-276,0,0
16758,-278,0,0
16759,-279,0,0
16760,-281,0,0
16761,-282,0,0
16762,-284,0,0
16763,-286,0,0
16764,-287,0,0
16765,-289,0,0
16766,-290,0,0
16767,-292,0,0
16768,-293,0,0
16769,-295,0,0
16770,-296,0,0
16771,-298,0,0
16772,-299,0,0
16773,-301,0,0
16774,-302,0,0
16775,-304,0,0
16776,-305,0,0
16777,-307,0,0
16778,-308,0,0
16779,-310,0,0
16780,-311,0,0
16781,-313,0,0
16782,-314,0,0
16783,-316,0,0
16784,-317,0,0
16785,-318,0,0
16786,-320,0,0
16787,-321,0,0
16788,-323,0,0
16789,-324,0,0
16790,-325,0,0
16791,-326,0,0
16792,-328,0,0
16793,-329,0,0
16794,-330,0,0
16795,-331,0,0
16796,-332,0,0
16797,-333,0,0
16798,-334,0,0
16799,-335,0,0
16800,-336,0,0
16801,-336,0,0
16802,-337,0,0
16803,-338,0,0
16804,-339,0,0
16805,-340,0,0
16806,-340,0,0
16807,-341,0,0
16808,-342,0,0
16809,-343,0,0
16810,-343,0,0
16811,-344,0,0
16812,-345,0,0
16813,-345,0,0
16814,-346,0,0
16815,-347,0,0
16816,-347,0,0
16817,-348,0,0
16818,-349,0,0
16819,-349,0,0
16820,-350,0,0
16821,-351,0,0
16822,-351,0,0
16823,-352,0,0
16824,-353,0,0
16825,-354,0,0
16826,-354,0,0
16827,-354,0,0
16828,-355,0,0
16829,-356,0,0
16830,-356,0,0
16831,-357,0,0
16832,-357,0,0
16833,-358,0,0
16834,-358,0,0
16835,-358,0,0
16836,-359,0,0
16837,-359,0,0
16838,-359,0,0
16839,-359,0,0
16840,-360,0,0
16841,-360,0,0
16842,-360,0,0
16843,-360,0,0
16844,-360,0,0
16845,-360,0,0
16846,-360,0,0
16847,-361,0,0
16848,-360,0,0
16849,-360,0,0
16850,-360,0,0
16851,-360,0,0
16852,-360,0,0
16853,-360,0,0
16854,-360,0,0
16855,-360,0,0
16856,-360,0,0
16857,-360,0,0
16858,-360,0,0
16859,-360,0,0
16860,-360,0,0
16861,-360,0,0
16862,-359,0,0
16863,-359,0,0
16864,-359,0,0
16865,-359,0,0
16866,-359,0,0
16867,-358,0,0
16868,-358,0,0
16869,-357,0,0
16870,-357,0,0
16871,-357,0,0
16872,-356,0,0
16873,-356,0,0
16874,-355,0,0
16875,-355,0,0
16876,-354,0,0
16877,-353,0,0
16878,-352,0,0
16879,-352,0,0
16880,-351,0,0
16881,-350,0,0
16882,-349,0,0
16883,-348,0,0
16884,-347,0,0
16885,-346,0,0
16886,-345,0,0
16887,-345,0,0
16888,-343,0,0
16889,-342,0,0
16890,-341,0,0
16891,-340,0,0
16892,-339,0,0
16893,-338,0,0
16894,-337,0,0
16895,-336,0,0
16896,-335,0,0
16897,-334,0,0
16898,-333,0,0
16899,-332,0,0
16900,-331,0,0
16901,-330,0,0
16902,-329,0,0
16903,-328,0,0
16904,-327,0,0
16905,-326,0,0
16906,-325,0,0
16907,-323,0,0
16908,-322,0,0
16909,-321,0,0
16910,-320,0,0
16911,-319,0,0
16912,-317,0,0
16913,-316,0,0
16914,-315,0,0
16915,-314,0,0
16916,-312,0,0
16917,-311,0,0
16918,-309,0,0
16919,-308,0,0
16920,-306,0,0
16921,-305,0,0
16922,-303,0,0
16923,-302,0,0
16924,-300,0,0
16925,-298,0,0
16926,-297,0,0
16927,-295,0,0
16928,-293,0,0
16929,-291,0,0
16930,-290,0,0
16931,-288,0,0
16932,-286,0,0
16933,-284,0,0
16934,-283,0,0
16935,-281,0,0
16936,-279,0,0
16937,-277,0,0
16938,-275,0,0
16939,-274,0,0
16940,-272,0,0
16941,-270,0,0
16942,-268,0,0
16943,-266,0,0
16944,-264,0,0
16945,-262,0,0
16946,-260,0,0
16947,-258,0,0
16948,-256,0,0
16949,-254,0,0
16950,-252,0,0
16951,-250,0,0
16952,-247,0,0
16953,-245,0,0
16954,-243,0,0
16955,-241,0,0
16956,-238,0,0
16957,-236,0,0
16958,-234,0,0
16959,-231,0,0
16960,-229,0,0
16961,-227,0,0
16962,-225,0,0
16963,-222,0,0
16964,-220,0,0
16965,-217,0,0
16966,-215,0,0
16967,-212,0,0
16968,-210,0,0
16969,-207,0,0
16970,-205,0,0
16971,-203,0,0
16972,-200,0,0
16973,-198,0,0
16974,-196,0,0
16975,-193,0,0
16976,-191,0,0
16977,-188,0,0
16978,-186,0,0
16979,-184,0,0
16980,-181,0,0
16981,-179,0,0
16982,-177,0,0
16983,-174,0,0
16984,-172,0,0
16985,-169,0,0
16986,-167,0,0
16987,-164,0,0
16988,-162,0,0
16989,-160,0,0
16990,-157,0,0
16991,-154,0,0
16992,-152,0,0
16993,-149,0,0
16994,-147,0,0
16995,-144,0,0
16996,-141,0,0
16997,-138,0,0
16998,-136,0,0
16999,-133,0,0
17000,-130,0,0
17001,-127,0,0
17002,-124,0,0
17003,-121,0,0
17004,-118,0,0
17005,-115,0,0
17006,-112,0,0
17007,-109,0,0
17008,-106,0,0
17009,-103,0,0
17010,-100,0,0
17011,-97,0,0
17012,-94,0,0
17013,-91,0,0
17014,-88,0,0
17015,-85,0,0
17016,-82,0,0
17017,-79,0,0
17018,-76,0,0
17019,-73,0,0
17020,-70,0,0
17021,-67,0,0
17022,-65,0,0
17023,-62,0,0
17024,-59,0,0
17025,-56,0,0
17026,-53,0,0
17027,-50,0,0
17028,-48,0,0
17029,-45,0,0
17030,-42,0,0
17031,-39,0,0
17032,-37,0,0
17033,-34,0,0
17034,-32,0,0
17035,-29,0,0
17036,-26,0,0
17037,-23,0,0
17038,-21,0,0
17039,-18,0,0
17040,-15,0,0
17041,-12,0,0
17042,-9,0,0
17043,-7,0,0
17044,-4,0,0
17045,-1,0,0
17046,2,0,0
17047,5,0,0
17048,8,0,0
17049,11,0,0
17050,14,0,0
17051,17,0,0
17052,20,0,0
17053,23,0,0
17054,26,0,0
17055,29,0,0
17056,31,0,0
17057,35,0,0
17058,38,0,0
17059,41,0,0
17060,44,0,0
17061,47,0,0
17062,50,0,0
17063,53,0,0
17064,56,0,0
17065,59,0,0
17066,62,0,0
17067,65,0,0
17068,68,0,0
17069,71,0,0
17070,74,0,0
17071,77,0,0
17072,80,0,0
17073,83,0,0
17074,86,0,0
17075,89,0,0
17076,92,0,0
17077,95,0,0
17078,98,0,0
17079,101,0,0
17080,104,0,0
17081,107,0,0
17082,110,0,0
17083,113,0,0
17084,115,0,0
17085,118,0,0
17086,121,0,0
17087,123,0,0
17088,126,0,0
17089,129,0,0
17090,131,0,0
17091,134,0,0
17092,136,0,0
17093,139,0,0
17094,141,0,0
17095,144,0,0
17096,146,0,0
17097,149,0,0
17098,151,0,0
17099,154,0,0
17100,156,0,0
17101,158,0,0
17102,161,0,0
17103,163,0,0
17104,166,0,0
17105,168,0,0
17106,170,0,0
17107,173,0,0
17108,175,0,0
17109,178,0,0
17110,180,0,0
17111,183,0,0
17112,185,0,0
17113,188,0,0
17114,190,0,0
17115,193,0,0
17116,195,0,0
17117,198,0,0
17118,200,0,0
17119,203,0,0
17120,205,0,0
17121,208,0,0
17122,211,0,0
17123,213,0,0
17124,215,0,0
17125,218,0,0
17126,221,0,0
17127,223,0,0
17128,225,0,0
17129,228,0,0
17130,230,0,0
17131,233,0,0
17132,235,0,0
17133,237,0,0
17134,240,0,0
17135,242,0,0
17136,244,0,0
17137,246,0,0
17138,248,0,0
17139,250,0,0
17140,252,0,0
17141,255,0,0
17142,257,0,0
17143,259,0,0
17144,260,0,0
17145,263,0,0
17146,264,0,0
17147,266,0,0
17148,268,0,0
17149,270,0,0
17150,272,0,0
17151,274,0,0
17152,275,0,0
17153,277,0,0
17154,279,0,0
17155,281,0,0
17156,283,0,0
17157,284,0,0
17158,286,0,0
17159,288,0,0
17160,289,0,0
17161,291,0,0
17162,293,0,0
17163,294,0,0
17164,296,0,0
17165,298,0,0
17166,299,0,0
17167,301,0,0
17168,303,0,0
17169,304,0,0
17170,306,0,0
17171,307,0,0
17172,309,0,0
17173,311,0,0
17174,312,0,0
17175,313,0,0
17176,315,0,0
17177,317,0,0
17178,318,0,0
17179,319,0,0
17180,321,0,0
17181,322,0,0
17182,323,0,0
17183,325,0,0
17184,326,0,0
17185,327,0,0
17186,329,0,0
17187,330,0,0
17188,331,0,0
17189,332,0,0
17190,333,0,0
17191,334,0,0
17192,335,0,0
17193,336,0,0
17194,337,0,0
17195,338,0,0
17196,339,0,0
17197,340,0,0
17198,341,0,0
17199,342,0,0
17200,343,0,0
17201,344,0,0
17202,345,0,0
17203,345,0,0
17204,346,0,0
17205,347,0,0
17206,348,0,0
17207,348,0,0
17208,349,0,0
17209,349,0,0
17210,350,0,0
17211,351,0,0
17212,351,0,0
17213,352,0,0
17214,352,0,0
17215,353,0,0
17216,353,0,0
17217,354,0,0
17218,354,0,0
17219,355,0,0
17220,355,0,0
17221,356,0,0
17222,356,0,0
17223,356,0,0
17224,357,0,0
17225,357,0,0
17226,357,0,0
17227,357,0,0
17228,358,0,0
17229,358,0,0
17230,358,0,0
17231,359,0,0
17232,359,0,0
17233,359,0,0
17234,359,0,0
17235,360,0,0
17236,360,0,0
17237,360,0,0
17238,360,0,0
17239,361,0,0
17240,361,0,0
17241,361,0,0
17242,361,0,0
17243,361,0,0
17244,361,0,0
17245,361,0,0
17246,361,0,0
17247,361,0,0
17248,361,0,0
17249,360,0,0
17250,360,0,0
17251,360,0,0
17252,359,0,0
17253,359,0,0
17254,359,0,0
17255,358,0,0
17256,358,0,0
17257,358,0,0
17258,357,0,0
17259,356,0,0
17260,356,0,0
17261,355,0,0
17262,354,0,0
17263,353,0,0
17264,353,0,0
17265,352,0,0
17266,351,0,0
17267,350,0,0
17268,349,0,0
17269,349,0,0
17270,348,0,0
17271,347,0,0
17272,346,0,0
17273,345,0,0
17274,345,0,0
17275,344,0,0
17276,343,0,0
17277,342,0,0
17278,341,0,0
17279,340,0,0
17280,340,0,0
17281,339,0,0
17282,338,0,0
17283,337,0,0
17284,337,0,0
17285,336,0,0
17286,335,0,0
17287,334,0,0
17288,333,0,0
17289,333,0,0
17290,332,0,0
17291,331,0,0
17292,330,0,0
17293,329,0,0
17294,328,0,0
17295,327,0,0
17296,326,0,0
17297,325,0,0
17298,324,0,0
17299,323,0,0
17300,322,0,0
17301,321,0,0
17302,320,0,0
17303,319,0,0
17304,318,0,0
17305,316,0,0
17306,315,0,0
17307,314,0,0
17308,313,0,0
17309,311,0,0
17310,310,0,0
17311,308,0,0
17312,307,0,0
17313,305,0,0
17314,304,0,0
17315,302,0,0
17316,301,0,0
17317,299,0,0
17318,298,0,0
17319,296,0,0
17320,295,0,0
17321,293,0,0
17322,291,0,0
17323,290,0,0
17324,288,0,0
17325,287,0,0
17326,285,0,0
17327,283,0,0
17328,282,0,0
17329,280,0,0
17330,278,0,0
17331,277,0,0
17332,275,0,0
17333,274,0,0
17334,272,0,0
17335,270,0,0
17336,268,0,0
17337,267,0,0
17338,265,0,0
17339,263,0,0
17340,262,0,0
17341,260,0,0
17342,258,0,0
17343,256,0,0
17344,254,0,0
17345,253,0,0
17346,251,0,0
17347,249,0,0
17348,247,0,0
17349,245,0,0
17350,243,0,0
17351,242,0,0
17352,240,0,0
17353,238,0,0
17354,236,0,0
17355,234,0,0
17356,232,0,0
17357,230,0,0
17358,228,0,0
17359,227,0,0
17360,225,0,0
17361,223,0,0
17362,221,0,0
17363,219,0,0
17364,217,0,0
17365,215,0,0
17366,213,0,0
17367,211,0,0
17368,209,0,0
17369,207,0,0
17370,205,0,0
17371,204,0,0
17372,202,0,0
17373,200,0,0
17374,198,0,0
17375,196,0,0
17376,194,0,0
17377,192,0,0
17378,190,0,0
17379,188,0,0
17380,186,0,0
17381,184,0,0
17382,182,0,0
17383,180,0,0
17384,178,0,0
17385,176,0,0
17386,173,0,0
17387,171,0,0
17388,169,0,0
17389,167,0,0
17390,165,0,0
17391,163,0,0
17392,161,0,0
17393,159,0,0
17394,157,0,0
17395,155,0,0
17396,152,0,0
17397,150,0,0
17398,148,0,0
17399,146,0,0
17400,144,0,0
17401,142,0,0
17402,140,0,0
17403,138,0,0
17404,136,0,0
17405,134,0,0
17406,132,0,0
17407,130,0,0
17408,128,0,0
17409,126,0,0
17410,124,0,0
17411,123,0,0
17412,121,0,0
17413,118,0,0
17414,117,0,0
17415,115,0,0
17416,113,0,0
17417,111,0,0
17418,109,0,0
17419,107,0,0
17420,105,0,0
17421,103,0,0
17422,101,0,0
17423,99,0,0
17424,97,0,0
17425,95,0,0
17426,93,0,0
17427,92,0,0
17428,89,0,0
17429,88,0,0
17430,86,0,0
17431,84,0,0
17432,82,0,0
17433,80,0,0
17434,78,0,0
17435,76,0,0
17436,75,0,0
17437,73,0,0
17438,71,0,0
17439,69,0,0
17440,67,0,0
17441,66,0,0
17442,64,0,0
17443,62,0,0
17444,60,0,0
17445,58,0,0
17446,57,0,0
17447,55,0,0
17448,53,0,0
17449,51,0,0
17450,50,0,0
17451,48,0,0
17452,46,0,0
17453,45,0,0
17454,43,0,0
17455,41,0,0
17456,40,0,0
17457,38,0,0
17458,36,0,0
17459,35,0,0
17460,33,0,0
17461,31,0,0
17462,30,0,0
17463,28,0,0
17464,27,0,0
17465,25,0,0
17466,23,0,0
17467,22,0,0
17468,20,0,0
17469,19,0,0
17470,17,0,0
17471,15,0,0
17472,14,0,0
17473,12,0,0
17474,11,0,0
17475,9,0,0
17476,7,0,0
17477,6,0,0
17478,4,0,0
17479,2,0,0
17480,1,0,0
17481,-1,0,0
17482,-3,0,0
17483,-4,0,0
17484,-6,0,0
17485,-7,0,0
17486,-9,0,0
17487,-11,0,0
17488,-12,0,0
17489,-14,0,0
17490,-16,0,0
17491,-17,0,0
17492,-19,0,0
17493,-20,0,0
17494,-22,0,0
17495,-23,0,0
17496,-25,0,0
17497,-26,0,0
17498,-27,0,0
17499,-29,0,0
17500,-30,0,0
17501,-31,0,0
17502,-32,0,0
17503,-34,0,0
17504,-35,0,0
17505,-36,0,0
17506,-37,0,0
17507,-38,0,0
17508,-39,0,0
17509,-40,0,0
17510,-41,0,0
17511,-42,0,0
17512,-43,0,0
17513,-44,0,0
17514,-45,0,0
17515,-46,0,0
17516,-46,0,0
17517,-47,0,0
17518,-48,0,0
17519,-49,0,0
17520,-50,0,0
17521,-51,0,0
17522,-52,0,0
17523,-52,0,0
17524,-53,0,0
17525,-54,0,0
17526,-55,0,0
17527,-56,0,0
17528,-57,0,0
17529,-57,0,0
17530,-58,0,0
17531,-59,0,0
17532,-60,0,0
17533,-61,0,0
17534,-61,0,0
17535,-62,0,0
17536,-63,0,0
17537,-64,0,0
17538,-64,0,0
17539,-65,0,0
17540,-66,0,0
17541,-66,0,0
17542,-67,0,0
17543,-67,0,0
17544,-68,0,0
17545,-68,0,0
17546,-69,0,0
17547,-69,0,0
17548,-70,0,0
17549,-70,0,0
17550,-71,0,0
17551,-71,0,0
17552,-71,0,0
17553,-72,0,0
17554,-72,0,0
17555,-72,0,0
17556,-72,0,0
17557,-73,0,0
17558,-73,0,0
17559,-73,0,0
17560,-73,0,0
17561,-73,0,0
17562,-73,0,0
17563,-73,0,0
17564,-73,0,0
17565,-74,0,0
17566,-74,0,0
17567,-74,0,0
17568,-74,0,0
17569,-74,0,0
17570,-74,0,0
17571,-74,0,0
17572,-74,0,0
17573,-74,0,0
17574,-74,0,0
17575,-74,0,0
17576,-74,0,0
17577,-74,0,0
17578,-74,0,0
17579,-75,0,0
17580,-74,0,0
17581,-75,0,0
17582,-75,0,0
17583,-75,0,0
17584,-75,0,0
17585,-75,0,0
17586,-75,0,0
17587,-75,0,0
17588,-75,0,0
17589,-75,0,0
17590,-75,0,0
17591,-75,0,0
17592,-75,0,0
17593,-75,0,0
17594,-75,0,0
17595,-75,0,0
17596,-75,0,0
17597,-75,0,0
17598,-74,0,0
17599,-74,0,0
17600,-74,0,0
17601,-74,0,0
17602,-73,0,0
17603,-73,0,0
17604,-73,0,0
17605,-72,0,0
17606,-72,0,0
17607,-72,0,0
17608,-71,0,0
17609,-71,0,0
17610,-70,0,0
17611,-70,0,0
17612,-69,0,0
17613,-69,0,0
17614,-68,0,0
17615,-68,0,0
17616,-67,0,0
17617,-67,0,0
17618,-67,0,0
17619,-66,0,0
17620,-66,0,0
17621,-65,0,0
17622,-65,0,0
17623,-64,0,0
17624,-64,0,0
17625,-64,0,0
17626,-63,0,0
17627,-63,0,0
17628,-62,0,0
17629,-61,0,0
17630,-61,0,0
17631,-60,0,0
17632,-59,0,0
17633,-59,0,0
17634,-58,0,0
17635,-57,0,0
17636,-57,0,0
17637,-56,0,0
17638,-55,0,0
17639,-54,0,0
17640,-53,0,0
17641,-52,0,0
17642,-52,0,0
17643,-51,0,0
17644,-50,0,0
17645,-49,0,0
17646,-48,0,0
17647,-47,0,0
17648,-46,0,0
17649,-45,0,0
17650,-44,0,0
17651,-43,0,0
17652,-42,0,0
17653,-41,0,0
17654,-40,0,0
17655,-39,0,0
17656,-38,0,0
17657,-37,0,0
17658,-36,0,0
17659,-35,0,0
17660,-34,0,0
17661,-34,0,0
17662,-33,0,0
17663,-32,0,0
17664,-31,0,0
17665,-31,0,0
17666,-30,0,0
17667,-29,0,0
17668,-28,0,0
17669,-28,0,0
17670,-27,0,0
17671,-26,0,0
17672,-26,0,0
17673,-25,0,0
17674,-24,0,0
17675,-24,0,0
17676,-23,0,0
17677,-22,0,0
17678,-21,0,0
17679,-20,0,0
17680,-20,0,0
17681,-19,0,0
17682,-18,0,0
17683,-17,0,0
17684,-16,0,0
17685,-15,0,0
17686,-14,0,0
17687,-13,0,0
17688,-12,0,0
17689,-11,0,0
17690,-10,0,0
17691,-9,0,0
17692,-8,0,0
17693,-7,0,0
17694,-6,0,0
17695,-4,0,0
17696,-3,0,0
17697,-2,0,0
17698,-1,0,0
17699,0,0,0
17700,1,0,0
17701,2,0,0
17702,3,0,0
17703,4,0,0
17704,5,0,0
17705,6,0,0
17706,8,0,0
17707,8,0,0
17708,10,0,0
17709,11,0,0
17710,11,0,0
17711,12,0,0
17712,13,0,0
17713,14,0,0
17714,15,0,0
17715,16,0,0
17716,17,0,0
17717,18,0,0
17718,19,0,0
17719,19,0,0
17720,20,0,0
17721,21,0,0
17722,22,0,0
17723,23,0,0
17724,24,0,0
17725,25,0,0
17726,26,0,0
17727,27,0,0
17728,28,0,0
17729,29,0,0
17730,30,0,0
17731,31,0,0
17732,32,0,0
17733,33,0,0
17734,34,0,0
17735,35,0,0
17736,36,0,0
17737,37,0,0
17738,38,0,0
17739,39,0,0
17740,40,0,0
17741,41,0,0
17742,42,0,0
17743,43,0,0
17744,44,0,0
17745,45,0,0
17746,46,0,0
17747,47,0,0
17748,48,0,0
17749,49,0,0
17750,50,0,0
17751,51,0,0
17752,51,0,0
17753,52,0,0
17754,53,0,0
17755,53,0,0
17756,54,0,0
17757,55,0,0
17758,55,0,0
17759,56,0,0
17760,56,0,0
17761,57,0,0
17762,57,0,0
17763,58,0,0
17764,58,0,0
17765,59,0,0
17766,59,0,0
17767,60,0,0
17768,60,0,0
17769,61,0,0
17770,61,0,0
17771,61,0,0
17772,62,0,0
17773,62,0,0
17774,63,0,0
17775,63,0,0
17776,63,0,0
17777,64,0,0
17778,64,0,0
17779,65,0,0
17780,65,0,0
17781,65,0,0
17782,66,0,0
17783,66,0,0
17784,67,0,0
17785,67,0,0
17786,68,0,0
17787,68,0,0
17788,69,0,0
17789,69,0,0
17790,70,0,0
17791,70,0,0
17792,71,0,0
17793,71,0,0
17794,71,0,0
17795,72,0,0
17796,72,0,0
17797,73,0,0
17798,73,0,0
17799,73,0,0
17800,74,0,0
17801,74,0,0
17802,74,0,0
17803,74,0,0
17804,75,0,0
17805,75,0,0
17806,75,0,0
17807,75,0,0
17808,75,0,0
17809,75,0,0
17810,75,0,0
17811,75,0,0
17812,76,0,0
17813,76,0,0
17814,76,0,0
17815,76,0,0
17816,75,0,0
17817,76,0,0
17818,76,0,0
17819,76,0,0
17820,75,0,0
17821,76,0,0
17822,75,0,0
17823,75,0,0
17824,75,0,0
17825,75,0,0
17826,75,0,0
17827,75,0,0
17828,75,0,0
17829,74,0,0
17830,74,0,0
17831,74,0,0
17832,74,0,0
17833,73,0,0
17834,73,0,0
17835,73,0,0
17836,72,0,0
17837,72,0,0
17838,71,0,0
17839,71,0,0
17840,70,0,0
17841,70,0,0
17842,69,0,0
17843,69,0,0
17844,68,0,0
17845,67,0,0
17846,67,0,0
17847,66,0,0
17848,66,0,0
17849,65,0,0
17850,64,0,0
17851,64,0,0
17852,63,0,0
17853,62,0,0
17854,61,0,0
17855,61,0,0
17856,60,0,0
17857,59,0,0
17858,59,0,0
17859,58,0,0
17860,57,0,0
17861,57,0,0
17862,56,0,0
17863,55,0,0
17864,55,0,0
17865,54,0,0
17866,54,0,0
17867,53,0,0
17868,52,0,0
17869,52,0,0
17870,51,0,0
17871,51,0,0
17872,50,0,0
17873,50,0,0
17874,49,0,0
17875,48,0,0
17876,48,0,0
17877,47,0,0
17878,46,0,0
17879,46,0,0
17880,45,0,0
17881,44,0,0
17882,43,0,0
17883,42,0,0
17884,41,0,0
17885,40,0,0
17886,39,0,0
17887,38,0,0
17888,37,0,0
17889,35,0,0
17890,34,0,0
17891,32,0,0
17892,31,0,0
17893,30,0,0
17894,28,0,0
17895,27,0,0
17896,25,0,0
17897,24,0,0
17898,22,0,0
17899,20,0,0
17900,19,0,0
17901,17,0,0
17902,16,0,0
17903,14,0,0
17904,13,0,0
17905,11,0,0
17906,10,0,0
17907,8,0,0
17908,7,0,0
17909,5,0,0
17910,4,0,0
17911,3,0,0
17912,1,0,0
17913,0,0,0
17914,-1,0,0
17915,-2,0,0
17916,-4,0,0
17917,-5,0,0
17918,-6,0,0
17919,-8,0,0
17920,-9,0,0
17921,-10,0,0
17922,-11,0,0
17923,-13,0,0
17924,-14,0,0
17925,-15,0,0
17926,-17,0,0
17927,-18,0,0
17928,-19,0,0
17929,-21,0,0
17930,-22,0,0
17931,-24,0,0
17932,-26,0,0
17933,-27,0,0
17934,-29,0,0
17935,-30,0,0
17936,-32,0,0
17937,-34,0,0
17938,-36,0,0
17939,-38,0,0
17940,-40,0,0
17941,-41,0,0
17942,-43,0,0
17943,-45,0,0
17944,-47,0,0
17945,-49,0,0
17946,-51,0,0
17947,-53,0,0
17948,-55,0,0
17949,-57,0,0
17950,-59,0,0
17951,-61,0,0
17952,-63,0,0
17953,-65,0,0
17954,-66,0,0
17955,-68,0,0
17956,-70,0,0
17957,-72,0,0
17958,-74,0,0
17959,-76,0,0
17960,-78,0,0
17961,-80,0,0
17962,-82,0,0
17963,-84,0,0
17964,-86,0,0
17965,-87,0,0
17966,-89,0,0
17967,-91,0,0
17968,-93,0,0
17969,-95,0,0
17970,-97,0,0
17971,-99,0,0
17972,-101,0,0
17973,-103,0,0
17974,-105,0,0
17975,-107,0,0
17976,-109,0,0
17977,-111,0,0
17978,-113,0,0
17979,-114,0,0
17980,-117,0,0
17981,-118,0,0
17982,-120,0,0
17983,-122,0,0
17984,-124,0,0
17985,-127,0,0
17986,-129,0,0
17987,-130,0,0
17988,-132,0,0
17989,-134,0,0
17990,-136,0,0
17991,-138,0,0
17992,-140,0,0
17993,-142,0,0
17994,-144,0,0
17995,-146,0,0
17996,-148,0,0
17997,-150,0,0
17998,-152,0,0
17999,-154,0,0
18000,-157,0,0
18001,-159,0,0
18002,-161,0,0
18003,-163,0,0
18004,-165,0,0
18005,-167,0,0
18006,-169,0,0
18007,-171,0,0
18008,-173,0,0
18009,-175,0,0
18010,-177,0,0
18011,-179,0,0
18012,-181,0,0
18013,-183,0,0
18014,-186,0,0
18015,-188,0,0
18016,-189,0,0
18017,-192,0,0
18018,-194,0,0
18019,-196,0,0
18020,-198,0,0
18021,-200,0,0
18022,-202,0,0
18023,-204,0,0
18024,-206,0,0
18025,-208,0,0
18026,-210,0,0
18027,-212,0,0
18028,-213,0,0
18029,-215,0,0
18030,-217,0,0
18031,-219,0,0
18032,-221,0,0
18033,-223,0,0
18034,-225,0,0
18035,-227,0,0
18036,-229,0,0
18037,-231,0,0
18038,-232,0,0
18039,-234,0,0
18040,-236,0,0
18041,-238,0,0
18042,-240,0,0
18043,-242,0,0
18044,-243,0,0
18045,-245,0,0
18046,-247,0,0
18047,-249,0,0
18048,-250,0,0
18049,-252,0,0
18050,-253,0,0
18051,-255,0,0
18052,-257,0,0
18053,-259,0,0
18054,-260,0,0
18055,-262,0,0
18056,-264,0,0
18057,-265,0,0
18058,-267,0,0
18059,-269,0,0
18060,-270,0,0
18061,-272,0,0
18062,-274,0,0
18063,-275,0,0
18064,-277,0,0
18065,-279,0,0
18066,-280,0,0
18067,-282,0,0
18068,-284,0,0
18069,-285,0,0
18070,-287,0,0
18071,-289,0,0
18072,-290,0,0
18073,-292,0,0
18074,-294,0,0
18075,-295,0,0
18076,-297,0,0
18077,-299,0,0
18078,-300,0,0
18079,-302,0,0
18080,-303,0,0
18081,-305,0,0
18082,-306,0,0
18083,-308,0,0
18084,-309,0,0
18085,-310,0,0
18086,-312,0,0
18087,-313,0,0
18088,-314,0,0
18089,-316,0,0
18090,-317,0,0
18091,-318,0,0
18092,-319,0,0
18093,-320,0,0
18094,-322,0,0
18095,-323,0,0
18096,-324,0,0
18097,-324,0,0
18098,-326,0,0
18099,-327,0,0
18100,-328,0,0
18101,-329,0,0
18102,-330,0,0
18103,-331,0,0
18104,-332,0,0
18105,-333,0,0
18106,-334,0,0
18107,-335,0,0
18108,-335,0,0
18109,-336,0,0
18110,-337,0,0
18111,-338,0,0
18112,-339,0,0
18113,-340,0,0
18114,-341,0,0
18115,-342,0,0
18116,-342,0,0
18117,-343,0,0
18118,-344,0,0
18119,-345,0,0
18120,-346,0,0
18121,-346,0,0
18122,-347,0,0
18123,-348,0,0
18124,-348,0,0
18125,-349,0,0
18126,-349,0,0
18127,-350,0,0
18128,-350,0,0
18129,-351,0,0
18130,-351,0,0
18131,-352,0,0
18132,-352,0,0
18133,-352,0,0
18134,-353,0,0
18135,-353,0,0
18136,-354,0,0
18137,-354,0,0
18138,-354,0,0
18139,-354,0,0
18140,-354,0,0
18141,-355,0,0
18142,-355,0,0
18143,-355,0,0
18144,-356,0,0
18145,-356,0,0
18146,-356,0,0
18147,-357,0,0
18148,-357,0,0
18149,-357,0,0
18150,-357,0,0
18151,-357,0,0
18152,-358,0,0
18153,-358,0,0
18154,-358,0,0
18155,-358,0,0
18156,-358,0,0
18157,-358,0,0
18158,-358,0,0
18159,-358,0,0
18160,-359,0,0
18161,-359,0,0
18162,-359,0,0
18163,-359,0,0
18164,-358,0,0
18165,-358,0,0
18166,-358,0,0
18167,-358,0,0
18168,-358,0,0
18169,-358,0,0
18170,-357,0,0
18171,-357,0,0
18172,-357,0,0
18173,-357,0,0
18174,-356,0,0
18175,-356,0,0
18176,-355,0,0
18177,-355,0,0
18178,-354,0,0
18179,-354,0,0
18180,-353,0,0
18181,-353,0,0
18182,-352,0,0
18183,-352,0,0
18184,-351,0,0
18185,-350,0,0
18186,-349,0,0
18187,-349,0,0
18188,-348,0,0
18189,-347,0,0
18190,-346,0,0
18191,-346,0,0
18192,-345,0,0
18193,-344,0,0
18194,-343,0,0
18195,-342,0,0
18196,-341,0,0
18197,-341,0,0
18198,-340,0,0
18199,-339,0,0
18200,-338,0,0
18201,-337,0,0
18202,-336,0,0
18203,-335,0,0
18204,-334,0,0
18205,-333,0,0
18206,-332,0,0
18207,-331,0,0
18208,-330,0,0
18209,-329,0,0
18210,-328,0,0
18211,-327,0,0
18212,-326,0,0
18213,-325,0,0
18214,-324,0,0
18215,-323,0,0
18216,-322,0,0
18217,-321,0,0
18218,-320,0,0
18219,-318,0,0
18220,-317,0,0
18221,-316,0,0
18222,-315,0,0
18223,-313,0,0
18224,-312,0,0
18225,-310,0,0
18226,-309,0,0
18227,-307,0,0
18228,-306,0,0
18229,-304,0,0
18230,-303,0,0
18231,-301,0,0
18232,-299,0,0
18233,-297,0,0
18234,-295,0,0
18235,-293,0,0
18236,-291,0,0
18237,-289,0,0
18238,-287,0,0
18239,-285,0,0
18240,-283,0,0
18241,-281,0,0
18242,-279,0,0
18243,-277,0,0
18244,-275,0,0
18245,-272,0,0
18246,-270,0,0
18247,-268,0,0
18248,-266,0,0
18249,-264,0,0
18250,-262,0,0
18251,-259,0,0
18252,-257,0,0
18253,-255,0,0
18254,-253,0,0
18255,-251,0,0
18256,-249,0,0
18257,-247,0,0
18258,-245,0,0
18259,-243,0,0
18260,-241,0,0
18261,-238,0,0
18262,-236,0,0
18263,-234,0,0
18264,-232,0,0
18265,-230,0,0
18266,-228,0,0
18267,-226,0,0
18268,-224,0,0
18269,-222,0,0
18270,-220,0,0
18271,-218,0,0
18272,-216,0,0
18273,-213,0,0
18274,-211,0,0
18275,-209,0,0
18276,-207,0,0
18277,-204,0,0
18278,-202,0,0
18279,-200,0,0
18280,-197,0,0
18281,-195,0,0
18282,-193,0,0
18283,-190,0,0
18284,-188,0,0
18285,-185,0,0
18286,-182,0,0
18287,-180,0,0
18288,-177,0,0
18289,-175,0,0
18290,-172,0,0
18291,-170,0,0
18292,-167,0,0
18293,-164,0,0
18294,-161,0,0
18295,-159,0,0
18296,-156,0,0
18297,-153,0,0
18298,-151,0,0
18299,-148,0,0
18300,-145,0,0
18301,-142,0,0
18302,-140,0,0
18303,-137,0,0
18304,-134,0,0
18305,-131,0,0
18306,-129,0,0
18307,-126,0,0
18308,-123,0,0
18309,-120,0,0
18310,-117,0,0
18311,-115,0,0
18312,-112,0,0
18313,-109,0,0
18314,-106,0,0
18315,-104,0,0
18316,-101,0,0
18317,-98,0,0
18318,-95,0,0
18319,-92,0,0
18320,-89,0,0
18321,-86,0,0
18322,-84,0,0
18323,-81,0,0
18324,-78,0,0
18325,-75,0,0
18326,-72,0,0
18327,-69,0,0
18328,-66,0,0
18329,-63,0,0
18330,-60,0,0
18331,-58,0,0
18332,-55,0,0
18333,-52,0,0
18334,-49,0,0
18335,-46,0,0
18336,-44,0,0
18337,-41,0,0
18338,-38,0,0
18339,-35,0,0
18340,-32,0,0
18341,-29,0,0
18342,-27,0,0
18343,-24,0,0
18344,-21,0,0
18345,-18,0,0
18346,-15,0,0
18347,-13,0,0
18348,-10,0,0
18349,-7,0,0
18350,-4,0,0
18351,-1,0,0
18352,1,0,0
18353,4,0,0
18354,7,0,0
18355,10,0,0
18356,13,0,0
18357,16,0,0
18358,19,0,0
18359,22,0,0
18360,25,0,0
18361,27,0,0
18362,31,0,0
18363,33,0,0
18364,36,0,0
18365,39,0,0
18366,43,0,0
18367,46,0,0
18368,49,0,0
18369,52,0,0
18370,55,0,0
18371,58,0,0
18372,61,0,0
18373,64,0,0
18374,67,0,0
18375,70,0,0
18376,73,0,0
18377,75,0,0
18378,79,0,0
18379,82,0,0
18380,84,0,0
18381,87,0,0
18382,90,0,0
18383,93,0,0
18384,96,0,0
18385,99,0,0
18386,102,0,0
18387,104,0,0
18388,107,0,0
18389,110,0,0
18390,113,0,0
18391,115,0,0
18392,118,0,0
18393,121,0,0
18394,123,0,0
18395,126,0,0
18396,129,0,0
18397,132,0,0
18398,134,0,0
18399,137,0,0
18400,140,0,0
18401,142,0,0
18402,145,0,0
18403,148,0,0
18404,150,0,0
18405,153,0,0
18406,156,0,0
18407,158,0,0
18408,161,0,0
18409,164,0,0
18410,166,0,0
18411,169,0,0
18412,171,0,0
18413,174,0,0
18414,177,0,0
18415,179,0,0
18416,182,0,0
18417,184,0,0
18418,187,0,0
18419,189,0,0
18420,192,0,0
18421,194,0,0
18422,197,0,0
18423,199,0,0
18424,202,0,0
18425,204,0,0
18426,206,0,0
18427,209,0,0
18428,211,0,0
18429,214,0,0
18430,216,0,0
18431,218,0,0
18432,221,0,0
18433,223,0,0
18434,225,0,0
18435,228,0,0
18436,230,0,0
18437,232,0,0
18438,234,0,0
18439,236,0,0
18440,239,0,0
18441,241,0,0
18442,243,0,0
18443,245,0,0
18444,247,0,0
18445,250,0,0
18446,252,0,0
18447,254,0,0
18448,256,0,0
18449,258,0,0
18450,260,0,0
18451,262,0,0
18452,264,0,0
18453,266,0,0
18454,268,0,0
18455,270,0,0
18456,272,0,0
18457,274,0,0
18458,275,0,0
18459,277,0,0
18460,279,0,0
18461,281,0,0
18462,283,0,0
18463,284,0,0
18464,286,0,0
18465,287,0,0
18466,289,0,0
18467,291,0,0
18468,292,0,0
18469,294,0,0
18470,295,0,0
18471,297,0,0
18472,298,0,0
18473,299,0,0
18474,301,0,0
18475,302,0,0
18476,304,0,0
18477,305,0,0
18478,307,0,0
18479,308,0,0
18480,309,0,0
18481,311,0,0
18482,312,0,0
18483,314,0,0
18484,315,0,0
18485,316,0,0
18486,318,0,0
18487,319,0,0
18488,321,0,0
18489,322,0,0
18490,323,0,0
18491,325,0,0
18492,326,0,0
18493,327,0,0
18494,329,0,0
18495,330,0,0
18496,331,0,0
18497,333,0,0
18498,334,0,0
18499,335,0,0
18500,336,0,0
18501,337,0,0
18502,338,0,0
18503,339,0,0
18504,340,0,0
18505,341,0,0
18506,343,0,0
18507,343,0,0
18508,344,0,0
18509,345,0,0
18510,346,0,0
18511,347,0,0
18512,347,0,0
18513,348,0,0
18514,349,0,0
18515,350,0,0
18516,350,0,0
18517,351,0,0
18518,352,0,0
18519,352,0,0
18520,353,0,0
18521,353,0,0
18522,354,0,0
18523,354,0,0
18524,355,0,0
18525,355,0,0
18526,356,0,0
18527,356,0,0
18528,357,0,0
18529,357,0,0
18530,358,0,0
18531,358,0,0
18532,358,0,0
18533,358,0,0
18534,359,0,0
18535,359,0,0
18536,359,0,0
18537,359,0,0
18538,359,0,0
18539,359,0,0
18540,359,0,0
18541,359,0,0
18542,359,0,0
18543,359,0,0
18544,359,0,0
18545,359,0,0
18546,359,0,0
18547,359,0,0
18548,359,0,0
18549,358,0,0
18550,358,0,0
18551,358,0,0
18552,357,0,0
18553,357,0,0
18554,357,0,0
18555,357,0,0
18556,356,0,0
18557,356,0,0
18558,355,0,0
18559,355,0,0
18560,355,0,0
18561,354,0,0
18562,354,0,0
18563,354,0,0
18564,354,0,0
18565,353,0,0
18566,353,0,0
18567,353,0,0
18568,353,0,0
18569,352,0,0
18570,352,0,0
18571,352,0,0
18572,352,0,0
18573,351,0,0
18574,351,0,0
18575,351,0,0
18576,350,0,0
18577,350,0,0
18578,349,0,0
18579,349,0,0
18580,348,0,0
18581,347,0,0
18582,347,0,0
18583,346,0,0
18584,345,0,0
18585,344,0,0
18586,343,0,0
18587,342,0,0
18588,341,0,0
18589,341,0,0
18590,339,0,0
18591,338,0,0
18592,337,0,0
18593,336,0,0
18594,334,0,0
18595,333,0,0
18596,331,0,0
18597,330,0,0
18598,329,0,0
18599,327,0,0
18600,326,0,0
18601,325,0,0
18602,323,0,0
18603,322,0,0
18604,321,0,0
18605,319,0,0
18606,318,0,0
18607,317,0,0
18608,316,0,0
18609,315,0,0
18610,313,0,0
18611,312,0,0
18612,311,0,0
18613,310,0,0
18614,309,0,0
18615,308,0,0
18616,307,0,0
18617,306,0,0
18618,305,0,0
18619,304,0,0
18620,303,0,0
18621,302,0,0
18622,301,0,0
18623,300,0,0
18624,299,0,0
18625,298,0,0
18626,296,0,0
18627,295,0,0
18628,294,0,0
18629,293,0,0
18630,291,0,0
18631,290,0,0
18632,288,0,0
18633,287,0,0
18634,285,0,0
18635,284,0,0
18636,282,0,0
18637,280,0,0
18638,278,0,0
18639,277,0,0
18640,275,0,0
18641,273,0,0
18642,271,0,0
18643,269,0,0
18644,267,0,0
18645,265,0,0
18646,263,0,0
18647,261,0,0
18648,259,0,0
18649,257,0,0
18650,255,0,0
18651,253,0,0
18652,251,0,0
18653,249,0,0
18654,247,0,0
18655,245,0,0
18656,243,0,0
18657,241,0,0
18658,239,0,0
18659,237,0,0
18660,235,0,0
18661,233,0,0
18662,232,0,0
18663,230,0,0
18664,228,0,0
18665,226,0,0
18666,224,0,0
18667,222,0,0
18668,221,0,0
18669,219,0,0
18670,217,0,0
18671,215,0,0
18672,213,0,0
18673,212,0,0
18674,210,0,0
18675,208,0,0
18676,206,0,0
18677,205,0,0
18678,203,0,0
18679,201,0,0
18680,199,0,0
18681,197,0,0
18682,195,0,0
18683,193,0,0
18684,191,0,0
18685,189,0,0
18686,187,0,0
18687,185,0,0
18688,183,0,0
18689,181,0,0
18690,179,0,0
18691,177,0,0
18692,175,0,0
18693,173,0,0
18694,171,0,0
18695,169,0,0
18696,167,0,0
18697,165,0,0
18698,163,0,0
18699,161,0,0
18700,159,0,0
18701,156,0,0
18702,154,0,0
18703,152,0,0
18704,150,0,0
18705,148,0,0
18706,146,0,0
18707,144,0,0
18708,142,0,0
18709,140,0,0
18710,138,0,0
18711,136,0,0
18712,134,0,0
18713,132,0,0
18714,130,0,0
18715,128,0,0
18716,126,0,0
18717,124,0,0
18718,122,0,0
18719,120,0,0
18720,118,0,0
18721,116,0,0
18722,114,0,0
18723,112,0,0
18724,110,0,0
18725,109,0,0
18726,107,0,0
18727,105,0,0
18728,103,0,0
18729,101,0,0
18730,99,0,0
18731,97,0,0
18732,96,0,0
18733,94,0,0
18734,92,0,0
18735,90,0,0
18736,88,0,0
18737,86,0,0
18738,84,0,0
18739,82,0,0
18740,80,0,0
18741,78,0,0
18742,76,0,0
18743,74,0,0
18744,72,0,0
18745,70,0,0
18746,68,0,0
18747,66,0,0
18748,64,0,0
18749,62,0,0
18750,60,0,0
18751,58,0,0
18752,56,0,0
18753,54,0,0
18754,52,0,0
18755,50,0,0
18756,48,0,0
18757,46,0,0
18758,44,0,0
18759,42,0,0
18760,41,0,0
18761,39,0,0
18762,37,0,0
18763,35,0,0
18764,33,0,0
18765,32,0,0
18766,30,0,0
18767,28,0,0
18768,26,0,0
18769,25,0,0
18770,23,0,0
18771,22,0,0
18772,20,0,0
18773,19,0,0
18774,17,0,0
18775,16,0,0
18776,14,0,0
18777,13,0,0
18778,11,0,0
18779,10,0,0
18780,8,0,0
18781,7,0,0
18782,5,0,0
18783,4,0,0
18784,2,0,0
18785,1,0,0
18786,-1,0,0
18787,-2,0,0
18788,-3,0,0
18789,-5,0,0
18790,-6,0,0
18791,-8,0,0
18792,-9,0,0
18793,-11,0,0
18794,-12,0,0
18795,-13,0,0
18796,-15,0,0
18797,-16,0,0
18798,-17,0,0
18799,-19,0,0
18800,-20,0,0
18801,-21,0,0
18802,-23,0,0
18803,-24,0,0
18804,-25,0,0
18805,-26,0,0
18806,-28,0,0
18807,-29,0,0
18808,-30,0,0
18809,-31,0,0
18810,-32,0,0
18811,-33,0,0
18812,-34,0,0
18813,-35,0,0
18814,-36,0,0
18815,-37,0,0
18816,-38,0,0
18817,-39,0,0
18818,-40,0,0
18819,-41,0,0
18820,-42,0,0
18821,-43,0,0
18822,-44,0,0
18823,-45,0,0
18824,-46,0,0
18825,-47,0,0
18826,-48,0,0
18827,-49,0,0
18828,-50,0,0
18829,-51,0,0
18830,-51,0,0
18831,-52,0,0
18832,-53,0,0
18833,-54,0,0
18834,-55,0,0
18835,-56,0,0
18836,-57,0,0
18837,-58,0,0
18838,-58,0,0
18839,-59,0,0
18840,-60,0,0
18841,-61,0,0
18842,-61,0,0
18843,-62,0,0
18844,-63,0,0
18845,-63,0,0
18846,-64,0,0
18847,-64,0,0
18848,-65,0,0
18849,-66,0,0
18850,-66,0,0
18851,-67,0,0
18852,-67,0,0
18853,-68,0,0
18854,-68,0,0
18855,-69,0,0
18856,-69,0,0
18857,-69,0,0
18858,-70,0,0
18859,-70,0,0
18860,-70,0,0
18861,-71,0,0
18862,-71,0,0
18863,-72,0,0
18864,-72,0,0
18865,-72,0,0
18866,-73,0,0
18867,-73,0,0
18868,-73,0,0
18869,-74,0,0
18870,-74,0,0
18871,-74,0,0
18872,-74,0,0
18873,-74,0,0
18874,-75,0,0
18875,-75,0,0
18876,-75,0,0
18877,-75,0,0
18878,-75,0,0
18879,-76,0,0
18880,-75,0,0
18881,-76,0,0
18882,-76,0,0
18883,-76,0,0
18884,-76,0,0
18885,-76,0,0
18886,-75,0,0
18887,-76,0,0
18888,-75,0,0
18889,-75,0,0
18890,-75,0,0
18891,-75,0,0
18892,-75,0,0
18893,-75,0,0
18894,-75,0,0
18895,-75,0,0
18896,-75,0,0
18897,-74,0,0
18898,-74,0,0
18899,-74,0,0
18900,-74,0,0
18901,-74,0,0
18902,-74,0,0
18903,-74,0,0
18904,-74,0,0
18905,-73,0,0
18906,-73,0,0
18907,-73,0,0
18908,-73,0,0
18909,-73,0,0
18910,-72,0,0
18911,-72,0,0
18912,-72,0,0
18913,-72,0,0
18914,-71,0,0
18915,-71,0,0
18916,-71,0,0
18917,-70,0,0
18918,-70,0,0
18919,-69,0,0
18920,-69,0,0
18921,-69,0,0
18922,-68,0,0
18923,-67,0,0
18924,-67,0,0
18925,-66,0,0
18926,-66,0,0
18927,-65,0,0
18928,-65,0,0
18929,-64,0,0
18930,-64,0,0
18931,-63,0,0
18932,-62,0,0
18933,-61,0,0
18934,-61,0,0
18935,-60,0,0
18936,-60,0,0
18937,-59,0,0
18938,-58,0,0
18939,-58,0,0
18940,-57,0,0
18941,-56,0,0
18942,-55,0,0
18943,-55,0,0
18944,-54,0,0
18945,-53,0,0
18946,-52,0,0
18947,-51,0,0
18948,-51,0,0
18949,-50,0,0
18950,-49,0,0
18951,-48,0,0
18952,-47,0,0
18953,-47,0,0
18954,-46,0,0
18955,-45,0,0
18956,-44,0,0
18957,-43,0,0
18958,-43,0,0
18959,-42,0,0
18960,-41,0,0
18961,-40,0,0
18962,-39,0,0
18963,-38,0,0
18964,-38,0,0
18965,-37,0,0
18966,-36,0,0
18967,-35,0,0
18968,-34,0,0
18969,-33,0,0
18970,-32,0,0
18971,-31,0,0
18972,-31,0,0
18973,-30,0,0
18974,-29,0,0
18975,-28,0,0
18976,-27,0,0
18977,-26,0,0
18978,-25,0,0
18979,-24,0,0
18980,-23,0,0
18981,-22,0,0
18982,-21,0,0
18983,-20,0,0
18984,-19,0,0
18985,-18,0,0
18986,-17,0,0
18987,-16,0,0
18988,-14,0,0
18989,-13,0,0
18990,-12,0,0
18991,-11,0,0
18992,-10,0,0
18993,-9,0,0
18994,-8,0,0
18995,-7,0,0
18996,-7,0,0
18997,-6,0,0
18998,-5,0,0
18999,-4,0,0
19000,-3,0,0
19001,-2,0,0
19002,-1,0,0
19003,0,0,0
19004,1,0,0
19005,1,0,0
19006,2,0,0
19007,3,0,0
19008,4,0,0
19009,5,0,0
19010,6,0,0
19011,6,0,0
19012,7,0,0
19013,8,0,0
19014,9,0,0
19015,10,0,0
19016,11,0,0
19017,12,0,0
19018,13,0,0
19019,14,0,0
19020,15,0,0
19021,16,0,0
19022,17,0,0
19023,18,0,0
19024,19,0,0
19025,20,0,0
19026,21,0,0
19027,22,0,0
19028,23,0,0
19029,24,0,0
19030,25,0,0
19031,26,0,0
19032,27,0,0
19033,28,0,0
19034,29,0,0
19035,30,0,0
19036,31,0,0
19037,32,0,0
19038,33,0,0
19039,34,0,0
19040,35,0,0
19041,36,0,0
19042,36,0,0
19043,37,0,0
19044,38,0,0
19045,39,0,0
19046,39,0,0
19047,40,0,0
19048,41,0,0
19049,41,0,0
19050,42,0,0
19051,43,0,0
19052,44,0,0
19053,44,0,0
19054,45,0,0
19055,46,0,0
19056,46,0,0
19057,47,0,0
19058,48,0,0
19059,49,0,0
19060,49,0,0
19061,50,0,0
19062,51,0,0
19063,52,0,0
19064,52,0,0
19065,53,0,0
19066,54,0,0
19067,55,0,0
19068,56,0,0
19069,56,0,0
19070,57,0,0
19071,57,0,0
19072,58,0,0
19073,59,0,0
19074,60,0,0
19075,60,0,0
19076,61,0,0
19077,61,0,0
19078,62,0,0
19079,63,0,0
19080,63,0,0
19081,64,0,0
19082,64,0,0
19083,65,0,0
19084,65,0,0
19085,66,0,0
19086,66,0,0
19087,66,0,0
19088,67,0,0
19089,67,0,0
19090,68,0,0
19091,68,0,0
19092,68,0,0
19093,69,0,0
19094,69,0,0
19095,69,0,0
19096,70,0,0
19097,70,0,0
19098,70,0,0
19099,71,0,0
19100,71,0,0
19101,71,0,0
19102,72,0,0
19103,72,0,0
19104,72,0,0
19105,72,0,0
19106,73,0,0
19107,73,0,0
19108,73,0,0
19109,73,0,0
19110,73,0,0
19111,74,0,0
19112,74,0,0
19113,74,0,0
19114,74,0,0
19115,74,0,0
19116,74,0,0
19117,74,0,0
19118,74,0,0
19119,74,0,0
19120,74,0,0
19121,74,0,0
19122,74,0,0
19123,74,0,0
19124,73,0,0
19125,73,0,0
19126,73,0,0
19127,73,0,0
19128,73,0,0
19129,73,0,0
19130,72,0,0
19131,72,0,0
19132,72,0,0
19133,72,0,0
19134,72,0,0
19135,72,0,0
19136,71,0,0
19137,71,0,0
19138,71,0,0
19139,71,0,0
19140,71,0,0
19141,71,0,0
19142,70,0,0
19143,70,0,0
19144,70,0,0
19145,70,0,0
19146,69,0,0
19147,69,0,0
19148,69,0,0
19149,69,0,0
19150,68,0,0
19151,68,0,0
19152,68,0,0
19153,67,0,0
19154,67,0,0
19155,67,0,0
19156,66,0,0
19157,65,0,0
19158,65,0,0
19159,64,0,0
19160,64,0,0
19161,63,0,0
19162,63,0,0
19163,62,0,0
19164,61,0,0
19165,60,0,0
19166,60,0,0
19167,59,0,0
19168,58,0,0
19169,57,0,0
19170,57,0,0
19171,56,0,0
19172,55,0,0
19173,54,0,0
19174,53,0,0
19175,52,0,0
19176,52,0,0
19177,51,0,0
19178,50,0,0
19179,49,0,0
19180,48,0,0
19181,47,0,0
19182,46,0,0
19183,45,0,0
19184,45,0,0
19185,44,0,0
19186,43,0,0
19187,42,0,0
19188,41,0,0
19189,40,0,0
19190,39,0,0
19191,38,0,0
19192,37,0,0
19193,36,0,0
19194,35,0,0
19195,34,0,0
19196,33,0,0
19197,32,0,0
19198,31,0,0
19199,30,0,0
19200,29,0,0
19201,27,0,0
19202,26,0,0
19203,25,0,0
19204,24,0,0
19205,23,0,0
19206,22,0,0
19207,20,0,0
19208,19,0,0
19209,18,0,0
19210,17,0,0
19211,15,0,0
19212,14,0,0
19213,13,0,0
19214,12,0,0
19215,10,0,0
19216,9,0,0
19217,8,0,0
19218,6,0,0
19219,5,0,0
19220,4,0,0
19221,2,0,0
19222,1,0,0
19223,-1,0,0
19224,-2,0,0
19225,-4,0,0
19226,-5,0,0
19227,-7,0,0
19228,-8,0,0
19229,-10,0,0
19230,-12,0,0
19231,-13,0,0
19232,-15,0,0
19233,-17,0,0
19234,-19,0,0
19235,-20,0,0
19236,-22,0,0
19237,-24,0,0
19238,-26,0,0
19239,-28,0,0
19240,-29,0,0
19241,-31,0,0
19242,-33,0,0
19243,-35,0,0
19244,-37,0,0
19245,-39,0,0
19246,-41,0,0
19247,-43,0,0
19248,-45,0,0
19249,-47,0,0
19250,-48,0,0
19251,-50,0,0
19252,-52,0,0
19253,-54,0,0
19254,-56,0,0
19255,-58,0,0
19256,-60,0,0
19257,-62,0,0
19258,-64,0,0
19259,-65,0,0
19260,-67,0,0
19261,-69,0,0
19262,-71,0,0
19263,-73,0,0
19264,-75,0,0
19265,-77,0,0
19266,-79,0,0
19267,-81,0,0
19268,-83,0,0
19269,-85,0,0
19270,-87,0,0
19271,-89,0,0
19272,-91,0,0
19273,-93,0,0
19274,-95,0,0
19275,-97,0,0
19276,-99,0,0
19277,-101,0,0
19278,-103,0,0
19279,-105,0,0
19280,-107,0,0
19281,-109,0,0
19282,-111,0,0
19283,-113,0,0
19284,-114,0,0
19285,-116,0,0
19286,-118,0,0
19287,-120,0,0
19288,-122,0,0
19289,-124,0,0
19290,-125,0,0
19291,-127,0,0
19292,-129,0,0
19293,-131,0,0
19294,-133,0,0
19295,-135,0,0
19296,-137,0,0
19297,-138,0,0
19298,-140,0,0
19299,-142,0,0
19300,-144,0,0
19301,-146,0,0
19302,-148,0,0
19303,-150,0,0
19304,-152,0,0
19305,-154,0,0
19306,-156,0,0
19307,-158,0,0
19308,-160,0,0
19309,-162,0,0
19310,-164,0,0
19311,-166,0,0
19312,-168,0,0
19313,-170,0,0
19314,-172,0,0
19315,-175,0,0
19316,-177,0,0
19317,-179,0,0
19318,-181,0,0
19319,-183,0,0
19320,-185,0,0
19321,-187,0,0
19322,-189,0,0
19323,-191,0,0
19324,-193,0,0
19325,-195,0,0
19326,-197,0,0
19327,-199,0,0
19328,-201,0,0
19329,-203,0,0
19330,-204,0,0
19331,-206,0,0
19332,-208,0,0
19333,-210,0,0
19334,-212,0,0
19335,-214,0,0
19336,-215,0,0
19337,-217,0,0
19338,-219,0,0
19339,-221,0,0
19340,-223,0,0
19341,-225,0,0
19342,-227,0,0
19343,-228,0,0
19344,-230,0,0
19345,-232,0,0
19346,-234,0,0
19347,-236,0,0
19348,-238,0,0
19349,-240,0,0
19350,-242,0,0
19351,-244,0,0
19352,-246,0,0
19353,-247,0,0
19354,-249,0,0
19355,-251,0,0
19356,-253,0,0
19357,-255,0,0
19358,-257,0,0
19359,-259,0,0
19360,-261,0,0
19361,-262,0,0
19362,-264,0,0
19363,-266,0,0
19364,-268,0,0
19365,-270,0,0
19366,-271,0,0
19367,-273,0,0
19368,-275,0,0
19369,-276,0,0
19370,-278,0,0
19371,-279,0,0
19372,-281,0,0
19373,-283,0,0
19374,-284,0,0
19375,-286,0,0
19376,-287,0,0
19377,-288,0,0
19378,-290,0,0
19379,-291,0,0
19380,-293,0,0
19381,-294,0,0
19382,-295,0,0
19383,-297,0,0
19384,-298,0,0
19385,-300,0,0
19386,-301,0,0
19387,-302,0,0
19388,-304,0,0
19389,-305,0,0
19390,-306,0,0
19391,-308,0,0
19392,-309,0,0
19393,-310,0,0
19394,-312,0,0
19395,-313,0,0
19396,-315,0,0
19397,-316,0,0
19398,-317,0,0
19399,-319,0,0
19400,-320,0,0
19401,-321,0,0
19402,-323,0,0
19403,-324,0,0
19404,-325,0,0
19405,-327,0,0
19406,-328,0,0
19407,-329,0,0
19408,-330,0,0
19409,-331,0,0
19410,-332,0,0
19411,-334,0,0
19412,-335,0,0
19413,-336,0,0
19414,-337,0,0
19415,-338,0,0
19416,-338,0,0
19417,-339,0,0
19418,-340,0,0
19419,-341,0,0
19420,-342,0,0
19421,-343,0,0
19422,-343,0,0
19423,-344,0,0
19424,-345,0,0
19425,-345,0,0
19426,-346,0,0
19427,-346,0,0
19428,-347,0,0
19429,-348,0,0
19430,-348,0,0
19431,-349,0,0
19432,-350,0,0
19433,-350,0,0
19434,-351,0,0
19435,-351,0,0
19436,-352,0,0
19437,-352,0,0
19438,-353,0,0
19439,-353,0,0
19440,-354,0,0
19441,-355,0,0
19442,-355,0,0
19443,-356,0,0
19444,-356,0,0
19445,-357,0,0
19446,-357,0,0
19447,-358,0,0
19448,-358,0,0
19449,-359,0,0
19450,-359,0,0
19451,-359,0,0
19452,-360,0,0
19453,-360,0,0
19454,-360,0,0
19455,-360,0,0
19456,-361,0,0
19457,-361,0,0
19458,-361,0,0
19459,-361,0,0
19460,-361,0,0
19461,-361,0,0
19462,-361,0,0
19463,-361,0,0
19464,-360,0,0
19465,-360,0,0
19466,-360,0,0
19467,-360,0,0
19468,-360,0,0
19469,-359,0,0
19470,-359,0,0
19471,-359,0,0
19472,-359,0,0
19473,-358,0,0
19474,-358,0,0
19475,-358,0,0
19476,-357,0,0
19477,-357,0,0
19478,-356,0,0
19479,-356,0,0
19480,-356,0,0
19481,-355,0,0
19482,-355,0,0
19483,-355,0,0
19484,-354,0,0
19485,-354,0,0
19486,-353,0,0
19487,-353,0,0
19488,-352,0,0
19489,-352,0,0
19490,-351,0,0
19491,-351,0,0
19492,-350,0,0
19493,-350,0,0
19494,-349,0,0
19495,-349,0,0
19496,-348,0,0
19497,-347,0,0
19498,-347,0,0
19499,-346,0,0
19500,-345,0,0
19501,-344,0,0
19502,-343,0,0
19503,-343,0,0
19504,-342,0,0
19505,-341,0,0
19506,-340,0,0
19507,-339,0,0
19508,-338,0,0
19509,-337,0,0
19510,-336,0,0
19511,-334,0,0
19512,-333,0,0
19513,-332,0,0
19514,-331,0,0
19515,-330,0,0
19516,-328,0,0
19517,-327,0,0
19518,-326,0,0
19519,-324,0,0
19520,-323,0,0
19521,-322,0,0
19522,-320,0,0
19523,-319,0,0
19524,-317,0,0
19525,-316,0,0
19526,-315,0,0
19527,-313,0,0
19528,-312,0,0
19529,-310,0,0
19530,-309,0,0
19531,-307,0,0
19532,-306,0,0
19533,-304,0,0
19534,-303,0,0
19535,-301,0,0
19536,-300,0,0
19537,-298,0,0
19538,-297,0,0
19539,-295,0,0
19540,-293,0,0
19541,-292,0,0
19542,-290,0,0
19543,-289,0,0
19544,-287,0,0
19545,-285,0,0
19546,-283,0,0
19547,-282,0,0
19548,-280,0,0
19549,-278,0,0
19550,-277,0,0
19551,-275,0,0
19552,-273,0,0
19553,-271,0,0
19554,-269,0,0
19555,-267,0,0
19556,-266,0,0
19557,-263,0,0
19558,-261,0,0
19559,-260,0,0
19560,-258,0,0
19561,-256,0,0
19562,-253,0,0
19563,-251,0,0
19564,-249,0,0
19565,-247,0,0
19566,-245,0,0
19567,-243,0,0
19568,-240,0,0
19569,-238,0,0
19570,-236,0,0
19571,-234,0,0
19572,-231,0,0
19573,-229,0,0
19574,-227,0,0
19575,-224,0,0
19576,-222,0,0
19577,-219,0,0
19578,-217,0,0
19579,-215,0,0
19580,-212,0,0
19581,-210,0,0
19582,-207,0,0
19583,-205,0,0
19584,-203,0,0
19585,-200,0,0
19586,-198,0,0
19587,-195,0,0
19588,-193,0,0
19589,-190,0,0
19590,-188,0,0
19591,-185,0,0
19592,-183,0,0
19593,-181,0,0
19594,-178,0,0
19595,-176,0,0
19596,-173,0,0
19597,-171,0,0
19598,-168,0,0
19599,-166,0,0
19600,-163,0,0
19601,-161,0,0
19602,-158,0,0
19603,-155,0,0
19604,-153,0,0
19605,-150,0,0
19606,-147,0,0
19607,-145,0,0
19608,-142,0,0
19609,-139,0,0
19610,-136,0,0
19611,-133,0,0
19612,-131,0,0
19613,-128,0,0
19614,-125,0,0
19615,-122,0,0
19616,-119,0,0
19617,-116,0,0
19618,-113,0,0
19619,-110,0,0
19620,-107,0,0
19621,-104,0,0
19622,-101,0,0
19623,-98,0,0
19624,-95,0,0
19625,-92,0,0
19626,-89,0,0
19627,-86,0,0
19628,-83,0,0
19629,-80,0,0
19630,-77,0,0
19631,-74,0,0
19632,-71,0,0
19633,-68,0,0
19634,-65,0,0
19635,-63,0,0
19636,-60,0,0
19637,-57,0,0
19638,-54,0,0
19639,-52,0,0
19640,-49,0,0
19641,-46,0,0
19642,-43,0,0
19643,-40,0,0
19644,-37,0,0
19645,-35,0,0
19646,-32,0,0
19647,-29,0,0
19648,-27,0,0
19649,-24,0,0
19650,-21,0,0
19651,-18,0,0
19652,-15,0,0
19653,-12,0,0
19654,-9,0,0
19655,-7,0,0
19656,-4,0,0
19657,-1,0,0
19658,2,0,0
19659,5,0,0
19660,8,0,0
19661,11,0,0
19662,14,0,0
19663,17,0,0
19664,20,0,0
19665,23,0,0
19666,26,0,0
19667,29,0,0
19668,32,0,0
19669,35,0,0
19670,38,0,0
19671,41,0,0
19672,44,0,0
19673,47,0,0
19674,50,0,0
19675,53,0,0
19676,56,0,0
19677,59,0,0
19678,62,0,0
19679,65,0,0
19680,68,0,0
19681,71,0,0
19682,74,0,0
19683,77,0,0
19684,80,0,0
19685,83,0,0
19686,86,0,0
19687,89,0,0
19688,92,0,0
19689,95,0,0
19690,98,0,0
19691,100,0,0
19692,103,0,0
19693,106,0,0
19694,109,0,0
19695,112,0,0
19696,115,0,0
19697,118,0,0
19698,120,0,0
19699,123,0,0
19700,126,0,0
19701,129,0,0
19702,132,0,0
19703,134,0,0
19704,137,0,0
19705,140,0,0
19706,142,0,0
19707,145,0,0
19708,148,0,0
19709,150,0,0
19710,153,0,0
19711,155,0,0
19712,158,0,0
19713,161,0,0
19714,163,0,0
19715,166,0,0
19716,168,0,0
19717,171,0,0
19718,173,0,0
19719,175,0,0
19720,178,0,0
19721,180,0,0
19722,183,0,0
19723,185,0,0
19724,187,0,0
19725,190,0,0
19726,192,0,0
19727,194,0,0
19728,197,0,0
19729,199,0,0
19730,201,0,0
19731,204,0,0
19732,206,0,0
19733,208,0,0
19734,211,0,0
19735,213,0,0
19736,215,0,0
19737,218,0,0
19738,220,0,0
19739,222,0,0
19740,224,0,0
19741,226,0,0
19742,229,0,0
19743,231,0,0
19744,233,0,0
19745,236,0,0
19746,238,0,0
19747,240,0,0
19748,243,0,0
19749,245,0,0
19750,247,0,0
19751,249,0,0
19752,252,0,0
19753,254,0,0
19754,256,0,0
19755,258,0,0
19756,260,0,0
19757,263,0,0
19758,265,0,0
19759,267,0,0
19760,269,0,0
19761,271,0,0
19762,273,0,0
19763,275,0,0
19764,277,0,0
19765,279,0,0
19766,281,0,0
19767,283,0,0
19768,284,0,0
19769,286,0,0
19770,288,0,0
19771,290,0,0
19772,292,0,0
19773,293,0,0
19774,295,0,0
19775,296,0,0
19776,298,0,0
19777,300,0,0
19778,301,0,0
19779,302,0,0
19780,304,0,0
19781,305,0,0
19782,307,0,0
19783,308,0,0
19784,309,0,0
19785,311,0,0
19786,312,0,0
19787,314,0,0
19788,315,0,0
19789,316,0,0
19790,318,0,0
19791,319,0,0
19792,321,0,0
19793,322,0,0
19794,323,0,0
19795,324,0,0
19796,326,0,0
19797,327,0,0
19798,328,0,0
19799,329,0,0
19800,331,0,0
19801,332,0,0
19802,333,0,0
19803,334,0,0
19804,335,0,0
19805,336,0,0
19806,337,0,0
19807,338,0,0
19808,339,0,0
19809,340,0,0
19810,341,0,0
19811,342,0,0
19812,342,0,0
19813,343,0,0
19814,344,0,0
19815,345,0,0
19816,345,0,0
19817,346,0,0
19818,347,0,0
19819,348,0,0
19820,348,0,0
19821,349,0,0
19822,349,0,0
19823,350,0,0
19824,351,0,0
19825,351,0,0
19826,352,0,0
19827,352,0,0
19828,353,0,0
19829,354,0,0
19830,354,0,0
19831,354,0,0
19832,355,0,0
19833,355,0,0
19834,356,0,0
19835,356,0,0
19836,357,0,0
19837,357,0,0
19838,357,0,0
19839,358,0,0
19840,358,0,0
19841,358,0,0
19842,359,0,0
19843,359,0,0
19844,359,0,0
19845,359,0,0
19846,360,0,0
19847,360,0,0
19848,360,0,0
19849,360,0,0
19850,360,0,0
19851,360,0,0
19852,360,0,0
19853,360,0,0
19854,359,0,0
19855,359,0,0
19856,359,0,0
19857,359,0,0
19858,359,0,0
19859,358,0,0
19860,358,0,0
19861,358,0,0
19862,357,0,0
19863,357,0,0
19864,356,0,0
19865,356,0,0
19866,355,0,0
19867,355,0,0
19868,354,0,0
19869,354,0,0
19870,353,0,0
19871,353,0,0
19872,352,0,0
19873,352,0,0
19874,351,0,0
19875,351,0,0
19876,350,0,0
19877,350,0,0
19878,349,0,0
19879,349,0,0
19880,348,0,0
19881,348,0,0
19882,347,0,0
19883,347,0,0
19884,346,0,0
19885,346,0,0
19886,346,0,0
19887,345,0,0
19888,345,0,0
19889,344,0,0
19890,344,0,0
19891,343,0,0
19892,343,0,0
19893,342,0,0
19894,341,0,0
19895,341,0,0
19896,340,0,0
19897,339,0,0
19898,339,0,0
19899,338,0,0
19900,337,0,0
19901,336,0,0
19902,335,0,0
19903,334,0,0
19904,333,0,0
19905,332,0,0
19906,330,0,0
19907,329,0,0
19908,328,0,0
19909,327,0,0
19910,325,0,0
19911,324,0,0
19912,323,0,0
19913,321,0,0
19914,320,0,0
19915,319,0,0
19916,317,0,0
19917,316,0,0
19918,314,0,0
19919,313,0,0
19920,312,0,0
19921,310,0,0
19922,309,0,0
19923,308,0,0
19924,306,0,0
19925,305,0,0
19926,304,0,0
19927,302,0,0
19928,301,0,0
19929,300,0,0
19930,298,0,0
19931,297,0,0
19932,295,0,0
19933,294,0,0
19934,292,0,0
19935,291,0,0
19936,290,0,0
19937,288,0,0
19938,286,0,0
19939,285,0,0
19940,283,0,0
19941,281,0,0
19942,280,0,0
19943,278,0,0
19944,276,0,0
19945,274,0,0
19946,272,0,0
19947,271,0,0
19948,269,0,0
19949,267,0,0
19950,265,0,0
19951,263,0,0
19952,261,0,0
19953,259,0,0
19954,257,0,0
19955,255,0,0
19956,253,0,0
19957,251,0,0
19958,249,0,0
19959,247,0,0
19960,246,0,0
19961,243,0,0
19962,242,0,0
19963,240,0,0
19964,238,0,0
19965,236,0,0
19966,235,0,0
19967,233,0,0
19968,231,0,0
19969,230,0,0
19970,228,0,0
19971,227,0,0
19972,225,0,0
19973,223,0,0
19974,222,0,0
19975,220,0,0
19976,218,0,0
19977,217,0,0
19978,215,0,0
19979,213,0,0
19980,212,0,0
19981,210,0,0
19982,208,0,0
19983,207,0,0
19984,205,0,0
19985,203,0,0
19986,201,0,0
19987,199,0,0
19988,197,0,0
19989,195,0,0
19990,194,0,0
19991,191,0,0
19992,189,0,0
19993,188,0,0
19994,185,0,0
19995,183,0,0
19996,181,0,0
19997,179,0,0
19998,177,0,0
19999,175,0,0
20000,173,0,0
20001,170,0,0
20002,168,0,0
20003,166,0,0
20004,164,0,0
20005,162,0,0
20006,160,0,0
20007,157,0,0
20008,155,0,0
20009,153,0,0
20010,151,0,0
20011,149,0,0
20012,146,0,0
20013,144,0,0
20014,142,0,0
20015,140,0,0
20016,138,0,0
20017,136,0,0
20018,134,0,0
20019,132,0,0
20020,129,0,0
20021,127,0,0
20022,125,0,0
20023,123,0,0
20024,121,0,0
20025,119,0,0
20026,117,0,0
20027,115,0,0
20028,113,0,0
20029,111,0,0
20030,109,0,0
20031,107,0,0
20032,105,0,0
20033,103,0,0
20034,101,0,0
20035,99,0,0
20036,98,0,0
20037,96,0,0
20038,94,0,0
20039,92,0,0
20040,90,0,0
20041,88,0,0
20042,86,0,0
20043,85,0,0
20044,83,0,0
20045,81,0,0
20046,79,0,0
20047,77,0,0
20048,75,0,0
20049,73,0,0
20050,72,0,0
20051,70,0,0
20052,68,0,0
20053,66,0,0
20054,64,0,0
20055,62,0,0
20056,61,0,0
20057,59,0,0
20058,57,0,0
20059,55,0,0
20060,53,0,0
20061,52,0,0
20062,50,0,0
20063,48,0,0
20064,46,0,0
20065,44,0,0
20066,42,0,0
20067,40,0,0
20068,39,0,0
20069,37,0,0
20070,35,0,0
20071,33,0,0
20072,31,0,0
20073,30,0,0
20074,28,0,0
20075,26,0,0
20076,24,0,0
20077,23,0,0
20078,21,0,0
20079,19,0,0
20080,18,0,0
20081,16,0,0
20082,15,0,0
20083,13,0,0
20084,12,0,0
20085,10,0,0
20086,9,0,0
20087,7,0,0
20088,6,0,0
20089,5,0,0
20090,3,0,0
20091,2,0,0
20092,1,0,0
20093,0,0,0
20094,-2,0,0
20095,-3,0,0
20096,-4,0,0
20097,-5,0,0
20098,-7,0,0
20099,-8,0,0
20100,-9,0,0
20101,-10,0,0
20102,-11,0,0
20103,-12,0,0
20104,-14,0,0
20105,-15,0,0
20106,-16,0,0
20107,-17,0,0
20108,-18,0,0
20109,-20,0,0
20110,-21,0,0
20111,-22,0,0
20112,-24,0,0
20113,-25,0,0
20114,-26,0,0
20115,-27,0,0
20116,-29,0,0
20117,-30,0,0
20118,-31,0,0
20119,-33,0,0
20120,-34,0,0
20121,-35,0,0
20122,-36,0,0
20123,-38,0,0
20124,-39,0,0
20125,-41,0,0
20126,-42,0,0
20127,-43,0,0
20128,-44,0,0
20129,-45,0,0
20130,-46,0,0
20131,-48,0,0
20132,-49,0,0
20133,-50,0,0
20134,-51,0,0
20135,-52,0,0
20136,-53,0,0
20137,-54,0,0
20138,-55,0,0
20139,-55,0,0
20140,-56,0,0
20141,-57,0,0
20142,-57,0,0
20143,-58,0,0
20144,-59,0,0
20145,-59,0,0
20146,-60,0,0
20147,-61,0,0
20148,-61,0,0
20149,-62,0,0
20150,-62,0,0
20151,-63,0,0
20152,-63,0,0
20153,-64,0,0
20154,-64,0,0
20155,-65,0,0
20156,-65,0,0
20157,-66,0,0
20158,-66,0,0
20159,-66,0,0
20160,-67,0,0
20161,-67,0,0
20162,-68,0,0
20163,-68,0,0
20164,-68,0,0
20165,-69,0,0
20166,-69,0,0
20167,-70,0,0
20168,-70,0,0
20169,-70,0,0
20170,-71,0,0
20171,-71,0,0
20172,-71,0,0
20173,-72,0,0
20174,-72,0,0
20175,-72,0,0
20176,-73,0,0
20177,-73,0,0
20178,-73,0,0
20179,-73,0,0
20180,-73,0,0
20181,-74,0,0
20182,-74,0,0
20183,-74,0,0
20184,-74,0,0
20185,-74,0,0
20186,-75,0,0
20187,-75,0,0
20188,-75,0,0
20189,-75,0,0
20190,-75,0,0
20191,-75,0,0
20192,-75,0,0
20193,-75,0,0
20194,-75,0,0
20195,-75,0,0
20196,-75,0,0
20197,-75,0,0
20198,-75,0,0
20199,-75,0,0
20200,-75,0,0
20201,-75,0,0
20202,-75,0,0
20203,-74,0,0
20204,-74,0,0
20205,-74,0,0
20206,-74,0,0
20207,-74,0,0
20208,-74,0,0
20209,-74,0,0
20210,-74,0,0
20211,-73,0,0
20212,-73,0,0
20213,-73,0,0
20214,-73,0,0
20215,-73,0,0
20216,-72,0,0
20217,-72,0,0
20218,-72,0,0
20219,-71,0,0
20220,-71,0,0
20221,-71,0,0
20222,-70,0,0
20223,-70,0,0
20224,-70,0,0
20225,-69,0,0
20226,-69,0,0
20227,-69,0,0
20228,-68,0,0
20229,-68,0,0
20230,-67,0,0
20231,-66,0,0
20232,-66,0,0
20233,-65,0,0
20234,-65,0,0
20235,-64,0,0
20236,-64,0,0
20237,-63,0,0
20238,-62,0,0
20239,-62,0,0
20240,-61,0,0
20241,-60,0,0
20242,-60,0,0
20243,-59,0,0
20244,-58,0,0
20245,-58,0,0
20246,-57,0,0
20247,-56,0,0
20248,-56,0,0
20249,-55,0,0
20250,-54,0,0
20251,-54,0,0
20252,-53,0,0
20253,-52,0,0
20254,-51,0,0
20255,-51,0,0
20256,-50,0,0
20257,-50,0,0
20258,-49,0,0
20259,-48,0,0
20260,-47,0,0
20261,-47,0,0
20262,-46,0,0
20263,-45,0,0
20264,-44,0,0
20265,-43,0,0
20266,-42,0,0
20267,-41,0,0
20268,-40,0,0
20269,-39,0,0
20270,-39,0,0
20271,-38,0,0
20272,-37,0,0
20273,-35,0,0
20274,-34,0,0
20275,-33,0,0
20276,-32,0,0
20277,-31,0,0
20278,-30,0,0
20279,-29,0,0
20280,-28,0,0
20281,-27,0,0
20282,-26,0,0
20283,-25,0,0
20284,-24,0,0
20285,-23,0,0
20286,-22,0,0
20287,-21,0,0
20288,-20,0,0
20289,-19,0,0
20290,-18,0,0
20291,-17,0,0
20292,-16,0,0
20293,-16,0,0
20294,-15,0,0
20295,-14,0,0
20296,-13,0,0
20297,-12,0,0
20298,-12,0,0
20299,-11,0,0
20300,-10,0,0
20301,-9,0,0
20302,-8,0,0
20303,-7,0,0
20304,-7,0,0
20305,-6,0,0
20306,-5,0,0
20307,-4,0,0
20308,-3,0,0
20309,-2,0,0
20310,-1,0,0
20311,0,0,0
20312,2,0,0
20313,3,0,0
20314,4,0,0
20315,5,0,0
20316,6,0,0
20317,7,0,0
20318,9,0,0
20319,10,0,0
20320,11,0,0
20321,12,0,0
20322,13,0,0
20323,14,0,0
20324,16,0,0
20325,17,0,0
20326,18,0,0
20327,19,0,0
20328,20,0,0
20329,21,0,0
20330,22,0,0
20331,23,0,0
20332,24,0,0
20333,25,0,0
20334,26,0,0
20335,27,0,0
20336,27,0,0
20337,28,0,0
20338,29,0,0
20339,30,0,0
20340,31,0,0
20341,32,0,0
20342,32,0,0
20343,33,0,0
20344,34,0,0
20345,34,0,0
20346,35,0,0
20347,36,0,0
20348,37,0,0
20349,37,0,0
20350,38,0,0
20351,39,0,0
20352,39,0,0
20353,40,0,0
20354,41,0,0
20355,41,0,0
20356,42,0,0
20357,43,0,0
20358,44,0,0
20359,44,0,0
20360,45,0,0
20361,46,0,0
20362,47,0,0
20363,47,0,0
20364,48,0,0
20365,49,0,0
20366,49,0,0
20367,50,0,0
20368,51,0,0
20369,52,0,0
20370,53,0,0
20371,53,0,0
20372,54,0,0
20373,55,0,0
20374,56,0,0
20375,56,0,0
20376,57,0,0
20377,58,0,0
20378,58,0,0
20379,59,0,0
20380,60,0,0
20381,61,0,0
20382,61,0,0
20383,62,0,0
20384,62,0,0
20385,63,0,0
20386,64,0,0
20387,64,0,0
20388,65,0,0
20389,65,0,0
20390,66,0,0
20391,66,0,0
20392,67,0,0
20393,67,0,0
20394,67,0,0
20395,68,0,0
20396,68,0,0
20397,69,0,0
20398,69,0,0
20399,69,0,0
20400,69,0,0
20401,70,0,0
20402,70,0,0
20403,70,0,0
20404,70,0,0
20405,70,0,0
20406,71,0,0
20407,71,0,0
20408,71,0,0
20409,71,0,0
20410,72,0,0
20411,72,0,0
20412,72,0,0
20413,72,0,0
20414,72,0,0
20415,73,0,0
20416,73,0,0
20417,73,0,0
20418,73,0,0
20419,73,0,0
20420,74,0,0
20421,74,0,0
20422,74,0,0
20423,74,0,0
20424,75,0,0
20425,75,0,0
20426,75,0,0
20427,75,0,0
20428,75,0,0
20429,75,0,0
20430,75,0,0
20431,75,0,0
20432,75,0,0
20433,76,0,0
20434,75,0,0
20435,75,0,0
20436,75,0,0
20437,75,0,0
20438,75,0,0
20439,75,0,0
20440,75,0,0
20441,74,0,0
20442,74,0,0
20443,74,0,0
20444,74,0,0
20445,73,0,0
20446,73,0,0
20447,73,0,0
20448,72,0,0
20449,72,0,0
20450,72,0,0
20451,71,0,0
20452,71,0,0
20453,71,0,0
20454,70,0,0
20455,70,0,0
20456,69,0,0
20457,69,0,0
20458,69,0,0
20459,68,0,0
20460,68,0,0
20461,67,0,0
20462,67,0,0
20463,66,0,0
20464,66,0,0
20465,65,0,0
20466,64,0,0
20467,64,0,0
20468,63,0,0
20469,62,0,0
20470,62,0,0
20471,61,0,0
20472,60,0,0
20473,59,0,0
20474,59,0,0
20475,58,0,0
20476,57,0,0
20477,56,0,0
20478,56,0,0
20479,55,0,0
20480,54,0,0
20481,53,0,0
20482,52,0,0
20483,51,0,0
20484,50,0,0
20485,49,0,0
20486,48,0,0
20487,47,0,0
20488,46,0,0
20489,45,0,0
20490,44,0,0
20491,43,0,0
20492,42,0,0
20493,41,0,0
20494,40,0,0
20495,39,0,0
20496,38,0,0
20497,37,0,0
20498,36,0,0
20499,35,0,0
20500,34,0,0
20501,33,0,0
20502,32,0,0
20503,30,0,0
20504,29,0,0
20505,28,0,0
20506,27,0,0
20507,26,0,0
20508,25,0,0
20509,24,0,0
20510,22,0,0
20511,21,0,0
20512,20,0,0
20513,19,0,0
20514,17,0,0
20515,16,0,0
20516,15,0,0
20517,13,0,0
20518,12,0,0
20519,11,0,0
20520,9,0,0
20521,8,0,0
20522,6,0,0
20523,5,0,0
20524,4,0,0
20525,2,0,0
20526,1,0,0
20527,-1,0,0
20528,-2,0,0
20529,-4,0,0
20530,-5,0,0
20531,-7,0,0
20532,-9,0,0
20533,-10,0,0
20534,-12,0,0
20535,-13,0,0
20536,-15,0,0
20537,-17,0,0
20538,-18,0,0
20539,-20,0,0
20540,-21,0,0
20541,-23,0,0
20542,-25,0,0
20543,-26,0,0
20544,-28,0,0
20545,-30,0,0
20546,-31,0,0
20547,-33,0,0
20548,-35,0,0
20549,-36,0,0
20550,-38,0,0
20551,-40,0,0
20552,-41,0,0
20553,-43,0,0
20554,-45,0,0
20555,-47,0,0
20556,-48,0,0
20557,-50,0,0
20558,-52,0,0
20559,-54,0,0
20560,-56,0,0
20561,-57,0,0
20562,-59,0,0
20563,-61,0,0
20564,-63,0,0
20565,-65,0,0
20566,-67,0,0
20567,-69,0,0
20568,-71,0,0
20569,-73,0,0
20570,-75,0,0
20571,-77,0,0
20572,-79,0,0
20573,-81,0,0
20574,-83,0,0
20575,-85,0,0
20576,-86,0,0
20577,-88,0,0
20578,-91,0,0
20579,-93,0,0
20580,-94,0,0
20581,-96,0,0
20582,-98,0,0
20583,-100,0,0
20584,-102,0,0
20585,-104,0,0
20586,-106,0,0
20587,-108,0,0
20588,-109,0,0
20589,-111,0,0
20590,-113,0,0
20591,-115,0,0
20592,-117,0,0
20593,-119,0,0
20594,-120,0,0
20595,-122,0,0
20596,-124,0,0
20597,-126,0,0
20598,-127,0,0
20599,-129,0,0
20600,-131,0,0
20601,-133,0,0
20602,-135,0,0
20603,-137,0,0
20604,-138,0,0
20605,-140,0,0
20606,-142,0,0
20607,-144,0,0
20608,-146,0,0
20609,-148,0,0
20610,-150,0,0
20611,-152,0,0
20612,-154,0,0
20613,-156,0,0
20614,-158,0,0
20615,-161,0,0
20616,-163,0,0
20617,-165,0,0
20618,-167,0,0
20619,-169,0,0
20620,-171,0,0
20621,-173,0,0
20622,-175,0,0
20623,-177,0,0
20624,-180,0,0
20625,-182,0,0
20626,-184,0,0
20627,-186,0,0
20628,-188,0,0
20629,-190,0,0
20630,-192,0,0
20631,-194,0,0
20632,-196,0,0
20633,-198,0,0
20634,-200,0,0
20635,-202,0,0
20636,-204,0,0
20637,-206,0,0
20638,-208,0,0
20639,-210,0,0
20640,-212,0,0
20641,-214,0,0
20642,-216,0,0
20643,-217,0,0
20644,-219,0,0
20645,-221,0,0
20646,-223,0,0
20647,-225,0,0
20648,-227,0,0
20649,-229,0,0
20650,-231,0,0
20651,-232,0,0
20652,-234,0,0
20653,-236,0,0
20654,-238,0,0
20655,-240,0,0
20656,-242,0,0
20657,-243,0,0
20658,-245,0,0
20659,-247,0,0
20660,-249,0,0
20661,-251,0,0
20662,-252,0,0
20663,-254,0,0
20664,-256,0,0
20665,-258,0,0
20666,-259,0,0
20667,-261,0,0
20668,-263,0,0
20669,-265,0,0
20670,-266,0,0
20671,-268,0,0
20672,-270,0,0
20673,-271,0,0
20674,-273,0,0
20675,-275,0,0
20676,-277,0,0
20677,-278,0,0
20678,-280,0,0
20679,-281,0,0
20680,-283,0,0
20681,-285,0,0
20682,-286,0,0
20683,-288,0,0
20684,-290,0,0
20685,-291,0,0
20686,-293,0,0
20687,-294,0,0
20688,-296,0,0
20689,-298,0,0
20690,-299,0,0
20691,-300,0,0
20692,-302,0,0
20693,-304,0,0
20694,-305,0,0
20695,-306,0,0
20696,-308,0,0
20697,-310,0,0
20698,-311,0,0
20699,-312,0,0
20700,-314,0,0
20701,-315,0,0
20702,-317,0,0
20703,-318,0,0
20704,-319,0,0
20705,-320,0,0
20706,-322,0,0
20707,-323,0,0
20708,-324,0,0
20709,-326,0,0
20710,-327,0,0
20711,-328,0,0
20712,-329,0,0
20713,-330,0,0
20714,-331,0,0
20715,-333,0,0
20716,-334,0,0
20717,-335,0,0
20718,-336,0,0
20719,-337,0,0
20720,-338,0,0
20721,-339,0,0
20722,-339,0,0
20723,-341,0,0
20724,-341,0,0
20725,-342,0,0
20726,-343,0,0
20727,-344,0,0
20728,-345,0,0
20729,-345,0,0
20730,-346,0,0
20731,-347,0,0
20732,-347,0,0
20733,-348,0,0
20734,-348,0,0
20735,-349,0,0
20736,-350,0,0
20737,-350,0,0
20738,-351,0,0
20739,-351,0,0
20740,-352,0,0
20741,-352,0,0
20742,-352,0,0
20743,-353,0,0
20744,-353,0,0
20745,-354,0,0
20746,-354,0,0
20747,-354,0,0
20748,-355,0,0
20749,-355,0,0
20750,-355,0,0
20751,-356,0,0
20752,-356,0,0
20753,-356,0,0
20754,-356,0,0
20755,-357,0,0
20756,-357,0,0
20757,-357,0,0
20758,-358,0,0
20759,-358,0,0
20760,-358,0,0
20761,-358,0,0
20762,-358,0,0
20763,-358,0,0
20764,-359,0,0
20765,-359,0,0
20766,-359,0,0
20767,-359,0,0
20768,-359,0,0
20769,-359,0,0
20770,-359,0,0
20771,-359,0,0
20772,-359,0,0
20773,-359,0,0
20774,-359,0,0
20775,-359,0,0
20776,-359,0,0
20777,-359,0,0
20778,-359,0,0
20779,-359,0,0
20780,-359,0,0
20781,-358,0,0
20782,-358,0,0
20783,-358,0,0
20784,-358,0,0
20785,-357,0,0
20786,-357,0,0
20787,-357,0,0
20788,-356,0,0
20789,-356,0,0
20790,-355,0,0
20791,-355,0,0
20792,-355,0,0
20793,-354,0,0
20794,-353,0,0
20795,-353,0,0
20796,-352,0,0
20797,-351,0,0
20798,-351,0,0
20799,-350,0,0
20800,-349,0,0
20801,-348,0,0
20802,-348,0,0
20803,-347,0,0
20804,-346,0,0
20805,-345,0,0
20806,-344,0,0
20807,-343,0,0
20808,-342,0,0
20809,-341,0,0
20810,-340,0,0
20811,-339,0,0
20812,-338,0,0
20813,-337,0,0
20814,-336,0,0
20815,-335,0,0
20816,-334,0,0
20817,-333,0,0
20818,-332,0,0
20819,-330,0,0
20820,-329,0,0
20821,-328,0,0
20822,-327,0,0
20823,-326,0,0
20824,-325,0,0
20825,-324,0,0
20826,-322,0,0
20827,-321,0,0
20828,-320,0,0
20829,-319,0,0
20830,-318,0,0
20831,-317,0,0
20832,-316,0,0
20833,-314,0,0
20834,-313,0,0
20835,-312,0,0
20836,-311,0,0
20837,-309,0,0
20838,-308,0,0
20839,-307,0,0
20840,-305,0,0
20841,-304,0,0
20842,-302,0,0
20843,-301,0,0
20844,-299,0,0
20845,-298,0,0
20846,-296,0,0
20847,-294,0,0
20848,-293,0,0
20849,-291,0,0
20850,-289,0,0
20851,-287,0,0
20852,-285,0,0
20853,-283,0,0
20854,-281,0,0
20855,-279,0,0
20856,-277,0,0
20857,-275,0,0
20858,-273,0,0
20859,-271,0,0
20860,-269,0,0
20861,-267,0,0
20862,-265,0,0
20863,-262,0,0
20864,-260,0,0
20865,-258,0,0
20866,-256,0,0
20867,-254,0,0
20868,-251,0,0
20869,-249,0,0
20870,-247,0,0
20871,-245,0,0
20872,-243,0,0
20873,-240,0,0
20874,-238,0,0
20875,-236,0,0
20876,-234,0,0
20877,-232,0,0
20878,-230,0,0
20879,-227,0,0
20880,-225,0,0
20881,-223,0,0
20882,-221,0,0
20883,-219,0,0
20884,-216,0,0
20885,-214,0,0
20886,-212,0,0
20887,-210,0,0
20888,-207,0,0
20889,-205,0,0
20890,-203,0,0
20891,-200,0,0
20892,-198,0,0
20893,-196,0,0
20894,-193,0,0
20895,-191,0,0
20896,-188,0,0
20897,-185,0,0
20898,-183,0,0
20899,-180,0,0
20900,-178,0,0
20901,-175,0,0
20902,-173,0,0
20903,-170,0,0
20904,-167,0,0
20905,-165,0,0
20906,-162,0,0
20907,-159,0,0
20908,-157,0,0
20909,-154,0,0
20910,-151,0,0
20911,-149,0,0
20912,-146,0,0
20913,-143,0,0
20914,-141,0,0
20915,-138,0,0
20916,-135,0,0
20917,-132,0,0
20918,-130,0,0
20919,-127,0,0
20920,-124,0,0
20921,-122,0,0
20922,-119,0,0
20923,-116,0,0
20924,-113,0,0
20925,-111,0,0
20926,-108,0,0
20927,-105,0,0
20928,-103,0,0
20929,-100,0,0
20930,-97,0,0
20931,-94,0,0
20932,-92,0,0
20933,-89,0,0
20934,-86,0,0
20935,-83,0,0
20936,-80,0,0
20937,-77,0,0
20938,-74,0,0
20939,-72,0,0
20940,-69,0,0
20941,-66,0,0
20942,-63,0,0
20943,-60,0,0
20944,-57,0,0
20945,-54,0,0
20946,-51,0,0
20947,-48,0,0
20948,-45,0,0
20949,-42,0,0
20950,-39,0,0
20951,-36,0,0
20952,-33,0,0
20953,-30,0,0
20954,-27,0,0
20955,-25,0,0
20956,-21,0,0
20957,-18,0,0
20958,-15,0,0
20959,-12,0,0
20960,-9,0,0
20961,-6,0,0
20962,-4,0,0
20963,0,0,0
20964,3,0,0
20965,6,0,0
20966,8,0,0
20967,11,0,0
20968,15,0,0
20969,17,0,0
20970,20,0,0
20971,23,0,0
20972,26,0,0
20973,29,0,0
20974,32,0,0
20975,35,0,0
20976,38,0,0
20977,41,0,0
20978,43,0,0
20979,46,0,0
20980,49,0,0
20981,52,0,0
20982,55,0,0
20983,58,0,0
20984,61,0,0
20985,63,0,0
20986,66,0,0
20987,69,0,0
20988,72,0,0
20989,75,0,0
20990,78,0,0
20991,81,0,0
20992,84,0,0
20993,87,0,0
20994,90,0,0
20995,93,0,0
20996,96,0,0
20997,99,0,0
20998,102,0,0
20999,105,0,0
21000,108,0,0
21001,111,0,0
21002,114,0,0
21003,117,0,0
21004,120,0,0
21005,123,0,0
21006,126,0,0
21007,128,0,0
21008,131,0,0
21009,134,0,0
21010,137,0,0
21011,140,0,0
21012,143,0,0
21013,145,0,0
21014,148,0,0
21015,151,0,0
21016,153,0,0
21017,156,0,0
21018,159,0,0
21019,161,0,0
21020,164,0,0
21021,166,0,0
21022,169,0,0
21023,171,0,0
21024,174,0,0
21025,176,0,0
21026,178,0,0
21027,181,0,0
21028,183,0,0
21029,185,0,0
21030,188,0,0
21031,190,0,0
21032,193,0,0
21033,195,0,0
21034,197,0,0
21035,200,0,0
21036,202,0,0
21037,204,0,0
21038,207,0,0
21039,209,0,0
21040,211,0,0
21041,214,0,0
21042,216,0,0
21043,218,0,0
21044,221,0,0
21045,223,0,0
21046,225,0,0
21047,228,0,0
21048,230,0,0
21049,232,0,0
21050,235,0,0
21051,237,0,0
21052,239,0,0
21053,241,0,0
21054,244,0,0
21055,246,0,0
21056,248,0,0
21057,250,0,0
21058,252,0,0
21059,254,0,0
21060,256,0,0
21061,258,0,0
21062,260,0,0
21063,262,0,0
21064,264,0,0
21065,266,0,0
21066,268,0,0
21067,270,0,0
21068,272,0,0
21069,273,0,0
21070,275,0,0
21071,277,0,0
21072,278,0,0
21073,280,0,0
21074,282,0,0
21075,284,0,0
21076,285,0,0
21077,287,0,0
21078,289,0,0
21079,290,0,0
21080,292,0,0
21081,294,0,0
21082,295,0,0
21083,297,0,0
21084,299,0,0
21085,300,0,0
21086,302,0,0
21087,303,0,0
21088,305,0,0
21089,306,0,0
21090,308,0,0
21091,309,0,0
21092,311,0,0
21093,313,0,0
21094,314,0,0
21095,315,0,0
21096,317,0,0
21097,318,0,0
21098,320,0,0
21099,321,0,0
21100,322,0,0
21101,323,0,0
21102,325,0,0
21103,326,0,0
21104,327,0,0
21105,329,0,0
21106,330,0,0
21107,331,0,0
21108,332,0,0
21109,333,0,0
21110,334,0,0
21111,335,0,0
21112,336,0,0
21113,337,0,0
21114,338,0,0
21115,339,0,0
21116,340,0,0
21117,341,0,0
21118,342,0,0
21119,342,0,0
21120,343,0,0
21121,344,0,0
21122,345,0,0
21123,346,0,0
21124,346,0,0
21125,347,0,0
21126,348,0,0
21127,349,0,0
21128,349,0,0
21129,350,0,0
21130,351,0,0
21131,351,0,0
21132,352,0,0
21133,353,0,0
21134,353,0,0
21135,354,0,0
21136,355,0,0
21137,355,0,0
21138,356,0,0
21139,356,0,0
21140,357,0,0
21141,357,0,0
21142,358,0,0
21143,358,0,0
21144,359,0,0
21145,359,0,0
21146,359,0,0
21147,360,0,0
21148,360,0,0
21149,360,0,0
21150,360,0,0
21151,360,0,0
21152,361,0,0
21153,361,0,0
21154,361,0,0
21155,361,0,0
21156,361,0,0
21157,361,0,0
21158,361,0,0
21159,361,0,0
21160,361,0,0
21161,360,0,0
21162,360,0,0
21163,360,0,0
21164,360,0,0
21165,359,0,0
21166,359,0,0
21167,359,0,0
21168,358,0,0
21169,358,0,0
21170,357,0,0
21171,357,0,0
21172,356,0,0
21173,356,0,0
21174,355,0,0
21175,355,0,0
21176,354,0,0
21177,354,0,0
21178,353,0,0
21179,353,0,0
21180,352,0,0
21181,351,0,0
21182,351,0,0
21183,350,0,0
21184,350,0,0
21185,349,0,0
21186,348,0,0
21187,347,0,0
21188,347,0,0
21189,346,0,0
21190,346,0,0
21191,345,0,0
21192,344,0,0
21193,344,0,0
21194,343,0,0
21195,342,0,0
21196,342,0,0
21197,341,0,0
21198,340,0,0
21199,340,0,0
21200,339,0,0
21201,338,0,0
21202,337,0,0
21203,336,0,0
21204,336,0,0
21205,335,0,0
21206,334,0,0
21207,333,0,0
21208,332,0,0
21209,331,0,0
21210,330,0,0
21211,329,0,0
21212,328,0,0
21213,327,0,0
21214,326,0,0
21215,325,0,0
21216,324,0,0
21217,323,0,0
21218,321,0,0
21219,320,0,0
21220,319,0,0
21221,318,0,0
21222,316,0,0
21223,315,0,0
21224,314,0,0
21225,312,0,0
21226,311,0,0
21227,310,0,0
21228,308,0,0
21229,307,0,0
21230,305,0,0
21231,304,0,0
21232,303,0,0
21233,301,0,0
21234,300,0,0
21235,298,0,0
21236,297,0,0
21237,296,0,0
21238,294,0,0
21239,293,0,0
21240,291,0,0
21241,290,0,0
21242,288,0,0
21243,287,0,0
21244,285,0,0
21245,284,0,0
21246,282,0,0
21247,281,0,0
21248,279,0,0
21249,278,0,0
21250,276,0,0
21251,275,0,0
21252,273,0,0
21253,271,0,0
21254,270,0,0
21255,268,0,0
21256,266,0,0
21257,265,0,0
21258,263,0,0
21259,261,0,0
21260,260,0,0
21261,258,0,0
21262,256,0,0
21263,254,0,0
21264,252,0,0
21265,250,0,0
21266,248,0,0
21267,246,0,0
21268,244,0,0
21269,243,0,0
21270,241,0,0
21271,239,0,0
21272,237,0,0
21273,235,0,0
21274,233,0,0
21275,231,0,0
21276,230,0,0
21277,227,0,0
21278,226,0,0
21279,224,0,0
21280,222,0,0
21281,220,0,0
21282,218,0,0
21283,217,0,0
21284,215,0,0
21285,213,0,0
21286,211,0,0
21287,209,0,0
21288,208,0,0
21289,206,0,0
21290,204,0,0
21291,202,0,0
21292,200,0,0
21293,199,0,0
21294,197,0,0
21295,195,0,0
21296,193,0,0
21297,192,0,0
21298,190,0,0
21299,188,0,0
21300,186,0,0
21301,184,0,0
21302,182,0,0
21303,180,0,0
21304,178,0,0
21305,176,0,0
21306,174,0,0
21307,173,0,0
21308,170,0,0
21309,169,0,0
21310,166,0,0
21311,164,0,0
21312,162,0,0
21313,160,0,0
21314,158,0,0
21315,156,0,0
21316,154,0,0
21317,152,0,0
21318,150,0,0
21319,148,0,0
21320,145,0,0
21321,143,0,0
21322,141,0,0
21323,139,0,0
21324,137,0,0
21325,135,0,0
21326,132,0,0
21327,130,0,0
21328,128,0,0
21329,126,0,0
21330,123,0,0
21331,121,0,0
21332,119,0,0
21333,117,0,0
21334,115,0,0
21335,112,0,0
21336,110,0,0
21337,108,0,0
21338,106,0,0
21339,104,0,0
21340,102,0,0
21341,99,0,0
21342,97,0,0
21343,95,0,0
21344,93,0,0
21345,91,0,0
21346,89,0,0
21347,87,0,0
21348,85,0,0
21349,83,0,0
21350,81,0,0
21351,80,0,0
21352,78,0,0
21353,76,0,0
21354,74,0,0
21355,72,0,0
21356,70,0,0
21357,68,0,0
21358,67,0,0
21359,65,0,0
21360,64,0,0
21361,62,0,0
21362,60,0,0
21363,58,0,0
21364,57,0,0
21365,55,0,0
21366,53,0,0
21367,52,0,0
21368,50,0,0
21369,48,0,0
21370,46,0,0
21371,45,0,0
21372,43,0,0
21373,41,0,0
21374,40,0,0
21375,38,0,0
21376,36,0,0
21377,34,0,0
21378,33,0,0
21379,31,0,0
21380,29,0,0
21381,27,0,0
21382,26,0,0
21383,24,0,0
21384,22,0,0
21385,21,0,0
21386,19,0,0
21387,17,0,0
21388,16,0,0
21389,14,0,0
21390,12,0,0
21391,11,0,0
21392,9,0,0
21393,7,0,0
21394,6,0,0
21395,4,0,0
21396,2,0,0
21397,1,0,0
21398,0,0,0
21399,-2,0,0
21400,-3,0,0
21401,-5,0,0
21402,-7,0,0
21403,-8,0,0
21404,-9,0,0
21405,-11,0,0
21406,-12,0,0
21407,-14,0,0
21408,-15,0,0
21409,-16,0,0
21410,-17,0,0
21411,-19,0,0
21412,-20,0,0
21413,-21,0,0
21414,-22,0,0
21415,-24,0,0
21416,-25,0,0
21417,-26,0,0
21418,-27,0,0
21419,-28,0,0
21420,-30,0,0
21421,-31,0,0
21422,-32,0,0
21423,-33,0,0
21424,-34,0,0
21425,-35,0,0
21426,-36,0,0
21427,-37,0,0
21428,-38,0,0
21429,-39,0,0
21430,-40,0,0
21431,-41,0,0
21432,-42,0,0
21433,-43,0,0
21434,-43,0,0
21435,-44,0,0
21436,-45,0,0
21437,-46,0,0
21438,-47,0,0
21439,-48,0,0
21440,-49,0,0
21441,-50,0,0
21442,-51,0,0
21443,-51,0,0
21444,-52,0,0
21445,-53,0,0
21446,-54,0,0
21447,-55,0,0
21448,-56,0,0
21449,-56,0,0
21450,-57,0,0
21451,-58,0,0
21452,-59,0,0
21453,-59,0,0
21454,-60,0,0
21455,-61,0,0
21456,-62,0,0
21457,-62,0,0
21458,-63,0,0
21459,-64,0,0
21460,-64,0,0
21461,-65,0,0
21462,-66,0,0
21463,-66,0,0
21464,-67,0,0
21465,-67,0,0
21466,-68,0,0
21467,-68,0,0
21468,-69,0,0
21469,-70,0,0
21470,-70,0,0
21471,-70,0,0
21472,-71,0,0
21473,-71,0,0
21474,-72,0,0
21475,-72,0,0
21476,-72,0,0
21477,-73,0,0
21478,-73,0,0
21479,-73,0,0
21480,-74,0,0
21481,-74,0,0
21482,-74,0,0
21483,-75,0,0
21484,-75,0,0
21485,-75,0,0
21486,-75,0,0
21487,-75,0,0
21488,-76,0,0
21489,-76,0,0
21490,-76,0,0
21491,-76,0,0
21492,-76,0,0
21493,-76,0,0
21494,-76,0,0
21495,-76,0,0
21496,-77,0,0
21497,-77,0,0
21498,-77,0,0
21499,-77,0,0
21500,-77,0,0
21501,-77,0,0
21502,-77,0,0
21503,-77,0,0
21504,-77,0,0
21505,-77,0,0
21506,-76,0,0
21507,-77,0,0
21508,-76,0,0
21509,-76,0,0
21510,-76,0,0
21511,-76,0,0
21512,-76,0,0
21513,-75,0,0
21514,-75,0,0
21515,-75,0,0
21516,-75,0,0
21517,-74,0,0
21518,-74,0,0
21519,-73,0,0
21520,-73,0,0
21521,-72,0,0
21522,-72,0,0
21523,-72,0,0
21524,-71,0,0
21525,-71,0,0
21526,-70,0,0
21527,-70,0,0
21528,-69,0,0
21529,-69,0,0
21530,-69,0,0
21531,-68,0,0
21532,-68,0,0
21533,-67,0,0
21534,-67,0,0
21535,-67,0,0
21536,-66,0,0
21537,-65,0,0
21538,-65,0,0
21539,-65,0,0
21540,-64,0,0
21541,-64,0,0
21542,-63,0,0
21543,-63,0,0
21544,-62,0,0
21545,-62,0,0
21546,-61,0,0
21547,-60,0,0
21548,-60,0,0
21549,-59,0,0
21550,-58,0,0
21551,-58,0,0
21552,-57,0,0
21553,-56,0,0
21554,-55,0,0
21555,-55,0,0
21556,-54,0,0
21557,-53,0,0
21558,-52,0,0
21559,-51,0,0
21560,-51,0,0
21561,-50,0,0
21562,-49,0,0
21563,-48,0,0
21564,-47,0,0
21565,-46,0,0
21566,-45,0,0
21567,-44,0,0
21568,-43,0,0
21569,-42,0,0
21570,-41,0,0
21571,-41,0,0
21572,-40,0,0
21573,-39,0,0
21574,-38,0,0
21575,-37,0,0
21576,-36,0,0
21577,-36,0,0
21578,-35,0,0
21579,-34,0,0
21580,-33,0,0
21581,-32,0,0
21582,-32,0,0
21583,-31,0,0
21584,-30,0,0
21585,-29,0,0
21586,-29,0,0
21587,-28,0,0
21588,-27,0,0
21589,-27,0,0
21590,-26,0,0
21591,-25,0,0
21592,-24,0,0
21593,-23,0,0
21594,-23,0,0
21595,-22,0,0
21596,-21,0,0
21597,-20,0,0
21598,-19,0,0
21599,-18,0,0
21600,-18,0,0
21601,-17,0,0
21602,-16,0,0
21603,-15,0,0
21604,-14,0,0
21605,-13,0,0
21606,-12,0,0
21607,-11,0,0
21608,-10,0,0
21609,-9,0,0
21610,-8,0,0
21611,-7,0,0
21612,-6,0,0
21613,-5,0,0
21614,-3,0,0
21615,-2,0,0
21616,-1,0,0
21617,0,0,0
21618,1,0,0
21619,2,0,0
21620,3,0,0
21621,5,0,0
21622,6,0,0
21623,7,0,0
21624,8,0,0
21625,9,0,0
21626,10,0,0
21627,11,0,0
21628,13,0,0
21629,14,0,0
21630,15,0,0
21631,16,0,0
21632,17,0,0
21633,18,0,0
21634,19,0,0
21635,20,0,0
21636,21,0,0
21637,22,0,0
21638,23,0,0
21639,23,0,0
21640,24,0,0
21641,25,0,0
21642,26,0,0
21643,26,0,0
21644,27,0,0
21645,28,0,0
21646,28,0,0
21647,29,0,0
21648,30,0,0
21649,30,0,0
21650,31,0,0
21651,31,0,0
21652,32,0,0
21653,33,0,0
21654,33,0,0
21655,34,0,0
21656,35,0,0
21657,35,0,0
21658,36,0,0
21659,37,0,0
21660,37,0,0
21661,38,0,0
21662,39,0,0
21663,40,0,0
21664,41,0,0
21665,42,0,0
21666,43,0,0
21667,44,0,0
21668,45,0,0
21669,46,0,0
21670,47,0,0
21671,48,0,0
21672,49,0,0
21673,50,0,0
21674,51,0,0
21675,53,0,0
21676,54,0,0
21677,55,0,0
21678,56,0,0
21679,57,0,0
21680,58,0,0
21681,58,0,0
21682,59,0,0
21683,60,0,0
21684,61,0,0
21685,62,0,0
21686,62,0,0
21687,63,0,0
21688,63,0,0
21689,64,0,0
21690,64,0,0
21691,64,0,0
21692,65,0,0
21693,65,0,0
21694,65,0,0
21695,65,0,0
21696,66,0,0
21697,65,0,0
21698,66,0,0
21699,66,0,0
21700,66,0,0
21701,66,0,0
21702,66,0,0
21703,67,0,0
21704,67,0,0
21705,67,0,0
21706,67,0,0
21707,67,0,0
21708,68,0,0
21709,68,0,0
21710,68,0,0
21711,68,0,0
21712,69,0,0
21713,69,0,0
21714,70,0,0
21715,70,0,0
21716,71,0,0
21717,71,0,0
21718,72,0,0
21719,72,0,0
21720,72,0,0
21721,73,0,0
21722,73,0,0
21723,74,0,0
21724,74,0,0
21725,74,0,0
21726,75,0,0
21727,75,0,0
21728,75,0,0
21729,75,0,0
21730,75,0,0
21731,75,0,0
21732,75,0,0
21733,75,0,0
21734,75,0,0
21735,75,0,0
21736,75,0,0
21737,75,0,0
21738,75,0,0
21739,75,0,0
21740,74,0,0
21741,74,0,0
21742,74,0,0
21743,73,0,0
21744,73,0,0
21745,73,0,0
21746,72,0,0
21747,72,0,0
21748,72,0,0
21749,71,0,0
21750,71,0,0
21751,71,0,0
21752,70,0,0
21753,70,0,0
21754,70,0,0
21755,70,0,0
21756,69,0,0
21757,69,0,0
21758,69,0,0
21759,69,0,0
21760,68,0,0
21761,68,0,0
21762,68,0,0
21763,68,0,0
21764,67,0,0
21765,67,0,0
21766,67,0,0
21767,67,0,0
21768,66,0,0
21769,66,0,0
21770,65,0,0
21771,65,0,0
21772,64,0,0
21773,64,0,0
21774,63,0,0
21775,63,0,0
21776,62,0,0
21777,61,0,0
21778,61,0,0
21779,60,0,0
21780,59,0,0
21781,59,0,0
21782,58,0,0
21783,57,0,0
21784,56,0,0
21785,55,0,0
21786,54,0,0
21787,53,0,0
21788,52,0,0
21789,51,0,0
21790,50,0,0
21791,49,0,0
21792,48,0,0
21793,47,0,0
21794,46,0,0
21795,45,0,0
21796,44,0,0
21797,43,0,0
21798,42,0,0
21799,41,0,0
21800,40,0,0
21801,39,0,0
21802,38,0,0
21803,37,0,0
21804,36,0,0
21805,35,0,0
21806,34,0,0
21807,33,0,0
21808,32,0,0
21809,31,0,0
21810,30,0,0
21811,29,0,0
21812,28,0,0
21813,27,0,0
21814,25,0,0
21815,24,0,0
21816,23,0,0
21817,22,0,0
21818,21,0,0
21819,19,0,0
21820,18,0,0
21821,17,0,0
21822,15,0,0
21823,14,0,0
21824,13,0,0
21825,11,0,0
21826,10,0,0
21827,8,0,0
21828,7,0,0
21829,5,0,0
21830,4,0,0
21831,2,0,0
21832,1,0,0
21833,0,0,0
21834,-2,0,0
21835,-4,0,0
21836,-5,0,0
21837,-7,0,0
21838,-8,0,0
21839,-10,0,0
21840,-11,0,0
21841,-13,0,0
21842,-14,0,0
21843,-16,0,0
21844,-18,0,0
21845,-19,0,0
21846,-21,0,0
21847,-22,0,0
21848,-24,0,0
21849,-25,0,0
21850,-27,0,0
21851,-28,0,0
21852,-30,0,0
21853,-32,0,0
21854,-34,0,0
21855,-35,0,0
21856,-37,0,0
21857,-39,0,0
21858,-40,0,0
21859,-42,0,0
21860,-44,0,0
21861,-45,0,0
21862,-47,0,0
21863,-49,0,0
21864,-51,0,0
21865,-53,0,0
21866,-55,0,0
21867,-56,0,0
21868,-58,0,0
21869,-60,0,0
21870,-62,0,0
21871,-64,0,0
21872,-66,0,0
21873,-68,0,0
21874,-69,0,0
21875,-71,0,0
21876,-73,0,0
21877,-75,0,0
21878,-77,0,0
21879,-79,0,0
21880,-81,0,0
21881,-83,0,0
21882,-85,0,0
21883,-87,0,0
21884,-89,0,0
21885,-91,0,0
21886,-93,0,0
21887,-95,0,0
21888,-97,0,0
21889,-99,0,0
21890,-101,0,0
21891,-102,0,0
21892,-104,0,0
21893,-106,0,0
21894,-108,0,0
21895,-110,0,0
21896,-112,0,0
21897,-114,0,0
21898,-116,0,0
21899,-118,0,0
21900,-120,0,0
21901,-122,0,0
21902,-124,0,0
21903,-126,0,0
21904,-128,0,0
21905,-130,0,0
21906,-132,0,0
21907,-134,0,0
21908,-136,0,0
21909,-137,0,0
21910,-139,0,0
21911,-141,0,0
21912,-143,0,0
21913,-145,0,0
21914,-147,0,0
21915,-149,0,0
21916,-151,0,0
21917,-153,0,0
21918,-155,0,0
21919,-157,0,0
21920,-159,0,0
21921,-161,0,0
21922,-163,0,0
21923,-166,0,0
21924,-168,0,0
21925,-170,0,0
21926,-172,0,0
21927,-174,0,0
21928,-176,0,0
21929,-178,0,0
21930,-180,0,0
21931,-182,0,0
21932,-184,0,0
21933,-186,0,0
21934,-189,0,0
21935,-190,0,0
21936,-192,0,0
21937,-194,0,0
21938,-196,0,0
21939,-198,0,0
21940,-200,0,0
21941,-202,0,0
21942,-204,0,0
21943,-206,0,0
21944,-208,0,0
21945,-210,0,0
21946,-211,0,0
21947,-213,0,0
21948,-215,0,0
21949,-216,0,0
21950,-218,0,0
21951,-220,0,0
21952,-222,0,0
21953,-224,0,0
21954,-225,0,0
21955,-227,0,0
21956,-229,0,0
21957,-231,0,0
21958,-232,0,0
21959,-234,0,0
21960,-236,0,0
21961,-238,0,0
21962,-240,0,0
21963,-241,0,0
21964,-243,0,0
21965,-245,0,0
21966,-247,0,0
21967,-249,0,0
21968,-251,0,0
21969,-253,0,0
21970,-255,0,0
21971,-257,0,0
21972,-259,0,0
21973,-261,0,0
21974,-263,0,0
21975,-264,0,0
21976,-266,0,0
21977,-268,0,0
21978,-270,0,0
21979,-272,0,0
21980,-274,0,0
21981,-276,0,0
21982,-278,0,0
21983,-279,0,0
21984,-281,0,0
21985,-283,0,0
21986,-284,0,0
21987,-286,0,0
21988,-287,0,0
21989,-289,0,0
21990,-291,0,0
21991,-292,0,0
21992,-293,0,0
21993,-295,0,0
21994,-296,0,0
21995,-297,0,0
21996,-299,0,0
21997,-300,0,0
21998,-301,0,0
21999,-303,0,0
22000,-304,0,0
22001,-305,0,0
22002,-306,0,0
22003,-308,0,0
22004,-309,0,0
22005,-310,0,0
22006,-311,0,0
22007,-313,0,0
22008,-314,0,0
22009,-315,0,0
22010,-316,0,0
22011,-318,0,0
22012,-319,0,0
22013,-320,0,0
22014,-322,0,0
22015,-323,0,0
22016,-324,0,0
22017,-325,0,0
22018,-327,0,0
22019,-328,0,0
22020,-329,0,0
22021,-330,0,0
22022,-332,0,0
22023,-333,0,0
22024,-334,0,0
22025,-335,0,0
22026,-336,0,0
22027,-337,0,0
22028,-339,0,0
22029,-340,0,0
22030,-341,0,0
22031,-342,0,0
22032,-343,0,0
22033,-343,0,0
22034,-344,0,0
22035,-345,0,0
22036,-346,0,0
22037,-347,0,0
22038,-348,0,0
22039,-348,0,0
22040,-349,0,0
22041,-350,0,0
22042,-350,0,0
22043,-351,0,0
22044,-352,0,0
22045,-352,0,0
22046,-353,0,0
22047,-353,0,0
22048,-354,0,0
22049,-354,0,0
22050,-355,0,0
22051,-355,0,0
22052,-356,0,0
22053,-356,0,0
22054,-356,0,0
22055,-357,0,0
22056,-357,0,0
22057,-357,0,0
22058,-358,0,0
22059,-358,0,0
22060,-359,0,0
22061,-359,0,0
22062,-359,0,0
22063,-359,0,0
22064,-360,0,0
22065,-360,0,0
22066,-360,0,0
22067,-360,0,0
22068,-360,0,0
22069,-360,0,0
22070,-360,0,0
22071,-360,0,0
22072,-360,0,0
22073,-360,0,0
22074,-360,0,0
22075,-360,0,0
22076,-360,0,0
22077,-360,0,0
22078,-360,0,0
22079,-360,0,0
22080,-359,0,0
22081,-359,0,0
22082,-359,0,0
22083,-359,0,0
22084,-358,0,0
22085,-358,0,0
22086,-358,0,0
22087,-358,0,0
22088,-357,0,0
22089,-357,0,0
22090,-357,0,0
22091,-356,0,0
22092,-356,0,0
22093,-356,0,0
22094,-355,0,0
22095,-355,0,0
22096,-354,0,0
22097,-354,0,0
22098,-354,0,0
22099,-353,0,0
22100,-353,0,0
22101,-352,0,0
22102,-352,0,0
22103,-351,0,0
22104,-350,0,0
22105,-350,0,0
22106,-349,0,0
22107,-349,0,0
22108,-348,0,0
22109,-347,0,0
22110,-346,0,0
22111,-346,0,0
22112,-345,0,0
22113,-344,0,0
22114,-343,0,0
22115,-342,0,0
22116,-341,0,0
22117,-340,0,0
22118,-339,0,0
22119,-338,0,0
22120,-337,0,0
22121,-336,0,0
22122,-335,0,0
22123,-334,0,0
22124,-333,0,0
22125,-332,0,0
22126,-331,0,0
22127,-330,0,0
22128,-328,0,0
22129,-327,0,0
22130,-326,0,0
22131,-325,0,0
22132,-323,0,0
22133,-322,0,0
22134,-321,0,0
22135,-319,0,0
22136,-318,0,0
22137,-317,0,0
22138,-315,0,0
22139,-314,0,0
22140,-312,0,0
22141,-311,0,0
22142,-309,0,0
22143,-308,0,0
22144,-306,0,0
22145,-304,0,0
22146,-303,0,0
22147,-301,0,0
22148,-299,0,0
22149,-298,0,0
22150,-296,0,0
22151,-295,0,0
22152,-293,0,0
22153,-291,0,0
22154,-289,0,0
22155,-287,0,0
22156,-286,0,0
22157,-284,0,0
22158,-282,0,0
22159,-280,0,0
22160,-278,0,0
22161,-277,0,0
22162,-275,0,0
22163,-273,0,0
22164,-271,0,0
22165,-269,0,0
22166,-267,0,0
22167,-265,0,0
22168,-264,0,0
22169,-262,0,0
22170,-260,0,0
22171,-258,0,0
22172,-256,0,0
22173,-254,0,0
22174,-252,0,0
22175,-250,0,0
22176,-248,0,0
22177,-246,0,0
22178,-243,0,0
22179,-241,0,0
22180,-239,0,0
22181,-237,0,0
22182,-235,0,0
22183,-233,0,0
22184,-230,0,0
22185,-228,0,0
22186,-226,0,0
22187,-224,0,0
22188,-222,0,0
22189,-219,0,0
22190,-217,0,0
22191,-215,0,0
22192,-213,0,0
22193,-210,0,0
22194,-208,0,0
22195,-206,0,0
22196,-203,0,0
22197,-201,0,0
22198,-198,0,0
22199,-196,0,0
22200,-193,0,0
22201,-191,0,0
22202,-189,0,0
22203,-186,0,0
22204,-184,0,0
22205,-181,0,0
22206,-178,0,0
22207,-176,0,0
22208,-173,0,0
22209,-170,0,0
22210,-168,0,0
22211,-165,0,0
22212,-162,0,0
22213,-160,0,0
22214,-157,0,0
22215,-154,0,0
22216,-152,0,0
22217,-149,0,0
22218,-146,0,0
22219,-143,0,0
22220,-141,0,0
22221,-138,0,0
22222,-135,0,0
22223,-132,0,0
22224,-129,0,0
22225,-127,0,0
22226,-124,0,0
22227,-121,0,0
22228,-118,0,0
22229,-115,0,0
22230,-113,0,0
22231,-110,0,0
22232,-107,0,0
22233,-104,0,0
22234,-102,0,0
22235,-99,0,0
22236,-96,0,0
22237,-93,0,0
22238,-90,0,0
22239,-88,0,0
22240,-85,0,0
22241,-82,0,0
22242,-79,0,0
22243,-76,0,0
22244,-73,0,0
22245,-71,0,0
22246,-68,0,0
22247,-65,0,0
22248,-62,0,0
22249,-59,0,0
22250,-56,0,0
22251,-54,0,0
22252,-51,0,0
22253,-48,0,0
22254,-45,0,0
22255,-42,0,0
22256,-39,0,0
22257,-37,0,0
22258,-34,0,0
22259,-31,0,0
22260,-28,0,0
22261,-25,0,0
22262,-23,0,0
22263,-20,0,0
22264,-17,0,0
22265,-14,0,0
22266,-11,0,0
22267,-8,0,0
22268,-6,0,0
22269,-3,0,0
22270,0,0,0
22271,3,0,0
22272,6,0,0
22273,9,0,0
22274,12,0,0
22275,15,0,0
22276,18,0,0
22277,21,0,0
22278,24,0,0
22279,27,0,0
22280,30,0,0
22281,33,0,0
22282,36,0,0
22283,39,0,0
22284,42,0,0
22285,45,0,0
22286,48,0,0
22287,51,0,0
22288,54,0,0
22289,58,0,0
22290,60,0,0
22291,64,0,0
22292,67,0,0
22293,70,0,0
22294,73,0,0
22295,75,0,0
22296,78,0,0
22297,81,0,0
22298,84,0,0
22299,87,0,0
22300,90,0,0
22301,93,0,0
22302,96,0,0
22303,98,0,0
22304,101,0,0
22305,104,0,0
22306,107,0,0
22307,109,0,0
22308,112,0,0
22309,115,0,0
22310,117,0,0
22311,120,0,0
22312,123,0,0
22313,126,0,0
22314,128,0,0
22315,131,0,0
22316,134,0,0
22317,136,0,0
22318,139,0,0
22319,142,0,0
22320,144,0,0
22321,147,0,0
22322,150,0,0
22323,153,0,0
22324,155,0,0
22325,158,0,0
22326,161,0,0
22327,163,0,0
22328,166,0,0
22329,169,0,0
22330,171,0,0
22331,174,0,0
22332,176,0,0
22333,179,0,0
22334,182,0,0
22335,184,0,0
22336,187,0,0
22337,189,0,0
22338,192,0,0
22339,194,0,0
22340,196,0,0
22341,199,0,0
22342,201,0,0
22343,204,0,0
22344,206,0,0
22345,209,0,0
22346,211,0,0
22347,214,0,0
22348,216,0,0
22349,218,0,0
22350,221,0,0
22351,223,0,0
22352,225,0,0
22353,228,0,0
22354,230,0,0
22355,232,0,0
22356,234,0,0
22357,237,0,0
22358,239,0,0
22359,241,0,0
22360,243,0,0
22361,245,0,0
22362,247,0,0
22363,250,0,0
22364,252,0,0
22365,254,0,0
22366,256,0,0
22367,258,0,0
22368,260,0,0
22369,262,0,0
22370,264,0,0
22371,266,0,0
22372,268,0,0
22373,270,0,0
22374,272,0,0
22375,274,0,0
22376,275,0,0
22377,277,0,0
22378,279,0,0
22379,281,0,0
22380,283,0,0
22381,285,0,0
22382,286,0,0
22383,288,0,0
22384,290,0,0
22385,291,0,0
22386,293,0,0
22387,295,0,0
22388,297,0,0
22389,298,0,0
22390,300,0,0
22391,301,0,0
22392,303,0,0
22393,305,0,0
22394,306,0,0
22395,308,0,0
22396,309,0,0
22397,311,0,0
22398,312,0,0
22399,314,0,0
22400,315,0,0
22401,316,0,0
22402,318,0,0
22403,319,0,0
22404,320,0,0
22405,322,0,0
22406,323,0,0
22407,324,0,0
22408,325,0,0
22409,327,0,0
22410,328,0,0
22411,329,0,0
22412,330,0,0
22413,331,0,0
22414,332,0,0
22415,333,0,0
22416,334,0,0
22417,336,0,0
22418,336,0,0
22419,338,0,0
22420,338,0,0
22421,339,0,0
22422,340,0,0
22423,341,0,0
22424,342,0,0
22425,343,0,0
22426,344,0,0
22427,345,0,0
22428,346,0,0
22429,346,0,0
22430,347,0,0
22431,348,0,0
22432,349,0,0
22433,349,0,0
22434,350,0,0
22435,351,0,0
22436,351,0,0
22437,352,0,0
22438,353,0,0
22439,353,0,0
22440,354,0,0
22441,355,0,0
22442,355,0,0
22443,356,0,0
22444,356,0,0
22445,357,0,0
22446,357,0,0
22447,358,0,0
22448,358,0,0
22449,359,0,0
22450,359,0,0
22451,359,0,0
22452,360,0,0
22453,360,0,0
22454,360,0,0
22455,361,0,0
22456,361,0,0
22457,361,0,0
22458,361,0,0
22459,361,0,0
22460,361,0,0
22461,361,0,0
22462,361,0,0
22463,361,0,0
22464,361,0,0
22465,361,0,0
22466,361,0,0
22467,361,0,0
22468,360,0,0
22469,360,0,0
22470,360,0,0
22471,359,0,0
22472,359,0,0
22473,359,0,0
22474,358,0,0
22475,358,0,0
22476,357,0,0
22477,357,0,0
22478,356,0,0
22479,356,0,0
22480,355,0,0
22481,355,0,0
22482,354,0,0
22483,354,0,0
22484,353,0,0
22485,353,0,0
22486,352,0,0
22487,352,0,0
22488,351,0,0
22489,351,0,0
22490,350,0,0
22491,349,0,0
22492,349,0,0
22493,348,0,0
22494,348,0,0
22495,347,0,0
22496,347,0,0
22497,346,0,0
22498,345,0,0
22499,345,0,0
22500,344,0,0
22501,344,0,0
22502,343,0,0
22503,342,0,0
22504,342,0,0
22505,341,0,0
22506,340,0,0
22507,339,0,0
22508,339,0,0
22509,338,0,0
22510,337,0,0
22511,336,0,0
22512,335,0,0
22513,334,0,0
22514,333,0,0
22515,332,0,0
22516,331,0,0
22517,330,0,0
22518,329,0,0
22519,328,0,0
22520,327,0,0
22521,326,0,0
22522,325,0,0
22523,324,0,0
22524,323,0,0
22525,322,0,0
22526,320,0,0
22527,319,0,0
22528,318,0,0
22529,317,0,0
22530,315,0,0
22531,314,0,0
22532,313,0,0
22533,312,0,0
22534,310,0,0
22535,309,0,0
22536,308,0,0
22537,306,0,0
22538,305,0,0
22539,304,0,0
22540,302,0,0
22541,301,0,0
22542,299,0,0
22543,298,0,0
22544,296,0,0
22545,295,0,0
22546,293,0,0
22547,292,0,0
22548,290,0,0
22549,289,0,0
22550,287,0,0
22551,286,0,0
22552,284,0,0
22553,283,0,0
22554,281,0,0
22555,279,0,0
22556,277,0,0
22557,276,0,0
22558,274,0,0
22559,273,0,0
22560,271,0,0
22561,269,0,0
22562,268,0,0
22563,266,0,0
22564,264,0,0
22565,263,0,0
22566,261,0,0
22567,259,0,0
22568,258,0,0
22569,256,0,0
22570,254,0,0
22571,252,0,0
22572,251,0,0
22573,249,0,0
22574,247,0,0
22575,245,0,0
22576,243,0,0
22577,241,0,0
22578,239,0,0
22579,237,0,0
22580,235,0,0
22581,233,0,0
22582,231,0,0
22583,229,0,0
22584,227,0,0
22585,225,0,0
22586,223,0,0
22587,221,0,0
22588,219,0,0
22589,217,0,0
22590,215,0,0
22591,212,0,0
22592,210,0,0
22593,208,0,0
22594,206,0,0
22595,204,0,0
22596,202,0,0
22597,200,0,0
22598,198,0,0
22599,196,0,0
22600,194,0,0
22601,192,0,0
22602,190,0,0
22603,188,0,0
22604,186,0,0
22605,184,0,0
22606,182,0,0
22607,180,0,0
22608,178,0,0
22609,177,0,0
22610,175,0,0
22611,173,0,0
22612,171,0,0
22613,169,0,0
22614,167,0,0
22615,165,0,0
22616,163,0,0
22617,161,0,0
22618,159,0,0
22619,158,0,0
22620,155,0,0
22621,154,0,0
22622,152,0,0
22623,150,0,0
22624,148,0,0
22625,146,0,0
22626,144,0,0
22627,141,0,0
22628,140,0,0
22629,138,0,0
22630,136,0,0
22631,133,0,0
22632,131,0,0
22633,129,0,0
22634,127,0,0
22635,125,0,0
22636,123,0,0
22637,121,0,0
22638,119,0,0
22639,117,0,0
22640,115,0,0
22641,112,0,0
22642,110,0,0
22643,108,0,0
22644,106,0,0
22645,104,0,0
22646,102,0,0
22647,100,0,0
22648,98,0,0
22649,96,0,0
22650,94,0,0
22651,92,0,0
22652,90,0,0
22653,88,0,0
22654,86,0,0
22655,84,0,0
22656,82,0,0
22657,80,0,0
22658,78,0,0
22659,76,0,0
22660,74,0,0
22661,72,0,0
22662,70,0,0
22663,68,0,0
22664,67,0,0
22665,65,0,0
22666,63,0,0
22667,61,0,0
22668,60,0,0
22669,58,0,0
22670,56,0,0
22671,54,0,0
22672,53,0,0
22673,51,0,0
22674,49,0,0
22675,48,0,0
22676,46,0,0
22677,44,0,0
22678,42,0,0
22679,41,0,0
22680,39,0,0
22681,37,0,0
22682,36,0,0
22683,34,0,0
22684,32,0,0
22685,31,0,0
22686,29,0,0
22687,28,0,0
22688,26,0,0
22689,24,0,0
22690,22,0,0
22691,21,0,0
22692,19,0,0
22693,18,0,0
22694,16,0,0
22695,14,0,0
22696,13,0,0
22697,11,0,0
22698,10,0,0
22699,8,0,0
22700,7,0,0
22701,5,0,0
22702,3,0,0
22703,2,0,0
22704,0,0,0
22705,-1,0,0
22706,-2,0,0
22707,-4,0,0
22708,-5,0,0
22709,-7,0,0
22710,-8,0,0
22711,-10,0,0
22712,-11,0,0
22713,-12,0,0
22714,-14,0,0
22715,-15,0,0
22716,-16,0,0
22717,-18,0,0
22718,-19,0,0
22719,-21,0,0
22720,-22,0,0
22721,-23,0,0
22722,-24,0,0
22723,-25,0,0
22724,-27,0,0
22725,-28,0,0
22726,-29,0,0
22727,-30,0,0
22728,-31,0,0
22729,-33,0,0
22730,-33,0,0
22731,-35,0,0
22732,-36,0,0
22733,-37,0,0
22734,-38,0,0
22735,-39,0,0
22736,-40,0,0
22737,-41,0,0
22738,-42,0,0
22739,-43,0,0
22740,-44,0,0
22741,-45,0,0
22742,-46,0,0
22743,-47,0,0
22744,-48,0,0
22745,-49,0,0
22746,-50,0,0
22747,-51,0,0
22748,-51,0,0
22749,-52,0,0
22750,-53,0,0
22751,-54,0,0
22752,-55,0,0
22753,-56,0,0
22754,-57,0,0
22755,-58,0,0
22756,-58,0,0
22757,-59,0,0
22758,-60,0,0
22759,-61,0,0
22760,-61,0,0
22761,-62,0,0
22762,-63,0,0
22763,-64,0,0
22764,-64,0,0
22765,-65,0,0
22766,-66,0,0
22767,-66,0,0
22768,-67,0,0
22769,-67,0,0
22770,-68,0,0
22771,-68,0,0
22772,-69,0,0
22773,-69,0,0
22774,-70,0,0
22775,-70,0,0
22776,-70,0,0
22777,-70,0,0
22778,-71,0,0
22779,-71,0,0
22780,-71,0,0
22781,-72,0,0
22782,-72,0,0
22783,-72,0,0
22784,-73,0,0
22785,-73,0,0
22786,-73,0,0
22787,-74,0,0
22788,-74,0,0
22789,-74,0,0
22790,-74,0,0
22791,-75,0,0
22792,-75,0,0
22793,-75,0,0
22794,-75,0,0
22795,-75,0,0
22796,-76,0,0
22797,-76,0,0
22798,-76,0,0
22799,-76,0,0
22800,-76,0,0
22801,-76,0,0
22802,-76,0,0
22803,-76,0,0
22804,-76,0,0
22805,-77,0,0
22806,-77,0,0
22807,-77,0,0
22808,-77,0,0
22809,-77,0,0
22810,-77,0,0
22811,-77,0,0
22812,-77,0,0
22813,-76,0,0
22814,-76,0,0
22815,-76,0,0
22816,-76,0,0
22817,-76,0,0
22818,-76,0,0
22819,-76,0,0
22820,-75,0,0
22821,-75,0,0
22822,-75,0,0
22823,-75,0,0
22824,-74,0,0
22825,-74,0,0
22826,-74,0,0
22827,-74,0,0
22828,-73,0,0
22829,-73,0,0
22830,-73,0,0
22831,-72,0,0
22832,-72,0,0
22833,-72,0,0
22834,-71,0,0
22835,-70,0,0
22836,-70,0,0
22837,-70,0,0
22838,-69,0,0
22839,-69,0,0
22840,-68,0,0
22841,-68,0,0
22842,-67,0,0
22843,-66,0,0
22844,-66,0,0
22845,-65,0,0
22846,-64,0,0
22847,-64,0,0
22848,-63,0,0
22849,-62,0,0
22850,-62,0,0
22851,-61,0,0
22852,-60,0,0
22853,-59,0,0
22854,-59,0,0
22855,-58,0,0
22856,-57,0,0
22857,-57,0,0
22858,-56,0,0
22859,-55,0,0
22860,-55,0,0
22861,-54,0,0
22862,-53,0,0
22863,-52,0,0
22864,-52,0,0
22865,-51,0,0
22866,-50,0,0
22867,-49,0,0
22868,-49,0,0
22869,-48,0,0
22870,-47,0,0
22871,-46,0,0
22872,-46,0,0
22873,-45,0,0
22874,-44,0,0
22875,-43,0,0
22876,-42,0,0
22877,-42,0,0
22878,-41,0,0
22879,-40,0,0
22880,-39,0,0
22881,-38,0,0
22882,-37,0,0
22883,-36,0,0
22884,-35,0,0
22885,-34,0,0
22886,-33,0,0
22887,-33,0,0
22888,-32,0,0
22889,-31,0,0
22890,-30,0,0
22891,-29,0,0
22892,-28,0,0
22893,-27,0,0
22894,-26,0,0
22895,-25,0,0
22896,-24,0,0
22897,-23,0,0
22898,-22,0,0
22899,-21,0,0
22900,-20,0,0
22901,-20,0,0
22902,-19,0,0
22903,-18,0,0
22904,-17,0,0
22905,-16,0,0
22906,-15,0,0
22907,-14,0,0
22908,-13,0,0
22909,-13,0,0
22910,-12,0,0
22911,-11,0,0
22912,-10,0,0
22913,-9,0,0
22914,-8,0,0
22915,-8,0,0
22916,-7,0,0
22917,-6,0,0
22918,-5,0,0
22919,-4,0,0
22920,-3,0,0
22921,-2,0,0
22922,-1,0,0
22923,0,0,0
22924,1,0,0
22925,2,0,0
22926,3,0,0
22927,4,0,0
22928,5,0,0
22929,6,0,0
22930,7,0,0
22931,9,0,0
22932,9,0,0
22933,10,0,0
22934,12,0,0
22935,13,0,0
22936,14,0,0
22937,15,0,0
22938,15,0,0
22939,16,0,0
22940,17,0,0
22941,18,0,0
22942,19,0,0
22943,20,0,0
22944,21,0,0
22945,22,0,0
22946,23,0,0
22947,23,0,0
22948,25,0,0
22949,25,0,0
22950,26,0,0
22951,27,0,0
22952,28,0,0
22953,28,0,0
22954,29,0,0
22955,30,0,0
22956,30,0,0
22957,31,0,0
22958,32,0,0
22959,32,0,0
22960,33,0,0
22961,34,0,0
22962,35,0,0
22963,36,0,0
22964,37,0,0
22965,37,0,0
22966,38,0,0
22967,39,0,0
22968,40,0,0
22969,41,0,0
22970,42,0,0
22971,42,0,0
22972,43,0,0
22973,44,0,0
22974,45,0,0
22975,46,0,0
22976,47,0,0
22977,48,0,0
22978,48,0,0
22979,49,0,0
22980,50,0,0
22981,51,0,0
22982,52,0,0
22983,53,0,0
22984,53,0,0
22985,54,0,0
22986,55,0,0
22987,55,0,0
22988,56,0,0
22989,57,0,0
22990,57,0,0
22991,58,0,0
22992,58,0,0
22993,59,0,0
22994,59,0,0
22995,60,0,0
22996,60,0,0
22997,61,0,0
22998,61,0,0
22999,62,0,0
23000,62,0,0
23001,63,0,0
23002,63,0,0
23003,63,0,0
23004,64,0,0
23005,64,0,0
23006,65,0,0
23007,65,0,0
23008,66,0,0
23009,66,0,0
23010,66,0,0
23011,67,0,0
23012,67,0,0
23013,68,0,0
23014,68,0,0
23015,69,0,0
23016,69,0,0
23017,70,0,0
23018,70,0,0
23019,70,0,0
23020,71,0,0
23021,71,0,0
23022,72,0,0
23023,72,0,0
23024,73,0,0
23025,73,0,0
23026,73,0,0
23027,74,0,0
23028,74,0,0
23029,74,0,0
23030,74,0,0
23031,75,0,0
23032,75,0,0
23033,75,0,0
23034,75,0,0
23035,75,0,0
23036,75,0,0
23037,76,0,0
23038,76,0,0
23039,76,0,0
23040,76,0,0
23041,76,0,0
23042,76,0,0
23043,76,0,0
23044,76,0,0
23045,75,0,0
23046,75,0,0
23047,75,0,0
23048,75,0,0
23049,75,0,0
23050,74,0,0
23051,74,0,0
23052,74,0,0
23053,73,0,0
23054,73,0,0
23055,73,0,0
23056,72,0,0
23057,72,0,0
23058,72,0,0
23059,71,0,0
23060,71,0,0
23061,70,0,0
23062,70,0,0
23063,69,0,0
23064,69,0,0
23065,69,0,0
23066,68,0,0
23067,67,0,0
23068,67,0,0
23069,67,0,0
23070,66,0,0
23071,66,0,0
23072,65,0,0
23073,65,0,0
23074,64,0,0
23075,64,0,0
23076,63,0,0
23077,63,0,0
23078,62,0,0
23079,62,0,0
23080,61,0,0
23081,61,0,0
23082,60,0,0
23083,59,0,0
23084,59,0,0
23085,58,0,0
23086,58,0,0
23087,57,0,0
23088,56,0,0
23089,56,0,0
23090,55,0,0
23091,54,0,0
23092,54,0,0
23093,53,0,0
23094,52,0,0
23095,51,0,0
23096,50,0,0
23097,49,0,0
23098,48,0,0
23099,48,0,0
23100,47,0,0
23101,46,0,0
23102,45,0,0
23103,44,0,0
23104,43,0,0
23105,42,0,0
23106,41,0,0
23107,39,0,0
23108,38,0,0
23109,37,0,0
23110,36,0,0
23111,35,0,0
23112,34,0,0
23113,33,0,0
23114,32,0,0
23115,31,0,0
23116,29,0,0
23117,28,0,0
23118,27,0,0
23119,26,0,0
23120,25,0,0
23121,24,0,0
23122,23,0,0
23123,21,0,0
23124,20,0,0
23125,19,0,0
23126,18,0,0
23127,16,0,0
23128,15,0,0
23129,14,0,0
23130,13,0,0
23131,11,0,0
23132,10,0,0
23133,9,0,0
23134,7,0,0
23135,6,0,0
23136,4,0,0
23137,2,0,0
23138,1,0,0
23139,-1,0,0
23140,-2,0,0
23141,-4,0,0
23142,-5,0,0
23143,-7,0,0
23144,-9,0,0
23145,-10,0,0
23146,-12,0,0
23147,-14,0,0
23148,-15,0,0
23149,-17,0,0
23150,-18,0,0
23151,-20,0,0
23152,-22,0,0
23153,-23,0,0
23154,-25,0,0
23155,-26,0,0
23156,-28,0,0
23157,-30,0,0
23158,-31,0,0
23159,-33,0,0
23160,-34,0,0
23161,-36,0,0
23162,-38,0,0
23163,-39,0,0
23164,-41,0,0
23165,-42,0,0
23166,-44,0,0
23167,-46,0,0
23168,-47,0,0
23169,-49,0,0
23170,-51,0,0
23171,-52,0,0
23172,-54,0,0
23173,-56,0,0
23174,-58,0,0
23175,-59,0,0
23176,-61,0,0
23177,-63,0,0
23178,-65,0,0
23179,-67,0,0
23180,-69,0,0
23181,-70,0,0
23182,-72,0,0
23183,-74,0,0
23184,-76,0,0
23185,-78,0,0
23186,-80,0,0
23187,-82,0,0
23188,-84,0,0
23189,-86,0,0
23190,-88,0,0
23191,-89,0,0
23192,-91,0,0
23193,-93,0,0
23194,-95,0,0
23195,-97,0,0
23196,-99,0,0
23197,-101,0,0
23198,-103,0,0
23199,-105,0,0
23200,-106,0,0
23201,-108,0,0
23202,-110,0,0
23203,-112,0,0
23204,-114,0,0
23205,-116,0,0
23206,-118,0,0
23207,-120,0,0
23208,-122,0,0
23209,-124,0,0
23210,-126,0,0
23211,-128,0,0
23212,-131,0,0
23213,-133,0,0
23214,-135,0,0
23215,-137,0,0
23216,-139,0,0
23217,-141,0,0
23218,-143,0,0
23219,-146,0,0
23220,-148,0,0
23221,-150,0,0
23222,-152,0,0
23223,-155,0,0
23224,-156,0,0
23225,-159,0,0
23226,-161,0,0
23227,-163,0,0
23228,-165,0,0
23229,-167,0,0
23230,-169,0,0
23231,-172,0,0
23232,-174,0,0
23233,-176,0,0
23234,-178,0,0
23235,-180,0,0
23236,-182,0,0
23237,-184,0,0
23238,-186,0,0
23239,-188,0,0
23240,-190,0,0
23241,-192,0,0
23242,-194,0,0
23243,-196,0,0
23244,-198,0,0
23245,-200,0,0
23246,-201,0,0
23247,-203,0,0
23248,-206,0,0
23249,-207,0,0
23250,-209,0,0
23251,-211,0,0
23252,-213,0,0
23253,-215,0,0
23254,-217,0,0
23255,-219,0,0
23256,-221,0,0
23257,-223,0,0
23258,-225,0,0
23259,-227,0,0
23260,-229,0,0
23261,-231,0,0
23262,-233,0,0
23263,-235,0,0
23264,-236,0,0
23265,-239,0,0
23266,-240,0,0
23267,-242,0,0
23268,-244,0,0
23269,-246,0,0
23270,-247,0,0
23271,-249,0,0
23272,-251,0,0
23273,-253,0,0
23274,-254,0,0
23275,-256,0,0
23276,-257,0,0
23277,-259,0,0
23278,-260,0,0
23279,-262,0,0
23280,-263,0,0
23281,-265,0,0
23282,-266,0,0
23283,-268,0,0
23284,-269,0,0
23285,-270,0,0
23286,-272,0,0
23287,-274,0,0
23288,-275,0,0
23289,-276,0,0
23290,-278,0,0
23291,-279,0,0
23292,-281,0,0
23293,-283,0,0
23294,-284,0,0
23295,-286,0,0
23296,-287,0,0
23297,-289,0,0
23298,-290,0,0
23299,-292,0,0
23300,-294,0,0
23301,-295,0,0
23302,-297,0,0
23303,-299,0,0
23304,-300,0,0
23305,-302,0,0
23306,-304,0,0
23307,-305,0,0
23308,-307,0,0
23309,-309,0,0
23310,-310,0,0
23311,-312,0,0
23312,-313,0,0
23313,-315,0,0
23314,-317,0,0
23315,-318,0,0
23316,-320,0,0
23317,-321,0,0
23318,-322,0,0
23319,-324,0,0
23320,-325,0,0
23321,-326,0,0
23322,-327,0,0
23323,-328,0,0
23324,-330,0,0
23325,-331,0,0
23326,-332,0,0
23327,-333,0,0
23328,-333,0,0
23329,-334,0,0
23330,-335,0,0
23331,-336,0,0
23332,-337,0,0
23333,-338,0,0
23334,-339,0,0
23335,-340,0,0
23336,-340,0,0
23337,-341,0,0
23338,-342,0,0
23339,-343,0,0
23340,-344,0,0
23341,-344,0,0
23342,-345,0,0
23343,-346,0,0
23344,-347,0,0
23345,-348,0,0
23346,-348,0,0
23347,-349,0,0
23348,-350,0,0
23349,-350,0,0
23350,-351,0,0
23351,-352,0,0
23352,-352,0,0
23353,-353,0,0
23354,-354,0,0
23355,-354,0,0
23356,-355,0,0
23357,-355,0,0
23358,-356,0,0
23359,-357,0,0
23360,-357,0,0
23361,-357,0,0
23362,-358,0,0
23363,-358,0,0
23364,-359,0,0
23365,-359,0,0
23366,-359,0,0
23367,-360,0,0
23368,-360,0,0
23369,-360,0,0
23370,-360,0,0
23371,-360,0,0
23372,-361,0,0
23373,-361,0,0
23374,-361,0,0
23375,-361,0,0
23376,-361,0,0
23377,-361,0,0
23378,-361,0,0
23379,-361,0,0
23380,-361,0,0
23381,-361,0,0
23382,-361,0,0
23383,-361,0,0
23384,-361,0,0
23385,-361,0,0
23386,-361,0,0
23387,-361,0,0
23388,-361,0,0
23389,-360,0,0
23390,-360,0,0
23391,-360,0,0
23392,-360,0,0
23393,-359,0,0
23394,-359,0,0
23395,-359,0,0
23396,-358,0,0
23397,-358,0,0
23398,-358,0,0
23399,-357,0,0
23400,-357,0,0
23401,-356,0,0
23402,-356,0,0
23403,-355,0,0
23404,-354,0,0
23405,-354,0,0
23406,-353,0,0
23407,-352,0,0
23408,-352,0,0
23409,-351,0,0
23410,-350,0,0
23411,-349,0,0
23412,-349,0,0
23413,-348,0,0
23414,-347,0,0
23415,-346,0,0
23416,-345,0,0
23417,-345,0,0
23418,-344,0,0
23419,-343,0,0
23420,-342,0,0
23421,-341,0,0
23422,-340,0,0
23423,-339,0,0
23424,-338,0,0
23425,-337,0,0
23426,-336,0,0
23427,-336,0,0
23428,-335,0,0
23429,-334,0,0
23430,-333,0,0
23431,-331,0,0
23432,-331,0,0
23433,-329,0,0
23434,-328,0,0
23435,-327,0,0
23436,-326,0,0
23437,-325,0,0
23438,-323,0,0
23439,-322,0,0
23440,-321,0,0
23441,-320,0,0
23442,-318,0,0
23443,-317,0,0
23444,-316,0,0
23445,-314,0,0
23446,-313,0,0
23447,-311,0,0
23448,-310,0,0
23449,-308,0,0
23450,-307,0,0
23451,-305,0,0
23452,-304,0,0
23453,-302,0,0
23454,-300,0,0
23455,-299,0,0
23456,-297,0,0
23457,-295,0,0
23458,-294,0,0
23459,-292,0,0
23460,-290,0,0
23461,-289,0,0
23462,-287,0,0
23463,-285,0,0
23464,-284,0,0
23465,-282,0,0
23466,-280,0,0
23467,-278,0,0
23468,-276,0,0
23469,-275,0,0
23470,-273,0,0
23471,-271,0,0
23472,-269,0,0
23473,-267,0,0
23474,-265,0,0
23475,-263,0,0
23476,-261,0,0
23477,-259,0,0
23478,-257,0,0
23479,-255,0,0
23480,-253,0,0
23481,-251,0,0
23482,-249,0,0
23483,-247,0,0
23484,-244,0,0
23485,-242,0,0
23486,-240,0,0
23487,-238,0,0
23488,-235,0,0
23489,-233,0,0
23490,-231,0,0
23491,-229,0,0
23492,-226,0,0
23493,-224,0,0
23494,-222,0,0
23495,-219,0,0
23496,-217,0,0
23497,-215,0,0
23498,-212,0,0
23499,-210,0,0
23500,-208,0,0
23501,-205,0,0
23502,-203,0,0
23503,-201,0,0
23504,-198,0,0
23505,-196,0,0
23506,-194,0,0
23507,-191,0,0
23508,-189,0,0
23509,-187,0,0
23510,-184,0,0
23511,-182,0,0
23512,-179,0,0
23513,-177,0,0
23514,-174,0,0
23515,-172,0,0
23516,-169,0,0
23517,-167,0,0
23518,-164,0,0
23519,-161,0,0
23520,-159,0,0
23521,-156,0,0
23522,-154,0,0
23523,-151,0,0
23524,-148,0,0
23525,-145,0,0
23526,-143,0,0
23527,-140,0,0
23528,-137,0,0
23529,-134,0,0
23530,-132,0,0
23531,-129,0,0
23532,-126,0,0
23533,-123,0,0
23534,-120,0,0
23535,-117,0,0
23536,-115,0,0
23537,-112,0,0
23538,-109,0,0
23539,-106,0,0
23540,-103,0,0
23541,-100,0,0
23542,-97,0,0
23543,-94,0,0
23544,-92,0,0
23545,-89,0,0
23546,-86,0,0
23547,-83,0,0
23548,-80,0,0
23549,-77,0,0
23550,-74,0,0
23551,-71,0,0
23552,-68,0,0
23553,-65,0,0
23554,-62,0,0
23555,-59,0,0
23556,-56,0,0
23557,-53,0,0
23558,-50,0,0
23559,-47,0,0
23560,-44,0,0
23561,-41,0,0
23562,-38,0,0
23563,-35,0,0
23564,-32,0,0
23565,-29,0,0
23566,-26,0,0
23567,-23,0,0
23568,-20,0,0
23569,-17,0,0
23570,-14,0,0
23571,-11,0,0
23572,-9,0,0
23573,-6,0,0
23574,-3,0,0
23575,0,0,0
23576,3,0,0
23577,6,0,0
23578,9,0,0
23579,12,0,0
23580,15,0,0
23581,18,0,0
23582,21,0,0
23583,23,0,0
23584,26,0,0
23585,29,0,0
23586,32,0,0
23587,35,0,0
23588,38,0,0
23589,41,0,0
23590,44,0,0
23591,47,0,0
23592,50,0,0
23593,52,0,0
23594,55,0,0
23595,58,0,0
23596,61,0,0
23597,64,0,0
23598,67,0,0
23599,70,0,0
23600,73,0,0
23601,75,0,0
23602,78,0,0
23603,81,0,0
23604,84,0,0
23605,87,0,0
23606,89,0,0
23607,92,0,0
23608,95,0,0
23609,98,0,0
23610,101,0,0
23611,103,0,0
23612,106,0,0
23613,109,0,0
23614,111,0,0
23615,114,0,0
23616,117,0,0
23617,119,0,0
23618,122,0,0
23619,125,0,0
23620,127,0,0
23621,130,0,0
23622,133,0,0
23623,135,0,0
23624,138,0,0
23625,140,0,0
23626,143,0,0
23627,146,0,0
23628,148,0,0
23629,151,0,0
23630,154,0,0
23631,156,0,0
23632,159,0,0
23633,161,0,0
23634,164,0,0
23635,166,0,0
23636,169,0,0
23637,172,0,0
23638,174,0,0
23639,177,0,0
23640,179,0,0
23641,182,0,0
23642,184,0,0
23643,186,0,0
23644,189,0,0
23645,191,0,0
23646,194,0,0
23647,196,0,0
23648,199,0,0
23649,201,0,0
23650,203,0,0
23651,206,0,0
23652,208,0,0
23653,210,0,0
23654,213,0,0
23655,215,0,0
23656,217,0,0
23657,220,0,0
23658,222,0,0
23659,224,0,0
23660,227,0,0
23661,229,0,0
23662,231,0,0
23663,234,0,0
23664,236,0,0
23665,238,0,0
23666,240,0,0
23667,243,0,0
23668,245,0,0
23669,247,0,0
23670,249,0,0
23671,252,0,0
23672,254,0,0
23673,256,0,0
23674,258,0,0
23675,260,0,0
23676,262,0,0
23677,264,0,0
23678,266,0,0
23679,268,0,0
23680,270,0,0
23681,272,0,0
23682,274,0,0
23683,276,0,0
23684,278,0,0
23685,280,0,0
23686,281,0,0
23687,283,0,0
23688,285,0,0
23689,287,0,0
23690,289,0,0
23691,290,0,0
23692,292,0,0
23693,294,0,0
23694,295,0,0
23695,297,0,0
23696,299,0,0
23697,300,0,0
23698,302,0,0
23699,303,0,0
23700,305,0,0
23701,306,0,0
23702,308,0,0
23703,309,0,0
23704,311,0,0
23705,312,0,0
23706,314,0,0
23707,315,0,0
23708,317,0,0
23709,318,0,0
23710,319,0,0
23711,321,0,0
23712,322,0,0
23713,323,0,0
23714,325,0,0
23715,326,0,0
23716,327,0,0
23717,328,0,0
23718,329,0,0
23719,330,0,0
23720,331,0,0
23721,332,0,0
23722,334,0,0
23723,334,0,0
23724,335,0,0
23725,336,0,0
23726,337,0,0
23727,338,0,0
23728,339,0,0
23729,340,0,0
23730,341,0,0
23731,341,0,0
23732,342,0,0
23733,343,0,0
23734,344,0,0
23735,345,0,0
23736,345,0,0
23737,346,0,0
23738,347,0,0
23739,348,0,0
23740,349,0,0
23741,349,0,0
23742,350,0,0
23743,351,0,0
23744,351,0,0
23745,352,0,0
23746,353,0,0
23747,354,0,0
23748,354,0,0
23749,355,0,0
23750,355,0,0
23751,356,0,0
23752,357,0,0
23753,357,0,0
23754,357,0,0
23755,358,0,0
23756,358,0,0
23757,359,0,0
23758,359,0,0
23759,359,0,0
23760,360,0,0
23761,360,0,0
23762,360,0,0
23763,360,0,0
23764,360,0,0
23765,360,0,0
23766,361,0,0
23767,361,0,0
23768,360,0,0
23769,360,0,0
23770,360,0,0
23771,360,0,0
23772,360,0,0
23773,360,0,0
23774,360,0,0
23775,359,0,0
23776,359,0,0
23777,359,0,0
23778,359,0,0
23779,358,0,0
23780,358,0,0
23781,358,0,0
23782,357,0,0
23783,357,0,0
23784,357,0,0
23785,357,0,0
23786,356,0,0
23787,356,0,0
23788,356,0,0
23789,355,0,0
23790,355,0,0
23791,355,0,0
23792,354,0,0
23793,354,0,0
23794,353,0,0
23795,353,0,0
23796,353,0,0
23797,352,0,0
23798,352,0,0
23799,351,0,0
23800,351,0,0
23801,350,0,0
23802,350,0,0
23803,349,0,0
23804,348,0,0
23805,348,0,0
23806,347,0,0
23807,346,0,0
23808,345,0,0
23809,344,0,0
23810,344,0,0
23811,343,0,0
23812,342,0,0
23813,341,0,0
23814,340,0,0
23815,339,0,0
23816,337,0,0
23817,336,0,0
23818,335,0,0
23819,334,0,0
23820,333,0,0
23821,332,0,0
23822,331,0,0
23823,329,0,0
23824,328,0,0
23825,327,0,0
23826,326,0,0
23827,325,0,0
23828,323,0,0
23829,322,0,0
23830,321,0,0
23831,320,0,0
23832,319,0,0
23833,317,0,0
23834,316,0,0
23835,315,0,0
23836,314,0,0
23837,313,0,0
23838,311,0,0
23839,310,0,0
23840,309,0,0
23841,308,0,0
23842,307,0,0
23843,305,0,0
23844,304,0,0
23845,303,0,0
23846,302,0,0
23847,300,0,0
23848,299,0,0
23849,297,0,0
23850,296,0,0
23851,295,0,0
23852,293,0,0
23853,292,0,0
23854,290,0,0
23855,288,0,0
23856,287,0,0
23857,286,0,0
23858,284,0,0
23859,282,0,0
23860,281,0,0
23861,279,0,0
23862,277,0,0
23863,276,0,0
23864,274,0,0
23865,272,0,0
23866,271,0,0
23867,269,0,0
23868,267,0,0
23869,265,0,0
23870,264,0,0
23871,262,0,0
23872,260,0,0
23873,258,0,0
23874,257,0,0
23875,255,0,0
23876,253,0,0
23877,251,0,0
23878,249,0,0
23879,247,0,0
23880,245,0,0
23881,243,0,0
23882,242,0,0
23883,240,0,0
23884,238,0,0
23885,236,0,0
23886,234,0,0
23887,232,0,0
23888,230,0,0
23889,228,0,0
23890,226,0,0
23891,224,0,0
23892,222,0,0
23893,220,0,0
23894,218,0,0
23895,216,0,0
23896,214,0,0
23897,212,0,0
23898,210,0,0
23899,208,0,0
23900,206,0,0
23901,204,0,0
23902,202,0,0
23903,200,0,0
23904,198,0,0
23905,196,0,0
23906,194,0,0
23907,192,0,0
23908,190,0,0
23909,188,0,0
23910,186,0,0
23911,184,0,0
23912,182,0,0
23913,180,0,0
23914,179,0,0
23915,177,0,0
23916,175,0,0
23917,173,0,0
23918,171,0,0
23919,169,0,0
23920,167,0,0
23921,165,0,0
23922,163,0,0
23923,161,0,0
23924,159,0,0
23925,157,0,0
23926,155,0,0
23927,153,0,0
23928,151,0,0
23929,149,0,0
23930,147,0,0
23931,145,0,0
23932,143,0,0
23933,141,0,0
23934,138,0,0
23935,136,0,0
23936,134,0,0
23937,132,0,0
23938,130,0,0
23939,128,0,0
23940,126,0,0
23941,124,0,0
23942,122,0,0
23943,120,0,0
23944,117,0,0
23945,115,0,0
23946,113,0,0
23947,111,0,0
23948,109,0,0
23949,107,0,0
23950,105,0,0
23951,103,0,0
23952,101,0,0
23953,99,0,0
23954,97,0,0
23955,95,0,0
23956,93,0,0
23957,91,0,0
23958,89,0,0
23959,87,0,0
23960,85,0,0
23961,83,0,0
23962,82,0,0
23963,80,0,0
23964,78,0,0
23965,76,0,0
23966,75,0,0
23967,73,0,0
23968,71,0,0
23969,70,0,0
23970,68,0,0
23971,66,0,0
23972,64,0,0
23973,63,0,0
23974,62,0,0
23975,60,0,0
23976,58,0,0
23977,56,0,0
23978,55,0,0
23979,53,0,0
23980,51,0,0
23981,50,0,0
23982,48,0,0
23983,46,0,0
23984,45,0,0
23985,43,0,0
23986,41,0,0
23987,40,0,0
23988,38,0,0
23989,36,0,0
23990,34,0,0
23991,33,0,0
23992,31,0,0
23993,29,0,0
23994,27,0,0
23995,26,0,0
23996,24,0,0
23997,22,0,0
23998,20,0,0
23999,19,0,0
24000,17,0,0
24001,15,0,0
24002,13,0,0
24003,12,0,0
24004,10,0,0
24005,8,0,0
24006,7,0,0
24007,5,0,0
24008,4,0,0
24009,2,0,0
24010,1,0,0
24011,-1,0,0
24012,-2,0,0
24013,-4,0,0
24014,-5,0,0
24015,-7,0,0
24016,-8,0,0
24017,-10,0,0
24018,-11,0,0
24019,-12,0,0
24020,-14,0,0
24021,-15,0,0
24022,-16,0,0
24023,-18,0,0
24024,-19,0,0
24025,-20,0,0
24026,-21,0,0
24027,-23,0,0
24028,-24,0,0
24029,-25,0,0
24030,-26,0,0
24031,-28,0,0
24032,-29,0,0
24033,-30,0,0
24034,-31,0,0
24035,-32,0,0
24036,-33,0,0
24037,-34,0,0
24038,-35,0,0
24039,-36,0,0
24040,-37,0,0
24041,-39,0,0
24042,-39,0,0
24043,-40,0,0
24044,-41,0,0
24045,-42,0,0
24046,-43,0,0
24047,-44,0,0
24048,-45,0,0
24049,-46,0,0
24050,-47,0,0
24051,-48,0,0
24052,-49,0,0
24053,-50,0,0
24054,-51,0,0
24055,-51,0,0
24056,-52,0,0
24057,-53,0,0
24058,-54,0,0
24059,-55,0,0
24060,-56,0,0
24061,-57,0,0
24062,-58,0,0
24063,-59,0,0
24064,-59,0,0
24065,-60,0,0
24066,-61,0,0
24067,-62,0,0
24068,-63,0,0
24069,-63,0,0
24070,-64,0,0
24071,-65,0,0
24072,-65,0,0
24073,-66,0,0
24074,-66,0,0
24075,-67,0,0
24076,-68,0,0
24077,-68,0,0
24078,-68,0,0
24079,-69,0,0
24080,-69,0,0
24081,-70,0,0
24082,-70,0,0
24083,-70,0,0
24084,-71,0,0
24085,-71,0,0
24086,-71,0,0
24087,-71,0,0
24088,-71,0,0
24089,-72,0,0
24090,-72,0,0
24091,-72,0,0
24092,-72,0,0
24093,-72,0,0
24094,-73,0,0
24095,-73,0,0
24096,-73,0,0
24097,-73,0,0
24098,-73,0,0
24099,-73,0,0
24100,-74,0,0
24101,-74,0,0
24102,-74,0,0
24103,-74,0,0
24104,-74,0,0
24105,-74,0,0
24106,-75,0,0
24107,-75,0,0
24108,-75,0,0
24109,-75,0,0
24110,-75,0,0
24111,-75,0,0
24112,-75,0,0
24113,-75,0,0
24114,-75,0,0
24115,-75,0,0
24116,-75,0,0
24117,-75,0,0
24118,-75,0,0
24119,-75,0,0
24120,-75,0,0
24121,-75,0,0
24122,-75,0,0
24123,-74,0,0
24124,-74,0,0
24125,-74,0,0
24126,-74,0,0
24127,-73,0,0
24128,-73,0,0
24129,-73,0,0
24130,-72,0,0
24131,-72,0,0
24132,-72,0,0
24133,-71,0,0
24134,-71,0,0
24135,-70,0,0
24136,-70,0,0
24137,-69,0,0
24138,-69,0,0
24139,-69,0,0
24140,-68,0,0
24141,-68,0,0
24142,-67,0,0
24143,-67,0,0
24144,-67,0,0
24145,-66,0,0
24146,-66,0,0
24147,-66,0,0
24148,-65,0,0
24149,-65,0,0
24150,-64,0,0
24151,-64,0,0
24152,-63,0,0
24153,-63,0,0
24154,-62,0,0
24155,-62,0,0
24156,-61,0,0
24157,-61,0,0
24158,-60,0,0
24159,-60,0,0
24160,-59,0,0
24161,-59,0,0
24162,-58,0,0
24163,-57,0,0
24164,-57,0,0
24165,-56,0,0
24166,-55,0,0
24167,-54,0,0
24168,-54,0,0
24169,-53,0,0
24170,-52,0,0
24171,-51,0,0
24172,-50,0,0
24173,-50,0,0
24174,-49,0,0
24175,-48,0,0
24176,-47,0,0
24177,-46,0,0
24178,-45,0,0
24179,-45,0,0
24180,-44,0,0
24181,-43,0,0
24182,-42,0,0
24183,-41,0,0
24184,-40,0,0
24185,-39,0,0
24186,-39,0,0
24187,-38,0,0
24188,-37,0,0
24189,-36,0,0
24190,-35,0,0
24191,-34,0,0
24192,-33,0,0
24193,-33,0,0
24194,-32,0,0
24195,-31,0,0
24196,-30,0,0
24197,-29,0,0
24198,-28,0,0
24199,-27,0,0
24200,-26,0,0
24201,-25,0,0
24202,-25,0,0
24203,-24,0,0
24204,-23,0,0
24205,-22,0,0
24206,-21,0,0
24207,-20,0,0
24208,-19,0,0
24209,-18,0,0
24210,-17,0,0
24211,-17,0,0
24212,-16,0,0
24213,-15,0,0
24214,-14,0,0
24215,-13,0,0
24216,-12,0,0
24217,-11,0,0
24218,-10,0,0
24219,-9,0,0
24220,-8,0,0
24221,-8,0,0
24222,-7,0,0
24223,-6,0,0
24224,-5,0,0
24225,-4,0,0
24226,-3,0,0
24227,-2,0,0
24228,-1,0,0
24229,0,0,0
24230,1,0,0
24231,2,0,0
24232,3,0,0
24233,4,0,0
24234,5,0,0
24235,6,0,0
24236,7,0,0
24237,8,0,0
24238,9,0,0
24239,10,0,0
24240,11,0,0
24241,12,0,0
24242,13,0,0
24243,14,0,0
24244,15,0,0
24245,16,0,0
24246,17,0,0
24247,18,0,0
24248,19,0,0
24249,20,0,0
24250,22,0,0
24251,23,0,0
24252,24,0,0
24253,25,0,0
24254,26,0,0
24255,26,0,0
24256,27,0,0
24257,28,0,0
24258,29,0,0
24259,30,0,0
24260,31,0,0
24261,32,0,0
24262,32,0,0
24263,33,0,0
24264,34,0,0
24265,35,0,0
24266,35,0,0
24267,36,0,0
24268,37,0,0
24269,37,0,0
24270,38,0,0
24271,39,0,0
24272,40,0,0
24273,40,0,0
24274,41,0,0
24275,42,0,0
24276,43,0,0
24277,43,0,0
24278,44,0,0
24279,45,0,0
24280,46,0,0
24281,47,0,0
24282,48,0,0
24283,48,0,0
24284,50,0,0
24285,51,0,0
24286,52,0,0
24287,52,0,0
24288,53,0,0
24289,54,0,0
24290,55,0,0
24291,56,0,0
24292,57,0,0
24293,57,0,0
24294,58,0,0
24295,59,0,0
24296,60,0,0
24297,61,0,0
24298,61,0,0
24299,62,0,0
24300,62,0,0
24301,63,0,0
24302,64,0,0
24303,64,0,0
24304,65,0,0
24305,65,0,0
24306,65,0,0
24307,66,0,0
24308,66,0,0
24309,66,0,0
24310,67,0,0
24311,67,0,0
24312,67,0,0
24313,67,0,0
24314,67,0,0
24315,68,0,0
24316,68,0,0
24317,68,0,0
24318,69,0,0
24319,69,0,0
24320,69,0,0
24321,69,0,0
24322,70,0,0
24323,70,0,0
24324,70,0,0
24325,71,0,0
24326,71,0,0
24327,71,0,0
24328,71,0,0
24329,72,0,0
24330,72,0,0
24331,72,0,0
24332,72,0,0
24333,73,0,0
24334,73,0,0
24335,73,0,0
24336,73,0,0
24337,74,0,0
24338,74,0,0
24339,74,0,0
24340,74,0,0
24341,74,0,0
24342,74,0,0
24343,74,0,0
24344,74,0,0
24345,74,0,0
24346,74,0,0
24347,75,0,0
24348,74,0,0
24349,74,0,0
24350,74,0,0
24351,74,0,0
24352,74,0,0
24353,74,0,0
24354,74,0,0
24355,74,0,0
24356,74,0,0
24357,74,0,0
24358,74,0,0
24359,74,0,0
24360,73,0,0
24361,73,0,0
24362,73,0,0
24363,73,0,0
24364,73,0,0
24365,73,0,0
24366,72,0,0
24367,72,0,0
24368,72,0,0
24369,72,0,0
24370,71,0,0
24371,71,0,0
24372,71,0,0
24373,70,0,0
24374,70,0,0
24375,69,0,0
24376,69,0,0
24377,69,0,0
24378,68,0,0
24379,67,0,0
24380,67,0,0
24381,66,0,0
24382,66,0,0
24383,65,0,0
24384,64,0,0
24385,63,0,0
24386,63,0,0
24387,62,0,0
24388,61,0,0
24389,60,0,0
24390,59,0,0
24391,58,0,0
24392,58,0,0
24393,57,0,0
24394,56,0,0
24395,55,0,0
24396,54,0,0
24397,53,0,0
24398,52,0,0
24399,52,0,0
24400,51,0,0
24401,50,0,0
24402,49,0,0
24403,48,0,0
24404,47,0,0
24405,47,0,0
24406,46,0,0
24407,45,0,0
24408,44,0,0
24409,43,0,0
24410,42,0,0
24411,42,0,0
24412,41,0,0
24413,40,0,0
24414,39,0,0
24415,38,0,0
24416,37,0,0
24417,36,0,0
24418,35,0,0
24419,34,0,0
24420,33,0,0
24421,32,0,0
24422,31,0,0
24423,30,0,0
24424,28,0,0
24425,27,0,0
24426,26,0,0
24427,25,0,0
24428,24,0,0
24429,22,0,0
24430,21,0,0
24431,20,0,0
24432,19,0,0
24433,17,0,0
24434,16,0,0
24435,14,0,0
24436,13,0,0
24437,11,0,0
24438,10,0,0
24439,9,0,0
24440,7,0,0
24441,6,0,0
24442,4,0,0
24443,3,0,0
24444,1,0,0
24445,0,0,0
24446,-2,0,0
24447,-3,0,0
24448,-5,0,0
24449,-6,0,0
24450,-7,0,0
24451,-9,0,0
24452,-11,0,0
24453,-12,0,0
24454,-14,0,0
24455,-15,0,0
24456,-17,0,0
24457,-19,0,0
24458,-20,0,0
24459,-22,0,0
24460,-24,0,0
24461,-25,0,0
24462,-27,0,0
24463,-29,0,0
24464,-30,0,0
24465,-32,0,0
24466,-34,0,0
24467,-36,0,0
24468,-37,0,0
24469,-39,0,0
24470,-41,0,0
24471,-43,0,0
24472,-44,0,0
24473,-46,0,0
24474,-48,0,0
24475,-50,0,0
24476,-51,0,0
24477,-53,0,0
24478,-55,0,0
24479,-57,0,0
24480,-59,0,0
24481,-60,0,0
24482,-62,0,0
24483,-64,0,0
24484,-66,0,0
24485,-67,0,0
24486,-69,0,0
24487,-71,0,0
24488,-73,0,0
24489,-74,0,0
24490,-76,0,0
24491,-78,0,0
24492,-80,0,0
24493,-82,0,0
24494,-84,0,0
24495,-85,0,0
24496,-87,0,0
24497,-89,0,0
24498,-91,0,0
24499,-93,0,0
24500,-95,0,0
24501,-97,0,0
24502,-99,0,0
24503,-101,0,0
24504,-103,0,0
24505,-105,0,0
24506,-107,0,0
24507,-109,0,0
24508,-111,0,0
24509,-113,0,0
24510,-116,0,0
24511,-118,0,0
24512,-120,0,0
24513,-122,0,0
24514,-124,0,0
24515,-126,0,0
24516,-129,0,0
24517,-131,0,0
24518,-133,0,0
24519,-135,0,0
24520,-137,0,0
24521,-139,0,0
24522,-141,0,0
24523,-143,0,0
24524,-145,0,0
24525,-147,0,0
24526,-149,0,0
24527,-151,0,0
24528,-153,0,0
24529,-155,0,0
24530,-157,0,0
24531,-159,0,0
24532,-161,0,0
24533,-162,0,0
24534,-165,0,0
24535,-166,0,0
24536,-168,0,0
24537,-170,0,0
24538,-172,0,0
24539,-174,0,0
24540,-176,0,0
24541,-177,0,0
24542,-179,0,0
24543,-181,0,0
24544,-183,0,0
24545,-185,0,0
24546,-187,0,0
24547,-189,0,0
24548,-191,0,0
24549,-193,0,0
24550,-194,0,0
24551,-197,0,0
24552,-198,0,0
24553,-200,0,0
24554,-202,0,0
24555,-204,0,0
24556,-206,0,0
24557,-208,0,0
24558,-210,0,0
24559,-212,0,0
24560,-214,0,0
24561,-216,0,0
24562,-218,0,0
24563,-220,0,0
24564,-222,0,0
24565,-224,0,0
24566,-226,0,0
24567,-228,0,0
24568,-230,0,0
24569,-232,0,0
24570,-233,0,0
24571,-235,0,0
24572,-237,0,0
24573,-239,0,0
24574,-241,0,0
24575,-243,0,0
24576,-245,0,0
24577,-247,0,0
24578,-248,0,0
24579,-250,0,0
24580,-252,0,0
24581,-254,0,0
24582,-255,0,0
24583,-257,0,0
24584,-259,0,0
24585,-261,0,0
24586,-262,0,0
24587,-264,0,0
24588,-266,0,0
24589,-268,0,0
24590,-269,0,0
24591,-271,0,0
24592,-272,0,0
24593,-274,0,0
24594,-276,0,0
24595,-278,0,0
24596,-279,0,0
24597,-281,0,0
24598,-282,0,0
24599,-284,0,0
24600,-285,0,0
24601,-287,0,0
24602,-288,0,0
24603,-290,0,0
24604,-291,0,0
24605,-293,0,0
24606,-294,0,0
24607,-296,0,0
24608,-298,0,0
24609,-299,0,0
24610,-300,0,0
24611,-302,0,0
24612,-303,0,0
24613,-305,0,0
24614,-306,0,0
24615,-308,0,0
24616,-309,0,0
24617,-311,0,0
24618,-312,0,0
24619,-313,0,0
24620,-315,0,0
24621,-316,0,0
24622,-317,0,0
24623,-318,0,0
24624,-320,0,0
24625,-321,0,0
24626,-322,0,0
24627,-323,0,0
24628,-324,0,0
24629,-325,0,0
24630,-326,0,0
24631,-328,0,0
24632,-329,0,0
24633,-330,0,0
24634,-331,0,0
24635,-332,0,0
24636,-333,0,0
24637,-333,0,0
24638,-335,0,0
24639,-335,0,0
24640,-336,0,0
24641,-337,0,0
24642,-338,0,0
24643,-339,0,0
24644,-340,0,0
24645,-340,0,0
24646,-341,0,0
24647,-342,0,0
24648,-342,0,0
24649,-343,0,0
24650,-344,0,0
24651,-345,0,0
24652,-345,0,0
24653,-346,0,0
24654,-347,0,0
24655,-347,0,0
24656,-348,0,0
24657,-348,0,0
24658,-349,0,0
24659,-349,0,0
24660,-350,0,0
24661,-351,0,0
24662,-351,0,0
24663,-352,0,0
24664,-352,0,0
24665,-353,0,0
24666,-353,0,0
24667,-354,0,0
24668,-354,0,0
24669,-355,0,0
24670,-355,0,0
24671,-355,0,0
24672,-356,0,0
24673,-356,0,0
24674,-357,0,0
24675,-357,0,0
24676,-357,0,0
24677,-357,0,0
24678,-357,0,0
24679,-358,0,0
24680,-358,0,0
24681,-358,0,0
24682,-358,0,0
24683,-358,0,0
24684,-358,0,0
24685,-358,0,0
24686,-358,0,0
24687,-358,0,0
24688,-358,0,0
24689,-358,0,0
24690,-357,0,0
24691,-357,0,0
24692,-357,0,0
24693,-357,0,0
24694,-357,0,0
24695,-356,0,0
24696,-356,0,0
24697,-356,0,0
24698,-355,0,0
24699,-355,0,0
24700,-355,0,0
24701,-354,0,0
24702,-354,0,0
24703,-354,0,0
24704,-353,0,0
24705,-353,0,0
24706,-353,0,0
24707,-352,0,0
24708,-352,0,0
24709,-351,0,0
24710,-351,0,0
24711,-351,0,0
24712,-350,0,0
24713,-350,0,0
24714,-350,0,0
24715,-349,0,0
24716,-349,0,0
24717,-348,0,0
24718,-348,0,0
24719,-347,0,0
24720,-347,0,0
24721,-346,0,0
24722,-346,0,0
24723,-345,0,0
24724,-345,0,0
24725,-344,0,0
24726,-343,0,0
24727,-342,0,0
24728,-342,0,0
24729,-341,0,0
24730,-340,0,0
24731,-339,0,0
24732,-338,0,0
24733,-337,0,0
24734,-336,0,0
24735,-335,0,0
24736,-334,0,0
24737,-332,0,0
24738,-331,0,0
24739,-330,0,0
24740,-329,0,0
24741,-328,0,0
24742,-326,0,0
24743,-325,0,0
24744,-323,0,0
24745,-322,0,0
24746,-321,0,0
24747,-319,0,0
24748,-318,0,0
24749,-317,0,0
24750,-315,0,0
24751,-314,0,0
24752,-312,0,0
24753,-311,0,0
24754,-309,0,0
24755,-308,0,0
24756,-306,0,0
24757,-305,0,0
24758,-303,0,0
24759,-302,0,0
24760,-300,0,0
24761,-299,0,0
24762,-297,0,0
24763,-295,0,0
24764,-294,0,0
24765,-292,0,0
24766,-291,0,0
24767,-289,0,0
24768,-287,0,0
24769,-285,0,0
24770,-284,0,0
24771,-282,0,0
24772,-280,0,0
24773,-278,0,0
24774,-276,0,0
24775,-274,0,0
24776,-272,0,0
24777,-270,0,0
24778,-268,0,0
24779,-267,0,0
24780,-264,0,0
24781,-262,0,0
24782,-260,0,0
24783,-258,0,0
24784,-256,0,0
24785,-254,0,0
24786,-252,0,0
24787,-249,0,0
24788,-247,0,0
24789,-245,0,0
24790,-243,0,0
24791,-241,0,0
24792,-238,0,0
24793,-236,0,0
24794,-234,0,0
24795,-231,0,0
24796,-229,0,0
24797,-227,0,0
24798,-225,0,0
24799,-222,0,0
24800,-220,0,0
24801,-217,0,0
24802,-215,0,0
24803,-213,0,0
24804,-211,0,0
24805,-208,0,0
24806,-206,0,0
24807,-204,0,0
24808,-201,0,0
24809,-199,0,0
24810,-197,0,0
24811,-195,0,0
24812,-192,0,0
24813,-190,0,0
24814,-188,0,0
24815,-185,0,0
24816,-183,0,0
24817,-180,0,0
24818,-178,0,0
24819,-176,0,0
24820,-173,0,0
24821,-171,0,0
24822,-168,0,0
24823,-166,0,0
24824,-163,0,0
24825,-160,0,0
24826,-158,0,0
24827,-155,0,0
24828,-153,0,0
24829,-150,0,0
24830,-147,0,0
24831,-145,0,0
24832,-142,0,0
24833,-139,0,0
24834,-137,0,0
24835,-134,0,0
24836,-131,0,0
24837,-128,0,0
24838,-126,0,0
24839,-123,0,0
24840,-120,0,0
24841,-117,0,0
24842,-114,0,0
24843,-112,0,0
24844,-109,0,0
24845,-106,0,0
24846,-103,0,0
24847,-100,0,0
24848,-98,0,0
24849,-95,0,0
24850,-92,0,0
24851,-89,0,0
24852,-86,0,0
24853,-84,0,0
24854,-81,0,0
24855,-78,0,0
24856,-75,0,0
24857,-72,0,0
24858,-69,0,0
24859,-66,0,0
24860,-63,0,0
24861,-61,0,0
24862,-58,0,0
24863,-55,0,0
24864,-52,0,0
24865,-49,0,0
24866,-46,0,0
24867,-43,0,0
24868,-40,0,0
24869,-37,0,0
24870,-34,0,0
24871,-31,0,0
24872,-28,0,0
24873,-25,0,0
24874,-22,0,0
24875,-19,0,0
24876,-16,0,0
24877,-13,0,0
24878,-10,0,0
24879,-7,0,0
24880,-4,0,0
24881,-1,0,0
24882,2,0,0
24883,5,0,0
24884,8,0,0
24885,11,0,0
24886,14,0,0
24887,17,0,0
24888,20,0,0
24889,23,0,0
24890,26,0,0
24891,29,0,0
24892,32,0,0
24893,35,0,0
24894,38,0,0
24895,40,0,0
24896,43,0,0
24897,46,0,0
24898,49,0,0
24899,52,0,0
24900,55,0,0
24901,58,0,0
24902,61,0,0
24903,64,0,0
24904,66,0,0
24905,69,0,0
24906,72,0,0
24907,75,0,0
24908,78,0,0
24909,81,0,0
24910,83,0,0
24911,86,0,0
24912,89,0,0
24913,92,0,0
24914,95,0,0
24915,98,0,0
24916,100,0,0
24917,103,0,0
24918,106,0,0
24919,109,0,0
24920,111,0,0
24921,114,0,0
24922,117,0,0
24923,120,0,0
24924,122,0,0
24925,125,0,0
24926,128,0,0
24927,131,0,0
24928,133,0,0
24929,136,0,0
24930,139,0,0
24931,141,0,0
24932,144,0,0
24933,147,0,0
24934,150,0,0
24935,152,0,0
24936,155,0,0
24937,158,0,0
24938,160,0,0
24939,163,0,0
24940,166,0,0
24941,168,0,0
24942,171,0,0
24943,174,0,0
24944,176,0,0
24945,179,0,0
24946,182,0,0
24947,184,0,0
24948,187,0,0
24949,189,0,0
24950,192,0,0
24951,194,0,0
24952,197,0,0
24953,199,0,0
24954,202,0,0
24955,204,0,0
24956,206,0,0
24957,209,0,0
24958,211,0,0
24959,214,0,0
24960,216,0,0
24961,218,0,0
24962,221,0,0
24963,223,0,0
24964,226,0,0
24965,228,0,0
24966,230,0,0
24967,232,0,0
24968,235,0,0
24969,237,0,0
24970,239,0,0
24971,241,0,0
24972,244,0,0
24973,246,0,0
24974,248,0,0
24975,250,0,0
24976,252,0,0
24977,254,0,0
24978,256,0,0
24979,258,0,0
24980,260,0,0
24981,262,0,0
24982,264,0,0
24983,266,0,0
24984,268,0,0
24985,270,0,0
24986,271,0,0
24987,273,0,0
24988,275,0,0
24989,277,0,0
24990,278,0,0
24991,280,0,0
24992,282,0,0
24993,284,0,0
24994,285,0,0
24995,287,0,0
24996,288,0,0
24997,290,0,0
24998,291,0,0
24999,293,0,0
25000,294,0,0
25001,296,0,0
25002,297,0,0
25003,299,0,0
25004,300,0,0
25005,302,0,0
25006,303,0,0
25007,305,0,0
25008,306,0,0
25009,308,0,0
25010,309,0,0
25011,311,0,0
25012,312,0,0
25013,314,0,0
25014,315,0,0
25015,316,0,0
25016,318,0,0
25017,319,0,0
25018,321,0,0
25019,322,0,0
25020,324,0,0
25021,325,0,0
25022,327,0,0
25023,328,0,0
25024,329,0,0
25025,331,0,0
25026,332,0,0
25027,333,0,0
25028,335,0,0
25029,336,0,0
25030,337,0,0
25031,338,0,0
25032,339,0,0
25033,341,0,0
25034,341,0,0
25035,343,0,0
25036,343,0,0
25037,344,0,0
25038,345,0,0
25039,346,0,0
25040,347,0,0
25041,348,0,0
25042,348,0,0
25043,349,0,0
25044,350,0,0
25045,350,0,0
25046,351,0,0
25047,351,0,0
25048,351,0,0
25049,352,0,0
25050,352,0,0
25051,353,0,0
25052,353,0,0
25053,353,0,0
25054,354,0,0
25055,354,0,0
25056,354,0,0
25057,354,0,0
25058,355,0,0
25059,355,0,0
25060,355,0,0
25061,355,0,0
25062,356,0,0
25063,356,0,0
25064,356,0,0
25065,356,0,0
25066,357,0,0
25067,357,0,0
25068,357,0,0
25069,357,0,0
25070,357,0,0
25071,358,0,0
25072,358,0,0
25073,358,0,0
25074,359,0,0
25075,359,0,0
25076,359,0,0
25077,359,0,0
25078,359,0,0
25079,359,0,0
25080,360,0,0
25081,360,0,0
25082,360,0,0
25083,360,0,0
25084,359,0,0
25085,360,0,0
25086,360,0,0
25087,359,0,0
25088,359,0,0
25089,359,0,0
25090,359,0,0
25091,358,0,0
25092,358,0,0
25093,358,0,0
25094,357,0,0
25095,357,0,0
25096,357,0,0
25097,356,0,0
25098,355,0,0
25099,355,0,0
25100,354,0,0
25101,353,0,0
25102,353,0,0
25103,352,0,0
25104,352,0,0
25105,351,0,0
25106,350,0,0
25107,349,0,0
25108,349,0,0
25109,348,0,0
25110,347,0,0
25111,346,0,0
25112,346,0,0
25113,345,0,0
25114,344,0,0
25115,343,0,0
25116,342,0,0
25117,341,0,0
25118,341,0,0
25119,340,0,0
25120,339,0,0
25121,338,0,0
25122,337,0,0
25123,336,0,0
25124,335,0,0
25125,334,0,0
25126,333,0,0
25127,333,0,0
25128,331,0,0
25129,330,0,0
25130,329,0,0
25131,328,0,0
25132,327,0,0
25133,326,0,0
25134,325,0,0
25135,324,0,0
25136,322,0,0
25137,321,0,0
25138,320,0,0
25139,319,0,0
25140,318,0,0
25141,316,0,0
25142,315,0,0
25143,314,0,0
25144,312,0,0
25145,311,0,0
25146,310,0,0
25147,308,0,0
25148,307,0,0
25149,305,0,0
25150,304,0,0
25151,303,0,0
25152,301,0,0
25153,300,0,0
25154,298,0,0
25155,297,0,0
25156,295,0,0
25157,294,0,0
25158,292,0,0
25159,291,0,0
25160,289,0,0
25161,288,0,0
25162,286,0,0
25163,284,0,0
25164,283,0,0
25165,281,0,0
25166,280,0,0
25167,278,0,0
25168,276,0,0
25169,275,0,0
25170,273,0,0
25171,272,0,0
25172,270,0,0
25173,268,0,0
25174,267,0,0
25175,265,0,0
25176,263,0,0
25177,262,0,0
25178,260,0,0
25179,258,0,0
25180,256,0,0
25181,255,0,0
25182,253,0,0
25183,251,0,0
25184,250,0,0
25185,248,0,0
25186,246,0,0
25187,244,0,0
25188,243,0,0
25189,241,0,0
25190,239,0,0
25191,237,0,0
25192,235,0,0
25193,233,0,0
25194,231,0,0
25195,230,0,0
25196,228,0,0
25197,226,0,0
25198,224,0,0
25199,222,0,0
25200,220,0,0
25201,218,0,0
25202,216,0,0
25203,214,0,0
25204,212,0,0
25205,210,0,0
25206,208,0,0
25207,206,0,0
25208,204,0,0
25209,202,0,0
25210,200,0,0
25211,198,0,0
25212,196,0,0
25213,194,0,0
25214,192,0,0
25215,190,0,0
25216,188,0,0
25217,186,0,0
25218,183,0,0
25219,181,0,0
25220,179,0,0
25221,177,0,0
25222,175,0,0
25223,173,0,0
25224,171,0,0
25225,169,0,0
25226,167,0,0
25227,165,0,0
25228,163,0,0
25229,161,0,0
25230,159,0,0
25231,157,0,0
25232,155,0,0
25233,153,0,0
25234,151,0,0
25235,149,0,0
25236,147,0,0
25237,145,0,0
25238,143,0,0
25239,141,0,0
25240,139,0,0
25241,137,0,0
25242,135,0,0
25243,133,0,0
25244,131,0,0
25245,128,0,0
25246,127,0,0
25247,124,0,0
25248,122,0,0
25249,120,0,0
25250,118,0,0
25251,116,0,0
25252,114,0,0
25253,112,0,0
25254,110,0,0
25255,108,0,0
25256,106,0,0
25257,103,0,0
25258,101,0,0
25259,99,0,0
25260,97,0,0
25261,95,0,0
25262,93,0,0
25263,91,0,0
25264,89,0,0
25265,87,0,0
25266,85,0,0
25267,83,0,0
25268,81,0,0
25269,80,0,0
25270,78,0,0
25271,76,0,0
25272,74,0,0
25273,72,0,0
25274,71,0,0
25275,69,0,0
25276,67,0,0
25277,65,0,0
25278,64,0,0
25279,62,0,0
25280,60,0,0
25281,59,0,0
25282,57,0,0
25283,55,0,0
25284,54,0,0
25285,52,0,0
25286,50,0,0
25287,49,0,0
25288,47,0,0
25289,45,0,0
25290,44,0,0
25291,42,0,0
25292,40,0,0
25293,39,0,0
25294,37,0,0
25295,35,0,0
25296,33,0,0
25297,32,0,0
25298,30,0,0
25299,28,0,0
25300,26,0,0
25301,24,0,0
25302,22,0,0
25303,21,0,0
25304,19,0,0
25305,17,0,0
25306,15,0,0
25307,14,0,0
25308,12,0,0
25309,10,0,0
25310,8,0,0
25311,7,0,0
25312,5,0,0
25313,3,0,0
25314,2,0,0
25315,0,0,0
25316,-1,0,0
25317,-3,0,0
25318,-4,0,0
25319,-6,0,0
25320,-7,0,0
25321,-8,0,0
25322,-10,0,0
25323,-11,0,0
25324,-12,0,0
25325,-13,0,0
25326,-15,0,0
25327,-16,0,0
25328,-17,0,0
25329,-18,0,0
25330,-19,0,0
25331,-20,0,0
25332,-21,0,0
25333,-22,0,0
25334,-23,0,0
25335,-25,0,0
25336,-26,0,0
25337,-27,0,0
25338,-28,0,0
25339,-29,0,0
25340,-30,0,0
25341,-31,0,0
25342,-33,0,0
25343,-34,0,0
25344,-35,0,0
25345,-36,0,0
25346,-37,0,0
25347,-38,0,0
25348,-40,0,0
25349,-41,0,0
25350,-42,0,0
25351,-43,0,0
25352,-44,0,0
25353,-45,0,0
25354,-46,0,0
25355,-47,0,0
25356,-48,0,0
25357,-49,0,0
25358,-50,0,0
25359,-51,0,0
25360,-52,0,0
25361,-53,0,0
25362,-54,0,0
25363,-55,0,0
25364,-56,0,0
25365,-57,0,0
25366,-57,0,0
25367,-58,0,0
25368,-59,0,0
25369,-60,0,0
25370,-60,0,0
25371,-61,0,0
25372,-62,0,0
25373,-63,0,0
25374,-63,0,0
25375,-64,0,0
25376,-65,0,0
25377,-65,0,0
25378,-66,0,0
25379,-66,0,0
25380,-67,0,0
25381,-67,0,0
25382,-68,0,0
25383,-69,0,0
25384,-69,0,0
25385,-69,0,0
25386,-70,0,0
25387,-70,0,0
25388,-71,0,0
25389,-71,0,0
25390,-72,0,0
25391,-72,0,0
25392,-72,0,0
25393,-73,0,0
25394,-73,0,0
25395,-73,0,0
25396,-74,0,0
25397,-74,0,0
25398,-74,0,0
25399,-74,0,0
25400,-74,0,0
25401,-75,0,0
25402,-75,0,0
25403,-75,0,0
25404,-75,0,0
25405,-75,0,0
25406,-75,0,0
25407,-76,0,0
25408,-76,0,0
25409,-76,0,0
25410,-76,0,0
25411,-76,0,0
25412,-76,0,0
25413,-76,0,0
25414,-76,0,0
25415,-76,0,0
25416,-77,0,0
25417,-77,0,0
25418,-77,0,0
25419,-77,0,0
25420,-77,0,0
25421,-77,0,0
25422,-77,0,0
25423,-77,0,0
25424,-77,0,0
25425,-77,0,0
25426,-77,0,0
25427,-76,0,0
25428,-76,0,0
25429,-76,0,0
25430,-76,0,0
25431,-76,0,0
25432,-75,0,0
25433,-75,0,0
25434,-75,0,0
25435,-74,0,0
25436,-74,0,0
25437,-74,0,0
25438,-73,0,0
25439,-73,0,0
25440,-72,0,0
25441,-72,0,0
25442,-72,0,0
25443,-71,0,0
25444,-70,0,0
25445,-70,0,0
25446,-69,0,0
25447,-69,0,0
25448,-68,0,0
25449,-68,0,0
25450,-68,0,0
25451,-67,0,0
25452,-66,0,0
25453,-66,0,0
25454,-66,0,0
25455,-65,0,0
25456,-65,0,0
25457,-64,0,0
25458,-64,0,0
25459,-63,0,0
25460,-62,0,0
25461,-62,0,0
25462,-61,0,0
25463,-61,0,0
25464,-60,0,0
25465,-60,0,0
25466,-59,0,0
25467,-59,0,0
25468,-58,0,0
25469,-57,0,0
25470,-57,0,0
25471,-56,0,0
25472,-55,0,0
25473,-55,0,0
25474,-54,0,0
25475,-53,0,0
25476,-52,0,0
25477,-52,0,0
25478,-51,0,0
25479,-50,0,0
25480,-50,0,0
25481,-49,0,0
25482,-48,0,0
25483,-47,0,0
25484,-46,0,0
25485,-46,0,0
25486,-45,0,0
25487,-44,0,0
25488,-43,0,0
25489,-43,0,0
25490,-42,0,0
25491,-41,0,0
25492,-40,0,0
25493,-39,0,0
25494,-39,0,0
25495,-38,0,0
25496,-37,0,0
25497,-37,0,0
25498,-36,0,0
25499,-35,0,0
25500,-34,0,0
25501,-33,0,0
25502,-33,0,0
25503,-32,0,0
25504,-31,0,0
25505,-30,0,0
25506,-29,0,0
25507,-28,0,0
25508,-28,0,0
25509,-27,0,0
25510,-26,0,0
25511,-25,0,0
25512,-24,0,0
25513,-23,0,0
25514,-22,0,0
25515,-21,0,0
25516,-20,0,0
25517,-19,0,0
25518,-18,0,0
25519,-17,0,0
25520,-16,0,0
25521,-15,0,0
25522,-14,0,0
25523,-13,0,0
25524,-12,0,0
25525,-11,0,0
25526,-10,0,0
25527,-9,0,0
25528,-8,0,0
25529,-6,0,0
25530,-5,0,0
25531,-4,0,0
25532,-3,0,0
25533,-2,0,0
25534,-1,0,0
25535,0,0,0
25536,1,0,0
25537,3,0,0
25538,4,0,0
25539,5,0,0
25540,6,0,0
25541,7,0,0
25542,8,0,0
25543,9,0,0
25544,10,0,0
25545,11,0,0
25546,12,0,0
25547,13,0,0
25548,14,0,0
25549,15,0,0
25550,16,0,0
25551,17,0,0
25552,18,0,0
25553,19,0,0
25554,20,0,0
25555,21,0,0
25556,22,0,0
25557,22,0,0
25558,23,0,0
25559,24,0,0
25560,25,0,0
25561,26,0,0
25562,26,0,0
25563,27,0,0
25564,28,0,0
25565,29,0,0
25566,29,0,0
25567,30,0,0
25568,30,0,0
25569,31,0,0
25570,32,0,0
25571,33,0,0
25572,33,0,0
25573,34,0,0
25574,35,0,0
25575,35,0,0
25576,36,0,0
25577,37,0,0
25578,38,0,0
25579,38,0,0
25580,39,0,0
25581,40,0,0
25582,41,0,0
25583,41,0,0
25584,42,0,0
25585,43,0,0
25586,44,0,0
25587,45,0,0
25588,45,0,0
25589,46,0,0
25590,47,0,0
25591,48,0,0
25592,49,0,0
25593,50,0,0
25594,50,0,0
25595,51,0,0
25596,52,0,0
25597,53,0,0
25598,53,0,0
25599,54,0,0
25600,55,0,0
25601,56,0,0
25602,56,0,0
25603,57,0,0
25604,58,0,0
25605,59,0,0
25606,59,0,0
25607,60,0,0
25608,61,0,0
25609,61,0,0
25610,62,0,0
25611,63,0,0
25612,63,0,0
25613,64,0,0
25614,65,0,0
25615,65,0,0
25616,66,0,0
25617,67,0,0
25618,67,0,0
25619,67,0,0
25620,68,0,0
25621,69,0,0
25622,69,0,0
25623,69,0,0
25624,70,0,0
25625,70,0,0
25626,71,0,0
25627,71,0,0
25628,71,0,0
25629,71,0,0
25630,72,0,0
25631,72,0,0
25632,72,0,0
25633,73,0,0
25634,73,0,0
25635,73,0,0
25636,73,0,0
25637,73,0,0
25638,73,0,0
25639,73,0,0
25640,74,0,0
25641,74,0,0
25642,74,0,0
25643,74,0,0
25644,74,0,0
25645,74,0,0
25646,74,0,0
25647,74,0,0
25648,74,0,0
25649,74,0,0
25650,74,0,0
25651,74,0,0
25652,74,0,0
25653,74,0,0
25654,74,0,0
25655,74,0,0
25656,74,0,0
25657,74,0,0
25658,74,0,0
25659,74,0,0
25660,74,0,0
25661,74,0,0
25662,73,0,0
25663,73,0,0
25664,73,0,0
25665,73,0,0
25666,72,0,0
25667,72,0,0
25668,72,0,0
25669,72,0,0
25670,71,0,0
25671,71,0,0
25672,70,0,0
25673,70,0,0
25674,70,0,0
25675,69,0,0
25676,69,0,0
25677,68,0,0
25678,68,0,0
25679,68,0,0
25680,67,0,0
25681,67,0,0
25682,66,0,0
25683,66,0,0
25684,65,0,0
25685,65,0,0
25686,65,0,0
25687,64,0,0
25688,64,0,0
25689,63,0,0
25690,63,0,0
25691,62,0,0
25692,62,0,0
25693,61,0,0
25694,61,0,0
25695,60,0,0
25696,60,0,0
25697,59,0,0
25698,58,0,0
25699,58,0,0
25700,57,0,0
25701,56,0,0
25702,56,0,0
25703,55,0,0
25704,54,0,0
25705,54,0,0
25706,53,0,0
25707,52,0,0
25708,51,0,0
25709,50,0,0
25710,50,0,0
25711,49,0,0
25712,48,0,0
25713,47,0,0
25714,46,0,0
25715,45,0,0
25716,44,0,0
25717,43,0,0
25718,42,0,0
25719,41,0,0
25720,40,0,0
25721,39,0,0
25722,38,0,0
25723,37,0,0
25724,36,0,0
25725,35,0,0
25726,33,0,0
25727,32,0,0
25728,31,0,0
25729,30,0,0
25730,29,0,0
25731,28,0,0
25732,26,0,0
25733,25,0,0
25734,24,0,0
25735,23,0,0
25736,21,0,0
25737,20,0,0
25738,18,0,0
25739,17,0,0
25740,16,0,0
25741,14,0,0
25742,13,0,0
25743,11,0,0
25744,10,0,0
25745,9,0,0
25746,7,0,0
25747,6,0,0
25748,4,0,0
25749,3,0,0
25750,1,0,0
25751,0,0,0
25752,-2,0,0
25753,-3,0,0
25754,-5,0,0
25755,-6,0,0
25756,-7,0,0
25757,-9,0,0
25758,-10,0,0
25759,-12,0,0
25760,-13,0,0
25761,-15,0,0
25762,-16,0,0
25763,-18,0,0
25764,-19,0,0
25765,-21,0,0
25766,-22,0,0
25767,-24,0,0
25768,-25,0,0
25769,-27,0,0
25770,-28,0,0
25771,-30,0,0
25772,-32,0,0
25773,-33,0,0
25774,-35,0,0
25775,-37,0,0
25776,-38,0,0
25777,-40,0,0
25778,-42,0,0
25779,-44,0,0
25780,-46,0,0
25781,-48,0,0
25782,-49,0,0
25783,-51,0,0
25784,-53,0,0
25785,-55,0,0
25786,-57,0,0
25787,-59,0,0
25788,-61,0,0
25789,-62,0,0
25790,-64,0,0
25791,-66,0,0
25792,-68,0,0
25793,-70,0,0
25794,-72,0,0
25795,-74,0,0
25796,-75,0,0
25797,-77,0,0
25798,-79,0,0
25799,-81,0,0
25800,-82,0,0
25801,-84,0,0
25802,-86,0,0
25803,-88,0,0
25804,-90,0,0
25805,-92,0,0
25806,-94,0,0
25807,-95,0,0
25808,-97,0,0
25809,-99,0,0
25810,-101,0,0
25811,-103,0,0
25812,-105,0,0
25813,-107,0,0
25814,-109,0,0
25815,-112,0,0
25816,-114,0,0
25817,-116,0,0
25818,-118,0,0
25819,-120,0,0
25820,-122,0,0
25821,-125,0,0
25822,-127,0,0
25823,-129,0,0
25824,-131,0,0
25825,-133,0,0
25826,-136,0,0
25827,-137,0,0
25828,-140,0,0
25829,-142,0,0
25830,-144,0,0
25831,-146,0,0
25832,-148,0,0
25833,-150,0,0
25834,-152,0,0
25835,-154,0,0
25836,-156,0,0
25837,-158,0,0
25838,-159,0,0
25839,-161,0,0
25840,-163,0,0
25841,-165,0,0
25842,-167,0,0
25843,-169,0,0
25844,-171,0,0
25845,-172,0,0
25846,-174,0,0
25847,-176,0,0
25848,-178,0,0
25849,-180,0,0
25850,-182,0,0
25851,-183,0,0
25852,-185,0,0
25853,-187,0,0
25854,-189,0,0
25855,-191,0,0
25856,-193,0,0
25857,-195,0,0
25858,-197,0,0
25859,-199,0,0
25860,-202,0,0
25861,-204,0,0
25862,-206,0,0
25863,-208,0,0
25864,-210,0,0
25865,-212,0,0
25866,-214,0,0
25867,-217,0,0
25868,-219,0,0
25869,-221,0,0
25870,-223,0,0
25871,-225,0,0
25872,-227,0,0
25873,-229,0,0
25874,-231,0,0
25875,-233,0,0
25876,-235,0,0
25877,-237,0,0
25878,-238,0,0
25879,-240,0,0
25880,-242,0,0
25881,-244,0,0
25882,-246,0,0
25883,-248,0,0
25884,-249,0,0
25885,-251,0,0
25886,-253,0,0
25887,-254,0,0
25888,-256,0,0
25889,-258,0,0
25890,-259,0,0
25891,-261,0,0
25892,-263,0,0
25893,-265,0,0
25894,-266,0,0
25895,-268,0,0
25896,-269,0,0
25897,-271,0,0
25898,-273,0,0
25899,-275,0,0
25900,-276,0,0
25901,-278,0,0
25902,-279,0,0
25903,-281,0,0
25904,-283,0,0
25905,-284,0,0
25906,-286,0,0
25907,-287,0,0
25908,-289,0,0
25909,-290,0,0
25910,-292,0,0
25911,-293,0,0
25912,-295,0,0
25913,-296,0,0
25914,-298,0,0
25915,-299,0,0
25916,-301,0,0
25917,-302,0,0
25918,-303,0,0
25919,-305,0,0
25920,-306,0,0
25921,-308,0,0
25922,-309,0,0
25923,-310,0,0
25924,-312,0,0
25925,-313,0,0
25926,-314,0,0
25927,-316,0,0
25928,-317,0,0
25929,-318,0,0
25930,-319,0,0
25931,-321,0,0
25932,-322,0,0
25933,-323,0,0
25934,-324,0,0
25935,-326,0,0
25936,-327,0,0
25937,-328,0,0
25938,-329,0,0
25939,-331,0,0
25940,-332,0,0
25941,-333,0,0
25942,-334,0,0
25943,-335,0,0
25944,-336,0,0
25945,-337,0,0
25946,-338,0,0
25947,-339,0,0
25948,-340,0,0
25949,-341,0,0
25950,-342,0,0
25951,-343,0,0
25952,-343,0,0
25953,-344,0,0
25954,-345,0,0
25955,-345,0,0
25956,-346,0,0
25957,-347,0,0
25958,-347,0,0
25959,-348,0,0
25960,-348,0,0
25961,-349,0,0
25962,-350,0,0
25963,-350,0,0
25964,-350,0,0
25965,-351,0,0
25966,-351,0,0
25967,-352,0,0
25968,-352,0,0
25969,-353,0,0
25970,-353,0,0
25971,-354,0,0
25972,-354,0,0
25973,-355,0,0
25974,-355,0,0
25975,-356,0,0
25976,-356,0,0
25977,-357,0,0
25978,-357,0,0
25979,-357,0,0
25980,-358,0,0
25981,-358,0,0
25982,-359,0,0
25983,-359,0,0
25984,-359,0,0
25985,-360,0,0
25986,-360,0,0
25987,-360,0,0
25988,-360,0,0
25989,-361,0,0
25990,-361,0,0
25991,-361,0,0
25992,-361,0,0
25993,-361,0,0
25994,-361,0,0
25995,-361,0,0
25996,-361,0,0
25997,-360,0,0
25998,-360,0,0
25999,-360,0,0
26000,-360,0,0
26001,-360,0,0
26002,-359,0,0
26003,-359,0,0
26004,-359,0,0
26005,-358,0,0
26006,-358,0,0
26007,-357,0,0
26008,-357,0,0
26009,-357,0,0
26010,-356,0,0
26011,-356,0,0
26012,-355,0,0
26013,-355,0,0
26014,-354,0,0
26015,-354,0,0
26016,-353,0,0
26017,-353,0,0
26018,-352,0,0
26019,-352,0,0
26020,-351,0,0
26021,-351,0,0
26022,-350,0,0
26023,-349,0,0
26024,-349,0,0
26025,-348,0,0
26026,-347,0,0
26027,-347,0,0
26028,-346,0,0
26029,-345,0,0
26030,-344,0,0
26031,-343,0,0
26032,-342,0,0
26033,-342,0,0
26034,-341,0,0
26035,-340,0,0
26036,-339,0,0
26037,-338,0,0
26038,-337,0,0
26039,-336,0,0
26040,-334,0,0
26041,-333,0,0
26042,-332,0,0
26043,-331,0,0
26044,-330,0,0
26045,-329,0,0
26046,-328,0,0
26047,-327,0,0
26048,-325,0,0
26049,-324,0,0
26050,-323,0,0
26051,-322,0,0
26052,-321,0,0
26053,-320,0,0
26054,-318,0,0
26055,-317,0,0
26056,-316,0,0
26057,-314,0,0
26058,-313,0,0
26059,-312,0,0
26060,-311,0,0
26061,-309,0,0
26062,-308,0,0
26063,-306,0,0
26064,-305,0,0
26065,-303,0,0
26066,-302,0,0
26067,-300,0,0
26068,-299,0,0
26069,-297,0,0
26070,-295,0,0
26071,-294,0,0
26072,-292,0,0
26073,-290,0,0
26074,-288,0,0
26075,-287,0,0
26076,-285,0,0
26077,-283,0,0
26078,-281,0,0
26079,-279,0,0
26080,-277,0,0
26081,-275,0,0
26082,-274,0,0
26083,-272,0,0
26084,-270,0,0
26085,-268,0,0
26086,-266,0,0
26087,-264,0,0
26088,-262,0,0
26089,-260,0,0
26090,-258,0,0
26091,-256,0,0
26092,-254,0,0
26093,-252,0,0
26094,-250,0,0
26095,-248,0,0
26096,-246,0,0
26097,-244,0,0
26098,-241,0,0
26099,-239,0,0
26100,-237,0,0
26101,-235,0,0
26102,-233,0,0
26103,-230,0,0
26104,-228,0,0
26105,-226,0,0
26106,-224,0,0
26107,-221,0,0
26108,-219,0,0
26109,-217,0,0
26110,-214,0,0
26111,-212,0,0
26112,-209,0,0
26113,-207,0,0
26114,-205,0,0
26115,-202,0,0
26116,-199,0,0
26117,-197,0,0
26118,-194,0,0
26119,-192,0,0
26120,-189,0,0
26121,-187,0,0
26122,-184,0,0
26123,-181,0,0
26124,-179,0,0
26125,-176,0,0
26126,-173,0,0
26127,-171,0,0
26128,-168,0,0
26129,-166,0,0
26130,-163,0,0
26131,-160,0,0
26132,-158,0,0
26133,-155,0,0
26134,-152,0,0
26135,-150,0,0
26136,-147,0,0
26137,-144,0,0
26138,-141,0,0
26139,-139,0,0
26140,-136,0,0
26141,-133,0,0
26142,-131,0,0
26143,-128,0,0
26144,-125,0,0
26145,-122,0,0
26146,-120,0,0
26147,-117,0,0
26148,-114,0,0
26149,-111,0,0
26150,-108,0,0
26151,-105,0,0
26152,-103,0,0
26153,-100,0,0
26154,-97,0,0
26155,-94,0,0
26156,-91,0,0
26157,-88,0,0
26158,-85,0,0
26159,-82,0,0
26160,-79,0,0
26161,-77,0,0
26162,-73,0,0
26163,-71,0,0
26164,-68,0,0
26165,-65,0,0
26166,-62,0,0
26167,-58,0,0
26168,-56,0,0
26169,-53,0,0
26170,-50,0,0
26171,-47,0,0
26172,-44,0,0
26173,-41,0,0
26174,-38,0,0
26175,-35,0,0
26176,-32,0,0
26177,-29,0,0
26178,-26,0,0
26179,-23,0,0
26180,-20,0,0
26181,-17,0,0
26182,-14,0,0
26183,-12,0,0
26184,-9,0,0
26185,-6,0,0
26186,-3,0,0
26187,0,0,0
26188,3,0,0
26189,5,0,0
26190,8,0,0
26191,11,0,0
26192,14,0,0
26193,17,0,0
26194,20,0,0
26195,23,0,0
26196,26,0,0
26197,29,0,0
26198,32,0,0
26199,34,0,0
26200,37,0,0
26201,40,0,0
26202,43,0,0
26203,46,0,0
26204,49,0,0
26205,52,0,0
26206,55,0,0
26207,58,0,0
26208,61,0,0
26209,64,0,0
26210,67,0,0
26211,70,0,0
26212,73,0,0
26213,76,0,0
26214,79,0,0
26215,82,0,0
26216,85,0,0
26217,88,0,0
26218,90,0,0
26219,93,0,0
26220,96,0,0
26221,99,0,0
26222,102,0,0
26223,104,0,0
26224,107,0,0
26225,109,0,0
26226,112,0,0
26227,115,0,0
26228,117,0,0
26229,120,0,0
26230,122,0,0
26231,125,0,0
26232,128,0,0
26233,130,0,0
26234,133,0,0
26235,135,0,0
26236,138,0,0
26237,140,0,0
26238,143,0,0
26239,146,0,0
26240,148,0,0
26241,151,0,0
26242,153,0,0
26243,156,0,0
26244,159,0,0
26245,161,0,0
26246,164,0,0
26247,167,0,0
26248,169,0,0
26249,172,0,0
26250,175,0,0
26251,177,0,0
26252,180,0,0
26253,183,0,0
26254,185,0,0
26255,188,0,0
26256,190,0,0
26257,193,0,0
26258,195,0,0
26259,198,0,0
26260,200,0,0
26261,203,0,0
26262,205,0,0
26263,208,0,0
26264,210,0,0
26265,212,0,0
26266,214,0,0
26267,217,0,0
26268,219,0,0
26269,221,0,0
26270,223,0,0
26271,225,0,0
26272,227,0,0
26273,230,0,0
26274,232,0,0
26275,234,0,0
26276,236,0,0
26277,238,0,0
26278,240,0,0
26279,242,0,0
26280,244,0,0
26281,247,0,0
26282,249,0,0
26283,251,0,0
26284,253,0,0
26285,255,0,0
26286,257,0,0
26287,259,0,0
26288,262,0,0
26289,264,0,0
26290,266,0,0
26291,268,0,0
26292,270,0,0
26293,272,0,0
26294,274,0,0
26295,276,0,0
26296,278,0,0
26297,280,0,0
26298,282,0,0
26299,284,0,0
26300,286,0,0
26301,288,0,0
26302,290,0,0
26303,291,0,0
26304,293,0,0
26305,295,0,0
26306,296,0,0
26307,298,0,0
26308,300,0,0
26309,301,0,0
26310,303,0,0
26311,304,0,0
26312,305,0,0
26313,307,0,0
26314,308,0,0
26315,309,0,0
26316,311,0,0
26317,312,0,0
26318,313,0,0
26319,315,0,0
26320,316,0,0
26321,317,0,0
26322,318,0,0
26323,319,0,0
26324,321,0,0
26325,322,0,0
26326,323,0,0
26327,324,0,0
26328,325,0,0
26329,326,0,0
26330,328,0,0
26331,329,0,0
26332,330,0,0
26333,331,0,0
26334,332,0,0
26335,333,0,0
26336,335,0,0
26337,336,0,0
26338,336,0,0
26339,338,0,0
26340,338,0,0
26341,339,0,0
26342,341,0,0
26343,341,0,0
26344,342,0,0
26345,343,0,0
26346,344,0,0
26347,345,0,0
26348,345,0,0
26349,346,0,0
26350,347,0,0
26351,347,0,0
26352,348,0,0
26353,349,0,0
26354,350,0,0
26355,350,0,0
26356,351,0,0
26357,351,0,0
26358,352,0,0
26359,352,0,0
26360,353,0,0
26361,353,0,0
26362,354,0,0
26363,354,0,0
26364,355,0,0
26365,355,0,0
26366,355,0,0
26367,356,0,0
26368,356,0,0
26369,357,0,0
26370,357,0,0
26371,357,0,0
26372,358,0,0
26373,358,0,0
26374,358,0,0
26375,359,0,0
26376,359,0,0
26377,359,0,0
26378,359,0,0
26379,359,0,0
26380,359,0,0
26381,359,0,0
26382,359,0,0
26383,359,0,0
26384,359,0,0
26385,359,0,0
26386,359,0,0
26387,359,0,0
26388,359,0,0
26389,358,0,0
26390,358,0,0
26391,358,0,0
26392,358,0,0
26393,357,0,0
26394,357,0,0
26395,356,0,0
26396,356,0,0
26397,356,0,0
26398,355,0,0
26399,355,0,0
26400,354,0,0
26401,354,0,0
26402,354,0,0
26403,353,0,0
26404,353,0,0
26405,352,0,0
26406,352,0,0
26407,352,0,0
26408,351,0,0
26409,351,0,0
26410,350,0,0
26411,350,0,0
26412,349,0,0
26413,349,0,0
26414,348,0,0
26415,347,0,0
26416,347,0,0
26417,346,0,0
26418,345,0,0
26419,345,0,0
26420,344,0,0
26421,343,0,0
26422,343,0,0
26423,342,0,0
26424,341,0,0
26425,340,0,0
26426,339,0,0
26427,338,0,0
26428,337,0,0
26429,336,0,0
26430,335,0,0
26431,334,0,0
26432,333,0,0
26433,332,0,0
26434,331,0,0
26435,330,0,0
26436,329,0,0
26437,327,0,0
26438,326,0,0
26439,325,0,0
26440,324,0,0
26441,323,0,0
26442,322,0,0
26443,321,0,0
26444,319,0,0
26445,318,0,0
26446,317,0,0
26447,316,0,0
26448,315,0,0
26449,313,0,0
26450,312,0,0
26451,311,0,0
26452,309,0,0
26453,308,0,0
26454,307,0,0
26455,305,0,0
26456,304,0,0
26457,303,0,0
26458,301,0,0
26459,300,0,0
26460,298,0,0
26461,297,0,0
26462,295,0,0
26463,293,0,0
26464,292,0,0
26465,290,0,0
26466,288,0,0
26467,287,0,0
26468,285,0,0
26469,283,0,0
26470,282,0,0
26471,280,0,0
26472,278,0,0
26473,276,0,0
26474,275,0,0
26475,273,0,0
26476,271,0,0
26477,270,0,0
26478,268,0,0
26479,266,0,0
26480,265,0,0
26481,263,0,0
26482,262,0,0
26483,260,0,0
26484,259,0,0
26485,257,0,0
26486,255,0,0
26487,254,0,0
26488,252,0,0
26489,251,0,0
26490,249,0,0
26491,248,0,0
26492,246,0,0
26493,245,0,0
26494,243,0,0
26495,242,0,0
26496,240,0,0
26497,238,0,0
26498,237,0,0
26499,235,0,0
26500,233,0,0
26501,232,0,0
26502,230,0,0
26503,228,0,0
26504,226,0,0
26505,224,0,0
26506,222,0,0
26507,220,0,0
26508,218,0,0
26509,216,0,0
26510,213,0,0
26511,211,0,0
26512,209,0,0
26513,207,0,0
26514,204,0,0
26515,202,0,0
26516,200,0,0
26517,197,0,0
26518,195,0,0
26519,193,0,0
26520,190,0,0
26521,188,0,0
26522,186,0,0
26523,184,0,0
26524,181,0,0
26525,179,0,0
26526,177,0,0
26527,175,0,0
26528,173,0,0
26529,171,0,0
26530,169,0,0
26531,167,0,0
26532,165,0,0
26533,163,0,0
26534,161,0,0
26535,159,0,0
26536,157,0,0
26537,155,0,0
26538,154,0,0
26539,152,0,0
26540,150,0,0
26541,149,0,0
26542,147,0,0
26543,145,0,0
26544,143,0,0
26545,141,0,0
26546,140,0,0
26547,138,0,0
26548,136,0,0
26549,134,0,0
26550,132,0,0
26551,130,0,0
26552,128,0,0
26553,126,0,0
26554,124,0,0
26555,122,0,0
26556,120,0,0
26557,118,0,0
26558,116,0,0
26559,114,0,0
26560,111,0,0
26561,109,0,0
26562,107,0,0
26563,105,0,0
26564,103,0,0
26565,101,0,0
26566,99,0,0
26567,97,0,0
26568,95,0,0
26569,92,0,0
26570,90,0,0
26571,89,0,0
26572,87,0,0
26573,85,0,0
26574,83,0,0
26575,81,0,0
26576,79,0,0
26577,77,0,0
26578,75,0,0
26579,74,0,0
26580,72,0,0
26581,70,0,0
26582,69,0,0
26583,67,0,0
26584,65,0,0
26585,63,0,0
26586,62,0,0
26587,60,0,0
26588,58,0,0
26589,57,0,0
26590,55,0,0
26591,53,0,0
26592,51,0,0
26593,49,0,0
26594,47,0,0
26595,46,0,0
26596,44,0,0
26597,42,0,0
26598,40,0,0
26599,38,0,0
26600,37,0,0
26601,35,0,0
26602,33,0,0
26603,31,0,0
26604,30,0,0
26605,28,0,0
26606,26,0,0
26607,24,0,0
26608,22,0,0
26609,21,0,0
26610,19,0,0
26611,17,0,0
26612,16,0,0
26613,14,0,0
26614,13,0,0
26615,11,0,0
26616,10,0,0
26617,8,0,0
26618,7,0,0
26619,5,0,0
26620,4,0,0
26621,3,0,0
26622,1,0,0
26623,0,0,0
26624,-2,0,0
26625,-3,0,0
26626,-4,0,0
26627,-6,0,0
26628,-7,0,0
26629,-8,0,0
26630,-10,0,0
26631,-11,0,0
26632,-12,0,0
26633,-14,0,0
26634,-15,0,0
26635,-16,0,0
26636,-18,0,0
26637,-19,0,0
26638,-20,0,0
26639,-22,0,0
26640,-23,0,0
26641,-24,0,0
26642,-26,0,0
26643,-27,0,0
26644,-28,0,0
26645,-29,0,0
26646,-31,0,0
26647,-32,0,0
26648,-33,0,0
26649,-34,0,0
26650,-36,0,0
26651,-37,0,0
26652,-38,0,0
26653,-39,0,0
26654,-40,0,0
26655,-41,0,0
26656,-42,0,0
26657,-43,0,0
26658,-44,0,0
26659,-45,0,0
26660,-46,0,0
26661,-47,0,0
26662,-48,0,0
26663,-49,0,0
26664,-50,0,0
26665,-50,0,0
26666,-51,0,0
26667,-52,0,0
26668,-53,0,0
26669,-53,0,0
26670,-54,0,0
26671,-55,0,0
26672,-55,0,0
26673,-56,0,0
26674,-56,0,0
26675,-57,0,0
26676,-57,0,0
26677,-58,0,0
26678,-59,0,0
26679,-59,0,0
26680,-60,0,0
26681,-60,0,0
26682,-61,0,0
26683,-62,0,0
26684,-62,0,0
26685,-63,0,0
26686,-63,0,0
26687,-64,0,0
26688,-64,0,0
26689,-65,0,0
26690,-66,0,0
26691,-66,0,0
26692,-66,0,0
26693,-67,0,0
26694,-68,0,0
26695,-68,0,0
26696,-69,0,0
26697,-70,0,0
26698,-70,0,0
26699,-71,0,0
26700,-71,0,0
26701,-72,0,0
26702,-72,0,0
26703,-73,0,0
26704,-73,0,0
26705,-73,0,0
26706,-74,0,0
26707,-74,0,0
26708,-74,0,0
26709,-75,0,0
26710,-75,0,0
26711,-75,0,0
26712,-75,0,0
26713,-75,0,0
26714,-75,0,0
26715,-76,0,0
26716,-75,0,0
26717,-75,0,0
26718,-75,0,0
26719,-75,0,0
26720,-75,0,0
26721,-75,0,0
26722,-75,0,0
26723,-75,0,0
26724,-74,0,0
26725,-74,0,0
26726,-74,0,0
26727,-74,0,0
26728,-74,0,0
26729,-74,0,0
26730,-73,0,0
26731,-73,0,0
26732,-73,0,0
26733,-73,0,0
26734,-73,0,0
26735,-73,0,0
26736,-73,0,0
26737,-73,0,0
26738,-73,0,0
26739,-73,0,0
26740,-73,0,0
26741,-73,0,0
26742,-73,0,0
26743,-72,0,0
26744,-72,0,0
26745,-72,0,0
26746,-72,0,0
26747,-72,0,0
26748,-72,0,0
26749,-72,0,0
26750,-71,0,0
26751,-71,0,0
26752,-71,0,0
26753,-70,0,0
26754,-70,0,0
26755,-70,0,0
26756,-69,0,0
26757,-69,0,0
26758,-68,0,0
26759,-67,0,0
26760,-67,0,0
26761,-66,0,0
26762,-65,0,0
26763,-65,0,0
26764,-64,0,0
26765,-63,0,0
26766,-62,0,0
26767,-61,0,0
26768,-61,0,0
26769,-60,0,0
26770,-59,0,0
26771,-58,0,0
26772,-57,0,0
26773,-56,0,0
26774,-56,0,0
26775,-55,0,0
26776,-54,0,0
26777,-53,0,0
26778,-52,0,0
26779,-52,0,0
26780,-51,0,0
26781,-50,0,0
26782,-50,0,0
26783,-49,0,0
26784,-48,0,0
26785,-48,0,0
26786,-47,0,0
26787,-47,0,0
26788,-46,0,0
26789,-46,0,0
26790,-45,0,0
26791,-45,0,0
26792,-44,0,0
26793,-43,0,0
26794,-43,0,0
26795,-42,0,0
26796,-41,0,0
26797,-41,0,0
26798,-40,0,0
26799,-39,0,0
26800,-39,0,0
26801,-38,0,0
26802,-37,0,0
26803,-36,0,0
26804,-36,0,0
26805,-35,0,0
26806,-34,0,0
26807,-33,0,0
26808,-32,0,0
26809,-31,0,0
26810,-30,0,0
26811,-29,0,0
26812,-28,0,0
26813,-27,0,0
26814,-26,0,0
26815,-25,0,0
26816,-25,0,0
26817,-24,0,0
26818,-23,0,0
26819,-22,0,0
26820,-20,0,0
26821,-19,0,0
26822,-19,0,0
26823,-18,0,0
26824,-17,0,0
26825,-16,0,0
26826,-15,0,0
26827,-14,0,0
26828,-13,0,0
26829,-12,0,0
26830,-11,0,0
26831,-10,0,0
26832,-9,0,0
26833,-8,0,0
26834,-7,0,0
26835,-7,0,0
26836,-6,0,0
26837,-5,0,0
26838,-4,0,0
26839,-3,0,0
26840,-2,0,0
26841,-1,0,0
26842,0,0,0
26843,1,0,0
26844,2,0,0
26845,3,0,0
26846,4,0,0
26847,5,0,0
26848,6,0,0
26849,7,0,0
26850,8,0,0
26851,9,0,0
26852,10,0,0
26853,11,0,0
26854,12,0,0
26855,13,0,0
26856,14,0,0
26857,15,0,0
26858,16,0,0
26859,17,0,0
26860,18,0,0
26861,19,0,0
26862,20,0,0
26863,21,0,0
26864,22,0,0
26865,23,0,0
26866,24,0,0
26867,25,0,0
26868,26,0,0
26869,27,0,0
26870,28,0,0
26871,29,0,0
26872,30,0,0
26873,31,0,0
26874,31,0,0
26875,32,0,0
26876,33,0,0
26877,34,0,0
26878,35,0,0
26879,36,0,0
26880,37,0,0
26881,37,0,0
26882,38,0,0
26883,39,0,0
26884,40,0,0
26885,40,0,0
26886,41,0,0
26887,42,0,0
26888,43,0,0
26889,44,0,0
26890,45,0,0
26891,45,0,0
26892,46,0,0
26893,47,0,0
26894,48,0,0
26895,49,0,0
26896,49,0,0
26897,50,0,0
26898,51,0,0
26899,52,0,0
26900,53,0,0
26901,53,0,0
26902,54,0,0
26903,55,0,0
26904,56,0,0
26905,57,0,0
26906,57,0,0
26907,58,0,0
26908,59,0,0
26909,60,0,0
26910,60,0,0
26911,61,0,0
26912,62,0,0
26913,62,0,0
26914,63,0,0
26915,64,0,0
26916,64,0,0
26917,65,0,0
26918,65,0,0
26919,66,0,0
26920,66,0,0
26921,67,0,0
26922,67,0,0
26923,68,0,0
26924,68,0,0
26925,68,0,0
26926,69,0,0
26927,69,0,0
26928,69,0,0
26929,70,0,0
26930,70,0,0
26931,70,0,0
26932,70,0,0
26933,70,0,0
26934,71,0,0
26935,71,0,0
26936,71,0,0
26937,71,0,0
26938,71,0,0
26939,72,0,0
26940,72,0,0
26941,72,0,0
26942,72,0,0
26943,72,0,0
26944,73,0,0
26945,73,0,0
26946,73,0,0
26947,73,0,0
26948,73,0,0
26949,73,0,0
26950,73,0,0
26951,73,0,0
26952,73,0,0
26953,74,0,0
26954,74,0,0
26955,74,0,0
26956,74,0,0
26957,74,0,0
26958,74,0,0
26959,74,0,0
26960,74,0,0
26961,74,0,0
26962,74,0,0
26963,74,0,0
26964,74,0,0
26965,74,0,0
26966,74,0,0
26967,74,0,0
26968,74,0,0
26969,74,0,0
26970,74,0,0
26971,75,0,0
26972,74,0,0
26973,74,0,0
26974,74,0,0
26975,74,0,0
26976,74,0,0
26977,74,0,0
26978,73,0,0
26979,73,0,0
26980,73,0,0
26981,73,0,0
26982,72,0,0
26983,72,0,0
26984,71,0,0
26985,71,0,0
26986,70,0,0
26987,70,0,0
26988,69,0,0
26989,69,0,0
26990,68,0,0
26991,67,0,0
26992,66,0,0
26993,66,0,0
26994,65,0,0
26995,64,0,0
26996,63,0,0
26997,62,0,0
26998,61,0,0
26999,61,0,0
27000,60,0,0
27001,59,0,0
27002,58,0,0
27003,57,0,0
27004,56,0,0
27005,55,0,0
27006,55,0,0
27007,54,0,0
27008,53,0,0
27009,52,0,0
27010,52,0,0
27011,51,0,0
27012,51,0,0
27013,50,0,0
27014,49,0,0
27015,49,0,0
27016,48,0,0
27017,48,0,0
27018,47,0,0
27019,46,0,0
27020,46,0,0
27021,45,0,0
27022,45,0,0
27023,44,0,0
27024,43,0,0
27025,42,0,0
27026,41,0,0
27027,40,0,0
27028,40,0,0
27029,39,0,0
27030,38,0,0
27031,37,0,0
27032,36,0,0
27033,34,0,0
27034,33,0,0
27035,32,0,0
27036,31,0,0
27037,30,0,0
27038,28,0,0
27039,27,0,0
27040,25,0,0
27041,24,0,0
27042,22,0,0
27043,21,0,0
27044,19,0,0
27045,18,0,0
27046,16,0,0
27047,15,0,0
27048,13,0,0
27049,12,0,0
27050,10,0,0
27051,9,0,0
27052,7,0,0
27053,6,0,0
27054,4,0,0
27055,3,0,0
27056,1,0,0
27057,0,0,0
27058,-2,0,0
27059,-3,0,0
27060,-4,0,0
27061,-6,0,0
27062,-8,0,0
27063,-9,0,0
27064,-10,0,0
27065,-12,0,0
27066,-13,0,0
27067,-15,0,0
27068,-16,0,0
27069,-18,0,0
27070,-19,0,0
27071,-21,0,0
27072,-22,0,0
27073,-24,0,0
27074,-25,0,0
27075,-27,0,0
27076,-28,0,0
27077,-30,0,0
27078,-32,0,0
27079,-34,0,0
27080,-35,0,0
27081,-37,0,0
27082,-39,0,0
27083,-40,0,0
27084,-42,0,0
27085,-44,0,0
27086,-46,0,0
27087,-48,0,0
27088,-49,0,0
27089,-51,0,0
27090,-53,0,0
27091,-55,0,0
27092,-57,0,0
27093,-59,0,0
27094,-61,0,0
27095,-62,0,0
27096,-64,0,0
27097,-66,0,0
27098,-68,0,0
27099,-70,0,0
27100,-72,0,0
27101,-74,0,0
27102,-76,0,0
27103,-77,0,0
27104,-79,0,0
27105,-81,0,0
27106,-83,0,0
27107,-85,0,0
27108,-87,0,0
27109,-89,0,0
27110,-90,0,0
27111,-92,0,0
27112,-94,0,0
27113,-96,0,0
27114,-98,0,0
27115,-100,0,0
27116,-102,0,0
27117,-104,0,0
27118,-106,0,0
27119,-108,0,0
27120,-109,0,0
27121,-112,0,0
27122,-114,0,0
27123,-116,0,0
27124,-118,0,0
27125,-120,0,0
27126,-122,0,0
27127,-124,0,0
27128,-126,0,0
27129,-128,0,0
27130,-130,0,0
27131,-132,0,0
27132,-134,0,0
27133,-136,0,0
27134,-138,0,0
27135,-140,0,0
27136,-143,0,0
27137,-145,0,0
27138,-147,0,0
27139,-149,0,0
27140,-151,0,0
27141,-153,0,0
27142,-155,0,0
27143,-157,0,0
27144,-159,0,0
27145,-161,0,0
27146,-163,0,0
27147,-165,0,0
27148,-167,0,0
27149,-170,0,0
27150,-171,0,0
27151,-174,0,0
27152,-176,0,0
27153,-178,0,0
27154,-180,0,0
27155,-182,0,0
27156,-184,0,0
27157,-185,0,0
27158,-187,0,0
27159,-189,0,0
27160,-191,0,0
27161,-193,0,0
27162,-195,0,0
27163,-197,0,0
27164,-199,0,0
27165,-201,0,0
27166,-203,0,0
27167,-205,0,0
27168,-207,0,0
27169,-209,0,0
27170,-210,0,0
27171,-212,0,0
27172,-214,0,0
27173,-216,0,0
27174,-218,0,0
27175,-220,0,0
27176,-221,0,0
27177,-223,0,0
27178,-225,0,0
27179,-227,0,0
27180,-229,0,0
27181,-231,0,0
27182,-233,0,0
27183,-234,0,0
27184,-236,0,0
27185,-238,0,0
27186,-240,0,0
27187,-242,0,0
27188,-243,0,0
27189,-245,0,0
27190,-247,0,0
27191,-249,0,0
27192,-251,0,0
27193,-253,0,0
27194,-255,0,0
27195,-256,0,0
27196,-258,0,0
27197,-260,0,0
27198,-262,0,0
27199,-264,0,0
27200,-266,0,0
27201,-268,0,0
27202,-269,0,0
27203,-271,0,0
27204,-273,0,0
27205,-275,0,0
27206,-277,0,0
27207,-278,0,0
27208,-280,0,0
27209,-282,0,0
27210,-284,0,0
27211,-285,0,0
27212,-287,0,0
27213,-288,0,0
27214,-290,0,0
27215,-291,0,0
27216,-293,0,0
27217,-294,0,0
27218,-296,0,0
27219,-297,0,0
27220,-299,0,0
27221,-300,0,0
27222,-301,0,0
27223,-303,0,0
27224,-304,0,0
27225,-305,0,0
27226,-306,0,0
27227,-308,0,0
27228,-309,0,0
27229,-310,0,0
27230,-312,0,0
27231,-313,0,0
27232,-314,0,0
27233,-315,0,0
27234,-316,0,0
27235,-317,0,0
27236,-318,0,0
27237,-320,0,0
27238,-321,0,0
27239,-322,0,0
27240,-323,0,0
27241,-324,0,0
27242,-325,0,0
27243,-326,0,0
27244,-327,0,0
27245,-328,0,0
27246,-329,0,0
27247,-330,0,0
27248,-331,0,0
27249,-332,0,0
27250,-333,0,0
27251,-335,0,0
27252,-335,0,0
27253,-336,0,0
27254,-337,0,0
27255,-338,0,0
27256,-339,0,0
27257,-340,0,0
27258,-341,0,0
27259,-342,0,0
27260,-343,0,0
27261,-344,0,0
27262,-345,0,0
27263,-346,0,0
27264,-346,0,0
27265,-347,0,0
27266,-348,0,0
27267,-349,0,0
27268,-349,0,0
27269,-350,0,0
27270,-350,0,0
27271,-351,0,0
27272,-351,0,0
27273,-352,0,0
27274,-352,0,0
27275,-353,0,0
27276,-353,0,0
27277,-353,0,0
27278,-354,0,0
27279,-354,0,0
27280,-354,0,0
27281,-354,0,0
27282,-355,0,0
27283,-355,0,0
27284,-355,0,0
27285,-355,0,0
27286,-355,0,0
27287,-356,0,0
27288,-356,0,0
27289,-356,0,0
27290,-356,0,0
27291,-357,0,0
27292,-357,0,0
27293,-357,0,0
27294,-357,0,0
27295,-357,0,0
27296,-358,0,0
27297,-358,0,0
27298,-358,0,0
27299,-358,0,0
27300,-358,0,0
27301,-359,0,0
27302,-359,0,0
27303,-359,0,0
27304,-359,0,0
27305,-360,0,0
27306,-360,0,0
27307,-360,0,0
27308,-360,0,0
27309,-360,0,0
27310,-360,0,0
27311,-360,0,0
27312,-360,0,0
27313,-359,0,0
27314,-359,0,0
27315,-359,0,0
27316,-359,0,0
27317,-358,0,0
27318,-358,0,0
27319,-357,0,0
27320,-357,0,0
27321,-356,0,0
27322,-356,0,0
27323,-355,0,0
27324,-354,0,0
27325,-354,0,0
27326,-353,0,0
27327,-352,0,0
27328,-351,0,0
27329,-351,0,0
27330,-350,0,0
27331,-349,0,0
27332,-348,0,0
27333,-347,0,0
27334,-346,0,0
27335,-345,0,0
27336,-344,0,0
27337,-343,0,0
27338,-342,0,0
27339,-341,0,0
27340,-340,0,0
27341,-339,0,0
27342,-338,0,0
27343,-337,0,0
27344,-336,0,0
27345,-335,0,0
27346,-334,0,0
27347,-333,0,0
27348,-332,0,0
27349,-331,0,0
27350,-329,0,0
27351,-328,0,0
27352,-327,0,0
27353,-326,0,0
27354,-325,0,0
27355,-324,0,0
27356,-322,0,0
27357,-321,0,0
27358,-320,0,0
27359,-319,0,0
27360,-318,0,0
27361,-316,0,0
27362,-315,0,0
27363,-313,0,0
27364,-312,0,0
27365,-311,0,0
27366,-309,0,0
27367,-308,0,0
27368,-307,0,0
27369,-305,0,0
27370,-303,0,0
27371,-302,0,0
27372,-301,0,0
27373,-299,0,0
27374,-297,0,0
27375,-296,0,0
27376,-294,0,0
27377,-292,0,0
27378,-291,0,0
27379,-289,0,0
27380,-287,0,0
27381,-286,0,0
27382,-284,0,0
27383,-282,0,0
27384,-280,0,0
27385,-279,0,0
27386,-277,0,0
27387,-275,0,0
27388,-273,0,0
27389,-271,0,0
27390,-269,0,0
27391,-267,0,0
27392,-265,0,0
27393,-264,0,0
27394,-262,0,0
27395,-260,0,0
27396,-258,0,0
27397,-256,0,0
27398,-254,0,0
27399,-252,0,0
27400,-249,0,0
27401,-247,0,0
27402,-245,0,0
27403,-243,0,0
27404,-241,0,0
27405,-239,0,0
27406,-237,0,0
27407,-235,0,0
27408,-232,0,0
27409,-230,0,0
27410,-228,0,0
27411,-226,0,0
27412,-223,0,0
27413,-221,0,0
27414,-219,0,0
27415,-216,0,0
27416,-214,0,0
27417,-212,0,0
27418,-209,0,0
27419,-207,0,0
27420,-204,0,0
27421,-202,0,0
27422,-199,0,0
27423,-197,0,0
27424,-194,0,0
27425,-192,0,0
27426,-189,0,0
27427,-186,0,0
27428,-184,0,0
27429,-181,0,0
27430,-178,0,0
27431,-176,0,0
27432,-173,0,0
27433,-171,0,0
27434,-168,0,0
27435,-165,0,0
27436,-162,0,0
27437,-160,0,0
27438,-157,0,0
27439,-155,0,0
27440,-152,0,0
27441,-149,0,0
27442,-147,0,0
27443,-144,0,0
27444,-142,0,0
27445,-139,0,0
27446,-136,0,0
27447,-134,0,0
27448,-131,0,0
27449,-128,0,0
27450,-126,0,0
27451,-123,0,0
27452,-121,0,0
27453,-118,0,0
27454,-115,0,0
27455,-113,0,0
27456,-110,0,0
27457,-107,0,0
27458,-105,0,0
27459,-102,0,0
27460,-99,0,0
27461,-97,0,0
27462,-94,0,0
27463,-91,0,0
27464,-88,0,0
27465,-85,0,0
27466,-83,0,0
27467,-80,0,0
27468,-77,0,0
27469,-74,0,0
27470,-71,0,0
27471,-68,0,0
27472,-65,0,0
27473,-62,0,0
27474,-59,0,0
27475,-56,0,0
27476,-54,0,0
27477,-51,0,0
27478,-48,0,0
27479,-45,0,0
27480,-42,0,0
27481,-39,0,0
27482,-36,0,0
27483,-33,0,0
27484,-30,0,0
27485,-27,0,0
27486,-24,0,0
27487,-21,0,0
27488,-19,0,0
27489,-16,0,0
27490,-13,0,0
27491,-10,0,0
27492,-7,0,0
27493,-4,0,0
27494,-1,0,0
27495,2,0,0
27496,4,0,0
27497,7,0,0
27498,10,0,0
27499,13,0,0
27500,16,0,0
27501,19,0,0
27502,22,0,0
27503,25,0,0
27504,28,0,0
27505,31,0,0
27506,34,0,0
27507,37,0,0
27508,41,0,0
27509,44,0,0
27510,47,0,0
27511,50,0,0
27512,53,0,0
27513,56,0,0
27514,59,0,0
27515,62,0,0
27516,66,0,0
27517,69,0,0
27518,72,0,0
27519,74,0,0
27520,78,0,0
27521,81,0,0
27522,83,0,0
27523,86,0,0
27524,89,0,0
27525,92,0,0
27526,95,0,0
27527,98,0,0
27528,100,0,0
27529,103,0,0
27530,106,0,0
27531,108,0,0
27532,111,0,0
27533,114,0,0
27534,116,0,0
27535,119,0,0
27536,122,0,0
27537,124,0,0
27538,127,0,0
27539,129,0,0
27540,132,0,0
27541,135,0,0
27542,137,0,0
27543,140,0,0
27544,142,0,0
27545,145,0,0
27546,148,0,0
27547,150,0,0
27548,153,0,0
27549,156,0,0
27550,159,0,0
27551,161,0,0
27552,164,0,0
27553,166,0,0
27554,169,0,0
27555,172,0,0
27556,175,0,0
27557,177,0,0
27558,180,0,0
27559,183,0,0
27560,185,0,0
27561,188,0,0
27562,190,0,0
27563,193,0,0
27564,196,0,0
27565,198,0,0
27566,201,0,0
27567,203,0,0
27568,205,0,0
27569,208,0,0
27570,210,0,0
27571,213,0,0
27572,215,0,0
27573,217,0,0
27574,220,0,0
27575,222,0,0
27576,224,0,0
27577,226,0,0
27578,228,0,0
27579,231,0,0
27580,233,0,0
27581,235,0,0
27582,237,0,0
27583,239,0,0
27584,241,0,0
27585,243,0,0
27586,245,0,0
27587,247,0,0
27588,249,0,0
27589,251,0,0
27590,253,0,0
27591,255,0,0
27592,257,0,0
27593,259,0,0
27594,261,0,0
27595,263,0,0
27596,265,0,0
27597,267,0,0
27598,269,0,0
27599,271,0,0
27600,273,0,0
27601,275,0,0
27602,277,0,0
27603,278,0,0
27604,280,0,0
27605,282,0,0
27606,284,0,0
27607,286,0,0
27608,287,0,0
27609,289,0,0
27610,291,0,0
27611,293,0,0
27612,294,0,0
27613,296,0,0
27614,297,0,0
27615,299,0,0
27616,300,0,0
27617,302,0,0
27618,303,0,0
27619,305,0,0
27620,307,0,0
27621,308,0,0
27622,309,0,0
27623,311,0,0
27624,312,0,0
27625,313,0,0
27626,315,0,0
27627,316,0,0
27628,317,0,0
27629,319,0,0
27630,320,0,0
27631,321,0,0
27632,323,0,0
27633,324,0,0
27634,325,0,0
27635,326,0,0
27636,327,0,0
27637,329,0,0
27638,330,0,0
27639,331,0,0
27640,332,0,0
27641,333,0,0
27642,335,0,0
27643,336,0,0
27644,337,0,0
27645,338,0,0
27646,339,0,0
27647,340,0,0
27648,341,0,0
27649,342,0,0
27650,343,0,0
27651,344,0,0
27652,345,0,0
27653,346,0,0
27654,347,0,0
27655,348,0,0
27656,348,0,0
27657,349,0,0
27658,350,0,0
27659,350,0,0
27660,351,0,0
27661,352,0,0
27662,352,0,0
27663,353,0,0
27664,353,0,0
27665,354,0,0
27666,354,0,0
27667,354,0,0
27668,355,0,0
27669,355,0,0
27670,355,0,0
27671,356,0,0
27672,356,0,0
27673,356,0,0
27674,356,0,0
27675,356,0,0
27676,357,0,0
27677,357,0,0
27678,357,0,0
27679,357,0,0
27680,357,0,0
27681,357,0,0
27682,357,0,0
27683,357,0,0
27684,357,0,0
27685,357,0,0
27686,357,0,0
27687,357,0,0
27688,357,0,0
27689,357,0,0
27690,357,0,0
27691,357,0,0
27692,357,0,0
27693,357,0,0
27694,357,0,0
27695,357,0,0
27696,357,0,0
27697,357,0,0
27698,357,0,0
27699,356,0,0
27700,356,0,0
27701,356,0,0
27702,356,0,0
27703,356,0,0
27704,355,0,0
27705,355,0,0
27706,355,0,0
27707,354,0,0
27708,354,0,0
27709,354,0,0
27710,353,0,0
27711,353,0,0
27712,352,0,0
27713,352,0,0
27714,351,0,0
27715,351,0,0
27716,350,0,0
27717,350,0,0
27718,349,0,0
27719,349,0,0
27720,348,0,0
27721,347,0,0
27722,347,0,0
27723,346,0,0
27724,345,0,0
27725,344,0,0
27726,343,0,0
27727,343,0,0
27728,342,0,0
27729,341,0,0
27730,340,0,0
27731,339,0,0
27732,338,0,0
27733,337,0,0
27734,336,0,0
27735,335,0,0
27736,334,0,0
27737,333,0,0
27738,332,0,0
27739,331,0,0
27740,329,0,0
27741,328,0,0
27742,327,0,0
27743,326,0,0
27744,325,0,0
27745,324,0,0
27746,323,0,0
27747,321,0,0
27748,320,0,0
27749,319,0,0
27750,318,0,0
27751,317,0,0
27752,316,0,0
27753,314,0,0
27754,313,0,0
27755,312,0,0
27756,311,0,0
27757,310,0,0
27758,309,0,0
27759,307,0,0
27760,306,0,0
27761,305,0,0
27762,304,0,0
27763,302,0,0
27764,301,0,0
27765,300,0,0
27766,298,0,0
27767,297,0,0
27768,295,0,0
27769,294,0,0
27770,293,0,0
27771,291,0,0
27772,289,0,0
27773,288,0,0
27774,286,0,0
27775,285,0,0
27776,283,0,0
27777,281,0,0
27778,280,0,0
27779,278,0,0
27780,276,0,0
27781,275,0,0
27782,273,0,0
27783,271,0,0
27784,269,0,0
27785,268,0,0
27786,266,0,0
27787,264,0,0
27788,263,0,0
27789,261,0,0
27790,259,0,0
27791,257,0,0
27792,256,0,0
27793,254,0,0
27794,252,0,0
27795,250,0,0
27796,249,0,0
27797,247,0,0
27798,245,0,0
27799,244,0,0
27800,242,0,0
27801,240,0,0
27802,238,0,0
27803,237,0,0
27804,235,0,0
27805,233,0,0
27806,232,0,0
27807,230,0,0
27808,228,0,0
27809,226,0,0
27810,225,0,0
27811,223,0,0
27812,221,0,0
27813,219,0,0
27814,218,0,0
27815,216,0,0
27816,214,0,0
27817,212,0,0
27818,210,0,0
27819,208,0,0
27820,206,0,0
27821,204,0,0
27822,202,0,0
27823,201,0,0
27824,198,0,0
27825,197,0,0
27826,195,0,0
27827,193,0,0
27828,190,0,0
27829,188,0,0
27830,186,0,0
27831,184,0,0
27832,182,0,0
27833,180,0,0
27834,178,0,0
27835,176,0,0
27836,174,0,0
27837,172,0,0
27838,169,0,0
27839,167,0,0
27840,165,0,0
27841,163,0,0
27842,161,0,0
27843,159,0,0
27844,156,0,0
27845,155,0,0
27846,152,0,0
27847,150,0,0
27848,148,0,0
27849,146,0,0
27850,144,0,0
27851,142,0,0
27852,140,0,0
27853,137,0,0
27854,136,0,0
27855,134,0,0
27856,132,0,0
27857,129,0,0
27858,128,0,0
27859,126,0,0
27860,123,0,0
27861,122,0,0
27862,119,0,0
27863,117,0,0
27864,116,0,0
27865,113,0,0
27866,111,0,0
27867,109,0,0
27868,107,0,0
27869,105,0,0
27870,104,0,0
27871,102,0,0
27872,100,0,0
27873,98,0,0
27874,95,0,0
27875,94,0,0
27876,92,0,0
27877,90,0,0
27878,88,0,0
27879,86,0,0
27880,84,0,0
27881,82,0,0
27882,80,0,0
27883,78,0,0
27884,76,0,0
27885,74,0,0
27886,73,0,0
27887,70,0,0
27888,69,0,0
27889,67,0,0
27890,65,0,0
27891,63,0,0
27892,61,0,0
27893,59,0,0
27894,57,0,0
27895,56,0,0
27896,54,0,0
27897,52,0,0
27898,50,0,0
27899,49,0,0
27900,47,0,0
27901,45,0,0
27902,43,0,0
27903,42,0,0
27904,40,0,0
27905,38,0,0
27906,36,0,0
27907,35,0,0
27908,33,0,0
27909,31,0,0
27910,30,0,0
27911,28,0,0
27912,26,0,0
27913,25,0,0
27914,23,0,0
27915,22,0,0
27916,20,0,0
27917,19,0,0
27918,17,0,0
27919,16,0,0
27920,14,0,0
27921,12,0,0
27922,11,0,0
27923,9,0,0
27924,8,0,0
27925,6,0,0
27926,5,0,0
27927,3,0,0
27928,2,0,0
27929,1,0,0
27930,-1,0,0
27931,-2,0,0
27932,-4,0,0
27933,-5,0,0
27934,-7,0,0
27935,-8,0,0
27936,-10,0,0
27937,-11,0,0
27938,-12,0,0
27939,-14,0,0
27940,-15,0,0
27941,-16,0,0
27942,-18,0,0
27943,-19,0,0
27944,-20,0,0
27945,-22,0,0
27946,-23,0,0
27947,-24,0,0
27948,-26,0,0
27949,-27,0,0
27950,-28,0,0
27951,-29,0,0
27952,-31,0,0
27953,-32,0,0
27954,-33,0,0
27955,-34,0,0
27956,-35,0,0
27957,-37,0,0
27958,-38,0,0
27959,-39,0,0
27960,-40,0,0
27961,-41,0,0
27962,-42,0,0
27963,-43,0,0
27964,-44,0,0
27965,-45,0,0
27966,-47,0,0
27967,-48,0,0
27968,-48,0,0
27969,-50,0,0
27970,-50,0,0
27971,-51,0,0
27972,-52,0,0
27973,-53,0,0
27974,-54,0,0
27975,-55,0,0
27976,-55,0,0
27977,-56,0,0
27978,-57,0,0
27979,-57,0,0
27980,-58,0,0
27981,-59,0,0
27982,-59,0,0
27983,-60,0,0
27984,-60,0,0
27985,-61,0,0
27986,-61,0,0
27987,-62,0,0
27988,-62,0,0
27989,-63,0,0
27990,-63,0,0
27991,-64,0,0
27992,-64,0,0
27993,-64,0,0
27994,-65,0,0
27995,-65,0,0
27996,-66,0,0
27997,-66,0,0
27998,-67,0,0
27999,-67,0,0
28000,-68,0,0
28001,-68,0,0
28002,-69,0,0
28003,-69,0,0
28004,-70,0,0
28005,-70,0,0
28006,-71,0,0
28007,-71,0,0
28008,-72,0,0
28009,-72,0,0
28010,-73,0,0
28011,-73,0,0
28012,-74,0,0
28013,-74,0,0
28014,-75,0,0
28015,-75,0,0
28016,-75,0,0
28017,-76,0,0
28018,-76,0,0
28019,-77,0,0
28020,-77,0,0
28021,-77,0,0
28022,-77,0,0
28023,-78,0,0
28024,-78,0,0
28025,-78,0,0
28026,-78,0,0
28027,-78,0,0
28028,-78,0,0
28029,-78,0,0
28030,-78,0,0
28031,-78,0,0
28032,-78,0,0
28033,-77,0,0
28034,-77,0,0
28035,-77,0,0
28036,-77,0,0
28037,-77,0,0
28038,-76,0,0
28039,-76,0,0
28040,-76,0,0
28041,-75,0,0
28042,-75,0,0
28043,-75,0,0
28044,-74,0,0
28045,-74,0,0
28046,-73,0,0
28047,-73,0,0
28048,-73,0,0
28049,-72,0,0
28050,-72,0,0
28051,-72,0,0
28052,-71,0,0
28053,-71,0,0
28054,-71,0,0
28055,-70,0,0
28056,-70,0,0
28057,-70,0,0
28058,-69,0,0
28059,-69,0,0
28060,-69,0,0
28061,-68,0,0
28062,-68,0,0
28063,-67,0,0
28064,-67,0,0
28065,-67,0,0
28066,-67,0,0
28067,-66,0,0
28068,-66,0,0
28069,-65,0,0
28070,-65,0,0
28071,-64,0,0
28072,-64,0,0
28073,-63,0,0
28074,-63,0,0
28075,-62,0,0
28076,-62,0,0
28077,-61,0,0
28078,-60,0,0
28079,-60,0,0
28080,-59,0,0
28081,-58,0,0
28082,-58,0,0
28083,-57,0,0
28084,-56,0,0
28085,-55,0,0
28086,-55,0,0
28087,-54,0,0
28088,-53,0,0
28089,-52,0,0
28090,-52,0,0
28091,-51,0,0
28092,-50,0,0
28093,-49,0,0
28094,-49,0,0
28095,-48,0,0
28096,-47,0,0
28097,-46,0,0
28098,-45,0,0
28099,-45,0,0
28100,-44,0,0
28101,-43,0,0
28102,-43,0,0
28103,-42,0,0
28104,-41,0,0
28105,-40,0,0
28106,-40,0,0
28107,-39,0,0
28108,-38,0,0
28109,-37,0,0
28110,-37,0,0
28111,-36,0,0
28112,-35,0,0
28113,-34,0,0
28114,-33,0,0
28115,-32,0,0
28116,-32,0,0
28117,-30,0,0
28118,-29,0,0
28119,-29,0,0
28120,-28,0,0
28121,-26,0,0
28122,-26,0,0
28123,-24,0,0
28124,-23,0,0
28125,-22,0,0
28126,-21,0,0
28127,-20,0,0
28128,-19,0,0
28129,-18,0,0
28130,-17,0,0
28131,-16,0,0
28132,-15,0,0
28133,-14,0,0
28134,-12,0,0
28135,-11,0,0
28136,-10,0,0
28137,-9,0,0
28138,-8,0,0
28139,-7,0,0
28140,-6,0,0
28141,-5,0,0
28142,-4,0,0
28143,-3,0,0
28144,-2,0,0
28145,-1,0,0
28146,0,0,0
28147,0,0,0
28148,1,0,0
28149,2,0,0
28150,3,0,0
28151,4,0,0
28152,5,0,0
28153,6,0,0
28154,7,0,0
28155,8,0,0
28156,9,0,0
28157,10,0,0
28158,11,0,0
28159,12,0,0
28160,13,0,0
28161,13,0,0
28162,15,0,0
28163,15,0,0
28164,16,0,0
28165,17,0,0
28166,18,0,0
28167,19,0,0
28168,20,0,0
28169,21,0,0
28170,22,0,0
28171,23,0,0
28172,24,0,0
28173,25,0,0
28174,26,0,0
28175,27,0,0
28176,28,0,0
28177,29,0,0
28178,29,0,0
28179,30,0,0
28180,31,0,0
28181,32,0,0
28182,33,0,0
28183,34,0,0
28184,34,0,0
28185,35,0,0
28186,36,0,0
28187,37,0,0
28188,38,0,0
28189,39,0,0
28190,39,0,0
28191,40,0,0
28192,41,0,0
28193,42,0,0
28194,43,0,0
28195,44,0,0
28196,44,0,0
28197,45,0,0
28198,46,0,0
28199,47,0,0
28200,47,0,0
28201,48,0,0
28202,49,0,0
28203,50,0,0
28204,51,0,0
28205,51,0,0
28206,52,0,0
28207,53,0,0
28208,54,0,0
28209,54,0,0
28210,55,0,0
28211,56,0,0
28212,56,0,0
28213,57,0,0
28214,58,0,0
28215,58,0,0
28216,59,0,0
28217,59,0,0
28218,60,0,0
28219,60,0,0
28220,61,0,0
28221,62,0,0
28222,62,0,0
28223,62,0,0
28224,63,0,0
28225,63,0,0
28226,64,0,0
28227,64,0,0
28228,65,0,0
28229,65,0,0
28230,65,0,0
28231,66,0,0
28232,66,0,0
28233,67,0,0
28234,67,0,0
28235,67,0,0
28236,68,0,0
28237,68,0,0
28238,69,0,0
28239,69,0,0
28240,70,0,0
28241,70,0,0
28242,70,0,0
28243,71,0,0
28244,71,0,0
28245,71,0,0
28246,72,0,0
28247,72,0,0
28248,73,0,0
28249,73,0,0
28250,73,0,0
28251,74,0,0
28252,74,0,0
28253,74,0,0
28254,74,0,0
28255,75,0,0
28256,75,0,0
28257,75,0,0
28258,75,0,0
28259,75,0,0
28260,75,0,0
28261,75,0,0
28262,75,0,0
28263,75,0,0
28264,75,0,0
28265,75,0,0
28266,75,0,0
28267,75,0,0
28268,75,0,0
28269,75,0,0
28270,75,0,0
28271,74,0,0
28272,74,0,0
28273,74,0,0
28274,74,0,0
28275,74,0,0
28276,74,0,0
28277,74,0,0
28278,73,0,0
28279,73,0,0
28280,73,0,0
28281,73,0,0
28282,73,0,0
28283,73,0,0
28284,72,0,0
28285,72,0,0
28286,72,0,0
28287,72,0,0
28288,72,0,0
28289,71,0,0
28290,71,0,0
28291,71,0,0
28292,71,0,0
28293,71,0,0
28294,70,0,0
28295,70,0,0
28296,70,0,0
28297,69,0,0
28298,69,0,0
28299,68,0,0
28300,68,0,0
28301,67,0,0
28302,67,0,0
28303,66,0,0
28304,65,0,0
28305,65,0,0
28306,64,0,0
28307,63,0,0
28308,62,0,0
28309,61,0,0
28310,61,0,0
28311,60,0,0
28312,59,0,0
28313,58,0,0
28314,57,0,0
28315,56,0,0
28316,55,0,0
28317,54,0,0
28318,53,0,0
28319,52,0,0
28320,51,0,0
28321,50,0,0
28322,49,0,0
28323,48,0,0
28324,47,0,0
28325,46,0,0
28326,45,0,0
28327,44,0,0
28328,44,0,0
28329,43,0,0
28330,42,0,0
28331,41,0,0
28332,40,0,0
28333,39,0,0
28334,38,0,0
28335,37,0,0
28336,36,0,0
28337,35,0,0
28338,33,0,0
28339,32,0,0
28340,31,0,0
28341,30,0,0
28342,29,0,0
28343,28,0,0
28344,26,0,0
28345,25,0,0
28346,24,0,0
28347,23,0,0
28348,21,0,0
28349,20,0,0
28350,18,0,0
28351,17,0,0
28352,16,0,0
28353,14,0,0
28354,13,0,0
28355,11,0,0
28356,10,0,0
28357,8,0,0
28358,7,0,0
28359,5,0,0
28360,4,0,0
28361,3,0,0
28362,1,0,0
28363,0,0,0
28364,-2,0,0
28365,-3,0,0
28366,-4,0,0
28367,-6,0,0
28368,-7,0,0
28369,-8,0,0
28370,-10,0,0
28371,-11,0,0
28372,-12,0,0
28373,-14,0,0
28374,-15,0,0
28375,-16,0,0
28376,-18,0,0
28377,-19,0,0
28378,-21,0,0
28379,-22,0,0
28380,-24,0,0
28381,-25,0,0
28382,-27,0,0
28383,-28,0,0
28384,-30,0,0
28385,-32,0,0
28386,-34,0,0
28387,-36,0,0
28388,-38,0,0
28389,-39,0,0
28390,-41,0,0
28391,-43,0,0
28392,-45,0,0
28393,-48,0,0
28394,-50,0,0
28395,-52,0,0
28396,-54,0,0
28397,-56,0,0
28398,-58,0,0
28399,-60,0,0
28400,-62,0,0
28401,-65,0,0
28402,-67,0,0
28403,-69,0,0
28404,-71,0,0
28405,-73,0,0
28406,-75,0,0
28407,-77,0,0
28408,-79,0,0
28409,-80,0,0
28410,-82,0,0
28411,-84,0,0
28412,-86,0,0
28413,-87,0,0
28414,-89,0,0
28415,-91,0,0
28416,-92,0,0
28417,-94,0,0
28418,-96,0,0
28419,-97,0,0
28420,-98,0,0
28421,-100,0,0
28422,-102,0,0
28423,-103,0,0
28424,-105,0,0
28425,-106,0,0
28426,-108,0,0
28427,-110,0,0
28428,-112,0,0
28429,-114,0,0
28430,-116,0,0
28431,-117,0,0
28432,-120,0,0
28433,-122,0,0
28434,-124,0,0
28435,-126,0,0
28436,-128,0,0
28437,-130,0,0
28438,-132,0,0
28439,-135,0,0
28440,-137,0,0
28441,-140,0,0
28442,-142,0,0
28443,-144,0,0
28444,-147,0,0
28445,-149,0,0
28446,-151,0,0
28447,-153,0,0
28448,-156,0,0
28449,-158,0,0
28450,-160,0,0
28451,-162,0,0
28452,-165,0,0
28453,-167,0,0
28454,-169,0,0
28455,-171,0,0
28456,-173,0,0
28457,-175,0,0
28458,-177,0,0
28459,-179,0,0
28460,-181,0,0
28461,-183,0,0
28462,-184,0,0
28463,-186,0,0
28464,-188,0,0
28465,-190,0,0
28466,-192,0,0
28467,-194,0,0
28468,-195,0,0
28469,-197,0,0
28470,-199,0,0
28471,-201,0,0
28472,-203,0,0
28473,-204,0,0
28474,-206,0,0
28475,-208,0,0
28476,-210,0,0
28477,-212,0,0
28478,-214,0,0
28479,-215,0,0
28480,-217,0,0
28481,-219,0,0
28482,-221,0,0
28483,-223,0,0
28484,-225,0,0
28485,-226,0,0
28486,-228,0,0
28487,-230,0,0
28488,-232,0,0
28489,-234,0,0
28490,-236,0,0
28491,-238,0,0
28492,-239,0,0
28493,-241,0,0
28494,-243,0,0
28495,-245,0,0
28496,-247,0,0
28497,-249,0,0
28498,-250,0,0
28499,-252,0,0
28500,-254,0,0
28501,-256,0,0
28502,-257,0,0
28503,-259,0,0
28504,-261,0,0
28505,-263,0,0
28506,-264,0,0
28507,-266,0,0
28508,-268,0,0
28509,-269,0,0
28510,-271,0,0
28511,-273,0,0
28512,-275,0,0
28513,-276,0,0
28514,-278,0,0
28515,-280,0,0
28516,-281,0,0
28517,-283,0,0
28518,-285,0,0
28519,-286,0,0
28520,-288,0,0
28521,-290,0,0
28522,-291,0,0
28523,-293,0,0
28524,-294,0,0
28525,-296,0,0
28526,-297,0,0
28527,-299,0,0
28528,-300,0,0
28529,-302,0,0
28530,-303,0,0
28531,-305,0,0
28532,-306,0,0
28533,-307,0,0
28534,-309,0,0
28535,-310,0,0
28536,-311,0,0
28537,-313,0,0
28538,-314,0,0
28539,-315,0,0
28540,-317,0,0
28541,-318,0,0
28542,-319,0,0
28543,-320,0,0
28544,-321,0,0
28545,-323,0,0
28546,-324,0,0
28547,-325,0,0
28548,-326,0,0
28549,-327,0,0
28550,-328,0,0
28551,-329,0,0
28552,-330,0,0
28553,-331,0,0
28554,-332,0,0
28555,-333,0,0
28556,-333,0,0
28557,-334,0,0
28558,-335,0,0
28559,-336,0,0
28560,-337,0,0
28561,-338,0,0
28562,-338,0,0
28563,-339,0,0
28564,-340,0,0
28565,-341,0,0
28566,-342,0,0
28567,-342,0,0
28568,-343,0,0
28569,-344,0,0
28570,-345,0,0
28571,-345,0,0
28572,-346,0,0
28573,-347,0,0
28574,-348,0,0
28575,-348,0,0
28576,-349,0,0
28577,-350,0,0
28578,-351,0,0
28579,-352,0,0
28580,-352,0,0
28581,-353,0,0
28582,-354,0,0
28583,-355,0,0
28584,-355,0,0
28585,-356,0,0
28586,-356,0,0
28587,-357,0,0
28588,-357,0,0
28589,-358,0,0
28590,-359,0,0
28591,-359,0,0
28592,-359,0,0
28593,-360,0,0
28594,-360,0,0
28595,-360,0,0
28596,-360,0,0
28597,-360,0,0
28598,-360,0,0
28599,-360,0,0
28600,-361,0,0
28601,-360,0,0
28602,-360,0,0
28603,-360,0,0
28604,-360,0,0
28605,-360,0,0
28606,-359,0,0
28607,-359,0,0
28608,-359,0,0
28609,-359,0,0
28610,-358,0,0
28611,-358,0,0
28612,-358,0,0
28613,-358,0,0
28614,-357,0,0
28615,-357,0,0
28616,-357,0,0
28617,-357,0,0
28618,-356,0,0
28619,-356,0,0
28620,-356,0,0
28621,-356,0,0
28622,-355,0,0
28623,-355,0,0
28624,-355,0,0
28625,-355,0,0
28626,-354,0,0
28627,-354,0,0
28628,-354,0,0
28629,-353,0,0
28630,-353,0,0
28631,-353,0,0
28632,-352,0,0
28633,-352,0,0
28634,-351,0,0
28635,-351,0,0
28636,-350,0,0
28637,-349,0,0
28638,-349,0,0
28639,-348,0,0
28640,-348,0,0
28641,-347,0,0
28642,-346,0,0
28643,-345,0,0
28644,-344,0,0
28645,-343,0,0
28646,-342,0,0
28647,-341,0,0
28648,-340,0,0
28649,-339,0,0
28650,-338,0,0
28651,-337,0,0
28652,-336,0,0
28653,-334,0,0
28654,-333,0,0
28655,-332,0,0
28656,-331,0,0
28657,-330,0,0
28658,-328,0,0
28659,-327,0,0
28660,-326,0,0
28661,-324,0,0
28662,-323,0,0
28663,-322,0,0
28664,-320,0,0
28665,-319,0,0
28666,-318,0,0
28667,-316,0,0
28668,-315,0,0
28669,-314,0,0
28670,-312,0,0
28671,-311,0,0
28672,-310,0,0
28673,-308,0,0
28674,-307,0,0
28675,-305,0,0
28676,-304,0,0
28677,-302,0,0
28678,-301,0,0
28679,-299,0,0
28680,-298,0,0
28681,-296,0,0
28682,-295,0,0
28683,-293,0,0
28684,-292,0,0
28685,-290,0,0
28686,-288,0,0
28687,-286,0,0
28688,-285,0,0
28689,-283,0,0
28690,-281,0,0
28691,-279,0,0
28692,-277,0,0
28693,-275,0,0
28694,-274,0,0
28695,-272,0,0
28696,-270,0,0
28697,-268,0,0
28698,-266,0,0
28699,-264,0,0
28700,-262,0,0
28701,-260,0,0
28702,-257,0,0
28703,-255,0,0
28704,-253,0,0
28705,-251,0,0
28706,-249,0,0
28707,-247,0,0
28708,-245,0,0
28709,-242,0,0
28710,-240,0,0
28711,-238,0,0
28712,-236,0,0
28713,-234,0,0
28714,-232,0,0
28715,-229,0,0
28716,-227,0,0
28717,-225,0,0
28718,-223,0,0
28719,-220,0,0
28720,-218,0,0
28721,-216,0,0
28722,-213,0,0
28723,-211,0,0
28724,-209,0,0
28725,-206,0,0
28726,-204,0,0
28727,-202,0,0
28728,-199,0,0
28729,-197,0,0
28730,-194,0,0
28731,-192,0,0
28732,-189,0,0
28733,-186,0,0
28734,-184,0,0
28735,-181,0,0
28736,-179,0,0
28737,-176,0,0
28738,-174,0,0
28739,-171,0,0
28740,-168,0,0
28741,-166,0,0
28742,-163,0,0
28743,-161,0,0
28744,-158,0,0
28745,-155,0,0
28746,-152,0,0
28747,-150,0,0
28748,-147,0,0
28749,-144,0,0
28750,-142,0,0
28751,-139,0,0
28752,-137,0,0
28753,-134,0,0
28754,-131,0,0
28755,-128,0,0
28756,-125,0,0
28757,-123,0,0
28758,-120,0,0
28759,-117,0,0
28760,-114,0,0
28761,-112,0,0
28762,-109,0,0
28763,-106,0,0
28764,-103,0,0
28765,-100,0,0
28766,-98,0,0
28767,-95,0,0
28768,-92,0,0
28769,-89,0,0
28770,-86,0,0
28771,-83,0,0
28772,-80,0,0
28773,-78,0,0
28774,-74,0,0
28775,-71,0,0
28776,-69,0,0
28777,-66,0,0
28778,-63,0,0
28779,-60,0,0
28780,-57,0,0
28781,-54,0,0
28782,-51,0,0
28783,-48,0,0
28784,-45,0,0
28785,-43,0,0
28786,-40,0,0
28787,-37,0,0
28788,-34,0,0
28789,-31,0,0
28790,-28,0,0
28791,-25,0,0
28792,-23,0,0
28793,-20,0,0
28794,-17,0,0
28795,-14,0,0
28796,-11,0,0
28797,-9,0,0
28798,-6,0,0
28799,-3,0,0
28800,0,0,0
28801,3,0,0
28802,6,0,0
28803,9,0,0
28804,11,0,0
28805,14,0,0
28806,17,0,0
28807,20,0,0
28808,23,0,0
28809,26,0,0
28810,29,0,0
28811,32,0,0
28812,35,0,0
28813,38,0,0
28814,42,0,0
28815,44,0,0
28816,48,0,0
28817,50,0,0
28818,54,0,0
28819,56,0,0
28820,59,0,0
28821,62,0,0
28822,65,0,0
28823,68,0,0
28824,71,0,0
28825,74,0,0
28826,77,0,0
28827,80,0,0
28828,82,0,0
28829,85,0,0
28830,88,0,0
28831,91,0,0
28832,93,0,0
28833,96,0,0
28834,99,0,0
28835,101,0,0
28836,104,0,0
28837,107,0,0
28838,109,0,0
28839,112,0,0
28840,115,0,0
28841,117,0,0
28842,120,0,0
28843,123,0,0
28844,125,0,0
28845,128,0,0
28846,131,0,0
28847,133,0,0
28848,136,0,0
28849,139,0,0
28850,142,0,0
28851,144,0,0
28852,147,0,0
28853,150,0,0
28854,153,0,0
28855,155,0,0
28856,158,0,0
28857,161,0,0
28858,164,0,0
28859,167,0,0
28860,170,0,0
28861,172,0,0
28862,175,0,0
28863,178,0,0
28864,181,0,0
28865,183,0,0
28866,186,0,0
28867,189,0,0
28868,191,0,0
28869,194,0,0
28870,196,0,0
28871,199,0,0
28872,201,0,0
28873,203,0,0
28874,206,0,0
28875,208,0,0
28876,210,0,0
28877,213,0,0
28878,215,0,0
28879,217,0,0
28880,219,0,0
28881,221,0,0
28882,224,0,0
28883,226,0,0
28884,228,0,0
28885,230,0,0
28886,232,0,0
28887,234,0,0
28888,236,0,0
28889,238,0,0
28890,240,0,0
28891,243,0,0
28892,245,0,0
28893,247,0,0
28894,249,0,0
28895,251,0,0
28896,253,0,0
28897,255,0,0
28898,257,0,0
28899,259,0,0
28900,261,0,0
28901,264,0,0
28902,266,0,0
28903,268,0,0
28904,270,0,0
28905,272,0,0
28906,274,0,0
28907,276,0,0
28908,278,0,0
28909,280,0,0
28910,282,0,0
28911,284,0,0
28912,285,0,0
28913,287,0,0
28914,289,0,0
28915,291,0,0
28916,293,0,0
28917,294,0,0
28918,296,0,0
28919,298,0,0
28920,299,0,0
28921,301,0,0
28922,302,0,0
28923,304,0,0
28924,306,0,0
28925,307,0,0
28926,309,0,0
28927,310,0,0
28928,311,0,0
28929,313,0,0
28930,314,0,0
28931,315,0,0
28932,316,0,0
28933,318,0,0
28934,319,0,0
28935,320,0,0
28936,322,0,0
28937,323,0,0
28938,324,0,0
28939,325,0,0
28940,326,0,0
28941,327,0,0
28942,329,0,0
28943,330,0,0
28944,331,0,0
28945,332,0,0
28946,333,0,0
28947,334,0,0
28948,335,0,0
28949,336,0,0
28950,337,0,0
28951,338,0,0
28952,339,0,0
28953,340,0,0
28954,341,0,0
28955,342,0,0
28956,343,0,0
28957,344,0,0
28958,344,0,0
28959,345,0,0
28960,346,0,0
28961,347,0,0
28962,348,0,0
28963,348,0,0
28964,349,0,0
28965,350,0,0
28966,350,0,0
28967,351,0,0
28968,351,0,0
28969,352,0,0
28970,353,0,0
28971,353,0,0
28972,354,0,0
28973,354,0,0
28974,354,0,0
28975,355,0,0
28976,355,0,0
28977,356,0,0
28978,356,0,0
28979,357,0,0
28980,357,0,0
28981,357,0,0
28982,358,0,0
28983,358,0,0
28984,359,0,0
28985,359,0,0
28986,359,0,0
28987,359,0,0
28988,360,0,0
28989,360,0,0
28990,360,0,0
28991,360,0,0
28992,360,0,0
28993,361,0,0
28994,361,0,0
28995,361,0,0
28996,361,0,0
28997,361,0,0
28998,361,0,0
28999,361,0,0
29000,361,0,0
29001,361,0,0
29002,360,0,0
29003,360,0,0
29004,360,0,0
29005,360,0,0
29006,360,0,0
29007,359,0,0
29008,359,0,0
29009,359,0,0
29010,358,0,0
29011,358,0,0
29012,357,0,0
29013,357,0,0
29014,357,0,0
29015,356,0,0
29016,356,0,0
29017,355,0,0
29018,355,0,0
29019,354,0,0
29020,353,0,0
29021,353,0,0
29022,352,0,0
29023,351,0,0
29024,350,0,0
29025,350,0,0
29026,349,0,0
29027,348,0,0
29028,347,0,0
29029,346,0,0
29030,346,0,0
29031,345,0,0
29032,344,0,0
29033,343,0,0
29034,342,0,0
29035,341,0,0
29036,340,0,0
29037,339,0,0
29038,338,0,0
29039,337,0,0
29040,336,0,0
29041,335,0,0
29042,334,0,0
29043,333,0,0
29044,332,0,0
29045,331,0,0
29046,330,0,0
29047,329,0,0
29048,328,0,0
29049,327,0,0
29050,325,0,0
29051,324,0,0
29052,323,0,0
29053,322,0,0
29054,321,0,0
29055,320,0,0
29056,319,0,0
29057,318,0,0
29058,317,0,0
29059,316,0,0
29060,315,0,0
29061,313,0,0
29062,312,0,0
29063,311,0,0
29064,310,0,0
29065,308,0,0
29066,307,0,0
29067,306,0,0
29068,305,0,0
29069,303,0,0
29070,302,0,0
29071,301,0,0
29072,300,0,0
29073,298,0,0
29074,297,0,0
29075,295,0,0
29076,294,0,0
29077,292,0,0
29078,291,0,0
29079,289,0,0
29080,288,0,0
29081,286,0,0
29082,285,0,0
29083,283,0,0
29084,281,0,0
29085,280,0,0
29086,278,0,0
29087,277,0,0
29088,275,0,0
29089,273,0,0
29090,272,0,0
29091,270,0,0
29092,268,0,0
29093,267,0,0
29094,265,0,0
29095,263,0,0
29096,261,0,0
29097,259,0,0
29098,258,0,0
29099,256,0,0
29100,254,0,0
29101,252,0,0
29102,251,0,0
29103,249,0,0
29104,247,0,0
29105,245,0,0
29106,243,0,0
29107,241,0,0
29108,239,0,0
29109,237,0,0
29110,235,0,0
29111,233,0,0
29112,232,0,0
29113,230,0,0
29114,228,0,0
29115,226,0,0
29116,224,0,0
29117,222,0,0
29118,220,0,0
29119,218,0,0
29120,216,0,0
29121,214,0,0
29122,212,0,0
29123,210,0,0
29124,208,0,0
29125,207,0,0
29126,204,0,0
29127,203,0,0
29128,201,0,0
29129,199,0,0
29130,197,0,0
29131,195,0,0
29132,193,0,0
29133,191,0,0
29134,189,0,0
29135,187,0,0
29136,185,0,0
29137,183,0,0
29138,181,0,0
29139,179,0,0
29140,177,0,0
29141,175,0,0
29142,173,0,0
29143,171,0,0
29144,169,0,0
29145,167,0,0
29146,165,0,0
29147,163,0,0
29148,161,0,0
29149,159,0,0
29150,157,0,0
29151,155,0,0
29152,152,0,0
29153,150,0,0
29154,148,0,0
29155,146,0,0
29156,144,0,0
29157,142,0,0
29158,140,0,0
29159,138,0,0
29160,136,0,0
29161,134,0,0
29162,132,0,0
29163,130,0,0
29164,128,0,0
29165,126,0,0
29166,124,0,0
29167,122,0,0
29168,120,0,0
29169,118,0,0
29170,116,0,0
29171,114,0,0
29172,112,0,0
29173,110,0,0
29174,108,0,0
29175,106,0,0
29176,104,0,0
29177,102,0,0
29178,100,0,0
29179,98,0,0
29180,96,0,0
29181,94,0,0
29182,92,0,0
29183,90,0,0
29184,88,0,0
29185,86,0,0
29186,84,0,0
29187,82,0,0
29188,81,0,0
29189,78,0,0
29190,77,0,0
29191,75,0,0
29192,73,0,0
29193,71,0,0
29194,69,0,0
29195,67,0,0
29196,65,0,0
29197,64,0,0
29198,62,0,0
29199,60,0,0
29200,58,0,0
29201,56,0,0
29202,55,0,0
29203,53,0,0
29204,51,0,0
29205,49,0,0
29206,48,0,0
29207,46,0,0
29208,44,0,0
29209,42,0,0
29210,41,0,0
29211,39,0,0
29212,37,0,0
29213,36,0,0
29214,34,0,0
29215,32,0,0
29216,31,0,0
29217,29,0,0
29218,27,0,0
29219,26,0,0
29220,24,0,0
29221,22,0,0
29222,21,0,0
29223,19,0,0
29224,17,0,0
29225,16,0,0
29226,14,0,0
29227,13,0,0
29228,11,0,0
29229,9,0,0
29230,7,0,0
29231,6,0,0
29232,4,0,0
29233,3,0,0
29234,1,0,0
29235,-1,0,0
29236,-2,0,0
29237,-4,0,0
29238,-5,0,0
29239,-7,0,0
29240,-8,0,0
29241,-9,0,0
29242,-11,0,0
29243,-12,0,0
29244,-14,0,0
29245,-15,0,0
29246,-16,0,0
29247,-18,0,0
29248,-19,0,0
29249,-20,0,0
29250,-22,0,0
29251,-23,0,0
29252,-24,0,0
29253,-25,0,0
29254,-26,0,0
29255,-27,0,0
29256,-28,0,0
29257,-30,0,0
29258,-30,0,0
29259,-32,0,0
29260,-33,0,0
29261,-34,0,0
29262,-35,0,0
29263,-36,0,0
29264,-37,0,0
29265,-38,0,0
29266,-39,0,0
29267,-40,0,0
29268,-41,0,0
29269,-42,0,0
29270,-43,0,0
29271,-44,0,0
29272,-45,0,0
29273,-46,0,0
29274,-47,0,0
29275,-48,0,0
29276,-49,0,0
29277,-50,0,0
29278,-51,0,0
29279,-52,0,0
29280,-53,0,0
29281,-54,0,0
29282,-54,0,0
29283,-55,0,0
29284,-56,0,0
29285,-57,0,0
29286,-58,0,0
29287,-59,0,0
29288,-60,0,0
29289,-60,0,0
29290,-61,0,0
29291,-62,0,0
29292,-62,0,0
29293,-63,0,0
29294,-64,0,0
29295,-64,0,0
29296,-65,0,0
29297,-65,0,0
29298,-65,0,0
29299,-66,0,0
29300,-66,0,0
29301,-67,0,0
29302,-67,0,0
29303,-68,0,0
29304,-68,0,0
29305,-68,0,0
29306,-69,0,0
29307,-69,0,0
29308,-69,0,0
29309,-70,0,0
29310,-70,0,0
29311,-70,0,0
29312,-71,0,0
29313,-71,0,0
29314,-71,0,0
29315,-72,0,0
29316,-72,0,0
29317,-72,0,0
29318,-72,0,0
29319,-73,0,0
29320,-73,0,0
29321,-73,0,0
29322,-74,0,0
29323,-74,0,0
29324,-74,0,0
29325,-74,0,0
29326,-74,0,0
29327,-75,0,0
29328,-75,0,0
29329,-75,0,0
29330,-75,0,0
29331,-75,0,0
29332,-76,0,0
29333,-76,0,0
29334,-76,0,0
29335,-76,0,0
29336,-76,0,0
29337,-76,0,0
29338,-76,0,0
29339,-76,0,0
29340,-76,0,0
29341,-76,0,0
29342,-76,0,0
29343,-76,0,0
29344,-75,0,0
29345,-75,0,0
29346,-75,0,0
29347,-75,0,0
29348,-75,0,0
29349,-75,0,0
29350,-74,0,0
29351,-74,0,0
29352,-74,0,0
29353,-74,0,0
29354,-74,0,0
29355,-73,0,0
29356,-73,0,0
29357,-73,0,0
29358,-73,0,0
29359,-72,0,0
29360,-72,0,0
29361,-71,0,0
29362,-71,0,0
29363,-71,0,0
29364,-70,0,0
29365,-70,0,0
29366,-69,0,0
29367,-69,0,0
29368,-68,0,0
29369,-68,0,0
29370,-67,0,0
29371,-67,0,0
29372,-66,0,0
29373,-66,0,0
29374,-65,0,0
29375,-64,0,0
29376,-64,0,0
29377,-63,0,0
29378,-63,0,0
29379,-62,0,0
29380,-61,0,0
29381,-61,0,0
29382,-60,0,0
29383,-60,0,0
29384,-59,0,0
29385,-59,0,0
29386,-58,0,0
29387,-57,0,0
29388,-57,0,0
29389,-56,0,0
29390,-56,0,0
29391,-55,0,0
29392,-55,0,0
29393,-54,0,0
29394,-53,0,0
29395,-52,0,0
29396,-52,0,0
29397,-51,0,0
29398,-51,0,0
29399,-50,0,0
29400,-49,0,0
29401,-49,0,0
29402,-48,0,0
29403,-47,0,0
29404,-47,0,0
29405,-46,0,0
29406,-45,0,0
29407,-44,0,0
29408,-43,0,0
29409,-42,0,0
29410,-41,0,0
29411,-41,0,0
29412,-40,0,0
29413,-39,0,0
29414,-38,0,0
29415,-37,0,0
29416,-36,0,0
29417,-35,0,0
29418,-34,0,0
29419,-33,0,0
29420,-32,0,0
29421,-31,0,0
29422,-30,0,0
29423,-29,0,0
29424,-28,0,0
29425,-27,0,0
29426,-26,0,0
29427,-25,0,0
29428,-24,0,0
29429,-23,0,0
29430,-22,0,0
29431,-21,0,0
29432,-20,0,0
29433,-19,0,0
29434,-18,0,0
29435,-17,0,0
29436,-16,0,0
29437,-15,0,0
29438,-14,0,0
29439,-13,0,0
29440,-12,0,0
29441,-11,0,0
29442,-10,0,0
29443,-9,0,0
29444,-8,0,0
29445,-7,0,0
29446,-6,0,0
29447,-5,0,0
29448,-4,0,0
29449,-3,0,0
29450,-2,0,0
29451,-1,0,0
29452,0,0,0
29453,1,0,0
29454,2,0,0
29455,3,0,0
29456,4,0,0
29457,5,0,0
29458,6,0,0
29459,7,0,0
29460,7,0,0
29461,8,0,0
29462,9,0,0
29463,10,0,0
29464,11,0,0
29465,12,0,0
29466,13,0,0
29467,14,0,0
29468,15,0,0
29469,15,0,0
29470,16,0,0
29471,17,0,0
29472,18,0,0
29473,19,0,0
29474,20,0,0
29475,21,0,0
29476,21,0,0
29477,22,0,0
29478,23,0,0
29479,24,0,0
29480,25,0,0
29481,26,0,0
29482,26,0,0
29483,27,0,0
29484,28,0,0
29485,29,0,0
29486,30,0,0
29487,31,0,0
29488,31,0,0
29489,32,0,0
29490,33,0,0
29491,34,0,0
29492,35,0,0
29493,36,0,0
29494,37,0,0
29495,37,0,0
29496,38,0,0
29497,39,0,0
29498,40,0,0
29499,40,0,0
29500,41,0,0
29501,42,0,0
29502,43,0,0
29503,44,0,0
29504,45,0,0
29505,46,0,0
29506,46,0,0
29507,47,0,0
29508,48,0,0
29509,49,0,0
29510,50,0,0
29511,50,0,0
29512,51,0,0
29513,52,0,0
29514,53,0,0
29515,54,0,0
29516,55,0,0
29517,56,0,0
29518,56,0,0
29519,57,0,0
29520,58,0,0
29521,59,0,0
29522,60,0,0
29523,60,0,0
29524,61,0,0
29525,62,0,0
29526,62,0,0
29527,63,0,0
29528,63,0,0
29529,64,0,0
29530,65,0,0
29531,65,0,0
29532,66,0,0
29533,66,0,0
29534,66,0,0
29535,67,0,0
29536,67,0,0
29537,68,0,0
29538,68,0,0
29539,68,0,0
29540,68,0,0
29541,69,0,0
29542,69,0,0
29543,69,0,0
29544,69,0,0
29545,69,0,0
29546,70,0,0
29547,70,0,0
29548,70,0,0
29549,70,0,0
29550,70,0,0
29551,70,0,0
29552,71,0,0
29553,71,0,0
29554,71,0,0
29555,71,0,0
29556,72,0,0
29557,72,0,0
29558,72,0,0
29559,72,0,0
29560,73,0,0
29561,73,0,0
29562,73,0,0
29563,73,0,0
29564,73,0,0
29565,74,0,0
29566,74,0,0
29567,74,0,0
29568,74,0,0
29569,74,0,0
29570,75,0,0
29571,75,0,0
29572,75,0,0
29573,75,0,0
29574,75,0,0
29575,75,0,0
29576,75,0,0
29577,75,0,0
29578,75,0,0
29579,75,0,0
29580,75,0,0
29581,75,0,0
29582,74,0,0
29583,74,0,0
29584,74,0,0
29585,74,0,0
29586,74,0,0
29587,73,0,0
29588,73,0,0
29589,73,0,0
29590,72,0,0
29591,72,0,0
29592,71,0,0
29593,71,0,0
29594,71,0,0
29595,70,0,0
29596,70,0,0
29597,69,0,0
29598,69,0,0
29599,68,0,0
29600,68,0,0
29601,67,0,0
29602,67,0,0
29603,66,0,0
29604,66,0,0
29605,65,0,0
29606,65,0,0
29607,64,0,0
29608,63,0,0
29609,63,0,0
29610,62,0,0
29611,61,0,0
29612,61,0,0
29613,60,0,0
29614,59,0,0
29615,59,0,0
29616,58,0,0
29617,57,0,0
29618,56,0,0
29619,56,0,0
29620,55,0,0
29621,54,0,0
29622,53,0,0
29623,53,0,0
29624,52,0,0
29625,51,0,0
29626,50,0,0
29627,49,0,0
29628,48,0,0
29629,48,0,0
29630,47,0,0
29631,46,0,0
29632,45,0,0
29633,44,0,0
29634,43,0,0
29635,42,0,0
29636,41,0,0
29637,40,0,0
29638,39,0,0
29639,38,0,0
29640,37,0,0
29641,36,0,0
29642,35,0,0
29643,34,0,0
29644,33,0,0
29645,32,0,0
29646,31,0,0
29647,30,0,0
29648,29,0,0
29649,28,0,0
29650,26,0,0
29651,25,0,0
29652,24,0,0
29653,23,0,0
29654,22,0,0
29655,21,0,0
29656,20,0,0
29657,19,0,0
29658,17,0,0
29659,16,0,0
29660,15,0,0
29661,14,0,0
29662,12,0,0
29663,11,0,0
29664,10,0,0
29665,9,0,0
29666,7,0,0
29667,6,0,0
29668,5,0,0
29669,3,0,0
29670,2,0,0
29671,0,0,0
29672,-1,0,0
29673,-3,0,0
29674,-4,0,0
29675,-6,0,0
29676,-7,0,0
29677,-9,0,0
29678,-10,0,0
29679,-12,0,0
29680,-14,0,0
29681,-15,0,0
29682,-17,0,0
29683,-19,0,0
29684,-20,0,0
29685,-22,0,0
29686,-24,0,0
29687,-26,0,0
29688,-27,0,0
29689,-29,0,0
29690,-31,0,0
29691,-33,0,0
29692,-34,0,0
29693,-36,0,0
29694,-38,0,0
29695,-40,0,0
29696,-42,0,0
29697,-44,0,0
29698,-46,0,0
29699,-47,0,0
29700,-49,0,0
29701,-51,0,0
29702,-53,0,0
29703,-55,0,0
29704,-57,0,0
29705,-58,0,0
29706,-60,0,0
29707,-62,0,0
29708,-64,0,0
29709,-65,0,0
29710,-67,0,0
29711,-69,0,0
29712,-71,0,0
29713,-73,0,0
29714,-74,0,0
29715,-76,0,0
29716,-78,0,0
29717,-80,0,0
29718,-82,0,0
29719,-83,0,0
29720,-85,0,0
29721,-87,0,0
29722,-89,0,0
29723,-90,0,0
29724,-92,0,0
29725,-94,0,0
29726,-96,0,0
29727,-98,0,0
29728,-100,0,0
29729,-102,0,0
29730,-104,0,0
29731,-106,0,0
29732,-108,0,0
29733,-110,0,0
29734,-112,0,0
29735,-114,0,0
29736,-116,0,0
29737,-118,0,0
29738,-120,0,0
29739,-122,0,0
29740,-125,0,0
29741,-127,0,0
29742,-129,0,0
29743,-131,0,0
29744,-133,0,0
29745,-135,0,0
29746,-137,0,0
29747,-139,0,0
29748,-141,0,0
29749,-144,0,0
29750,-146,0,0
29751,-148,0,0
29752,-150,0,0
29753,-152,0,0
29754,-154,0,0
29755,-156,0,0
29756,-158,0,0
29757,-160,0,0
29758,-162,0,0
29759,-164,0,0
29760,-166,0,0
29761,-168,0,0
29762,-170,0,0
29763,-172,0,0
29764,-174,0,0
29765,-176,0,0
29766,-178,0,0
29767,-180,0,0
29768,-182,0,0
29769,-184,0,0
29770,-186,0,0
29771,-188,0,0
29772,-190,0,0
29773,-192,0,0
29774,-194,0,0
29775,-196,0,0
29776,-198,0,0
29777,-200,0,0
29778,-202,0,0
29779,-204,0,0
29780,-206,0,0
29781,-208,0,0
29782,-210,0,0
29783,-212,0,0
29784,-214,0,0
29785,-216,0,0
29786,-218,0,0
29787,-220,0,0
29788,-222,0,0
29789,-224,0,0
29790,-226,0,0
29791,-228,0,0
29792,-230,0,0
29793,-231,0,0
29794,-233,0,0
29795,-235,0,0
29796,-237,0,0
29797,-239,0,0
29798,-241,0,0
29799,-242,0,0
29800,-244,0,0
29801,-246,0,0
29802,-248,0,0
29803,-249,0,0
29804,-251,0,0
29805,-253,0,0
29806,-255,0,0
29807,-256,0,0
29808,-258,0,0
29809,-260,0,0
29810,-261,0,0
29811,-263,0,0
29812,-265,0,0
29813,-267,0,0
29814,-268,0,0
29815,-270,0,0
29816,-272,0,0
29817,-273,0,0
29818,-275,0,0
29819,-277,0,0
29820,-279,0,0
29821,-281,0,0
29822,-282,0,0
29823,-284,0,0
29824,-286,0,0
29825,-288,0,0
29826,-289,0,0
29827,-291,0,0
29828,-293,0,0
29829,-294,0,0
29830,-296,0,0
29831,-298,0,0
29832,-299,0,0
29833,-301,0,0
29834,-302,0,0
29835,-304,0,0
29836,-305,0,0
29837,-307,0,0
29838,-308,0,0
29839,-310,0,0
29840,-311,0,0
29841,-313,0,0
29842,-314,0,0
29843,-315,0,0
29844,-316,0,0
29845,-318,0,0
29846,-319,0,0
29847,-320,0,0
29848,-321,0,0
29849,-322,0,0
29850,-323,0,0
29851,-324,0,0
29852,-325,0,0
29853,-326,0,0
29854,-327,0,0
29855,-328,0,0
29856,-329,0,0
29857,-330,0,0
29858,-332,0,0
29859,-332,0,0
29860,-333,0,0
29861,-334,0,0
29862,-335,0,0
29863,-336,0,0
29864,-337,0,0
29865,-338,0,0
29866,-339,0,0
29867,-340,0,0
29868,-341,0,0
29869,-342,0,0
29870,-343,0,0
29871,-344,0,0
29872,-345,0,0
29873,-346,0,0
29874,-347,0,0
29875,-347,0,0
29876,-348,0,0
29877,-349,0,0
29878,-350,0,0
29879,-350,0,0
29880,-351,0,0
29881,-352,0,0
29882,-353,0,0
29883,-353,0,0
29884,-354,0,0
29885,-354,0,0
29886,-355,0,0
29887,-356,0,0
29888,-356,0,0
29889,-357,0,0
29890,-357,0,0
29891,-357,0,0
29892,-358,0,0
29893,-358,0,0
29894,-358,0,0
29895,-359,0,0
29896,-359,0,0
29897,-359,0,0
29898,-360,0,0
29899,-360,0,0
29900,-360,0,0
29901,-360,0,0
29902,-361,0,0
29903,-361,0,0
29904,-361,0,0
29905,-361,0,0
29906,-361,0,0
29907,-362,0,0
29908,-362,0,0
29909,-362,0,0
29910,-362,0,0
29911,-362,0,0
29912,-362,0,0
29913,-362,0,0
29914,-362,0,0
29915,-361,0,0
29916,-361,0,0
29917,-361,0,0
29918,-361,0,0
29919,-361,0,0
29920,-360,0,0
29921,-360,0,0
29922,-360,0,0
29923,-359,0,0
29924,-358,0,0
29925,-358,0,0
29926,-357,0,0
29927,-357,0,0
29928,-356,0,0
29929,-355,0,0
29930,-355,0,0
29931,-354,0,0
29932,-354,0,0
29933,-353,0,0
29934,-352,0,0
29935,-351,0,0
29936,-351,0,0
29937,-350,0,0
29938,-349,0,0
29939,-348,0,0
29940,-348,0,0
29941,-347,0,0
29942,-347,0,0
29943,-346,0,0
29944,-345,0,0
29945,-344,0,0
29946,-344,0,0
29947,-343,0,0
29948,-343,0,0
29949,-342,0,0
29950,-342,0,0
29951,-341,0,0
29952,-340,0,0
29953,-340,0,0
29954,-339,0,0
29955,-339,0,0
29956,-338,0,0
29957,-337,0,0
29958,-337,0,0
29959,-336,0,0
29960,-335,0,0
29961,-334,0,0
29962,-333,0,0
29963,-332,0,0
29964,-331,0,0
29965,-330,0,0
29966,-329,0,0
29967,-328,0,0
29968,-327,0,0
29969,-326,0,0
29970,-325,0,0
29971,-323,0,0
29972,-322,0,0
29973,-320,0,0
29974,-319,0,0
29975,-318,0,0
29976,-316,0,0
29977,-315,0,0
29978,-313,0,0
29979,-312,0,0
29980,-310,0,0
29981,-308,0,0
29982,-306,0,0
29983,-305,0,0
29984,-303,0,0
29985,-301,0,0
29986,-299,0,0
29987,-298,0,0
29988,-296,0,0
29989,-294,0,0
29990,-292,0,0
29991,-290,0,0
29992,-289,0,0
29993,-287,0,0
29994,-285,0,0
29995,-283,0,0
29996,-281,0,0
29997,-279,0,0
29998,-277,0,0
29999,-275,0,0
30000,-273,0,0
30001,-271,0,0
30002,-269,0,0
30003,-267,0,0
30004,-265,0,0
30005,-263,0,0
30006,-261,0,0
30007,-258,0,0
30008,-256,0,0
30009,-254,0,0
30010,-252,0,0
30011,-250,0,0
30012,-248,0,0
30013,-246,0,0
30014,-243,0,0
30015,-241,0,0
30016,-239,0,0
30017,-237,0,0
30018,-235,0,0
30019,-233,0,0
30020,-230,0,0
30021,-228,0,0
30022,-226,0,0
30023,-224,0,0
30024,-222,0,0
30025,-219,0,0
30026,-217,0,0
30027,-215,0,0
30028,-213,0,0
30029,-211,0,0
30030,-208,0,0
30031,-206,0,0
30032,-204,0,0
30033,-202,0,0
30034,-199,0,0
30035,-197,0,0
30036,-195,0,0
30037,-193,0,0
30038,-190,0,0
30039,-188,0,0
30040,-186,0,0
30041,-183,0,0
30042,-181,0,0
30043,-178,0,0
30044,-176,0,0
30045,-173,0,0
30046,-171,0,0
30047,-168,0,0
30048,-166,0,0
30049,-163,0,0
30050,-160,0,0
30051,-158,0,0
30052,-155,0,0
30053,-152,0,0
30054,-149,0,0
30055,-147,0,0
30056,-144,0,0
30057,-141,0,0
30058,-138,0,0
30059,-135,0,0
30060,-132,0,0
30061,-129,0,0
30062,-126,0,0
30063,-123,0,0
30064,-120,0,0
30065,-117,0,0
30066,-114,0,0
30067,-112,0,0
30068,-109,0,0
30069,-106,0,0
30070,-103,0,0
30071,-100,0,0
30072,-97,0,0
30073,-94,0,0
30074,-92,0,0
30075,-89,0,0
30076,-86,0,0
30077,-84,0,0
30078,-81,0,0
30079,-78,0,0
30080,-76,0,0
30081,-73,0,0
30082,-70,0,0
30083,-67,0,0
30084,-65,0,0
30085,-62,0,0
30086,-60,0,0
30087,-57,0,0
30088,-54,0,0
30089,-52,0,0
30090,-49,0,0
30091,-46,0,0
30092,-43,0,0
30093,-41,0,0
30094,-38,0,0
30095,-35,0,0
30096,-32,0,0
30097,-29,0,0
30098,-26,0,0
30099,-23,0,0
30100,-20,0,0
30101,-17,0,0
30102,-14,0,0
30103,-11,0,0
30104,-8,0,0
30105,-5,0,0
30106,-2,0,0
30107,1,0,0
30108,4,0,0
30109,7,0,0
30110,10,0,0
30111,13,0,0
30112,17,0,0
30113,20,0,0
30114,23,0,0
30115,26,0,0
30116,29,0,0
30117,32,0,0
30118,35,0,0
30119,37,0,0
30120,40,0,0
30121,44,0,0
30122,46,0,0
30123,49,0,0
30124,52,0,0
30125,55,0,0
30126,58,0,0
30127,61,0,0
30128,64,0,0
30129,67,0,0
30130,69,0,0
30131,72,0,0
30132,75,0,0
30133,78,0,0
30134,81,0,0
30135,84,0,0
30136,87,0,0
30137,90,0,0
30138,92,0,0
30139,95,0,0
30140,98,0,0
30141,101,0,0
30142,104,0,0
30143,107,0,0
30144,110,0,0
30145,113,0,0
30146,116,0,0
30147,119,0,0
30148,122,0,0
30149,124,0,0
30150,127,0,0
30151,130,0,0
30152,133,0,0
30153,136,0,0
30154,139,0,0
30155,141,0,0
30156,144,0,0
30157,146,0,0
30158,149,0,0
30159,152,0,0
30160,154,0,0
30161,157,0,0
30162,159,0,0
30163,162,0,0
30164,165,0,0
30165,167,0,0
30166,169,0,0
30167,172,0,0
30168,175,0,0
30169,177,0,0
30170,179,0,0
30171,182,0,0
30172,185,0,0
30173,187,0,0
30174,190,0,0
30175,192,0,0
30176,195,0,0
30177,198,0,0
30178,200,0,0
30179,203,0,0
30180,205,0,0
30181,208,0,0
30182,210,0,0
30183,213,0,0
30184,215,0,0
30185,218,0,0
30186,221,0,0
30187,223,0,0
30188,226,0,0
30189,228,0,0
30190,231,0,0
30191,233,0,0
30192,235,0,0
30193,238,0,0
30194,240,0,0
30195,242,0,0
30196,244,0,0
30197,246,0,0
30198,249,0,0
30199,251,0,0
30200,252,0,0
30201,255,0,0
30202,257,0,0
30203,258,0,0
30204,260,0,0
30205,262,0,0
30206,264,0,0
30207,266,0,0
30208,267,0,0
30209,269,0,0
30210,271,0,0
30211,272,0,0
30212,274,0,0
30213,276,0,0
30214,277,0,0
30215,279,0,0
30216,281,0,0
30217,282,0,0
30218,284,0,0
30219,286,0,0
30220,287,0,0
30221,289,0,0
30222,291,0,0
30223,292,0,0
30224,294,0,0
30225,295,0,0
30226,297,0,0
30227,299,0,0
30228,300,0,0
30229,302,0,0
30230,303,0,0
30231,305,0,0
30232,307,0,0
30233,308,0,0
30234,310,0,0
30235,311,0,0
30236,313,0,0
30237,314,0,0
30238,316,0,0
30239,317,0,0
30240,318,0,0
30241,320,0,0
30242,321,0,0
30243,322,0,0
30244,323,0,0
30245,325,0,0
30246,326,0,0
30247,327,0,0
30248,328,0,0
30249,329,0,0
30250,330,0,0
30251,331,0,0
30252,332,0,0
30253,334,0,0
30254,335,0,0
30255,336,0,0
30256,337,0,0
30257,338,0,0
30258,339,0,0
30259,340,0,0
30260,341,0,0
30261,342,0,0
30262,343,0,0
30263,344,0,0
30264,344,0,0
30265,345,0,0
30266,346,0,0
30267,347,0,0
30268,348,0,0
30269,349,0,0
30270,349,0,0
30271,350,0,0
30272,351,0,0
30273,351,0,0
30274,352,0,0
30275,353,0,0
30276,353,0,0
30277,354,0,0
30278,354,0,0
30279,355,0,0
30280,355,0,0
30281,356,0,0
30282,356,0,0
30283,357,0,0
30284,357,0,0
30285,358,0,0
30286,358,0,0
30287,358,0,0
30288,358,0,0
30289,359,0,0
30290,359,0,0
30291,359,0,0
30292,360,0,0
30293,360,0,0
30294,360,0,0
30295,360,0,0
30296,360,0,0
30297,360,0,0
30298,360,0,0
30299,360,0,0
30300,361,0,0
30301,360,0,0
30302,360,0,0
30303,360,0,0
30304,360,0,0
30305,360,0,0
30306,360,0,0
30307,360,0,0
30308,360,0,0
30309,359,0,0
30310,359,0,0
30311,359,0,0
30312,359,0,0
30313,358,0,0
30314,358,0,0
30315,357,0,0
30316,357,0,0
30317,357,0,0
30318,356,0,0
30319,356,0,0
30320,356,0,0
30321,355,0,0
30322,355,0,0
30323,354,0,0
30324,354,0,0
30325,353,0,0
30326,353,0,0
30327,352,0,0
30328,352,0,0
30329,351,0,0
30330,351,0,0
30331,350,0,0
30332,350,0,0
30333,349,0,0
30334,348,0,0
30335,348,0,0
30336,347,0,0
30337,346,0,0
30338,345,0,0
30339,345,0,0
30340,344,0,0
30341,343,0,0
30342,342,0,0
30343,342,0,0
30344,341,0,0
30345,339,0,0
30346,338,0,0
30347,338,0,0
30348,336,0,0
30349,335,0,0
30350,334,0,0
30351,333,0,0
30352,332,0,0
30353,330,0,0
30354,329,0,0
30355,328,0,0
30356,327,0,0
30357,326,0,0
30358,324,0,0
30359,323,0,0
30360,322,0,0
30361,321,0,0
30362,319,0,0
30363,318,0,0
30364,317,0,0
30365,315,0,0
30366,314,0,0
30367,313,0,0
30368,312,0,0
30369,310,0,0
30370,309,0,0
30371,308,0,0
30372,306,0,0
30373,305,0,0
30374,304,0,0
30375,302,0,0
30376,301,0,0
30377,300,0,0
30378,298,0,0
30379,297,0,0
30380,295,0,0
30381,294,0,0
30382,292,0,0
30383,291,0,0
30384,290,0,0
30385,288,0,0
30386,286,0,0
30387,285,0,0
30388,283,0,0
30389,281,0,0
30390,280,0,0
30391,278,0,0
30392,277,0,0
30393,275,0,0
30394,273,0,0
30395,272,0,0
30396,270,0,0
30397,268,0,0
30398,267,0,0
30399,265,0,0
30400,263,0,0
30401,262,0,0
30402,260,0,0
30403,258,0,0
30404,257,0,0
30405,255,0,0
30406,254,0,0
30407,252,0,0
30408,250,0,0
30409,249,0,0
30410,247,0,0
30411,245,0,0
30412,244,0,0
30413,242,0,0
30414,240,0,0
30415,238,0,0
30416,237,0,0
30417,235,0,0
30418,233,0,0
30419,231,0,0
30420,229,0,0
30421,228,0,0
30422,226,0,0
30423,224,0,0
30424,222,0,0
30425,220,0,0
30426,218,0,0
30427,216,0,0
30428,214,0,0
30429,212,0,0
30430,210,0,0
30431,208,0,0
30432,206,0,0
30433,204,0,0
30434,202,0,0
30435,200,0,0
30436,198,0,0
30437,196,0,0
30438,193,0,0
30439,191,0,0
30440,189,0,0
30441,187,0,0
30442,185,0,0
30443,183,0,0
30444,181,0,0
30445,179,0,0
30446,177,0,0
30447,175,0,0
30448,173,0,0
30449,171,0,0
30450,169,0,0
30451,167,0,0
30452,165,0,0
30453,162,0,0
30454,161,0,0
30455,158,0,0
30456,156,0,0
30457,154,0,0
30458,152,0,0
30459,150,0,0
30460,148,0,0
30461,146,0,0
30462,144,0,0
30463,142,0,0
30464,140,0,0
30465,138,0,0
30466,136,0,0
30467,134,0,0
30468,132,0,0
30469,130,0,0
30470,128,0,0
30471,125,0,0
30472,124,0,0
30473,121,0,0
30474,119,0,0
30475,117,0,0
30476,115,0,0
30477,113,0,0
30478,111,0,0
30479,109,0,0
30480,107,0,0
30481,105,0,0
30482,103,0,0
30483,101,0,0
30484,99,0,0
30485,97,0,0
30486,95,0,0
30487,93,0,0
30488,91,0,0
30489,90,0,0
30490,88,0,0
30491,86,0,0
30492,84,0,0
30493,82,0,0
30494,80,0,0
30495,78,0,0
30496,77,0,0
30497,75,0,0
30498,73,0,0
30499,71,0,0
30500,69,0,0
30501,67,0,0
30502,66,0,0
30503,64,0,0
30504,62,0,0
30505,60,0,0
30506,58,0,0
30507,57,0,0
30508,55,0,0
30509,53,0,0
30510,52,0,0
30511,50,0,0
30512,48,0,0
30513,47,0,0
30514,45,0,0
30515,43,0,0
30516,41,0,0
30517,40,0,0
30518,38,0,0
30519,37,0,0
30520,35,0,0
30521,33,0,0
30522,32,0,0
30523,30,0,0
30524,28,0,0
30525,27,0,0
30526,25,0,0
30527,23,0,0
30528,22,0,0
30529,20,0,0
30530,19,0,0
30531,17,0,0
30532,15,0,0
30533,14,0,0
30534,12,0,0
30535,11,0,0
30536,9,0,0
30537,7,0,0
30538,6,0,0
30539,4,0,0
30540,2,0,0
30541,1,0,0
30542,-1,0,0
30543,-2,0,0
30544,-4,0,0
30545,-6,0,0
30546,-7,0,0
30547,-8,0,0
30548,-10,0,0
30549,-12,0,0
30550,-13,0,0
30551,-15,0,0
30552,-16,0,0
30553,-17,0,0
30554,-19,0,0
30555,-20,0,0
30556,-22,0,0
30557,-23,0,0
30558,-24,0,0
30559,-25,0,0
30560,-27,0,0
30561,-28,0,0
30562,-29,0,0
30563,-30,0,0
30564,-31,0,0
30565,-32,0,0
30566,-33,0,0
30567,-34,0,0
30568,-35,0,0
30569,-36,0,0
30570,-37,0,0
30571,-38,0,0
30572,-39,0,0
30573,-40,0,0
30574,-41,0,0
30575,-42,0,0
30576,-43,0,0
30577,-43,0,0
30578,-44,0,0
30579,-45,0,0
30580,-46,0,0
30581,-47,0,0
30582,-48,0,0
30583,-49,0,0
30584,-50,0,0
30585,-50,0,0
30586,-52,0,0
30587,-52,0,0
30588,-53,0,0
30589,-54,0,0
30590,-55,0,0
30591,-56,0,0
30592,-57,0,0
30593,-58,0,0
30594,-59,0,0
30595,-59,0,0
30596,-60,0,0
30597,-61,0,0
30598,-62,0,0
30599,-63,0,0
30600,-63,0,0
30601,-64,0,0
30602,-65,0,0
30603,-65,0,0
30604,-66,0,0
30605,-66,0,0
30606,-67,0,0
30607,-67,0,0
30608,-68,0,0
30609,-68,0,0
30610,-69,0,0
30611,-69,0,0
30612,-69,0,0
30613,-69,0,0
30614,-70,0,0
30615,-70,0,0
30616,-70,0,0
30617,-71,0,0
30618,-71,0,0
30619,-71,0,0
30620,-71,0,0
30621,-72,0,0
30622,-72,0,0
30623,-72,0,0
30624,-72,0,0
30625,-73,0,0
30626,-73,0,0
30627,-73,0,0
30628,-73,0,0
30629,-74,0,0
30630,-74,0,0
30631,-74,0,0
30632,-75,0,0
30633,-75,0,0
30634,-75,0,0
30635,-75,0,0
30636,-76,0,0
30637,-76,0,0
30638,-76,0,0
30639,-77,0,0
30640,-77,0,0
30641,-77,0,0
30642,-77,0,0
30643,-77,0,0
30644,-77,0,0
30645,-77,0,0
30646,-77,0,0
30647,-77,0,0
30648,-77,0,0
30649,-77,0,0
30650,-77,0,0
30651,-77,0,0
30652,-76,0,0
30653,-76,0,0
30654,-76,0,0
30655,-75,0,0
30656,-75,0,0
30657,-74,0,0
30658,-74,0,0
30659,-73,0,0
30660,-73,0,0
30661,-72,0,0
30662,-72,0,0
30663,-71,0,0
30664,-71,0,0
30665,-70,0,0
30666,-69,0,0
30667,-69,0,0
30668,-68,0,0
30669,-68,0,0
30670,-67,0,0
30671,-67,0,0
30672,-66,0,0
30673,-66,0,0
30674,-66,0,0
30675,-65,0,0
30676,-65,0,0
30677,-64,0,0
30678,-64,0,0
30679,-64,0,0
30680,-63,0,0
30681,-63,0,0
30682,-63,0,0
30683,-63,0,0
30684,-62,0,0
30685,-62,0,0
30686,-62,0,0
30687,-61,0,0
30688,-61,0,0
30689,-61,0,0
30690,-60,0,0
30691,-60,0,0
30692,-59,0,0
30693,-59,0,0
30694,-58,0,0
30695,-58,0,0
30696,-57,0,0
30697,-57,0,0
30698,-56,0,0
30699,-55,0,0
30700,-55,0,0
30701,-54,0,0
30702,-53,0,0
30703,-52,0,0
30704,-51,0,0
30705,-50,0,0
30706,-50,0,0
30707,-49,0,0
30708,-48,0,0
30709,-47,0,0
30710,-46,0,0
30711,-45,0,0
30712,-44,0,0
30713,-43,0,0
30714,-42,0,0
30715,-41,0,0
30716,-40,0,0
30717,-39,0,0
30718,-38,0,0
30719,-37,0,0
30720,-36,0,0
30721,-35,0,0
30722,-34,0,0
30723,-33,0,0
30724,-32,0,0
30725,-31,0,0
30726,-30,0,0
30727,-30,0,0
30728,-29,0,0
30729,-28,0,0
30730,-27,0,0
30731,-26,0,0
30732,-25,0,0
30733,-24,0,0
30734,-23,0,0
30735,-23,0,0
30736,-22,0,0
30737,-21,0,0
30738,-20,0,0
30739,-19,0,0
30740,-18,0,0
30741,-17,0,0
30742,-16,0,0
30743,-15,0,0
30744,-14,0,0
30745,-14,0,0
30746,-13,0,0
30747,-12,0,0
30748,-11,0,0
30749,-10,0,0
30750,-9,0,0
30751,-8,0,0
30752,-7,0,0
30753,-6,0,0
30754,-5,0,0
30755,-4,0,0
30756,-3,0,0
30757,-2,0,0
30758,-1,0,0
30759,0,0,0
30760,1,0,0
30761,2,0,0
30762,3,0,0
30763,4,0,0
30764,5,0,0
30765,6,0,0
30766,7,0,0
30767,8,0,0
30768,9,0,0
30769,9,0,0
30770,10,0,0
30771,12,0,0
30772,12,0,0
30773,13,0,0
30774,14,0,0
30775,15,0,0
30776,16,0,0
30777,17,0,0
30778,18,0,0
30779,19,0,0
30780,20,0,0
30781,20,0,0
30782,21,0,0
30783,22,0,0
30784,23,0,0
30785,24,0,0
30786,25,0,0
30787,25,0,0
30788,26,0,0
30789,27,0,0
30790,28,0,0
30791,29,0,0
30792,29,0,0
30793,30,0,0
30794,31,0,0
30795,32,0,0
30796,32,0,0
30797,33,0,0
30798,34,0,0
30799,35,0,0
30800,36,0,0
30801,37,0,0
30802,37,0,0
30803,38,0,0
30804,39,0,0
30805,40,0,0
30806,41,0,0
30807,41,0,0
30808,42,0,0
30809,43,0,0
30810,44,0,0
30811,45,0,0
30812,46,0,0
30813,47,0,0
30814,48,0,0
30815,48,0,0
30816,49,0,0
30817,50,0,0
30818,51,0,0
30819,52,0,0
30820,53,0,0
30821,54,0,0
30822,55,0,0
30823,55,0,0
30824,56,0,0
30825,57,0,0
30826,58,0,0
30827,58,0,0
30828,59,0,0
30829,60,0,0
30830,60,0,0
30831,61,0,0
30832,62,0,0
30833,62,0,0
30834,63,0,0
30835,63,0,0
30836,64,0,0
30837,65,0,0
30838,65,0,0
30839,66,0,0
30840,66,0,0
30841,66,0,0
30842,67,0,0
30843,67,0,0
30844,68,0,0
30845,68,0,0
30846,68,0,0
30847,69,0,0
30848,69,0,0
30849,69,0,0
30850,70,0,0
30851,70,0,0
30852,70,0,0
30853,70,0,0
30854,71,0,0
30855,71,0,0
30856,71,0,0
30857,72,0,0
30858,72,0,0
30859,72,0,0
30860,73,0,0
30861,73,0,0
30862,73,0,0
30863,73,0,0
30864,73,0,0
30865,74,0,0
30866,74,0,0
30867,74,0,0
30868,74,0,0
30869,74,0,0
30870,75,0,0
30871,75,0,0
30872,75,0,0
30873,75,0,0
30874,75,0,0
30875,75,0,0
30876,75,0,0
30877,75,0,0
30878,75,0,0
30879,75,0,0
30880,75,0,0
30881,75,0,0
30882,75,0,0
30883,74,0,0
30884,74,0,0
30885,74,0,0
30886,74,0,0
30887,74,0,0
30888,74,0,0
30889,74,0,0
30890,74,0,0
30891,73,0,0
30892,73,0,0
30893,73,0,0
30894,73,0,0
30895,72,0,0
30896,72,0,0
30897,72,0,0
30898,72,0,0
30899,72,0,0
30900,72,0,0
30901,71,0,0
30902,71,0,0
30903,71,0,0
30904,70,0,0
30905,70,0,0
30906,70,0,0
30907,70,0,0
30908,69,0,0
30909,69,0,0
30910,69,0,0
30911,68,0,0
30912,68,0,0
30913,67,0,0
30914,67,0,0
30915,66,0,0
30916,66,0,0
30917,65,0,0
30918,64,0,0
30919,64,0,0
30920,63,0,0
30921,62,0,0
30922,61,0,0
30923,61,0,0
30924,60,0,0
30925,59,0,0
30926,58,0,0
30927,57,0,0
30928,56,0,0
30929,55,0,0
30930,55,0,0
30931,53,0,0
30932,53,0,0
30933,52,0,0
30934,51,0,0
30935,50,0,0
30936,49,0,0
30937,48,0,0
30938,47,0,0
30939,46,0,0
30940,45,0,0
30941,44,0,0
30942,43,0,0
30943,42,0,0
30944,41,0,0
30945,40,0,0
30946,39,0,0
30947,38,0,0
30948,37,0,0
30949,36,0,0
30950,35,0,0
30951,33,0,0
30952,32,0,0
30953,31,0,0
30954,30,0,0
30955,29,0,0
30956,28,0,0
30957,26,0,0
30958,25,0,0
30959,24,0,0
30960,23,0,0
30961,21,0,0
30962,20,0,0
30963,19,0,0
30964,18,0,0
30965,16,0,0
30966,15,0,0
30967,14,0,0
30968,12,0,0
30969,11,0,0
30970,10,0,0
30971,8,0,0
30972,7,0,0
30973,6,0,0
30974,4,0,0
30975,3,0,0
30976,1,0,0
30977,0,0,0
30978,-2,0,0
30979,-3,0,0
30980,-5,0,0
30981,-6,0,0
30982,-8,0,0
30983,-9,0,0
30984,-11,0,0
30985,-13,0,0
30986,-14,0,0
30987,-16,0,0
30988,-18,0,0
30989,-19,0,0
30990,-21,0,0
30991,-23,0,0
30992,-25,0,0
30993,-27,0,0
30994,-29,0,0
30995,-30,0,0
30996,-32,0,0
30997,-34,0,0
30998,-36,0,0
30999,-38,0,0
31000,-40,0,0
31001,-42,0,0
31002,-43,0,0
31003,-45,0,0
31004,-47,0,0
31005,-49,0,0
31006,-51,0,0
31007,-53,0,0
31008,-54,0,0
31009,-56,0,0
31010,-58,0,0
31011,-60,0,0
31012,-61,0,0
31013,-63,0,0
31014,-65,0,0
31015,-67,0,0
31016,-68,0,0
31017,-70,0,0
31018,-72,0,0
31019,-74,0,0
31020,-76,0,0
31021,-78,0,0
31022,-79,0,0
31023,-81,0,0
31024,-83,0,0
31025,-85,0,0
31026,-87,0,0
31027,-89,0,0
31028,-91,0,0
31029,-93,0,0
31030,-95,0,0
31031,-97,0,0
31032,-99,0,0
31033,-101,0,0
31034,-103,0,0
31035,-105,0,0
31036,-107,0,0
31037,-109,0,0
31038,-111,0,0
31039,-113,0,0
31040,-115,0,0
31041,-117,0,0
31042,-119,0,0
31043,-121,0,0
31044,-123,0,0
31045,-125,0,0
31046,-127,0,0
31047,-129,0,0
31048,-131,0,0
31049,-132,0,0
31050,-134,0,0
31051,-136,0,0
31052,-138,0,0
31053,-140,0,0
31054,-141,0,0
31055,-143,0,0
31056,-145,0,0
31057,-147,0,0
31058,-149,0,0
31059,-151,0,0
31060,-153,0,0
31061,-155,0,0
31062,-157,0,0
31063,-158,0,0
31064,-160,0,0
31065,-163,0,0
31066,-165,0,0
31067,-167,0,0
31068,-169,0,0
31069,-171,0,0
31070,-173,0,0
31071,-175,0,0
31072,-178,0,0
31073,-180,0,0
31074,-182,0,0
31075,-184,0,0
31076,-186,0,0
31077,-189,0,0
31078,-191,0,0
31079,-193,0,0
31080,-195,0,0
31081,-197,0,0
31082,-200,0,0
31083,-202,0,0
31084,-204,0,0
31085,-206,0,0
31086,-208,0,0
31087,-210,0,0
31088,-213,0,0
31089,-214,0,0
31090,-216,0,0
31091,-218,0,0
31092,-220,0,0
31093,-222,0,0
31094,-224,0,0
31095,-226,0,0
31096,-228,0,0
31097,-230,0,0
31098,-231,0,0
31099,-233,0,0
31100,-235,0,0
31101,-236,0,0
31102,-238,0,0
31103,-240,0,0
31104,-242,0,0
31105,-243,0,0
31106,-245,0,0
31107,-247,0,0
31108,-249,0,0
31109,-250,0,0
31110,-252,0,0
31111,-254,0,0
31112,-255,0,0
31113,-257,0,0
31114,-259,0,0
31115,-261,0,0
31116,-262,0,0
31117,-264,0,0
31118,-266,0,0
31119,-267,0,0
31120,-269,0,0
31121,-271,0,0
31122,-272,0,0
31123,-274,0,0
31124,-276,0,0
31125,-277,0,0
31126,-279,0,0
31127,-280,0,0
31128,-282,0,0
31129,-284,0,0
31130,-285,0,0
31131,-286,0,0
31132,-288,0,0
31133,-290,0,0
31134,-291,0,0
31135,-293,0,0
31136,-294,0,0
31137,-295,0,0
31138,-297,0,0
31139,-299,0,0
31140,-300,0,0
31141,-301,0,0
31142,-303,0,0
31143,-304,0,0
31144,-305,0,0
31145,-307,0,0
31146,-308,0,0
31147,-309,0,0
31148,-311,0,0
31149,-312,0,0
31150,-313,0,0
31151,-314,0,0
31152,-316,0,0
31153,-317,0,0
31154,-318,0,0
31155,-320,0,0
31156,-321,0,0
31157,-322,0,0
31158,-323,0,0
31159,-324,0,0
31160,-326,0,0
31161,-327,0,0
31162,-328,0,0
31163,-329,0,0
31164,-330,0,0
31165,-331,0,0
31166,-332,0,0
31167,-333,0,0
31168,-334,0,0
31169,-336,0,0
31170,-336,0,0
31171,-337,0,0
31172,-338,0,0
31173,-339,0,0
31174,-340,0,0
31175,-341,0,0
31176,-342,0,0
31177,-343,0,0
31178,-344,0,0
31179,-345,0,0
31180,-346,0,0
31181,-346,0,0
31182,-347,0,0
31183,-348,0,0
31184,-349,0,0
31185,-349,0,0
31186,-350,0,0
31187,-351,0,0
31188,-351,0,0
31189,-352,0,0
31190,-353,0,0
31191,-353,0,0
31192,-354,0,0
31193,-354,0,0
31194,-355,0,0
31195,-355,0,0
31196,-355,0,0
31197,-356,0,0
31198,-357,0,0
31199,-357,0,0
31200,-357,0,0
31201,-357,0,0
31202,-358,0,0
31203,-358,0,0
31204,-358,0,0
31205,-359,0,0
31206,-359,0,0
31207,-359,0,0
31208,-359,0,0
31209,-359,0,0
31210,-360,0,0
31211,-360,0,0
31212,-360,0,0
31213,-360,0,0
31214,-360,0,0
31215,-360,0,0
31216,-360,0,0
31217,-360,0,0
31218,-360,0,0
31219,-360,0,0
31220,-361,0,0
31221,-360,0,0
31222,-360,0,0
31223,-361,0,0
31224,-360,0,0
31225,-360,0,0
31226,-360,0,0
31227,-360,0,0
31228,-360,0,0
31229,-360,0,0
31230,-359,0,0
31231,-359,0,0
31232,-359,0,0
31233,-359,0,0
31234,-358,0,0
31235,-358,0,0
31236,-357,0,0
31237,-357,0,0
31238,-357,0,0
31239,-356,0,0
31240,-355,0,0
31241,-355,0,0
31242,-354,0,0
31243,-353,0,0
31244,-353,0,0
31245,-352,0,0
31246,-351,0,0
31247,-350,0,0
31248,-350,0,0
31249,-349,0,0
31250,-348,0,0
31251,-347,0,0
31252,-346,0,0
31253,-345,0,0
31254,-345,0,0
31255,-344,0,0
31256,-343,0,0
31257,-342,0,0
31258,-341,0,0
31259,-340,0,0
31260,-339,0,0
31261,-338,0,0
31262,-337,0,0
31263,-336,0,0
31264,-335,0,0
31265,-334,0,0
31266,-333,0,0
31267,-332,0,0
31268,-331,0,0
31269,-330,0,0
31270,-329,0,0
31271,-328,0,0
31272,-327,0,0
31273,-326,0,0
31274,-325,0,0
31275,-324,0,0
31276,-322,0,0
31277,-321,0,0
31278,-320,0,0
31279,-319,0,0
31280,-318,0,0
31281,-316,0,0
31282,-315,0,0
31283,-313,0,0
31284,-312,0,0
31285,-310,0,0
31286,-309,0,0
31287,-307,0,0
31288,-306,0,0
31289,-304,0,0
31290,-302,0,0
31291,-301,0,0
31292,-299,0,0
31293,-297,0,0
31294,-295,0,0
31295,-294,0,0
31296,-292,0,0
31297,-290,0,0
31298,-288,0,0
31299,-287,0,0
31300,-285,0,0
31301,-283,0,0
31302,-281,0,0
31303,-279,0,0
31304,-277,0,0
31305,-275,0,0
31306,-273,0,0
31307,-272,0,0
31308,-270,0,0
31309,-268,0,0
31310,-266,0,0
31311,-264,0,0
31312,-262,0,0
31313,-260,0,0
31314,-258,0,0
31315,-256,0,0
31316,-254,0,0
31317,-252,0,0
31318,-250,0,0
31319,-248,0,0
31320,-246,0,0
31321,-244,0,0
31322,-242,0,0
31323,-240,0,0
31324,-238,0,0
31325,-236,0,0
31326,-234,0,0
31327,-231,0,0
31328,-229,0,0
31329,-227,0,0
31330,-224,0,0
31331,-222,0,0
31332,-220,0,0
31333,-218,0,0
31334,-215,0,0
31335,-213,0,0
31336,-211,0,0
31337,-208,0,0
31338,-206,0,0
31339,-203,0,0
31340,-201,0,0
31341,-198,0,0
31342,-195,0,0
31343,-193,0,0
31344,-190,0,0
31345,-188,0,0
31346,-185,0,0
31347,-183,0,0
31348,-180,0,0
31349,-177,0,0
31350,-175,0,0
31351,-172,0,0
31352,-169,0,0
31353,-167,0,0
31354,-164,0,0
31355,-161,0,0
31356,-159,0,0
31357,-156,0,0
31358,-153,0,0
31359,-151,0,0
31360,-148,0,0
31361,-145,0,0
31362,-142,0,0
31363,-140,0,0
31364,-137,0,0
31365,-134,0,0
31366,-132,0,0
31367,-129,0,0
31368,-127,0,0
31369,-124,0,0
31370,-121,0,0
31371,-118,0,0
31372,-116,0,0
31373,-113,0,0
31374,-111,0,0
31375,-108,0,0
31376,-105,0,0
31377,-102,0,0
31378,-100,0,0
31379,-97,0,0
31380,-94,0,0
31381,-92,0,0
31382,-89,0,0
31383,-86,0,0
31384,-84,0,0
31385,-81,0,0
31386,-78,0,0
31387,-75,0,0
31388,-72,0,0
31389,-70,0,0
31390,-67,0,0
31391,-64,0,0
31392,-61,0,0
31393,-58,0,0
31394,-55,0,0
31395,-52,0,0
31396,-49,0,0
31397,-46,0,0
31398,-43,0,0
31399,-40,0,0
31400,-37,0,0
31401,-34,0,0
31402,-31,0,0
31403,-28,0,0
31404,-25,0,0
31405,-22,0,0
31406,-19,0,0
31407,-16,0,0
31408,-13,0,0
31409,-10,0,0
31410,-7,0,0
31411,-4,0,0
31412,-1,0,0
31413,2,0,0
31414,5,0,0
31415,8,0,0
31416,11,0,0
31417,14,0,0
31418,17,0,0
31419,20,0,0
31420,23,0,0
31421,26,0,0
31422,28,0,0
31423,31,0,0
31424,34,0,0
31425,37,0,0
31426,40,0,0
31427,43,0,0
31428,45,0,0
31429,48,0,0
31430,51,0,0
31431,54,0,0
31432,57,0,0
31433,60,0,0
31434,63,0,0
31435,66,0,0
31436,69,0,0
31437,72,0,0
31438,74,0,0
31439,77,0,0
31440,80,0,0
31441,83,0,0
31442,86,0,0
31443,89,0,0
31444,92,0,0
31445,95,0,0
31446,98,0,0
31447,101,0,0
31448,104,0,0
31449,107,0,0
31450,110,0,0
31451,112,0,0
31452,115,0,0
31453,118,0,0
31454,121,0,0
31455,124,0,0
31456,127,0,0
31457,130,0,0
31458,132,0,0
31459,135,0,0
31460,138,0,0
31461,141,0,0
31462,143,0,0
31463,146,0,0
31464,149,0,0
31465,151,0,0
31466,154,0,0
31467,157,0,0
31468,159,0,0
31469,162,0,0
31470,164,0,0
31471,167,0,0
31472,169,0,0
31473,172,0,0
31474,174,0,0
31475,177,0,0
31476,179,0,0
31477,182,0,0
31478,184,0,0
31479,187,0,0
31480,189,0,0
31481,192,0,0
31482,194,0,0
31483,197,0,0
31484,199,0,0
31485,202,0,0
31486,204,0,0
31487,206,0,0
31488,209,0,0
31489,211,0,0
31490,214,0,0
31491,216,0,0
31492,218,0,0
31493,221,0,0
31494,223,0,0
31495,225,0,0
31496,228,0,0
31497,230,0,0
31498,232,0,0
31499,235,0,0
31500,237,0,0
31501,239,0,0
31502,241,0,0
31503,244,0,0
31504,246,0,0
31505,248,0,0
31506,250,0,0
31507,252,0,0
31508,254,0,0
31509,256,0,0
31510,259,0,0
31511,261,0,0
31512,263,0,0
31513,265,0,0
31514,267,0,0
31515,269,0,0
31516,270,0,0
31517,272,0,0
31518,274,0,0
31519,276,0,0
31520,278,0,0
31521,280,0,0
31522,281,0,0
31523,283,0,0
31524,285,0,0
31525,287,0,0
31526,288,0,0
31527,290,0,0
31528,292,0,0
31529,293,0,0
31530,295,0,0
31531,296,0,0
31532,298,0,0
31533,299,0,0
31534,301,0,0
31535,302,0,0
31536,304,0,0
31537,305,0,0
31538,307,0,0
31539,308,0,0
31540,310,0,0
31541,311,0,0
31542,313,0,0
31543,314,0,0
31544,315,0,0
31545,317,0,0
31546,318,0,0
31547,319,0,0
31548,320,0,0
31549,322,0,0
31550,323,0,0
31551,324,0,0
31552,325,0,0
31553,326,0,0
31554,328,0,0
31555,329,0,0
31556,330,0,0
31557,331,0,0
31558,332,0,0
31559,333,0,0
31560,334,0,0
31561,335,0,0
31562,336,0,0
31563,337,0,0
31564,338,0,0
31565,339,0,0
31566,340,0,0
31567,341,0,0
31568,342,0,0
31569,342,0,0
31570,343,0,0
31571,344,0,0
31572,345,0,0
31573,346,0,0
31574,346,0,0
31575,347,0,0
31576,348,0,0
31577,349,0,0
31578,349,0,0
31579,350,0,0
31580,351,0,0
31581,352,0,0
31582,352,0,0
31583,353,0,0
31584,353,0,0
31585,354,0,0
31586,354,0,0
31587,355,0,0
31588,355,0,0
31589,356,0,0
31590,356,0,0
31591,356,0,0
31592,357,0,0
31593,357,0,0
31594,357,0,0
31595,358,0,0
31596,358,0,0
31597,358,0,0
31598,358,0,0
31599,359,0,0
31600,359,0,0
31601,359,0,0
31602,359,0,0
31603,359,0,0
31604,359,0,0
31605,359,0,0
31606,359,0,0
31607,359,0,0
31608,359,0,0
31609,359,0,0
31610,359,0,0
31611,359,0,0
31612,359,0,0
31613,359,0,0
31614,359,0,0
31615,359,0,0
31616,359,0,0
31617,358,0,0
31618,358,0,0
31619,358,0,0
31620,357,0,0
31621,357,0,0
31622,357,0,0
31623,357,0,0
31624,357,0,0
31625,356,0,0
31626,356,0,0
31627,355,0,0
31628,355,0,0
31629,355,0,0
31630,354,0,0
31631,354,0,0
31632,353,0,0
31633,352,0,0
31634,352,0,0
31635,351,0,0
31636,351,0,0
31637,350,0,0
31638,349,0,0
31639,349,0,0
31640,348,0,0
31641,347,0,0
31642,346,0,0
31643,346,0,0
31644,345,0,0
31645,344,0,0
31646,343,0,0
31647,342,0,0
31648,341,0,0
31649,340,0,0
31650,339,0,0
31651,338,0,0
31652,337,0,0
31653,336,0,0
31654,335,0,0
31655,334,0,0
31656,333,0,0
31657,332,0,0
31658,331,0,0
31659,330,0,0
31660,329,0,0
31661,328,0,0
31662,327,0,0
31663,326,0,0
31664,325,0,0
31665,324,0,0
31666,322,0,0
31667,321,0,0
31668,320,0,0
31669,319,0,0
31670,318,0,0
31671,317,0,0
31672,316,0,0
31673,314,0,0
31674,313,0,0
31675,312,0,0
31676,311,0,0
31677,309,0,0
31678,308,0,0
31679,306,0,0
31680,305,0,0
31681,304,0,0
31682,302,0,0
31683,301,0,0
31684,299,0,0
31685,298,0,0
31686,296,0,0
31687,295,0,0
31688,293,0,0
31689,291,0,0
31690,290,0,0
31691,288,0,0
31692,287,0,0
31693,285,0,0
31694,284,0,0
31695,282,0,0
31696,280,0,0
31697,279,0,0
31698,277,0,0
31699,275,0,0
31700,274,0,0
31701,272,0,0
31702,270,0,0
31703,269,0,0
31704,267,0,0
31705,265,0,0
31706,263,0,0
31707,262,0,0
31708,260,0,0
31709,258,0,0
31710,257,0,0
31711,255,0,0
31712,253,0,0
31713,252,0,0
31714,250,0,0
31715,248,0,0
31716,247,0,0
31717,245,0,0
31718,243,0,0
31719,241,0,0
31720,240,0,0
31721,238,0,0
31722,236,0,0
31723,234,0,0
31724,233,0,0
31725,231,0,0
31726,229,0,0
31727,227,0,0
31728,225,0,0
31729,224,0,0
31730,222,0,0
31731,220,0,0
31732,218,0,0
31733,216,0,0
31734,214,0,0
31735,212,0,0
31736,210,0,0
31737,208,0,0
31738,206,0,0
31739,204,0,0
31740,202,0,0
31741,200,0,0
31742,198,0,0
31743,196,0,0
31744,194,0,0
31745,192,0,0
31746,190,0,0
31747,188,0,0
31748,185,0,0
31749,183,0,0
31750,181,0,0
31751,179,0,0
31752,177,0,0
31753,175,0,0
31754,172,0,0
31755,170,0,0
31756,168,0,0
31757,166,0,0
31758,164,0,0
31759,162,0,0
31760,160,0,0
31761,158,0,0
31762,156,0,0
31763,153,0,0
31764,151,0,0
31765,149,0,0
31766,147,0,0
31767,146,0,0
31768,143,0,0
31769,141,0,0
31770,139,0,0
31771,138,0,0
31772,135,0,0
31773,134,0,0
31774,132,0,0
31775,130,0,0
31776,128,0,0
31777,126,0,0
31778,124,0,0
31779,122,0,0
31780,120,0,0
31781,118,0,0
31782,117,0,0
31783,115,0,0
31784,113,0,0
31785,111,0,0
31786,109,0,0
31787,107,0,0
31788,105,0,0
31789,103,0,0
31790,101,0,0
31791,99,0,0
31792,98,0,0
31793,96,0,0
31794,93,0,0
31795,92,0,0
31796,90,0,0
31797,88,0,0
31798,86,0,0
31799,84,0,0
31800,82,0,0
31801,80,0,0
31802,78,0,0
31803,76,0,0
31804,74,0,0
31805,72,0,0
31806,70,0,0
31807,68,0,0
31808,66,0,0
31809,64,0,0
31810,62,0,0
31811,60,0,0
31812,58,0,0
31813,56,0,0
31814,54,0,0
31815,52,0,0
31816,50,0,0
31817,49,0,0
31818,47,0,0
31819,45,0,0
31820,43,0,0
31821,41,0,0
31822,39,0,0
31823,38,0,0
31824,36,0,0
31825,34,0,0
31826,32,0,0
31827,31,0,0
31828,29,0,0
31829,27,0,0
31830,26,0,0
31831,24,0,0
31832,22,0,0
31833,21,0,0
31834,19,0,0
31835,18,0,0
31836,16,0,0
31837,14,0,0
31838,13,0,0
31839,11,0,0
31840,10,0,0
31841,8,0,0
31842,7,0,0
31843,5,0,0
31844,4,0,0
31845,2,0,0
31846,1,0,0
31847,0,0,0
31848,-2,0,0
31849,-3,0,0
31850,-5,0,0
31851,-6,0,0
31852,-8,0,0
31853,-9,0,0
31854,-10,0,0
31855,-12,0,0
31856,-13,0,0
31857,-14,0,0
31858,-16,0,0
31859,-17,0,0
31860,-18,0,0
31861,-19,0,0
31862,-21,0,0
31863,-22,0,0
31864,-23,0,0
31865,-24,0,0
31866,-25,0,0
31867,-27,0,0
31868,-28,0,0
31869,-29,0,0
31870,-30,0,0
31871,-31,0,0
31872,-32,0,0
31873,-33,0,0
31874,-35,0,0
31875,-36,0,0
31876,-37,0,0
31877,-38,0,0
31878,-38,0,0
31879,-40,0,0
31880,-41,0,0
31881,-41,0,0
31882,-42,0,0
31883,-43,0,0
31884,-44,0,0
31885,-45,0,0
31886,-46,0,0
31887,-47,0,0
31888,-47,0,0
31889,-48,0,0
31890,-49,0,0
31891,-50,0,0
31892,-51,0,0
31893,-51,0,0
31894,-52,0,0
31895,-53,0,0
31896,-54,0,0
31897,-54,0,0
31898,-55,0,0
31899,-56,0,0
31900,-57,0,0
31901,-58,0,0
31902,-58,0,0
31903,-59,0,0
31904,-60,0,0
31905,-60,0,0
31906,-61,0,0
31907,-62,0,0
31908,-62,0,0
31909,-63,0,0
31910,-64,0,0
31911,-64,0,0
31912,-65,0,0
31913,-66,0,0
31914,-66,0,0
31915,-67,0,0
31916,-67,0,0
31917,-68,0,0
31918,-68,0,0
31919,-69,0,0
31920,-70,0,0
31921,-70,0,0
31922,-71,0,0
31923,-71,0,0
31924,-71,0,0
31925,-72,0,0
31926,-72,0,0
31927,-72,0,0
31928,-73,0,0
31929,-73,0,0
31930,-74,0,0
31931,-74,0,0
31932,-74,0,0
31933,-74,0,0
31934,-75,0,0
31935,-75,0,0
31936,-75,0,0
31937,-75,0,0
31938,-75,0,0
31939,-76,0,0
31940,-76,0,0
31941,-76,0,0
31942,-76,0,0
31943,-76,0,0
31944,-76,0,0
31945,-76,0,0
31946,-76,0,0
31947,-76,0,0
31948,-76,0,0
31949,-76,0,0
31950,-76,0,0
31951,-76,0,0
31952,-76,0,0
31953,-76,0,0
31954,-76,0,0
31955,-76,0,0
31956,-76,0,0
31957,-76,0,0
31958,-76,0,0
31959,-76,0,0
31960,-75,0,0
31961,-75,0,0
31962,-75,0,0
31963,-75,0,0
31964,-74,0,0
31965,-74,0,0
31966,-74,0,0
31967,-74,0,0
31968,-73,0,0
31969,-73,0,0
31970,-73,0,0
31971,-73,0,0
31972,-72,0,0
31973,-72,0,0
31974,-71,0,0
31975,-71,0,0
31976,-70,0,0
31977,-70,0,0
31978,-70,0,0
31979,-69,0,0
31980,-69,0,0
31981,-68,0,0
31982,-68,0,0
31983,-67,0,0
31984,-67,0,0
31985,-66,0,0
31986,-65,0,0
31987,-65,0,0
31988,-64,0,0
31989,-64,0,0
31990,-63,0,0
31991,-63,0,0
31992,-62,0,0
31993,-61,0,0
31994,-61,0,0
31995,-60,0,0
31996,-60,0,0
31997,-59,0,0
31998,-58,0,0
31999,-58,0,0
32000,-57,0,0
32001,-56,0,0
32002,-56,0,0
32003,-55,0,0
32004,-54,0,0
32005,-54,0,0
32006,-53,0,0
32007,-52,0,0
32008,-52,0,0
32009,-51,0,0
32010,-50,0,0
32011,-49,0,0
32012,-49,0,0
32013,-48,0,0
32014,-47,0,0
32015,-46,0,0
32016,-46,0,0
32017,-45,0,0
32018,-44,0,0
32019,-43,0,0
32020,-42,0,0
32021,-42,0,0
32022,-41,0,0
32023,-40,0,0
32024,-39,0,0
32025,-38,0,0
32026,-38,0,0
32027,-37,0,0
32028,-36,0,0
32029,-35,0,0
32030,-34,0,0
32031,-34,0,0
32032,-33,0,0
32033,-32,0,0
32034,-31,0,0
32035,-30,0,0
32036,-29,0,0
32037,-29,0,0
32038,-28,0,0
32039,-27,0,0
32040,-26,0,0
32041,-25,0,0
32042,-24,0,0
32043,-23,0,0
32044,-23,0,0
32045,-22,0,0
32046,-21,0,0
32047,-20,0,0
32048,-19,0,0
32049,-18,0,0
32050,-17,0,0
32051,-16,0,0
32052,-15,0,0
32053,-14,0,0
32054,-13,0,0
32055,-12,0,0
32056,-11,0,0
32057,-10,0,0
32058,-8,0,0
32059,-7,0,0
32060,-6,0,0
32061,-5,0,0
32062,-4,0,0
32063,-3,0,0
32064,-1,0,0
32065,0,0,0
32066,1,0,0
32067,2,0,0
32068,3,0,0
32069,4,0,0
32070,6,0,0
32071,7,0,0
32072,8,0,0
32073,9,0,0
32074,10,0,0
32075,11,0,0
32076,12,0,0
32077,13,0,0
32078,14,0,0
32079,15,0,0
32080,16,0,0
32081,17,0,0
32082,17,0,0
32083,18,0,0
32084,19,0,0
32085,20,0,0
32086,21,0,0
32087,22,0,0
32088,22,0,0
32089,24,0,0
32090,24,0,0
32091,25,0,0
32092,26,0,0
32093,27,0,0
32094,27,0,0
32095,28,0,0
32096,29,0,0
32097,30,0,0
32098,31,0,0
32099,31,0,0
32100,32,0,0
32101,33,0,0
32102,34,0,0
32103,35,0,0
32104,36,0,0
32105,37,0,0
32106,37,0,0
32107,38,0,0
32108,39,0,0
32109,40,0,0
32110,41,0,0
32111,42,0,0
32112,42,0,0
32113,43,0,0
32114,44,0,0
32115,45,0,0
32116,46,0,0
32117,47,0,0
32118,47,0,0
32119,48,0,0
32120,49,0,0
32121,50,0,0
32122,51,0,0
32123,51,0,0
32124,52,0,0
32125,53,0,0
32126,53,0,0
32127,54,0,0
32128,55,0,0
32129,55,0,0
32130,56,0,0
32131,56,0,0
32132,57,0,0
32133,57,0,0
32134,58,0,0
32135,59,0,0
32136,59,0,0
32137,60,0,0
32138,60,0,0
32139,60,0,0
32140,61,0,0
32141,61,0,0
32142,62,0,0
32143,62,0,0
32144,63,0,0
32145,63,0,0
32146,63,0,0
32147,64,0,0
32148,64,0,0
32149,65,0,0
32150,65,0,0
32151,65,0,0
32152,66,0,0
32153,66,0,0
32154,66,0,0
32155,67,0,0
32156,67,0,0
32157,68,0,0
32158,68,0,0
32159,69,0,0
32160,69,0,0
32161,69,0,0
32162,70,0,0
32163,70,0,0
32164,70,0,0
32165,71,0,0
32166,71,0,0
32167,72,0,0
32168,72,0,0
32169,72,0,0
32170,73,0,0
32171,73,0,0
32172,73,0,0
32173,74,0,0
32174,74,0,0
32175,74,0,0
32176,74,0,0
32177,75,0,0
32178,75,0,0
32179,75,0,0
32180,75,0,0
32181,75,0,0
32182,75,0,0
32183,75,0,0
32184,75,0,0
32185,75,0,0
32186,75,0,0
32187,75,0,0
32188,75,0,0
32189,75,0,0
32190,75,0,0
32191,75,0,0
32192,75,0,0
32193,74,0,0
32194,75,0,0
32195,74,0,0
32196,74,0,0
32197,74,0,0
32198,74,0,0
32199,73,0,0
32200,73,0,0
32201,73,0,0
32202,73,0,0
32203,72,0,0
32204,72,0,0
32205,72,0,0
32206,71,0,0
32207,71,0,0
32208,71,0,0
32209,70,0,0
32210,70,0,0
32211,69,0,0
32212,69,0,0
32213,69,0,0
32214,68,0,0
32215,67,0,0
32216,67,0,0
32217,66,0,0
32218,66,0,0
32219,65,0,0
32220,64,0,0
32221,64,0,0
32222,63,0,0
32223,62,0,0
32224,61,0,0
32225,61,0,0
32226,60,0,0
32227,59,0,0
32228,58,0,0
32229,57,0,0
32230,57,0,0
32231,56,0,0
32232,55,0,0
32233,54,0,0
32234,53,0,0
32235,52,0,0
32236,51,0,0
32237,51,0,0
32238,50,0,0
32239,49,0,0
32240,48,0,0
32241,47,0,0
32242,46,0,0
32243,45,0,0
32244,45,0,0
32245,44,0,0
32246,43,0,0
32247,42,0,0
32248,41,0,0
32249,40,0,0
32250,39,0,0
32251,38,0,0
32252,37,0,0
32253,36,0,0
32254,35,0,0
32255,34,0,0
32256,33,0,0
32257,32,0,0
32258,31,0,0
32259,30,0,0
32260,29,0,0
32261,28,0,0
32262,26,0,0
32263,25,0,0
32264,24,0,0
32265,23,0,0
32266,22,0,0
32267,21,0,0
32268,19,0,0
32269,18,0,0
32270,17,0,0
32271,15,0,0
32272,14,0,0
32273,13,0,0
32274,12,0,0
32275,10,0,0
32276,9,0,0
32277,8,0,0
32278,6,0,0
32279,5,0,0
32280,4,0,0
32281,2,0,0
32282,1,0,0
32283,-1,0,0
32284,-2,0,0
32285,-4,0,0
32286,-5,0,0
32287,-6,0,0
32288,-8,0,0
32289,-10,0,0
32290,-11,0,0
32291,-13,0,0
32292,-14,0,0
32293,-16,0,0
32294,-18,0,0
32295,-19,0,0
32296,-21,0,0
32297,-23,0,0
32298,-24,0,0
32299,-26,0,0
32300,-28,0,0
32301,-29,0,0
32302,-31,0,0
32303,-33,0,0
32304,-35,0,0
32305,-36,0,0
32306,-38,0,0
32307,-40,0,0
32308,-42,0,0
32309,-44,0,0
32310,-45,0,0
32311,-47,0,0
32312,-49,0,0
32313,-50,0,0
32314,-52,0,0
32315,-54,0,0
32316,-56,0,0
32317,-57,0,0
32318,-59,0,0
32319,-61,0,0
32320,-63,0,0
32321,-65,0,0
32322,-66,0,0
32323,-68,0,0
32324,-70,0,0
32325,-72,0,0
32326,-74,0,0
32327,-76,0,0
32328,-78,0,0
32329,-80,0,0
32330,-82,0,0
32331,-84,0,0
32332,-86,0,0
32333,-88,0,0
32334,-90,0,0
32335,-92,0,0
32336,-94,0,0
32337,-96,0,0
32338,-98,0,0
32339,-100,0,0
32340,-103,0,0
32341,-105,0,0
32342,-107,0,0
32343,-109,0,0
32344,-111,0,0
32345,-113,0,0
32346,-115,0,0
32347,-117,0,0
32348,-119,0,0
32349,-121,0,0
32350,-123,0,0
32351,-125,0,0
32352,-127,0,0
32353,-129,0,0
32354,-131,0,0
32355,-133,0,0
32356,-135,0,0
32357,-137,0,0
32358,-139,0,0
32359,-141,0,0
32360,-143,0,0
32361,-144,0,0
32362,-146,0,0
32363,-148,0,0
32364,-150,0,0
32365,-152,0,0
32366,-154,0,0
32367,-156,0,0
32368,-157,0,0
32369,-160,0,0
32370,-161,0,0
32371,-163,0,0
32372,-165,0,0
32373,-167,0,0
32374,-169,0,0
32375,-171,0,0
32376,-173,0,0
32377,-175,0,0
32378,-177,0,0
32379,-179,0,0
32380,-181,0,0
32381,-183,0,0
32382,-185,0,0
32383,-187,0,0
32384,-189,0,0
32385,-191,0,0
32386,-193,0,0
32387,-196,0,0
32388,-198,0,0
32389,-200,0,0
32390,-202,0,0
32391,-204,0,0
32392,-206,0,0
32393,-208,0,0
32394,-210,0,0
32395,-212,0,0
32396,-214,0,0
32397,-216,0,0
32398,-218,0,0
32399,-220,0,0
32400,-222,0,0
32401,-224,0,0
32402,-226,0,0
32403,-228,0,0
32404,-230,0,0
32405,-231,0,0
32406,-233,0,0
32407,-235,0,0
32408,-237,0,0
32409,-239,0,0
32410,-241,0,0
32411,-243,0,0
32412,-244,0,0
32413,-246,0,0
32414,-248,0,0
32415,-250,0,0
32416,-251,0,0
32417,-253,0,0
32418,-255,0,0
32419,-256,0,0
32420,-258,0,0
32421,-259,0,0
32422,-261,0,0
32423,-263,0,0
32424,-264,0,0
32425,-266,0,0
32426,-267,0,0
32427,-269,0,0
32428,-270,0,0
32429,-272,0,0
32430,-273,0,0
32431,-275,0,0
32432,-277,0,0
32433,-278,0,0
32434,-280,0,0
32435,-281,0,0
32436,-283,0,0
32437,-284,0,0
32438,-286,0,0
32439,-288,0,0
32440,-290,0,0
32441,-291,0,0
32442,-293,0,0
32443,-294,0,0
32444,-296,0,0
32445,-298,0,0
32446,-299,0,0
32447,-301,0,0
32448,-303,0,0
32449,-304,0,0
32450,-306,0,0
32451,-308,0,0
32452,-309,0,0
32453,-311,0,0
32454,-312,0,0
32455,-314,0,0
32456,-315,0,0
32457,-317,0,0
32458,-318,0,0
32459,-319,0,0
32460,-321,0,0
32461,-322,0,0
32462,-323,0,0
32463,-324,0,0
32464,-326,0,0
32465,-327,0,0
32466,-328,0,0
32467,-329,0,0
32468,-330,0,0
32469,-331,0,0
32470,-332,0,0
32471,-333,0,0
32472,-334,0,0
32473,-334,0,0
32474,-335,0,0
32475,-336,0,0
32476,-337,0,0
32477,-338,0,0
32478,-338,0,0
32479,-339,0,0
32480,-339,0,0
32481,-340,0,0
32482,-341,0,0
32483,-342,0,0
32484,-342,0,0
32485,-343,0,0
32486,-343,0,0
32487,-344,0,0
32488,-345,0,0
32489,-346,0,0
32490,-346,0,0
32491,-347,0,0
32492,-347,0,0
32493,-348,0,0
32494,-349,0,0
32495,-349,0,0
32496,-350,0,0
32497,-351,0,0
32498,-351,0,0
32499,-352,0,0
32500,-352,0,0
32501,-353,0,0
32502,-354,0,0
32503,-354,0,0
32504,-355,0,0
32505,-355,0,0
32506,-356,0,0
32507,-356,0,0
32508,-357,0,0
32509,-357,0,0
32510,-358,0,0
32511,-358,0,0
32512,-359,0,0
32513,-359,0,0
32514,-359,0,0
32515,-360,0,0
32516,-360,0,0
32517,-360,0,0
32518,-360,0,0
32519,-360,0,0
32520,-361,0,0
32521,-361,0,0
32522,-361,0,0
32523,-361,0,0
32524,-360,0,0
32525,-361,0,0
32526,-360,0,0
32527,-360,0,0
32528,-360,0,0
32529,-360,0,0
32530,-360,0,0
32531,-360,0,0
32532,-359,0,0
32533,-359,0,0
32534,-359,0,0
32535,-359,0,0
32536,-358,0,0
32537,-358,0,0
32538,-357,0,0
32539,-357,0,0
32540,-357,0,0
32541,-356,0,0
32542,-355,0,0
32543,-355,0,0
32544,-354,0,0
32545,-354,0,0
32546,-353,0,0
32547,-353,0,0
32548,-352,0,0
32549,-351,0,0
32550,-351,0,0
32551,-350,0,0
32552,-349,0,0
32553,-349,0,0
32554,-348,0,0
32555,-347,0,0
32556,-347,0,0
32557,-346,0,0
32558,-345,0,0
32559,-344,0,0
32560,-344,0,0
32561,-343,0,0
32562,-342,0,0
32563,-341,0,0
32564,-340,0,0
32565,-340,0,0
32566,-339,0,0
32567,-338,0,0
32568,-337,0,0
32569,-336,0,0
32570,-335,0,0
32571,-335,0,0
32572,-334,0,0
32573,-333,0,0
32574,-332,0,0
32575,-330,0,0
32576,-330,0,0
32577,-328,0,0
32578,-327,0,0
32579,-326,0,0
32580,-325,0,0
32581,-324,0,0
32582,-322,0,0
32583,-321,0,0
32584,-320,0,0
32585,-318,0,0
32586,-317,0,0
32587,-315,0,0
32588,-314,0,0
32589,-312,0,0
32590,-311,0,0
32591,-309,0,0
32592,-308,0,0
32593,-306,0,0
32594,-304,0,0
32595,-303,0,0
32596,-301,0,0
32597,-299,0,0
32598,-298,0,0
32599,-296,0,0
32600,-294,0,0
32601,-293,0,0
32602,-291,0,0
32603,-289,0,0
32604,-288,0,0
32605,-286,0,0
32606,-284,0,0
32607,-283,0,0
32608,-281,0,0
32609,-279,0,0
32610,-277,0,0
32611,-276,0,0
32612,-274,0,0
32613,-272,0,0
32614,-270,0,0
32615,-268,0,0
32616,-266,0,0
32617,-265,0,0
32618,-263,0,0
32619,-261,0,0
32620,-259,0,0
32621,-257,0,0
32622,-255,0,0
32623,-252,0,0
32624,-250,0,0
32625,-248,0,0
32626,-246,0,0
32627,-244,0,0
32628,-241,0,0
32629,-239,0,0
32630,-237,0,0
32631,-235,0,0
32632,-232,0,0
32633,-230,0,0
32634,-227,0,0
32635,-225,0,0
32636,-223,0,0
32637,-221,0,0
32638,-218,0,0
32639,-216,0,0
32640,-214,0,0
32641,-211,0,0
32642,-209,0,0
32643,-207,0,0
32644,-204,0,0
32645,-202,0,0
32646,-200,0,0
32647,-198,0,0
32648,-195,0,0
32649,-193,0,0
32650,-190,0,0
32651,-188,0,0
32652,-186,0,0
32653,-183,0,0
32654,-181,0,0
32655,-178,0,0
32656,-176,0,0
32657,-174,0,0
32658,-171,0,0
32659,-168,0,0
32660,-166,0,0
32661,-163,0,0
32662,-161,0,0
32663,-158,0,0
32664,-155,0,0
32665,-152,0,0
32666,-150,0,0
32667,-147,0,0
32668,-144,0,0
32669,-141,0,0
32670,-138,0,0
32671,-136,0,0
32672,-133,0,0
32673,-130,0,0
32674,-127,0,0
32675,-124,0,0
32676,-121,0,0
32677,-119,0,0
32678,-116,0,0
32679,-113,0,0
32680,-110,0,0
32681,-108,0,0
32682,-105,0,0
32683,-102,0,0
32684,-99,0,0
32685,-97,0,0
32686,-94,0,0
32687,-91,0,0
32688,-88,0,0
32689,-85,0,0
32690,-83,0,0
32691,-80,0,0
32692,-77,0,0
32693,-75,0,0
32694,-72,0,0
32695,-69,0,0
32696,-66,0,0
32697,-63,0,0
32698,-60,0,0
32699,-58,0,0
32700,-55,0,0
32701,-52,0,0
32702,-49,0,0
32703,-46,0,0
32704,-43,0,0
32705,-40,0,0
32706,-37,0,0
32707,-34,0,0
32708,-31,0,0
32709,-28,0,0
32710,-25,0,0
32711,-22,0,0
32712,-19,0,0
32713,-16,0,0
32714,-13,0,0
32715,-10,0,0
32716,-7,0,0
32717,-4,0,0
32718,-1,0,0
32719,2,0,0
32720,5,0,0
32721,8,0,0
32722,11,0,0
32723,14,0,0
32724,17,0,0
32725,20,0,0
32726,23,0,0
32727,26,0,0
32728,29,0,0
32729,32,0,0
32730,35,0,0
32731,38,0,0
32732,40,0,0
32733,43,0,0
32734,46,0,0
32735,49,0,0
32736,52,0,0
32737,55,0,0
32738,58,0,0
32739,61,0,0
32740,64,0,0
32741,67,0,0
32742,70,0,0
32743,73,0,0
32744,75,0,0
32745,78,0,0
32746,81,0,0
32747,84,0,0
32748,87,0,0
32749,90,0,0
32750,93,0,0
32751,96,0,0
32752,98,0,0
32753,101,0,0
32754,104,0,0
32755,107,0,0
32756,110,0,0
32757,112,0,0
32758,115,0,0
32759,118,0,0
32760,121,0,0
32761,124,0,0
32762,126,0,0
32763,129,0,0
32764,132,0,0
32765,135,0,0
32766,137,0,0
32767,140,0,0
32768,143,0,0
32769,146,0,0
32770,148,0,0
32771,151,0,0
32772,153,0,0
32773,156,0,0
32774,159,0,0
32775,161,0,0
32776,164,0,0
32777,167,0,0
32778,169,0,0
32779,172,0,0
32780,174,0,0
32781,177,0,0
32782,179,0,0
32783,182,0,0
32784,184,0,0
32785,187,0,0
32786,189,0,0
32787,192,0,0
32788,194,0,0
32789,197,0,0
32790,199,0,0
32791,202,0,0
32792,204,0,0
32793,206,0,0
32794,209,0,0
32795,211,0,0
32796,214,0,0
32797,216,0,0
32798,218,0,0
32799,221,0,0
32800,223,0,0
32801,225,0,0
32802,228,0,0
32803,230,0,0
32804,232,0,0
32805,234,0,0
32806,237,0,0
32807,239,0,0
32808,241,0,0
32809,243,0,0
32810,245,0,0
32811,248,0,0
32812,250,0,0
32813,252,0,0
32814,254,0,0
32815,256,0,0
32816,258,0,0
32817,260,0,0
32818,262,0,0
32819,264,0,0
32820,266,0,0
32821,268,0,0
32822,270,0,0
32823,272,0,0
32824,273,0,0
32825,275,0,0
32826,277,0,0
32827,279,0,0
32828,281,0,0
32829,282,0,0
32830,284,0,0
32831,286,0,0
32832,288,0,0
32833,289,0,0
32834,291,0,0
32835,293,0,0
32836,294,0,0
32837,296,0,0
32838,298,0,0
32839,299,0,0
32840,301,0,0
32841,302,0,0
32842,304,0,0
32843,305,0,0
32844,307,0,0
32845,309,0,0
32846,310,0,0
32847,312,0,0
32848,313,0,0
32849,314,0,0
32850,316,0,0
32851,317,0,0
32852,319,0,0
32853,320,0,0
32854,321,0,0
32855,323,0,0
32856,324,0,0
32857,325,0,0
32858,326,0,0
32859,328,0,0
32860,329,0,0
32861,330,0,0
32862,331,0,0
32863,332,0,0
32864,334,0,0
32865,335,0,0
32866,336,0,0
32867,337,0,0
32868,338,0,0
32869,339,0,0
32870,339,0,0
32871,340,0,0
32872,341,0,0
32873,342,0,0
32874,343,0,0
32875,344,0,0
32876,344,0,0
32877,345,0,0
32878,346,0,0
32879,347,0,0
32880,347,0,0
32881,348,0,0
32882,348,0,0
32883,349,0,0
32884,350,0,0
32885,350,0,0
32886,350,0,0
32887,351,0,0
32888,352,0,0
32889,352,0,0
32890,352,0,0
32891,353,0,0
32892,353,0,0
32893,354,0,0
32894,354,0,0
32895,354,0,0
32896,355,0,0
32897,355,0,0
32898,355,0,0
32899,355,0,0
32900,356,0,0
32901,356,0,0
32902,356,0,0
32903,357,0,0
32904,357,0,0
32905,357,0,0
32906,357,0,0
32907,357,0,0
32908,357,0,0
32909,358,0,0
32910,358,0,0
32911,358,0,0
32912,358,0,0
32913,358,0,0
32914,358,0,0
32915,358,0,0
32916,358,0,0
32917,358,0,0
32918,358,0,0
32919,357,0,0
32920,357,0,0
32921,357,0,0
32922,357,0,0
32923,357,0,0
32924,357,0,0
32925,356,0,0
32926,356,0,0
32927,356,0,0
32928,356,0,0
32929,355,0,0
32930,355,0,0
32931,355,0,0
32932,354,0,0
32933,354,0,0
32934,353,0,0
32935,353,0,0
32936,353,0,0
32937,352,0,0
32938,352,0,0
32939,351,0,0
32940,351,0,0
32941,350,0,0
32942,350,0,0
32943,349,0,0
32944,348,0,0
32945,348,0,0
32946,347,0,0
32947,347,0,0
32948,346,0,0
32949,345,0,0
32950,344,0,0
32951,344,0,0
32952,343,0,0
32953,342,0,0
32954,341,0,0
32955,341,0,0
32956,339,0,0
32957,339,0,0
32958,338,0,0
32959,337,0,0
32960,336,0,0
32961,335,0,0
32962,334,0,0
32963,333,0,0
32964,332,0,0
32965,331,0,0
32966,330,0,0
32967,329,0,0
32968,328,0,0
32969,327,0,0
32970,326,0,0
32971,324,0,0
32972,323,0,0
32973,322,0,0
32974,321,0,0
32975,320,0,0
32976,318,0,0
32977,317,0,0
32978,316,0,0
32979,314,0,0
32980,313,0,0
32981,312,0,0
32982,310,0,0
32983,309,0,0
32984,307,0,0
32985,306,0,0
32986,304,0,0
32987,303,0,0
32988,302,0,0
32989,300,0,0
32990,298,0,0
32991,297,0,0
32992,295,0,0
32993,294,0,0
32994,292,0,0
32995,291,0,0
32996,289,0,0
32997,287,0,0
32998,286,0,0
32999,284,0,0
33000,282,0,0
33001,281,0,0
33002,279,0,0
33003,278,0,0
33004,276,0,0
33005,275,0,0
33006,273,0,0
33007,272,0,0
33008,270,0,0
33009,268,0,0
33010,267,0,0
33011,265,0,0
33012,263,0,0
33013,262,0,0
33014,260,0,0
33015,258,0,0
33016,257,0,0
33017,255,0,0
33018,253,0,0
33019,252,0,0
33020,250,0,0
33021,248,0,0
33022,246,0,0
33023,245,0,0
33024,243,0,0
33025,241,0,0
33026,239,0,0
33027,237,0,0
33028,235,0,0
33029,234,0,0
33030,232,0,0
33031,230,0,0
33032,228,0,0
33033,226,0,0
33034,224,0,0
33035,222,0,0
33036,220,0,0
33037,218,0,0
33038,217,0,0
33039,215,0,0
33040,213,0,0
33041,211,0,0
33042,209,0,0
33043,207,0,0
33044,205,0,0
33045,203,0,0
33046,201,0,0
33047,199,0,0
33048,197,0,0
33049,196,0,0
33050,194,0,0
33051,192,0,0
33052,190,0,0
33053,188,0,0
33054,186,0,0
33055,184,0,0
33056,182,0,0
33057,180,0,0
33058,178,0,0
33059,176,0,0
33060,174,0,0
33061,172,0,0
33062,170,0,0
33063,168,0,0
33064,166,0,0
33065,164,0,0
33066,162,0,0
33067,160,0,0
33068,158,0,0
33069,156,0,0
33070,154,0,0
33071,151,0,0
33072,149,0,0
33073,147,0,0
33074,145,0,0
33075,143,0,0
33076,141,0,0
33077,139,0,0
33078,137,0,0
33079,134,0,0
33080,132,0,0
33081,130,0,0
33082,128,0,0
33083,126,0,0
33084,124,0,0
33085,122,0,0
33086,120,0,0
33087,118,0,0
33088,116,0,0
33089,114,0,0
33090,112,0,0
33091,110,0,0
33092,108,0,0
33093,107,0,0
33094,105,0,0
33095,103,0,0
33096,101,0,0
33097,99,0,0
33098,97,0,0
33099,95,0,0
33100,93,0,0
33101,91,0,0
33102,89,0,0
33103,88,0,0
33104,86,0,0
33105,84,0,0
33106,82,0,0
33107,80,0,0
33108,78,0,0
33109,76,0,0
33110,74,0,0
33111,72,0,0
33112,70,0,0
33113,68,0,0
33114,67,0,0
33115,65,0,0
33116,63,0,0
33117,61,0,0
33118,59,0,0
33119,57,0,0
33120,55,0,0
33121,53,0,0
33122,51,0,0
33123,49,0,0
33124,48,0,0
33125,46,0,0
33126,44,0,0
33127,42,0,0
33128,40,0,0
33129,38,0,0
33130,37,0,0
33131,35,0,0
33132,33,0,0
33133,31,0,0
33134,30,0,0
33135,28,0,0
33136,26,0,0
33137,25,0,0
33138,23,0,0
33139,21,0,0
33140,20,0,0
33141,18,0,0
33142,17,0,0
33143,15,0,0
33144,14,0,0
33145,12,0,0
33146,11,0,0
33147,9,0,0
33148,8,0,0
33149,6,0,0
33150,5,0,0
33151,4,0,0
33152,2,0,0
33153,1,0,0
33154,0,0,0
33155,-2,0,0
33156,-3,0,0
33157,-5,0,0
33158,-6,0,0
33159,-7,0,0
33160,-8,0,0
33161,-10,0,0
33162,-11,0,0
33163,-12,0,0
33164,-14,0,0
33165,-15,0,0
33166,-16,0,0
33167,-17,0,0
33168,-19,0,0
33169,-20,0,0
33170,-21,0,0
33171,-22,0,0
33172,-23,0,0
33173,-24,0,0
33174,-26,0,0
33175,-27,0,0
33176,-28,0,0
33177,-29,0,0
33178,-30,0,0
33179,-31,0,0
33180,-32,0,0
33181,-34,0,0
33182,-35,0,0
33183,-36,0,0
33184,-37,0,0
33185,-38,0,0
33186,-39,0,0
33187,-40,0,0
33188,-41,0,0
33189,-42,0,0
33190,-43,0,0
33191,-44,0,0
33192,-45,0,0
33193,-46,0,0
33194,-47,0,0
33195,-48,0,0
33196,-49,0,0
33197,-50,0,0
33198,-51,0,0
33199,-52,0,0
33200,-53,0,0
33201,-54,0,0
33202,-55,0,0
33203,-56,0,0
33204,-56,0,0
33205,-57,0,0
33206,-58,0,0
33207,-59,0,0
33208,-60,0,0
33209,-60,0,0
33210,-61,0,0
33211,-62,0,0
33212,-62,0,0
33213,-63,0,0
33214,-64,0,0
33215,-64,0,0
33216,-65,0,0
33217,-66,0,0
33218,-66,0,0
33219,-67,0,0
33220,-68,0,0
33221,-68,0,0
33222,-69,0,0
33223,-69,0,0
33224,-69,0,0
33225,-70,0,0
33226,-71,0,0
33227,-71,0,0
33228,-71,0,0
33229,-72,0,0
33230,-72,0,0
33231,-73,0,0
33232,-73,0,0
33233,-73,0,0
33234,-74,0,0
33235,-74,0,0
33236,-74,0,0
33237,-74,0,0
33238,-74,0,0
33239,-75,0,0
33240,-75,0,0
33241,-75,0,0
33242,-75,0,0
33243,-75,0,0
33244,-75,0,0
33245,-75,0,0
33246,-75,0,0
33247,-75,0,0
33248,-75,0,0
33249,-75,0,0
33250,-74,0,0
33251,-74,0,0
33252,-74,0,0
33253,-74,0,0
33254,-74,0,0
33255,-74,0,0
33256,-74,0,0
33257,-73,0,0
33258,-73,0,0
33259,-73,0,0
33260,-73,0,0
33261,-73,0,0
33262,-73,0,0
33263,-72,0,0
33264,-72,0,0
33265,-72,0,0
33266,-72,0,0
33267,-72,0,0
33268,-72,0,0
33269,-72,0,0
33270,-72,0,0
33271,-72,0,0
33272,-72,0,0
33273,-71,0,0
33274,-71,0,0
33275,-71,0,0
33276,-71,0,0
33277,-71,0,0
33278,-71,0,0
33279,-71,0,0
33280,-71,0,0
33281,-71,0,0
33282,-70,0,0
33283,-70,0,0
33284,-70,0,0
33285,-70,0,0
33286,-69,0,0
33287,-69,0,0
33288,-69,0,0
33289,-68,0,0
33290,-68,0,0
33291,-67,0,0
33292,-67,0,0
33293,-66,0,0
33294,-66,0,0
33295,-65,0,0
33296,-64,0,0
33297,-64,0,0
33298,-63,0,0
33299,-62,0,0
33300,-62,0,0
33301,-61,0,0
33302,-60,0,0
33303,-60,0,0
33304,-59,0,0
33305,-58,0,0
33306,-57,0,0
33307,-57,0,0
33308,-56,0,0
33309,-55,0,0
33310,-54,0,0
33311,-53,0,0
33312,-52,0,0
33313,-52,0,0
33314,-51,0,0
33315,-50,0,0
33316,-49,0,0
33317,-48,0,0
33318,-47,0,0
33319,-46,0,0
33320,-46,0,0
33321,-45,0,0
33322,-44,0,0
33323,-43,0,0
33324,-42,0,0
33325,-41,0,0
33326,-40,0,0
33327,-40,0,0
33328,-39,0,0
33329,-38,0,0
33330,-37,0,0
33331,-36,0,0
33332,-35,0,0
33333,-35,0,0
33334,-34,0,0
33335,-33,0,0
33336,-32,0,0
33337,-31,0,0
33338,-30,0,0
33339,-30,0,0
33340,-29,0,0
33341,-28,0,0
33342,-27,0,0
33343,-26,0,0
33344,-26,0,0
33345,-25,0,0
33346,-24,0,0
33347,-23,0,0
33348,-22,0,0
33349,-22,0,0
33350,-21,0,0
33351,-20,0,0
33352,-19,0,0
33353,-18,0,0
33354,-17,0,0
33355,-16,0,0
33356,-16,0,0
33357,-15,0,0
33358,-14,0,0
33359,-13,0,0
33360,-12,0,0
33361,-11,0,0
33362,-10,0,0
33363,-9,0,0
33364,-8,0,0
33365,-7,0,0
33366,-6,0,0
33367,-6,0,0
33368,-5,0,0
33369,-4,0,0
33370,-3,0,0
33371,-2,0,0
33372,-1,0,0
33373,0,0,0
33374,1,0,0
33375,2,0,0
33376,3,0,0
33377,4,0,0
33378,5,0,0
33379,6,0,0
33380,7,0,0
33381,8,0,0
33382,9,0,0
33383,10,0,0
33384,11,0,0
33385,12,0,0
33386,13,0,0
33387,14,0,0
33388,15,0,0
33389,16,0,0
33390,17,0,0
33391,18,0,0
33392,20,0,0
33393,20,0,0
33394,21,0,0
33395,23,0,0
33396,23,0,0
33397,24,0,0
33398,25,0,0
33399,26,0,0
33400,27,0,0
33401,28,0,0
33402,29,0,0
33403,30,0,0
33404,31,0,0
33405,32,0,0
33406,33,0,0
33407,33,0,0
33408,34,0,0
33409,35,0,0
33410,36,0,0
33411,37,0,0
33412,38,0,0
33413,39,0,0
33414,39,0,0
33415,40,0,0
33416,41,0,0
33417,42,0,0
33418,43,0,0
33419,43,0,0
33420,44,0,0
33421,45,0,0
33422,46,0,0
33423,47,0,0
33424,47,0,0
33425,48,0,0
33426,49,0,0
33427,50,0,0
33428,50,0,0
33429,51,0,0
33430,52,0,0
33431,53,0,0
33432,53,0,0
33433,54,0,0
33434,55,0,0
33435,55,0,0
33436,56,0,0
33437,56,0,0
33438,57,0,0
33439,58,0,0
33440,58,0,0
33441,59,0,0
33442,59,0,0
33443,60,0,0
33444,60,0,0
33445,61,0,0
33446,61,0,0
33447,62,0,0
33448,62,0,0
33449,63,0,0
33450,63,0,0
33451,64,0,0
33452,64,0,0
33453,65,0,0
33454,65,0,0
33455,65,0,0
33456,66,0,0
33457,66,0,0
33458,67,0,0
33459,67,0,0
33460,68,0,0
33461,68,0,0
33462,69,0,0
33463,69,0,0
33464,69,0,0
33465,69,0,0
33466,70,0,0
33467,70,0,0
33468,71,0,0
33469,71,0,0
33470,71,0,0
33471,72,0,0
33472,72,0,0
33473,72,0,0
33474,72,0,0
33475,73,0,0
33476,73,0,0
33477,73,0,0
33478,73,0,0
33479,73,0,0
33480,73,0,0
33481,73,0,0
33482,73,0,0
33483,73,0,0
33484,74,0,0
33485,74,0,0
33486,73,0,0
33487,74,0,0
33488,74,0,0
33489,73,0,0
33490,74,0,0
33491,74,0,0
33492,74,0,0
33493,74,0,0
33494,74,0,0
33495,74,0,0
33496,73,0,0
33497,73,0,0
33498,73,0,0
33499,73,0,0
33500,73,0,0
33501,73,0,0
33502,73,0,0
33503,73,0,0
33504,72,0,0
33505,72,0,0
33506,72,0,0
33507,72,0,0
33508,72,0,0
33509,71,0,0
33510,71,0,0
33511,71,0,0
33512,71,0,0
33513,70,0,0
33514,70,0,0
33515,70,0,0
33516,69,0,0
33517,69,0,0
33518,68,0,0
33519,68,0,0
33520,67,0,0
33521,67,0,0
33522,67,0,0
33523,66,0,0
33524,66,0,0
33525,65,0,0
33526,65,0,0
33527,64,0,0
33528,63,0,0
33529,63,0,0
33530,62,0,0
33531,62,0,0
33532,61,0,0
33533,61,0,0
33534,60,0,0
33535,59,0,0
33536,58,0,0
33537,58,0,0
33538,57,0,0
33539,56,0,0
33540,55,0,0
33541,55,0,0
33542,54,0,0
33543,53,0,0
33544,52,0,0
33545,51,0,0
33546,50,0,0
33547,49,0,0
33548,48,0,0
33549,47,0,0
33550,46,0,0
33551,45,0,0
33552,44,0,0
33553,43,0,0
33554,42,0,0
33555,40,0,0
33556,39,0,0
33557,38,0,0
33558,37,0,0
33559,36,0,0
33560,35,0,0
33561,34,0,0
33562,33,0,0
33563,32,0,0
33564,30,0,0
33565,29,0,0
33566,28,0,0
33567,27,0,0
33568,26,0,0
33569,25,0,0
33570,24,0,0
33571,23,0,0
33572,22,0,0
33573,21,0,0
33574,19,0,0
33575,18,0,0
33576,17,0,0
33577,16,0,0
33578,15,0,0
33579,13,0,0
33580,12,0,0
33581,11,0,0
33582,9,0,0
33583,8,0,0
33584,7,0,0
33585,5,0,0
33586,4,0,0
33587,3,0,0
33588,1,0,0
33589,0,0,0
33590,-2,0,0
33591,-4,0,0
33592,-5,0,0
33593,-7,0,0
33594,-8,0,0
33595,-10,0,0
33596,-11,0,0
33597,-13,0,0
33598,-15,0,0
33599,-16,0,0
33600,-18,0,0
33601,-19,0,0
33602,-21,0,0
33603,-23,0,0
33604,-24,0,0
33605,-26,0,0
33606,-28,0,0
33607,-29,0,0
33608,-31,0,0
33609,-33,0,0
33610,-34,0,0
33611,-36,0,0
33612,-38,0,0
33613,-40,0,0
33614,-41,0,0
33615,-43,0,0
33616,-45,0,0
33617,-46,0,0
33618,-48,0,0
33619,-50,0,0
33620,-52,0,0
33621,-53,0,0
33622,-55,0,0
33623,-57,0,0
33624,-59,0,0
33625,-61,0,0
33626,-62,0,0
33627,-64,0,0
33628,-66,0,0
33629,-68,0,0
33630,-70,0,0
33631,-72,0,0
33632,-74,0,0
33633,-76,0,0
33634,-78,0,0
33635,-80,0,0
33636,-82,0,0
33637,-84,0,0
33638,-86,0,0
33639,-87,0,0
33640,-90,0,0
33641,-92,0,0
33642,-94,0,0
33643,-96,0,0
33644,-98,0,0
33645,-100,0,0
33646,-102,0,0
33647,-104,0,0
33648,-106,0,0
33649,-108,0,0
33650,-109,0,0
33651,-112,0,0
33652,-114,0,0
33653,-116,0,0
33654,-117,0,0
33655,-120,0,0
33656,-121,0,0
33657,-123,0,0
33658,-125,0,0
33659,-127,0,0
33660,-129,0,0
33661,-131,0,0
33662,-133,0,0
33663,-135,0,0
33664,-137,0,0
33665,-139,0,0
33666,-141,0,0
33667,-143,0,0
33668,-145,0,0
33669,-147,0,0
33670,-149,0,0
33671,-151,0,0
33672,-153,0,0
33673,-155,0,0
33674,-157,0,0
33675,-159,0,0
33676,-161,0,0
33677,-163,0,0
33678,-165,0,0
33679,-167,0,0
33680,-169,0,0
33681,-172,0,0
33682,-174,0,0
33683,-176,0,0
33684,-178,0,0
33685,-180,0,0
33686,-182,0,0
33687,-185,0,0
33688,-187,0,0
33689,-189,0,0
33690,-191,0,0
33691,-193,0,0
33692,-195,0,0
33693,-197,0,0
33694,-199,0,0
33695,-201,0,0
33696,-204,0,0
33697,-206,0,0
33698,-208,0,0
33699,-210,0,0
33700,-212,0,0
33701,-213,0,0
33702,-216,0,0
33703,-217,0,0
33704,-219,0,0
33705,-221,0,0
33706,-223,0,0
33707,-225,0,0
33708,-227,0,0
33709,-228,0,0
33710,-230,0,0
33711,-232,0,0
33712,-234,0,0
33713,-235,0,0
33714,-237,0,0
33715,-239,0,0
33716,-241,0,0
33717,-242,0,0
33718,-244,0,0
33719,-246,0,0
33720,-247,0,0
33721,-249,0,0
33722,-251,0,0
33723,-252,0,0
33724,-254,0,0
33725,-255,0,0
33726,-257,0,0
33727,-259,0,0
33728,-261,0,0
33729,-262,0,0
33730,-264,0,0
33731,-265,0,0
33732,-267,0,0
33733,-269,0,0
33734,-270,0,0
33735,-272,0,0
33736,-273,0,0
33737,-275,0,0
33738,-277,0,0
33739,-278,0,0
33740,-279,0,0
33741,-281,0,0
33742,-283,0,0
33743,-284,0,0
33744,-286,0,0
33745,-287,0,0
33746,-289,0,0
33747,-291,0,0
33748,-292,0,0
33749,-294,0,0
33750,-296,0,0
33751,-297,0,0
33752,-299,0,0
33753,-300,0,0
33754,-302,0,0
33755,-304,0,0
33756,-305,0,0
33757,-307,0,0
33758,-308,0,0
33759,-310,0,0
33760,-311,0,0
33761,-312,0,0
33762,-314,0,0
33763,-315,0,0
33764,-317,0,0
33765,-318,0,0
33766,-319,0,0
33767,-321,0,0
33768,-322,0,0
33769,-323,0,0
33770,-324,0,0
33771,-326,0,0
33772,-327,0,0
33773,-328,0,0
33774,-329,0,0
33775,-330,0,0
33776,-331,0,0
33777,-332,0,0
33778,-333,0,0
33779,-334,0,0
33780,-335,0,0
33781,-336,0,0
33782,-336,0,0
33783,-337,0,0
33784,-338,0,0
33785,-339,0,0
33786,-340,0,0
33787,-341,0,0
33788,-341,0,0
33789,-342,0,0
33790,-343,0,0
33791,-344,0,0
33792,-344,0,0
33793,-345,0,0
33794,-346,0,0
33795,-346,0,0
33796,-347,0,0
33797,-348,0,0
33798,-348,0,0
33799,-349,0,0
33800,-350,0,0
33801,-350,0,0
33802,-351,0,0
33803,-352,0,0
33804,-352,0,0
33805,-353,0,0
33806,-354,0,0
33807,-354,0,0
33808,-354,0,0
33809,-355,0,0
33810,-355,0,0
33811,-356,0,0
33812,-356,0,0
33813,-357,0,0
33814,-357,0,0
33815,-357,0,0
33816,-357,0,0
33817,-358,0,0
33818,-358,0,0
33819,-358,0,0
33820,-358,0,0
33821,-359,0,0
33822,-359,0,0
33823,-359,0,0
33824,-359,0,0
33825,-359,0,0
33826,-359,0,0
33827,-359,0,0
33828,-359,0,0
33829,-359,0,0
33830,-359,0,0
33831,-359,0,0
33832,-359,0,0
33833,-359,0,0
33834,-359,0,0
33835,-359,0,0
33836,-359,0,0
33837,-359,0,0
33838,-359,0,0
33839,-359,0,0
33840,-358,0,0
33841,-358,0,0
33842,-358,0,0
33843,-358,0,0
33844,-358,0,0
33845,-358,0,0
33846,-358,0,0
33847,-357,0,0
33848,-357,0,0
33849,-357,0,0
33850,-357,0,0
33851,-356,0,0
33852,-356,0,0
33853,-355,0,0
33854,-355,0,0
33855,-355,0,0
33856,-354,0,0
33857,-353,0,0
33858,-353,0,0
33859,-352,0,0
33860,-352,0,0
33861,-351,0,0
33862,-350,0,0
33863,-350,0,0
33864,-349,0,0
33865,-348,0,0
33866,-348,0,0
33867,-347,0,0
33868,-346,0,0
33869,-345,0,0
33870,-344,0,0
33871,-343,0,0
33872,-343,0,0
33873,-341,0,0
33874,-341,0,0
33875,-340,0,0
33876,-339,0,0
33877,-338,0,0
33878,-336,0,0
33879,-335,0,0
33880,-334,0,0
33881,-333,0,0
33882,-332,0,0
33883,-331,0,0
33884,-329,0,0
33885,-328,0,0
33886,-327,0,0
33887,-326,0,0
33888,-324,0,0
33889,-323,0,0
33890,-322,0,0
33891,-320,0,0
33892,-318,0,0
33893,-317,0,0
33894,-315,0,0
33895,-314,0,0
33896,-312,0,0
33897,-311,0,0
33898,-309,0,0
33899,-307,0,0
33900,-306,0,0
33901,-304,0,0
33902,-302,0,0
33903,-300,0,0
33904,-299,0,0
33905,-297,0,0
33906,-295,0,0
33907,-294,0,0
33908,-292,0,0
33909,-290,0,0
33910,-288,0,0
33911,-287,0,0
33912,-285,0,0
33913,-283,0,0
33914,-281,0,0
33915,-280,0,0
33916,-278,0,0
33917,-276,0,0
33918,-274,0,0
33919,-273,0,0
33920,-271,0,0
33921,-269,0,0
33922,-267,0,0
33923,-265,0,0
33924,-263,0,0
33925,-261,0,0
33926,-259,0,0
33927,-257,0,0
33928,-255,0,0
33929,-253,0,0
33930,-251,0,0
33931,-249,0,0
33932,-247,0,0
33933,-244,0,0
33934,-242,0,0
33935,-240,0,0
33936,-238,0,0
33937,-236,0,0
33938,-233,0,0
33939,-231,0,0
33940,-229,0,0
33941,-226,0,0
33942,-224,0,0
33943,-221,0,0
33944,-219,0,0
33945,-217,0,0
33946,-214,0,0
33947,-212,0,0
33948,-209,0,0
33949,-207,0,0
33950,-205,0,0
33951,-202,0,0
33952,-200,0,0
33953,-197,0,0
33954,-195,0,0
33955,-193,0,0
33956,-190,0,0
33957,-188,0,0
33958,-185,0,0
33959,-183,0,0
33960,-180,0,0
33961,-178,0,0
33962,-176,0,0
33963,-173,0,0
33964,-171,0,0
33965,-168,0,0
33966,-166,0,0
33967,-163,0,0
33968,-161,0,0
33969,-158,0,0
33970,-155,0,0
33971,-153,0,0
33972,-150,0,0
33973,-147,0,0
33974,-145,0,0
33975,-142,0,0
33976,-139,0,0
33977,-136,0,0
33978,-134,0,0
33979,-131,0,0
33980,-128,0,0
33981,-125,0,0
33982,-123,0,0
33983,-120,0,0
33984,-117,0,0
33985,-114,0,0
33986,-111,0,0
33987,-108,0,0
33988,-105,0,0
33989,-102,0,0
33990,-99,0,0
33991,-96,0,0
33992,-93,0,0
33993,-90,0,0
33994,-88,0,0
33995,-85,0,0
33996,-82,0,0
33997,-79,0,0
33998,-76,0,0
33999,-73,0,0
34000,-70,0,0
34001,-67,0,0
34002,-64,0,0
34003,-61,0,0
34004,-58,0,0
34005,-55,0,0
34006,-52,0,0
34007,-49,0,0
34008,-46,0,0
34009,-44,0,0
34010,-41,0,0
34011,-38,0,0
34012,-35,0,0
34013,-32,0,0
34014,-29,0,0
34015,-26,0,0
34016,-23,0,0
34017,-21,0,0
34018,-18,0,0
34019,-15,0,0
34020,-12,0,0
34021,-9,0,0
34022,-6,0,0
34023,-3,0,0
34024,0,0,0
34025,2,0,0
34026,6,0,0
34027,8,0,0
34028,11,0,0
34029,14,0,0
34030,17,0,0
34031,20,0,0
34032,23,0,0
34033,26,0,0
34034,29,0,0
34035,32,0,0
34036,35,0,0
34037,38,0,0
34038,41,0,0
34039,44,0,0
34040,47,0,0
34041,50,0,0
34042,53,0,0
34043,56,0,0
34044,59,0,0
34045,61,0,0
34046,64,0,0
34047,67,0,0
34048,70,0,0
34049,73,0,0
34050,76,0,0
34051,79,0,0
34052,82,0,0
34053,84,0,0
34054,87,0,0
34055,90,0,0
34056,93,0,0
34057,96,0,0
34058,99,0,0
34059,101,0,0
34060,104,0,0
34061,107,0,0
34062,110,0,0
34063,112,0,0
34064,115,0,0
34065,118,0,0
34066,120,0,0
34067,123,0,0
34068,126,0,0
34069,129,0,0
34070,131,0,0
34071,134,0,0
34072,137,0,0
34073,140,0,0
34074,142,0,0
34075,145,0,0
34076,148,0,0
34077,150,0,0
34078,153,0,0
34079,156,0,0
34080,158,0,0
34081,161,0,0
34082,164,0,0
34083,166,0,0
34084,169,0,0
34085,171,0,0
34086,174,0,0
34087,176,0,0
34088,179,0,0
34089,182,0,0
34090,184,0,0
34091,187,0,0
34092,189,0,0
34093,192,0,0
34094,195,0,0
34095,197,0,0
34096,199,0,0
34097,202,0,0
34098,204,0,0
34099,207,0,0
34100,209,0,0
34101,211,0,0
34102,214,0,0
34103,216,0,0
34104,218,0,0
34105,221,0,0
34106,223,0,0
34107,225,0,0
34108,227,0,0
34109,230,0,0
34110,232,0,0
34111,234,0,0
34112,236,0,0
34113,239,0,0
34114,241,0,0
34115,243,0,0
34116,245,0,0
34117,247,0,0
34118,249,0,0
34119,251,0,0
34120,253,0,0
34121,255,0,0
34122,257,0,0
34123,259,0,0
34124,261,0,0
34125,263,0,0
34126,265,0,0
34127,267,0,0
34128,269,0,0
34129,271,0,0
34130,273,0,0
34131,275,0,0
34132,277,0,0
34133,279,0,0
34134,280,0,0
34135,282,0,0
34136,284,0,0
34137,286,0,0
34138,287,0,0
34139,289,0,0
34140,291,0,0
34141,292,0,0
34142,294,0,0
34143,296,0,0
34144,297,0,0
34145,299,0,0
34146,300,0,0
34147,302,0,0
34148,304,0,0
34149,305,0,0
34150,307,0,0
34151,308,0,0
34152,310,0,0
34153,311,0,0
34154,313,0,0
34155,314,0,0
34156,315,0,0
34157,317,0,0
34158,318,0,0
34159,320,0,0
34160,321,0,0
34161,322,0,0
34162,324,0,0
34163,325,0,0
34164,326,0,0
34165,328,0,0
34166,329,0,0
34167,330,0,0
34168,332,0,0
34169,332,0,0
34170,334,0,0
34171,335,0,0
34172,336,0,0
34173,337,0,0
34174,338,0,0
34175,339,0,0
34176,340,0,0
34177,341,0,0
34178,342,0,0
34179,343,0,0
34180,344,0,0
34181,344,0,0
34182,345,0,0
34183,346,0,0
34184,347,0,0
34185,347,0,0
34186,348,0,0
34187,349,0,0
34188,349,0,0
34189,350,0,0
34190,350,0,0
34191,351,0,0
34192,351,0,0
34193,352,0,0
34194,352,0,0
34195,352,0,0
34196,353,0,0
34197,353,0,0
34198,353,0,0
34199,354,0,0
34200,354,0,0
34201,354,0,0
34202,355,0,0
34203,355,0,0
34204,355,0,0
34205,355,0,0
34206,355,0,0
34207,356,0,0
34208,356,0,0
34209,356,0,0
34210,356,0,0
34211,356,0,0
34212,357,0,0
34213,357,0,0
34214,357,0,0
34215,357,0,0
34216,357,0,0
34217,358,0,0
34218,358,0,0
34219,358,0,0
34220,358,0,0
34221,359,0,0
34222,359,0,0
34223,359,0,0
34224,359,0,0
34225,359,0,0
34226,359,0,0
34227,359,0,0
34228,360,0,0
34229,360,0,0
34230,360,0,0
34231,359,0,0
34232,359,0,0
34233,359,0,0
34234,359,0,0
34235,358,0,0
34236,358,0,0
34237,358,0,0
34238,357,0,0
34239,357,0,0
34240,356,0,0
34241,355,0,0
34242,355,0,0
34243,354,0,0
34244,353,0,0
34245,352,0,0
34246,352,0,0
34247,351,0,0
34248,350,0,0
34249,349,0,0
34250,348,0,0
34251,347,0,0
34252,346,0,0
34253,345,0,0
34254,344,0,0
34255,343,0,0
34256,342,0,0
34257,342,0,0
34258,341,0,0
34259,340,0,0
34260,339,0,0
34261,338,0,0
34262,337,0,0
34263,336,0,0
34264,336,0,0
34265,335,0,0
34266,334,0,0
34267,333,0,0
34268,332,0,0
34269,332,0,0
34270,331,0,0
34271,330,0,0
34272,329,0,0
34273,328,0,0
34274,327,0,0
34275,326,0,0
34276,325,0,0
34277,324,0,0
34278,323,0,0
34279,322,0,0
34280,321,0,0
34281,320,0,0
34282,318,0,0
34283,317,0,0
34284,315,0,0
34285,314,0,0
34286,313,0,0
34287,311,0,0
34288,310,0,0
34289,308,0,0
34290,306,0,0
34291,305,0,0
34292,303,0,0
34293,302,0,0
34294,300,0,0
34295,299,0,0
34296,297,0,0
34297,295,0,0
34298,294,0,0
34299,292,0,0
34300,291,0,0
34301,289,0,0
34302,288,0,0
34303,286,0,0
34304,285,0,0
34305,283,0,0
34306,282,0,0
34307,280,0,0
34308,279,0,0
34309,278,0,0
34310,276,0,0
34311,275,0,0
34312,273,0,0
34313,272,0,0
34314,270,0,0
34315,269,0,0
34316,267,0,0
34317,266,0,0
34318,264,0,0
34319,263,0,0
34320,261,0,0
34321,260,0,0
34322,258,0,0
34323,256,0,0
34324,255,0,0
34325,253,0,0
34326,251,0,0
34327,250,0,0
34328,248,0,0
34329,246,0,0
34330,244,0,0
34331,242,0,0
34332,240,0,0
34333,239,0,0
34334,237,0,0
34335,235,0,0
34336,233,0,0
34337,231,0,0
34338,229,0,0
34339,227,0,0
34340,225,0,0
34341,223,0,0
34342,221,0,0
34343,219,0,0
34344,218,0,0
34345,216,0,0
34346,214,0,0
34347,212,0,0
34348,210,0,0
34349,208,0,0
34350,206,0,0
34351,204,0,0
34352,202,0,0
34353,200,0,0
34354,198,0,0
34355,196,0,0
34356,194,0,0
34357,192,0,0
34358,190,0,0
34359,188,0,0
34360,186,0,0
34361,184,0,0
34362,182,0,0
34363,180,0,0
34364,178,0,0
34365,176,0,0
34366,173,0,0
34367,171,0,0
34368,169,0,0
34369,167,0,0
34370,165,0,0
34371,163,0,0
34372,161,0,0
34373,159,0,0
34374,156,0,0
34375,155,0,0
34376,152,0,0
34377,150,0,0
34378,148,0,0
34379,146,0,0
34380,144,0,0
34381,142,0,0
34382,141,0,0
34383,139,0,0
34384,137,0,0
34385,135,0,0
34386,133,0,0
34387,131,0,0
34388,129,0,0
34389,127,0,0
34390,126,0,0
34391,124,0,0
34392,122,0,0
34393,120,0,0
34394,118,0,0
34395,116,0,0
34396,114,0,0
34397,112,0,0
34398,110,0,0
34399,108,0,0
34400,106,0,0
34401,104,0,0
34402,102,0,0
34403,100,0,0
34404,98,0,0
34405,96,0,0
34406,94,0,0
34407,92,0,0
34408,90,0,0
34409,88,0,0
34410,86,0,0
34411,84,0,0
34412,81,0,0
34413,79,0,0
34414,77,0,0
34415,75,0,0
34416,73,0,0
34417,71,0,0
34418,69,0,0
34419,67,0,0
34420,65,0,0
34421,64,0,0
34422,62,0,0
34423,60,0,0
34424,58,0,0
34425,56,0,0
34426,55,0,0
34427,53,0,0
34428,51,0,0
34429,50,0,0
34430,48,0,0
34431,46,0,0
34432,45,0,0
34433,43,0,0
34434,41,0,0
34435,40,0,0
34436,38,0,0
34437,36,0,0
34438,35,0,0
34439,33,0,0
34440,31,0,0
34441,30,0,0
34442,28,0,0
34443,27,0,0
34444,25,0,0
34445,23,0,0
34446,22,0,0
34447,20,0,0
34448,18,0,0
34449,17,0,0
34450,15,0,0
34451,14,0,0
34452,12,0,0
34453,10,0,0
34454,9,0,0
34455,7,0,0
34456,5,0,0
34457,4,0,0
34458,3,0,0
34459,1,0,0
34460,-1,0,0
34461,-2,0,0
34462,-4,0,0
34463,-5,0,0
34464,-7,0,0
34465,-8,0,0
34466,-9,0,0
34467,-11,0,0
34468,-12,0,0
34469,-14,0,0
34470,-15,0,0
34471,-16,0,0
34472,-18,0,0
34473,-19,0,0
34474,-20,0,0
34475,-22,0,0
34476,-23,0,0
34477,-24,0,0
34478,-26,0,0
34479,-27,0,0
34480,-28,0,0
34481,-29,0,0
34482,-30,0,0
34483,-32,0,0
34484,-33,0,0
34485,-34,0,0
34486,-35,0,0
34487,-36,0,0
34488,-37,0,0
34489,-39,0,0
34490,-40,0,0
34491,-41,0,0
34492,-42,0,0
34493,-43,0,0
34494,-44,0,0
34495,-45,0,0
34496,-46,0,0
34497,-47,0,0
34498,-48,0,0
34499,-49,0,0
34500,-50,0,0
34501,-51,0,0
34502,-51,0,0
34503,-52,0,0
34504,-53,0,0
34505,-54,0,0
34506,-55,0,0
34507,-55,0,0
34508,-56,0,0
34509,-57,0,0
34510,-58,0,0
34511,-58,0,0
34512,-59,0,0
34513,-59,0,0
34514,-60,0,0
34515,-61,0,0
34516,-61,0,0
34517,-62,0,0
34518,-62,0,0
34519,-63,0,0
34520,-63,0,0
34521,-64,0,0
34522,-64,0,0
34523,-65,0,0
34524,-65,0,0
34525,-66,0,0
34526,-66,0,0
34527,-66,0,0
34528,-67,0,0
34529,-67,0,0
34530,-68,0,0
34531,-68,0,0
34532,-69,0,0
34533,-69,0,0
34534,-69,0,0
34535,-70,0,0
34536,-70,0,0
34537,-70,0,0
34538,-71,0,0
34539,-71,0,0
34540,-72,0,0
34541,-72,0,0
34542,-72,0,0
34543,-72,0,0
34544,-73,0,0
34545,-73,0,0
34546,-73,0,0
34547,-74,0,0
34548,-74,0,0
34549,-74,0,0
34550,-74,0,0
34551,-75,0,0
34552,-75,0,0
34553,-75,0,0
34554,-75,0,0
34555,-75,0,0
34556,-75,0,0
34557,-75,0,0
34558,-75,0,0
34559,-75,0,0
34560,-75,0,0
34561,-75,0,0
34562,-75,0,0
34563,-75,0,0
34564,-75,0,0
34565,-75,0,0
34566,-75,0,0
34567,-75,0,0
34568,-75,0,0
34569,-75,0,0
34570,-74,0,0
34571,-74,0,0
34572,-74,0,0
34573,-74,0,0
34574,-74,0,0
34575,-74,0,0
34576,-74,0,0
34577,-74,0,0
34578,-74,0,0
34579,-73,0,0
34580,-73,0,0
34581,-73,0,0
34582,-73,0,0
34583,-73,0,0
34584,-73,0,0
34585,-72,0,0
34586,-72,0,0
34587,-72,0,0
34588,-71,0,0
34589,-71,0,0
34590,-71,0,0
34591,-70,0,0
34592,-70,0,0
34593,-69,0,0
34594,-69,0,0
34595,-68,0,0
34596,-68,0,0
34597,-67,0,0
34598,-66,0,0
34599,-65,0,0
34600,-65,0,0
34601,-64,0,0
34602,-63,0,0
34603,-62,0,0
34604,-62,0,0
34605,-61,0,0
34606,-60,0,0
34607,-59,0,0
34608,-58,0,0
34609,-57,0,0
34610,-57,0,0
34611,-56,0,0
34612,-55,0,0
34613,-54,0,0
34614,-54,0,0
34615,-53,0,0
34616,-52,0,0
34617,-51,0,0
34618,-51,0,0
34619,-50,0,0
34620,-49,0,0
34621,-49,0,0
34622,-48,0,0
34623,-47,0,0
34624,-47,0,0
34625,-46,0,0
34626,-45,0,0
34627,-45,0,0
34628,-44,0,0
34629,-44,0,0
34630,-43,0,0
34631,-43,0,0
34632,-42,0,0
34633,-41,0,0
34634,-40,0,0
34635,-40,0,0
34636,-39,0,0
34637,-38,0,0
34638,-38,0,0
34639,-37,0,0
34640,-36,0,0
34641,-35,0,0
34642,-34,0,0
34643,-33,0,0
34644,-32,0,0
34645,-32,0,0
34646,-31,0,0
34647,-30,0,0
34648,-29,0,0
34649,-28,0,0
34650,-27,0,0
34651,-26,0,0
34652,-25,0,0
34653,-24,0,0
34654,-23,0,0
34655,-22,0,0
34656,-21,0,0
34657,-20,0,0
34658,-19,0,0
34659,-18,0,0
34660,-17,0,0
34661,-16,0,0
34662,-15,0,0
34663,-14,0,0
34664,-13,0,0
34665,-11,0,0
34666,-11,0,0
34667,-10,0,0
34668,-9,0,0
34669,-8,0,0
34670,-7,0,0
34671,-6,0,0
34672,-5,0,0
34673,-4,0,0
34674,-3,0,0
34675,-2,0,0
34676,-1,0,0
34677,0,0,0
34678,1,0,0
34679,2,0,0
34680,3,0,0
34681,4,0,0
34682,5,0,0
34683,6,0,0
34684,7,0,0
34685,8,0,0
34686,8,0,0
34687,9,0,0
34688,10,0,0
34689,11,0,0
34690,12,0,0
34691,13,0,0
34692,14,0,0
34693,15,0,0
34694,16,0,0
34695,17,0,0
34696,18,0,0
34697,19,0,0
34698,20,0,0
34699,21,0,0
34700,22,0,0
34701,22,0,0
34702,23,0,0
34703,24,0,0
34704,25,0,0
34705,26,0,0
34706,27,0,0
34707,28,0,0
34708,29,0,0
34709,30,0,0
34710,31,0,0
34711,32,0,0
34712,32,0,0
34713,33,0,0
34714,34,0,0
34715,35,0,0
34716,36,0,0
34717,37,0,0
34718,38,0,0
34719,38,0,0
34720,39,0,0
34721,40,0,0
34722,41,0,0
34723,42,0,0
34724,43,0,0
34725,44,0,0
34726,45,0,0
34727,46,0,0
34728,46,0,0
34729,47,0,0
34730,48,0,0
34731,49,0,0
34732,50,0,0
34733,51,0,0
34734,52,0,0
34735,52,0,0
34736,53,0,0
34737,54,0,0
34738,55,0,0
34739,55,0,0
34740,56,0,0
34741,57,0,0
34742,58,0,0
34743,58,0,0
34744,59,0,0
34745,59,0,0
34746,60,0,0
34747,60,0,0
34748,61,0,0
34749,61,0,0
34750,62,0,0
34751,62,0,0
34752,63,0,0
34753,63,0,0
34754,64,0,0
34755,64,0,0
34756,64,0,0
34757,65,0,0
34758,65,0,0
34759,65,0,0
34760,66,0,0
34761,66,0,0
34762,66,0,0
34763,67,0,0
34764,67,0,0
34765,68,0,0
34766,68,0,0
34767,68,0,0
34768,69,0,0
34769,69,0,0
34770,69,0,0
34771,70,0,0
34772,70,0,0
34773,70,0,0
34774,71,0,0
34775,71,0,0
34776,71,0,0
34777,72,0,0
34778,72,0,0
34779,72,0,0
34780,72,0,0
34781,72,0,0
34782,73,0,0
34783,73,0,0
34784,73,0,0
34785,73,0,0
34786,74,0,0
34787,74,0,0
34788,74,0,0
34789,74,0,0
34790,74,0,0
34791,74,0,0
34792,74,0,0
34793,74,0,0
34794,74,0,0
34795,74,0,0
34796,74,0,0
34797,74,0,0
34798,74,0,0
34799,74,0,0
34800,74,0,0
34801,74,0,0
34802,74,0,0
34803,74,0,0
34804,74,0,0
34805,74,0,0
34806,74,0,0
34807,74,0,0
34808,74,0,0
34809,73,0,0
34810,73,0,0
34811,73,0,0
34812,73,0,0
34813,73,0,0
34814,73,0,0
34815,73,0,0
34816,72,0,0
34817,72,0,0
34818,72,0,0
34819,72,0,0
34820,71,0,0
34821,71,0,0
34822,71,0,0
34823,70,0,0
34824,70,0,0
34825,69,0,0
34826,69,0,0
34827,69,0,0
34828,68,0,0
34829,67,0,0
34830,67,0,0
34831,66,0,0
34832,66,0,0
34833,65,0,0
34834,64,0,0
34835,64,0,0
34836,63,0,0
34837,62,0,0
34838,62,0,0
34839,61,0,0
34840,60,0,0
34841,59,0,0
34842,59,0,0
34843,58,0,0
34844,57,0,0
34845,56,0,0
34846,55,0,0
34847,54,0,0
34848,54,0,0
34849,53,0,0
34850,52,0,0
34851,51,0,0
34852,50,0,0
34853,49,0,0
34854,48,0,0
34855,48,0,0
34856,46,0,0
34857,46,0,0
34858,45,0,0
34859,44,0,0
34860,43,0,0
34861,42,0,0
34862,41,0,0
34863,40,0,0
34864,39,0,0
34865,38,0,0
34866,37,0,0
34867,36,0,0
34868,34,0,0
34869,33,0,0
34870,32,0,0
34871,31,0,0
34872,30,0,0
34873,29,0,0
34874,27,0,0
34875,26,0,0
34876,25,0,0
34877,24,0,0
34878,23,0,0
34879,21,0,0
34880,20,0,0
34881,19,0,0
34882,18,0,0
34883,16,0,0
34884,15,0,0
34885,14,0,0
34886,13,0,0
34887,11,0,0
34888,10,0,0
34889,9,0,0
34890,7,0,0
34891,6,0,0
34892,5,0,0
34893,3,0,0
34894,2,0,0
34895,0,0,0
34896,-1,0,0
34897,-2,0,0
34898,-4,0,0
34899,-5,0,0
34900,-7,0,0
34901,-8,0,0
34902,-10,0,0
34903,-11,0,0
34904,-13,0,0
34905,-14,0,0
34906,-16,0,0
34907,-17,0,0
34908,-19,0,0
34909,-21,0,0
34910,-22,0,0
34911,-24,0,0
34912,-26,0,0
34913,-27,0,0
34914,-29,0,0
34915,-31,0,0
34916,-33,0,0
34917,-35,0,0
34918,-36,0,0
34919,-38,0,0
34920,-40,0,0
34921,-42,0,0
34922,-44,0,0
34923,-46,0,0
34924,-48,0,0
34925,-50,0,0
34926,-52,0,0
34927,-54,0,0
34928,-56,0,0
34929,-57,0,0
34930,-59,0,0
34931,-61,0,0
34932,-63,0,0
34933,-65,0,0
34934,-67,0,0
34935,-69,0,0
34936,-71,0,0
34937,-73,0,0
34938,-75,0,0
34939,-77,0,0
34940,-79,0,0
34941,-81,0,0
34942,-83,0,0
34943,-84,0,0
34944,-86,0,0
34945,-88,0,0
34946,-90,0,0
34947,-92,0,0
34948,-94,0,0
34949,-96,0,0
34950,-98,0,0
34951,-100,0,0
34952,-101,0,0
34953,-103,0,0
34954,-105,0,0
34955,-107,0,0
34956,-109,0,0
34957,-111,0,0
34958,-113,0,0
34959,-115,0,0
34960,-117,0,0
34961,-119,0,0
34962,-121,0,0
34963,-123,0,0
34964,-125,0,0
34965,-126,0,0
34966,-128,0,0
34967,-130,0,0
34968,-133,0,0
34969,-135,0,0
34970,-137,0,0
34971,-139,0,0
34972,-141,0,0
34973,-143,0,0
34974,-145,0,0
34975,-147,0,0
34976,-149,0,0
34977,-151,0,0
34978,-153,0,0
34979,-155,0,0
34980,-157,0,0
34981,-160,0,0
34982,-162,0,0
34983,-164,0,0
34984,-166,0,0
34985,-168,0,0
34986,-170,0,0
34987,-172,0,0
34988,-174,0,0
34989,-176,0,0
34990,-178,0,0
34991,-180,0,0
34992,-182,0,0
34993,-184,0,0
34994,-187,0,0
34995,-189,0,0
34996,-191,0,0
34997,-193,0,0
34998,-195,0,0
34999,-197,0,0
35000,-199,0,0
35001,-201,0,0
35002,-203,0,0
35003,-205,0,0
35004,-207,0,0
35005,-209,0,0
35006,-211,0,0
35007,-213,0,0
35008,-215,0,0
35009,-217,0,0
35010,-219,0,0
35011,-221,0,0
35012,-222,0,0
35013,-224,0,0
35014,-226,0,0
35015,-228,0,0
35016,-230,0,0
35017,-232,0,0
35018,-234,0,0
35019,-236,0,0
35020,-237,0,0
35021,-239,0,0
35022,-241,0,0
35023,-243,0,0
35024,-244,0,0
35025,-246,0,0
35026,-248,0,0
35027,-249,0,0
35028,-251,0,0
35029,-253,0,0
35030,-254,0,0
35031,-256,0,0
35032,-257,0,0
35033,-259,0,0
35034,-261,0,0
35035,-262,0,0
35036,-264,0,0
35037,-266,0,0
35038,-267,0,0
35039,-269,0,0
35040,-270,0,0
35041,-272,0,0
35042,-273,0,0
35043,-275,0,0
35044,-277,0,0
35045,-278,0,0
35046,-280,0,0
35047,-282,0,0
35048,-283,0,0
35049,-285,0,0
35050,-286,0,0
35051,-288,0,0
35052,-290,0,0
35053,-291,0,0
35054,-293,0,0
35055,-294,0,0
35056,-296,0,0
35057,-298,0,0
35058,-299,0,0
35059,-301,0,0
35060,-303,0,0
35061,-304,0,0
35062,-305,0,0
35063,-307,0,0
35064,-308,0,0
35065,-310,0,0
35066,-311,0,0
35067,-312,0,0
35068,-314,0,0
35069,-315,0,0
35070,-316,0,0
35071,-317,0,0
35072,-319,0,0
35073,-320,0,0
35074,-321,0,0
35075,-322,0,0
35076,-323,0,0
35077,-324,0,0
35078,-325,0,0
35079,-326,0,0
35080,-327,0,0
35081,-328,0,0
35082,-329,0,0
35083,-330,0,0
35084,-330,0,0
35085,-331,0,0
35086,-332,0,0
35087,-333,0,0
35088,-334,0,0
35089,-335,0,0
35090,-336,0,0
35091,-336,0,0
35092,-337,0,0
35093,-338,0,0
35094,-339,0,0
35095,-340,0,0
35096,-341,0,0
35097,-341,0,0
35098,-342,0,0
35099,-343,0,0
35100,-344,0,0
35101,-345,0,0
35102,-345,0,0
35103,-346,0,0
35104,-347,0,0
35105,-348,0,0
35106,-349,0,0
35107,-349,0,0
35108,-350,0,0
35109,-351,0,0
35110,-352,0,0
35111,-352,0,0
35112,-353,0,0
35113,-354,0,0
35114,-354,0,0
35115,-355,0,0
35116,-355,0,0
35117,-356,0,0
35118,-356,0,0
35119,-357,0,0
35120,-357,0,0
35121,-357,0,0
35122,-358,0,0
35123,-358,0,0
35124,-358,0,0
35125,-359,0,0
35126,-359,0,0
35127,-359,0,0
35128,-359,0,0
35129,-359,0,0
35130,-359,0,0
35131,-359,0,0
35132,-359,0,0
35133,-359,0,0
35134,-359,0,0
35135,-359,0,0
35136,-359,0,0
35137,-359,0,0
35138,-359,0,0
35139,-359,0,0
35140,-359,0,0
35141,-359,0,0
35142,-359,0,0
35143,-358,0,0
35144,-358,0,0
35145,-358,0,0
35146,-358,0,0
35147,-358,0,0
35148,-358,0,0
35149,-357,0,0
35150,-357,0,0
35151,-357,0,0
35152,-357,0,0
35153,-356,0,0
35154,-356,0,0
35155,-356,0,0
35156,-355,0,0
35157,-355,0,0
35158,-355,0,0
35159,-354,0,0
35160,-354,0,0
35161,-353,0,0
35162,-353,0,0
35163,-352,0,0
35164,-351,0,0
35165,-351,0,0
35166,-350,0,0
35167,-349,0,0
35168,-348,0,0
35169,-348,0,0
35170,-347,0,0
35171,-346,0,0
35172,-345,0,0
35173,-344,0,0
35174,-343,0,0
35175,-342,0,0
35176,-341,0,0
35177,-340,0,0
35178,-339,0,0
35179,-338,0,0
35180,-337,0,0
35181,-336,0,0
35182,-335,0,0
35183,-334,0,0
35184,-333,0,0
35185,-331,0,0
35186,-330,0,0
35187,-329,0,0
35188,-328,0,0
35189,-327,0,0
35190,-326,0,0
35191,-324,0,0
35192,-323,0,0
35193,-322,0,0
35194,-321,0,0
35195,-319,0,0
35196,-318,0,0
35197,-317,0,0
35198,-316,0,0
35199,-314,0,0
35200,-313,0,0
35201,-312,0,0
35202,-310,0,0
35203,-309,0,0
35204,-307,0,0
35205,-306,0,0
35206,-305,0,0
35207,-303,0,0
35208,-302,0,0
35209,-300,0,0
35210,-299,0,0
35211,-297,0,0
35212,-296,0,0
35213,-294,0,0
35214,-293,0,0
35215,-291,0,0
35216,-289,0,0
35217,-288,0,0
35218,-286,0,0
35219,-284,0,0
35220,-282,0,0
35221,-280,0,0
35222,-278,0,0
35223,-277,0,0
35224,-275,0,0
35225,-273,0,0
35226,-271,0,0
35227,-269,0,0
35228,-267,0,0
35229,-265,0,0
35230,-263,0,0
35231,-261,0,0
35232,-258,0,0
35233,-256,0,0
35234,-254,0,0
35235,-252,0,0
35236,-250,0,0
35237,-248,0,0
35238,-246,0,0
35239,-244,0,0
35240,-242,0,0
35241,-240,0,0
35242,-238,0,0
35243,-235,0,0
35244,-233,0,0
35245,-231,0,0
35246,-229,0,0
35247,-227,0,0
35248,-225,0,0
35249,-223,0,0
35250,-221,0,0
35251,-218,0,0
35252,-216,0,0
35253,-214,0,0
35254,-212,0,0
35255,-210,0,0
35256,-207,0,0
35257,-205,0,0
35258,-203,0,0
35259,-201,0,0
35260,-198,0,0
35261,-196,0,0
35262,-193,0,0
35263,-191,0,0
35264,-188,0,0
35265,-186,0,0
35266,-183,0,0
35267,-181,0,0
35268,-178,0,0
35269,-176,0,0
35270,-173,0,0
35271,-170,0,0
35272,-167,0,0
35273,-165,0,0
35274,-162,0,0
35275,-159,0,0
35276,-156,0,0
35277,-153,0,0
35278,-150,0,0
35279,-148,0,0
35280,-145,0,0
35281,-142,0,0
35282,-139,0,0
35283,-136,0,0
35284,-133,0,0
35285,-130,0,0
35286,-128,0,0
35287,-125,0,0
35288,-122,0,0
35289,-119,0,0
35290,-116,0,0
35291,-113,0,0
35292,-111,0,0
35293,-108,0,0
35294,-105,0,0
35295,-102,0,0
35296,-99,0,0
35297,-97,0,0
35298,-94,0,0
35299,-91,0,0
35300,-89,0,0
35301,-86,0,0
35302,-83,0,0
35303,-80,0,0
35304,-78,0,0
35305,-75,0,0
35306,-72,0,0
35307,-69,0,0
35308,-66,0,0
35309,-64,0,0
35310,-61,0,0
35311,-58,0,0
35312,-55,0,0
35313,-52,0,0
35314,-49,0,0
35315,-46,0,0
35316,-43,0,0
35317,-40,0,0
35318,-37,0,0
35319,-34,0,0
35320,-31,0,0
35321,-28,0,0
35322,-25,0,0
35323,-22,0,0
35324,-19,0,0
35325,-16,0,0
35326,-13,0,0
35327,-9,0,0
35328,-6,0,0
35329,-3,0,0
35330,0,0,0
35331,3,0,0
35332,6,0,0
35333,9,0,0
35334,12,0,0
35335,15,0,0
35336,18,0,0
35337,21,0,0
35338,24,0,0
35339,27,0,0
35340,30,0,0
35341,33,0,0
35342,36,0,0
35343,39,0,0
35344,42,0,0
35345,44,0,0
35346,47,0,0
35347,50,0,0
35348,53,0,0
35349,56,0,0
35350,59,0,0
35351,62,0,0
35352,65,0,0
35353,68,0,0
35354,70,0,0
35355,73,0,0
35356,76,0,0
35357,79,0,0
35358,82,0,0
35359,84,0,0
35360,87,0,0
35361,90,0,0
35362,93,0,0
35363,96,0,0
35364,99,0,0
35365,101,0,0
35366,104,0,0
35367,107,0,0
35368,109,0,0
35369,112,0,0
35370,115,0,0
35371,118,0,0
35372,120,0,0
35373,123,0,0
35374,126,0,0
35375,128,0,0
35376,131,0,0
35377,133,0,0
35378,136,0,0
35379,139,0,0
35380,141,0,0
35381,144,0,0
35382,146,0,0
35383,149,0,0
35384,151,0,0
35385,154,0,0
35386,156,0,0
35387,159,0,0
35388,161,0,0
35389,164,0,0
35390,166,0,0
35391,169,0,0
35392,171,0,0
35393,174,0,0
35394,176,0,0
35395,179,0,0
35396,182,0,0
35397,184,0,0
35398,186,0,0
35399,189,0,0
35400,191,0,0
35401,194,0,0
35402,196,0,0
35403,199,0,0
35404,201,0,0
35405,204,0,0
35406,206,0,0
35407,208,0,0
35408,211,0,0
35409,213,0,0
35410,216,0,0
35411,218,0,0
35412,220,0,0
35413,223,0,0
35414,225,0,0
35415,227,0,0
35416,230,0,0
35417,232,0,0
35418,234,0,0
35419,237,0,0
35420,239,0,0
35421,241,0,0
35422,243,0,0
35423,246,0,0
35424,248,0,0
35425,250,0,0
35426,252,0,0
35427,254,0,0
35428,257,0,0
35429,259,0,0
35430,261,0,0
35431,263,0,0
35432,265,0,0
35433,267,0,0
35434,269,0,0
35435,271,0,0
35436,273,0,0
35437,275,0,0
35438,277,0,0
35439,278,0,0
35440,280,0,0
35441,282,0,0
35442,284,0,0
35443,286,0,0
35444,287,0,0
35445,289,0,0
35446,290,0,0
35447,292,0,0
35448,294,0,0
35449,295,0,0
35450,297,0,0
35451,298,0,0
35452,300,0,0
35453,301,0,0
35454,303,0,0
35455,304,0,0
35456,306,0,0
35457,307,0,0
35458,309,0,0
35459,310,0,0
35460,312,0,0
35461,313,0,0
35462,314,0,0
35463,316,0,0
35464,317,0,0
35465,319,0,0
35466,320,0,0
35467,321,0,0
35468,322,0,0
35469,324,0,0
35470,325,0,0
35471,326,0,0
35472,327,0,0
35473,328,0,0
35474,330,0,0
35475,331,0,0
35476,332,0,0
35477,333,0,0
35478,334,0,0
35479,335,0,0
35480,337,0,0
35481,338,0,0
35482,339,0,0
35483,340,0,0
35484,341,0,0
35485,342,0,0
35486,343,0,0
35487,344,0,0
35488,345,0,0
35489,345,0,0
35490,346,0,0
35491,347,0,0
35492,348,0,0
35493,349,0,0
35494,350,0,0
35495,350,0,0
35496,351,0,0
35497,352,0,0
35498,352,0,0
35499,353,0,0
35500,353,0,0
35501,354,0,0
35502,354,0,0
35503,355,0,0
35504,355,0,0
35505,355,0,0
35506,356,0,0
35507,356,0,0
35508,356,0,0
35509,357,0,0
35510,356,0,0
35511,357,0,0
35512,357,0,0
35513,357,0,0
35514,357,0,0
35515,357,0,0
35516,357,0,0
35517,357,0,0
35518,357,0,0
35519,358,0,0
35520,358,0,0
35521,358,0,0
35522,358,0,0
35523,358,0,0
35524,358,0,0
35525,358,0,0
35526,358,0,0
35527,358,0,0
35528,358,0,0
35529,358,0,0
35530,358,0,0
35531,358,0,0
35532,358,0,0
35533,358,0,0
35534,358,0,0
35535,358,0,0
35536,358,0,0
35537,358,0,0
35538,358,0,0
35539,358,0,0
35540,358,0,0
35541,358,0,0
35542,357,0,0
35543,357,0,0
35544,357,0,0
35545,356,0,0
35546,356,0,0
35547,355,0,0
35548,355,0,0
35549,354,0,0
35550,354,0,0
35551,353,0,0
35552,352,0,0
35553,352,0,0
35554,351,0,0
35555,350,0,0
35556,349,0,0
35557,349,0,0
35558,348,0,0
35559,347,0,0
35560,346,0,0
35561,345,0,0
35562,345,0,0
35563,344,0,0
35564,343,0,0
35565,342,0,0
35566,342,0,0
35567,341,0,0
35568,340,0,0
35569,339,0,0
35570,338,0,0
35571,338,0,0
35572,337,0,0
35573,336,0,0
35574,335,0,0
35575,334,0,0
35576,334,0,0
35577,333,0,0
35578,332,0,0
35579,331,0,0
35580,330,0,0
35581,329,0,0
35582,328,0,0
35583,327,0,0
35584,326,0,0
35585,325,0,0
35586,323,0,0
35587,322,0,0
35588,321,0,0
35589,320,0,0
35590,318,0,0
35591,317,0,0
35592,315,0,0
35593,314,0,0
35594,312,0,0
35595,311,0,0
35596,309,0,0
35597,308,0,0
35598,306,0,0
35599,304,0,0
35600,303,0,0
35601,301,0,0
35602,299,0,0
35603,297,0,0
35604,296,0,0
35605,294,0,0
35606,292,0,0
35607,290,0,0
35608,288,0,0
35609,287,0,0
35610,285,0,0
35611,283,0,0
35612,282,0,0
35613,280,0,0
35614,279,0,0
35615,277,0,0
35616,275,0,0
35617,274,0,0
35618,272,0,0
35619,271,0,0
35620,269,0,0
35621,268,0,0
35622,266,0,0
35623,265,0,0
35624,263,0,0
35625,262,0,0
35626,261,0,0
35627,259,0,0
35628,257,0,0
35629,256,0,0
35630,255,0,0
35631,253,0,0
35632,252,0,0
35633,250,0,0
35634,248,0,0
35635,246,0,0
35636,245,0,0
35637,243,0,0
35638,241,0,0
35639,240,0,0
35640,238,0,0
35641,236,0,0
35642,234,0,0
35643,232,0,0
35644,230,0,0
35645,228,0,0
35646,226,0,0
35647,224,0,0
35648,221,0,0
35649,219,0,0
35650,217,0,0
35651,215,0,0
35652,213,0,0
35653,211,0,0
35654,208,0,0
35655,206,0,0
35656,204,0,0
35657,202,0,0
35658,200,0,0
35659,198,0,0
35660,195,0,0
35661,193,0,0
35662,191,0,0
35663,189,0,0
35664,187,0,0
35665,185,0,0
35666,183,0,0
35667,181,0,0
35668,179,0,0
35669,178,0,0
35670,176,0,0
35671,174,0,0
35672,172,0,0
35673,170,0,0
35674,169,0,0
35675,167,0,0
35676,165,0,0
35677,163,0,0
35678,161,0,0
35679,160,0,0
35680,158,0,0
35681,156,0,0
35682,154,0,0
35683,152,0,0
35684,151,0,0
35685,149,0,0
35686,147,0,0
35687,145,0,0
35688,143,0,0
35689,141,0,0
35690,139,0,0
35691,137,0,0
35692,135,0,0
35693,133,0,0
35694,131,0,0
35695,129,0,0
35696,127,0,0
35697,125,0,0
35698,123,0,0
35699,121,0,0
35700,119,0,0
35701,117,0,0
35702,115,0,0
35703,113,0,0
35704,111,0,0
35705,109,0,0
35706,107,0,0
35707,105,0,0
35708,103,0,0
35709,101,0,0
35710,99,0,0
35711,97,0,0
35712,95,0,0
35713,93,0,0
35714,91,0,0
35715,89,0,0
35716,87,0,0
35717,85,0,0
35718,83,0,0
35719,81,0,0
35720,79,0,0
35721,78,0,0
35722,75,0,0
35723,74,0,0
35724,72,0,0
35725,70,0,0
35726,68,0,0
35727,66,0,0
35728,65,0,0
35729,63,0,0
35730,61,0,0
35731,59,0,0
35732,57,0,0
35733,55,0,0
35734,54,0,0
35735,52,0,0
35736,50,0,0
35737,48,0,0
35738,46,0,0
35739,44,0,0
35740,42,0,0
35741,40,0,0
35742,39,0,0
35743,37,0,0
35744,35,0,0
35745,33,0,0
35746,32,0,0
35747,30,0,0
35748,28,0,0
35749,26,0,0
35750,25,0,0
35751,23,0,0
35752,21,0,0
35753,19,0,0
35754,18,0,0
35755,16,0,0
35756,14,0,0
35757,13,0,0
35758,11,0,0
35759,10,0,0
35760,8,0,0
35761,7,0,0
35762,5,0,0
35763,4,0,0
35764,2,0,0
35765,1,0,0
35766,-1,0,0
35767,-2,0,0
35768,-4,0,0
35769,-5,0,0
35770,-6,0,0
35771,-8,0,0
35772,-9,0,0
35773,-10,0,0
35774,-12,0,0
35775,-13,0,0
35776,-14,0,0
35777,-16,0,0
35778,-17,0,0
35779,-18,0,0
35780,-20,0,0
35781,-21,0,0
35782,-22,0,0
35783,-23,0,0
35784,-24,0,0
35785,-26,0,0
35786,-27,0,0
35787,-28,0,0
35788,-29,0,0
35789,-30,0,0
35790,-32,0,0
35791,-33,0,0
35792,-34,0,0
35793,-35,0,0
35794,-36,0,0
35795,-37,0,0
35796,-39,0,0
35797,-40,0,0
35798,-41,0,0
35799,-42,0,0
35800,-43,0,0
35801,-44,0,0
35802,-45,0,0
35803,-46,0,0
35804,-47,0,0
35805,-49,0,0
35806,-50,0,0
35807,-51,0,0
35808,-52,0,0
35809,-53,0,0
35810,-54,0,0
35811,-54,0,0
35812,-55,0,0
35813,-56,0,0
35814,-57,0,0
35815,-58,0,0
35816,-59,0,0
35817,-59,0,0
35818,-60,0,0
35819,-61,0,0
35820,-62,0,0
35821,-62,0,0
35822,-63,0,0
35823,-64,0,0
35824,-64,0,0
35825,-65,0,0
35826,-66,0,0
35827,-66,0,0
35828,-66,0,0
35829,-67,0,0
35830,-67,0,0
35831,-68,0,0
35832,-69,0,0
35833,-69,0,0
35834,-69,0,0
35835,-70,0,0
35836,-70,0,0
35837,-71,0,0
35838,-71,0,0
35839,-72,0,0
35840,-72,0,0
35841,-72,0,0
35842,-73,0,0
35843,-73,0,0
35844,-73,0,0
35845,-74,0,0
35846,-74,0,0
35847,-74,0,0
35848,-75,0,0
35849,-75,0,0
35850,-75,0,0
35851,-75,0,0
35852,-75,0,0
35853,-75,0,0
35854,-76,0,0
35855,-76,0,0
35856,-76,0,0
35857,-76,0,0
35858,-76,0,0
35859,-76,0,0
35860,-76,0,0
35861,-76,0,0
35862,-76,0,0
35863,-76,0,0
35864,-76,0,0
35865,-76,0,0
35866,-76,0,0
35867,-76,0,0
35868,-76,0,0
35869,-76,0,0
35870,-76,0,0
35871,-76,0,0
35872,-76,0,0
35873,-75,0,0
35874,-75,0,0
35875,-75,0,0
35876,-75,0,0
35877,-75,0,0
35878,-75,0,0
35879,-75,0,0
35880,-74,0,0
35881,-74,0,0
35882,-74,0,0
35883,-74,0,0
35884,-74,0,0
35885,-74,0,0
35886,-73,0,0
35887,-73,0,0
35888,-73,0,0
35889,-73,0,0
35890,-72,0,0
35891,-72,0,0
35892,-71,0,0
35893,-71,0,0
35894,-70,0,0
35895,-70,0,0
35896,-69,0,0
35897,-68,0,0
35898,-68,0,0
35899,-67,0,0
35900,-66,0,0
35901,-66,0,0
35902,-65,0,0
35903,-64,0,0
35904,-64,0,0
35905,-63,0,0
35906,-63,0,0
35907,-62,0,0
35908,-61,0,0
35909,-61,0,0
35910,-60,0,0
35911,-59,0,0
35912,-59,0,0
35913,-59,0,0
35914,-58,0,0
35915,-57,0,0
35916,-57,0,0
35917,-56,0,0
35918,-56,0,0
35919,-56,0,0
35920,-55,0,0
35921,-54,0,0
35922,-54,0,0
35923,-53,0,0
35924,-53,0,0
35925,-52,0,0
35926,-52,0,0
35927,-51,0,0
35928,-51,0,0
35929,-50,0,0
35930,-50,0,0
35931,-49,0,0
35932,-48,0,0
35933,-47,0,0
35934,-46,0,0
35935,-46,0,0
35936,-45,0,0
35937,-44,0,0
35938,-43,0,0
35939,-42,0,0
35940,-41,0,0
35941,-40,0,0
35942,-39,0,0
35943,-38,0,0
35944,-37,0,0
35945,-36,0,0
35946,-35,0,0
35947,-34,0,0
35948,-33,0,0
35949,-32,0,0
35950,-31,0,0
35951,-30,0,0
35952,-29,0,0
35953,-28,0,0
35954,-27,0,0
35955,-26,0,0
35956,-25,0,0
35957,-25,0,0
35958,-24,0,0
35959,-23,0,0
35960,-22,0,0
35961,-21,0,0
35962,-20,0,0
35963,-20,0,0
35964,-19,0,0
35965,-18,0,0
35966,-17,0,0
35967,-17,0,0
35968,-16,0,0
35969,-15,0,0
35970,-14,0,0
35971,-13,0,0
35972,-13,0,0
35973,-12,0,0
35974,-11,0,0
35975,-10,0,0
35976,-9,0,0
35977,-8,0,0
35978,-7,0,0
35979,-6,0,0
35980,-5,0,0
35981,-4,0,0
35982,-3,0,0
35983,-3,0,0
35984,-1,0,0
35985,-1,0,0
35986,0,0,0
35987,1,0,0
35988,3,0,0
35989,3,0,0
35990,4,0,0
35991,5,0,0
35992,6,0,0
35993,7,0,0
35994,9,0,0
35995,9,0,0
35996,10,0,0
35997,11,0,0
35998,12,0,0
35999,13,0,0
36000,14,0,0
36001,15,0,0
36002,16,0,0
36003,17,0,0
36004,18,0,0
36005,19,0,0
36006,20,0,0
36007,21,0,0
36008,22,0,0
36009,23,0,0
36010,24,0,0
36011,25,0,0
36012,26,0,0
36013,27,0,0
36014,28,0,0
36015,29,0,0
36016,30,0,0
36017,31,0,0
36018,32,0,0
36019,33,0,0
36020,33,0,0
36021,34,0,0
36022,35,0,0
36023,36,0,0
36024,37,0,0
36025,38,0,0
36026,39,0,0
36027,40,0,0
36028,40,0,0
36029,41,0,0
36030,42,0,0
36031,43,0,0
36032,44,0,0
36033,44,0,0
36034,45,0,0
36035,46,0,0
36036,47,0,0
36037,47,0,0
36038,48,0,0
36039,49,0,0
36040,50,0,0
36041,50,0,0
36042,51,0,0
36043,51,0,0
36044,52,0,0
36045,53,0,0
36046,54,0,0
36047,54,0,0
36048,55,0,0
36049,56,0,0
36050,57,0,0
36051,57,0,0
36052,58,0,0
36053,59,0,0
36054,59,0,0
36055,60,0,0
36056,61,0,0
36057,61,0,0
36058,62,0,0
36059,62,0,0
36060,63,0,0
36061,63,0,0
36062,64,0,0
36063,64,0,0
36064,65,0,0
36065,66,0,0
36066,66,0,0
36067,66,0,0
36068,67,0,0
36069,67,0,0
36070,68,0,0
36071,68,0,0
36072,68,0,0
36073,69,0,0
36074,69,0,0
36075,69,0,0
36076,70,0,0
36077,70,0,0
36078,70,0,0
36079,71,0,0
36080,71,0,0
36081,71,0,0
36082,72,0,0
36083,72,0,0
36084,72,0,0
36085,73,0,0
36086,73,0,0
36087,73,0,0
36088,73,0,0
36089,74,0,0
36090,74,0,0
36091,74,0,0
36092,74,0,0
36093,75,0,0
36094,75,0,0
36095,75,0,0
36096,75,0,0
36097,75,0,0
36098,75,0,0
36099,76,0,0
36100,76,0,0
36101,76,0,0
36102,76,0,0
36103,76,0,0
36104,76,0,0
36105,76,0,0
36106,76,0,0
36107,76,0,0
36108,75,0,0
36109,75,0,0
36110,75,0,0
36111,75,0,0
36112,74,0,0
36113,74,0,0
36114,74,0,0
36115,74,0,0
36116,73,0,0
36117,73,0,0
36118,73,0,0
36119,72,0,0
36120,72,0,0
36121,72,0,0
36122,71,0,0
36123,71,0,0
36124,71,0,0
36125,70,0,0
36126,70,0,0
36127,69,0,0
36128,69,0,0
36129,69,0,0
36130,68,0,0
36131,68,0,0
36132,67,0,0
36133,67,0,0
36134,66,0,0
36135,66,0,0
36136,65,0,0
36137,65,0,0
36138,64,0,0
36139,64,0,0
36140,63,0,0
36141,62,0,0
36142,62,0,0
36143,61,0,0
36144,60,0,0
36145,60,0,0
36146,59,0,0
36147,58,0,0
36148,58,0,0
36149,57,0,0
36150,56,0,0
36151,55,0,0
36152,54,0,0
36153,54,0,0
36154,53,0,0
36155,52,0,0
36156,51,0,0
36157,50,0,0
36158,49,0,0
36159,48,0,0
36160,48,0,0
36161,47,0,0
36162,46,0,0
36163,45,0,0
36164,44,0,0
36165,43,0,0
36166,42,0,0
36167,41,0,0
36168,40,0,0
36169,39,0,0
36170,38,0,0
36171,37,0,0
36172,36,0,0
36173,35,0,0
36174,34,0,0
36175,33,0,0
36176,32,0,0
36177,31,0,0
36178,30,0,0
36179,29,0,0
36180,27,0,0
36181,26,0,0
36182,25,0,0
36183,24,0,0
36184,23,0,0
36185,22,0,0
36186,20,0,0
36187,19,0,0
36188,18,0,0
36189,17,0,0
36190,16,0,0
36191,14,0,0
36192,13,0,0
36193,12,0,0
36194,11,0,0
36195,9,0,0
36196,8,0,0
36197,6,0,0
36198,5,0,0
36199,4,0,0
36200,2,0,0
36201,1,0,0
36202,-1,0,0
36203,-3,0,0
36204,-4,0,0
36205,-6,0,0
36206,-7,0,0
36207,-9,0,0
36208,-10,0,0
36209,-12,0,0
36210,-14,0,0
36211,-15,0,0
36212,-17,0,0
36213,-19,0,0
36214,-20,0,0
36215,-22,0,0
36216,-24,0,0
36217,-25,0,0
36218,-27,0,0
36219,-29,0,0
36220,-30,0,0
36221,-32,0,0
36222,-34,0,0
36223,-35,0,0
36224,-37,0,0
36225,-39,0,0
36226,-41,0,0
36227,-43,0,0
36228,-44,0,0
36229,-46,0,0
36230,-48,0,0
36231,-50,0,0
36232,-51,0,0
36233,-53,0,0
36234,-55,0,0
36235,-57,0,0
36236,-59,0,0
36237,-60,0,0
36238,-62,0,0
36239,-64,0,0
36240,-66,0,0
36241,-68,0,0
36242,-70,0,0
36243,-72,0,0
36244,-74,0,0
36245,-76,0,0
36246,-78,0,0
36247,-80,0,0
36248,-81,0,0
36249,-83,0,0
36250,-86,0,0
36251,-87,0,0
36252,-89,0,0
36253,-91,0,0
36254,-93,0,0
36255,-95,0,0
36256,-97,0,0
36257,-99,0,0
36258,-101,0,0
36259,-103,0,0
36260,-105,0,0
36261,-107,0,0
36262,-109,0,0
36263,-111,0,0
36264,-113,0,0
36265,-115,0,0
36266,-117,0,0
36267,-119,0,0
36268,-121,0,0
36269,-122,0,0
36270,-124,0,0
36271,-126,0,0
36272,-128,0,0
36273,-130,0,0
36274,-132,0,0
36275,-134,0,0
36276,-136,0,0
36277,-138,0,0
36278,-140,0,0
36279,-141,0,0
36280,-144,0,0
36281,-145,0,0
36282,-147,0,0
36283,-149,0,0
36284,-151,0,0
36285,-153,0,0
36286,-155,0,0
36287,-157,0,0
36288,-159,0,0
36289,-161,0,0
36290,-163,0,0
36291,-165,0,0
36292,-167,0,0
36293,-169,0,0
36294,-171,0,0
36295,-173,0,0
36296,-175,0,0
36297,-178,0,0
36298,-179,0,0
36299,-182,0,0
36300,-184,0,0
36301,-186,0,0
36302,-188,0,0
36303,-190,0,0
36304,-192,0,0
36305,-194,0,0
36306,-196,0,0
36307,-198,0,0
36308,-200,0,0
36309,-203,0,0
36310,-205,0,0
36311,-207,0,0
36312,-209,0,0
36313,-211,0,0
36314,-213,0,0
36315,-215,0,0
36316,-217,0,0
36317,-219,0,0
36318,-221,0,0
36319,-223,0,0
36320,-225,0,0
36321,-227,0,0
36322,-229,0,0
36323,-231,0,0
36324,-233,0,0
36325,-235,0,0
36326,-236,0,0
36327,-238,0,0
36328,-240,0,0
36329,-242,0,0
36330,-244,0,0
36331,-246,0,0
36332,-248,0,0
36333,-250,0,0
36334,-252,0,0
36335,-253,0,0
36336,-255,0,0
36337,-257,0,0
36338,-259,0,0
36339,-260,0,0
36340,-262,0,0
36341,-264,0,0
36342,-265,0,0
36343,-267,0,0
36344,-269,0,0
36345,-270,0,0
36346,-272,0,0
36347,-273,0,0
36348,-275,0,0
36349,-277,0,0
36350,-278,0,0
36351,-280,0,0
36352,-281,0,0
36353,-283,0,0
36354,-284,0,0
36355,-286,0,0
36356,-287,0,0
36357,-288,0,0
36358,-290,0,0
36359,-291,0,0
36360,-292,0,0
36361,-294,0,0
36362,-295,0,0
36363,-297,0,0
36364,-298,0,0
36365,-300,0,0
36366,-301,0,0
36367,-303,0,0
36368,-304,0,0
36369,-305,0,0
36370,-307,0,0
36371,-309,0,0
36372,-310,0,0
36373,-311,0,0
36374,-313,0,0
36375,-315,0,0
36376,-316,0,0
36377,-318,0,0
36378,-319,0,0
36379,-321,0,0
36380,-322,0,0
36381,-324,0,0
36382,-325,0,0
36383,-326,0,0
36384,-328,0,0
36385,-329,0,0
36386,-330,0,0
36387,-332,0,0
36388,-333,0,0
36389,-334,0,0
36390,-335,0,0
36391,-336,0,0
36392,-337,0,0
36393,-338,0,0
36394,-339,0,0
36395,-339,0,0
36396,-340,0,0
36397,-341,0,0
36398,-342,0,0
36399,-342,0,0
36400,-343,0,0
36401,-343,0,0
36402,-344,0,0
36403,-344,0,0
36404,-345,0,0
36405,-345,0,0
36406,-345,0,0
36407,-346,0,0
36408,-346,0,0
36409,-347,0,0
36410,-348,0,0
36411,-348,0,0
36412,-348,0,0
36413,-349,0,0
36414,-349,0,0
36415,-350,0,0
36416,-351,0,0
36417,-351,0,0
36418,-352,0,0
36419,-352,0,0
36420,-353,0,0
36421,-353,0,0
36422,-355,0,0
36423,-355,0,0
36424,-355,0,0
36425,-356,0,0
36426,-357,0,0
36427,-357,0,0
36428,-358,0,0
36429,-358,0,0
36430,-359,0,0
36431,-359,0,0
36432,-360,0,0
36433,-360,0,0
36434,-360,0,0
36435,-361,0,0
36436,-361,0,0
36437,-361,0,0
36438,-362,0,0
36439,-362,0,0
36440,-362,0,0
36441,-362,0,0
36442,-362,0,0
36443,-362,0,0
36444,-362,0,0
36445,-362,0,0
36446,-362,0,0
36447,-361,0,0
36448,-361,0,0
36449,-361,0,0
36450,-361,0,0
36451,-361,0,0
36452,-361,0,0
36453,-360,0,0
36454,-360,0,0
36455,-359,0,0
36456,-359,0,0
36457,-359,0,0
36458,-358,0,0
36459,-358,0,0
36460,-357,0,0
36461,-357,0,0
36462,-356,0,0
36463,-355,0,0
36464,-355,0,0
36465,-354,0,0
36466,-354,0,0
36467,-353,0,0
36468,-352,0,0
36469,-352,0,0
36470,-351,0,0
36471,-350,0,0
36472,-349,0,0
36473,-349,0,0
36474,-348,0,0
36475,-347,0,0
36476,-346,0,0
36477,-345,0,0
36478,-344,0,0
36479,-343,0,0
36480,-343,0,0
36481,-342,0,0
36482,-341,0,0
36483,-340,0,0
36484,-339,0,0
36485,-338,0,0
36486,-337,0,0
36487,-336,0,0
36488,-335,0,0
36489,-334,0,0
36490,-333,0,0
36491,-332,0,0
36492,-331,0,0
36493,-330,0,0
36494,-329,0,0
36495,-328,0,0
36496,-327,0,0
36497,-326,0,0
36498,-325,0,0
36499,-324,0,0
36500,-323,0,0
36501,-321,0,0
36502,-320,0,0
36503,-319,0,0
36504,-318,0,0
36505,-316,0,0
36506,-315,0,0
36507,-314,0,0
36508,-312,0,0
36509,-311,0,0
36510,-309,0,0
36511,-308,0,0
36512,-306,0,0
36513,-305,0,0
36514,-303,0,0
36515,-301,0,0
36516,-299,0,0
36517,-298,0,0
36518,-296,0,0
36519,-294,0,0
36520,-292,0,0
36521,-291,0,0
36522,-289,0,0
36523,-287,0,0
36524,-285,0,0
36525,-283,0,0
36526,-282,0,0
36527,-280,0,0
36528,-278,0,0
36529,-276,0,0
36530,-274,0,0
36531,-272,0,0
36532,-271,0,0
36533,-269,0,0
36534,-267,0,0
36535,-265,0,0
36536,-263,0,0
36537,-261,0,0
36538,-259,0,0
36539,-257,0,0
36540,-255,0,0
36541,-253,0,0
36542,-251,0,0
36543,-249,0,0
36544,-247,0,0
36545,-245,0,0
36546,-243,0,0
36547,-241,0,0
36548,-239,0,0
36549,-237,0,0
36550,-235,0,0
36551,-233,0,0
36552,-230,0,0
36553,-228,0,0
36554,-226,0,0
36555,-224,0,0
36556,-221,0,0
36557,-219,0,0
36558,-217,0,0
36559,-214,0,0
36560,-212,0,0
36561,-209,0,0
36562,-207,0,0
36563,-205,0,0
36564,-202,0,0
36565,-200,0,0
36566,-197,0,0
36567,-195,0,0
36568,-193,0,0
36569,-190,0,0
36570,-188,0,0
36571,-185,0,0
36572,-183,0,0
36573,-180,0,0
36574,-178,0,0
36575,-175,0,0
36576,-173,0,0
36577,-170,0,0
36578,-167,0,0
36579,-165,0,0
36580,-162,0,0
36581,-160,0,0
36582,-157,0,0
36583,-154,0,0
36584,-152,0,0
36585,-149,0,0
36586,-146,0,0
36587,-144,0,0
36588,-141,0,0
36589,-138,0,0
36590,-136,0,0
36591,-132,0,0
36592,-130,0,0
36593,-127,0,0
36594,-124,0,0
36595,-121,0,0
36596,-118,0,0
36597,-115,0,0
36598,-112,0,0
36599,-110,0,0
36600,-107,0,0
36601,-104,0,0
36602,-101,0,0
36603,-98,0,0
36604,-95,0,0
36605,-92,0,0
36606,-89,0,0
36607,-86,0,0
36608,-83,0,0
36609,-80,0,0
36610,-77,0,0
36611,-74,0,0
36612,-71,0,0
36613,-69,0,0
36614,-66,0,0
36615,-63,0,0
36616,-60,0,0
36617,-57,0,0
36618,-54,0,0
36619,-52,0,0
36620,-49,0,0
36621,-46,0,0
36622,-43,0,0
36623,-40,0,0
36624,-37,0,0
36625,-34,0,0
36626,-32,0,0
36627,-29,0,0
36628,-26,0,0
36629,-23,0,0
36630,-20,0,0
36631,-17,0,0
36632,-14,0,0
36633,-11,0,0
36634,-8,0,0
36635,-5,0,0
36636,-2,0,0
36637,1,0,0
36638,4,0,0
36639,7,0,0
36640,10,0,0
36641,13,0,0
36642,16,0,0
36643,19,0,0
36644,22,0,0
36645,25,0,0
36646,28,0,0
36647,31,0,0
36648,34,0,0
36649,37,0,0
36650,40,0,0
36651,43,0,0
36652,45,0,0
36653,48,0,0
36654,52,0,0
36655,54,0,0
36656,57,0,0
36657,60,0,0
36658,63,0,0
36659,66,0,0
36660,69,0,0
36661,72,0,0
36662,74,0,0
36663,77,0,0
36664,80,0,0
36665,83,0,0
36666,86,0,0
36667,88,0,0
36668,91,0,0
36669,94,0,0
36670,97,0,0
36671,100,0,0
36672,103,0,0
36673,105,0,0
36674,108,0,0
36675,111,0,0
36676,114,0,0
36677,116,0,0
36678,119,0,0
36679,122,0,0
36680,125,0,0
36681,128,0,0
36682,130,0,0
36683,133,0,0
36684,136,0,0
36685,139,0,0
36686,141,0,0
36687,144,0,0
36688,147,0,0
36689,150,0,0
36690,152,0,0
36691,155,0,0
36692,158,0,0
36693,160,0,0
36694,163,0,0
36695,165,0,0
36696,168,0,0
36697,171,0,0
36698,173,0,0
36699,176,0,0
36700,179,0,0
36701,181,0,0
36702,184,0,0
36703,186,0,0
36704,189,0,0
36705,191,0,0
36706,194,0,0
36707,196,0,0
36708,199,0,0
36709,201,0,0
36710,204,0,0
36711,206,0,0
36712,208,0,0
36713,211,0,0
36714,213,0,0
36715,216,0,0
36716,218,0,0
36717,220,0,0
36718,222,0,0
36719,225,0,0
36720,227,0,0
36721,229,0,0
36722,231,0,0
36723,234,0,0
36724,236,0,0
36725,238,0,0
36726,240,0,0
36727,242,0,0
36728,244,0,0
36729,246,0,0
36730,248,0,0
36731,250,0,0
36732,253,0,0
36733,254,0,0
36734,256,0,0
36735,258,0,0
36736,260,0,0
36737,262,0,0
36738,264,0,0
36739,266,0,0
36740,268,0,0
36741,270,0,0
36742,271,0,0
36743,273,0,0
36744,275,0,0
36745,277,0,0
36746,279,0,0
36747,280,0,0
36748,282,0,0
36749,284,0,0
36750,286,0,0
36751,287,0,0
36752,289,0,0
36753,291,0,0
36754,293,0,0
36755,294,0,0
36756,296,0,0
36757,297,0,0
36758,299,0,0
36759,301,0,0
36760,302,0,0
36761,304,0,0
36762,305,0,0
36763,307,0,0
36764,308,0,0
36765,310,0,0
36766,312,0,0
36767,313,0,0
36768,315,0,0
36769,316,0,0
36770,318,0,0
36771,319,0,0
36772,321,0,0
36773,322,0,0
36774,323,0,0
36775,325,0,0
36776,326,0,0
36777,327,0,0
36778,329,0,0
36779,330,0,0
36780,331,0,0
36781,332,0,0
36782,334,0,0
36783,334,0,0
36784,336,0,0
36785,337,0,0
36786,338,0,0
36787,339,0,0
36788,339,0,0
36789,341,0,0
36790,341,0,0
36791,342,0,0
36792,343,0,0
36793,344,0,0
36794,344,0,0
36795,345,0,0
36796,346,0,0
36797,347,0,0
36798,347,0,0
36799,348,0,0
36800,349,0,0
36801,349,0,0
36802,350,0,0
36803,350,0,0
36804,351,0,0
36805,352,0,0
36806,352,0,0
36807,353,0,0
36808,353,0,0
36809,354,0,0
36810,354,0,0
36811,355,0,0
36812,355,0,0
36813,356,0,0
36814,356,0,0
36815,357,0,0
36816,357,0,0
36817,357,0,0
36818,358,0,0
36819,358,0,0
36820,359,0,0
36821,359,0,0
36822,359,0,0
36823,359,0,0
36824,360,0,0
36825,360,0,0
36826,360,0,0
36827,360,0,0
36828,360,0,0
36829,361,0,0
36830,361,0,0
36831,361,0,0
36832,360,0,0
36833,360,0,0
36834,360,0,0
36835,360,0,0
36836,360,0,0
36837,360,0,0
36838,360,0,0
36839,359,0,0
36840,359,0,0
36841,359,0,0
36842,359,0,0
36843,358,0,0
36844,358,0,0
36845,358,0,0
36846,357,0,0
36847,357,0,0
36848,356,0,0
36849,356,0,0
36850,355,0,0
36851,355,0,0
36852,354,0,0
36853,354,0,0
36854,353,0,0
36855,353,0,0
36856,352,0,0
36857,352,0,0
36858,351,0,0
36859,351,0,0
36860,350,0,0
36861,349,0,0
36862,349,0,0
36863,348,0,0
36864,347,0,0
36865,347,0,0
36866,346,0,0
36867,345,0,0
36868,345,0,0
36869,344,0,0
36870,343,0,0
36871,342,0,0
36872,342,0,0
36873,341,0,0
36874,340,0,0
36875,339,0,0
36876,338,0,0
36877,337,0,0
36878,336,0,0
36879,335,0,0
36880,335,0,0
36881,334,0,0
36882,333,0,0
36883,332,0,0
36884,331,0,0
36885,330,0,0
36886,329,0,0
36887,328,0,0
36888,327,0,0
36889,325,0,0
36890,324,0,0
36891,323,0,0
36892,322,0,0
36893,321,0,0
36894,320,0,0
36895,318,0,0
36896,317,0,0
36897,316,0,0
36898,315,0,0
36899,313,0,0
36900,312,0,0
36901,311,0,0
36902,309,0,0
36903,308,0,0
36904,306,0,0
36905,305,0,0
36906,304,0,0
36907,302,0,0
36908,301,0,0
36909,299,0,0
36910,298,0,0
36911,296,0,0
36912,295,0,0
36913,293,0,0
36914,292,0,0
36915,290,0,0
36916,288,0,0
36917,287,0,0
36918,285,0,0
36919,284,0,0
36920,282,0,0
36921,280,0,0
36922,279,0,0
36923,277,0,0
36924,275,0,0
36925,274,0,0
36926,272,0,0
36927,270,0,0
36928,269,0,0
36929,267,0,0
36930,265,0,0
36931,263,0,0
36932,262,0,0
36933,260,0,0
36934,258,0,0
36935,256,0,0
36936,255,0,0
36937,253,0,0
36938,251,0,0
36939,249,0,0
36940,247,0,0
36941,245,0,0
36942,243,0,0
36943,241,0,0
36944,239,0,0
36945,238,0,0
36946,236,0,0
36947,234,0,0
36948,232,0,0
36949,230,0,0
36950,228,0,0
36951,226,0,0
36952,224,0,0
36953,222,0,0
36954,220,0,0
36955,218,0,0
36956,216,0,0
36957,214,0,0
36958,213,0,0
36959,210,0,0
36960,209,0,0
36961,207,0,0
36962,205,0,0
36963,203,0,0
36964,201,0,0
36965,199,0,0
36966,197,0,0
36967,195,0,0
36968,193,0,0
36969,191,0,0
36970,189,0,0
36971,187,0,0
36972,186,0,0
36973,184,0,0
36974,182,0,0
36975,180,0,0
36976,178,0,0
36977,176,0,0
36978,174,0,0
36979,172,0,0
36980,170,0,0
36981,168,0,0
36982,166,0,0
36983,164,0,0
36984,162,0,0
36985,160,0,0
36986,158,0,0
36987,156,0,0
36988,154,0,0
36989,152,0,0
36990,150,0,0
36991,148,0,0
36992,146,0,0
36993,144,0,0
36994,142,0,0
36995,140,0,0
36996,138,0,0
36997,136,0,0
36998,134,0,0
36999,132,0,0
37000,130,0,0
37001,128,0,0
37002,126,0,0
37003,124,0,0
37004,122,0,0
37005,120,0,0
37006,118,0,0
37007,116,0,0
37008,114,0,0
37009,112,0,0
37010,110,0,0
37011,108,0,0
37012,106,0,0
37013,104,0,0
37014,102,0,0
37015,100,0,0
37016,98,0,0
37017,97,0,0
37018,95,0,0
37019,93,0,0
37020,91,0,0
37021,89,0,0
37022,87,0,0
37023,85,0,0
37024,83,0,0
37025,81,0,0
37026,79,0,0
37027,77,0,0
37028,75,0,0
37029,74,0,0
37030,72,0,0
37031,69,0,0
37032,67,0,0
37033,66,0,0
37034,64,0,0
37035,62,0,0
37036,60,0,0
37037,58,0,0
37038,56,0,0
37039,54,0,0
37040,52,0,0
37041,50,0,0
37042,48,0,0
37043,47,0,0
37044,45,0,0
37045,43,0,0
37046,41,0,0
37047,39,0,0
37048,38,0,0
37049,36,0,0
37050,34,0,0
37051,32,0,0
37052,31,0,0
37053,29,0,0
37054,27,0,0
37055,26,0,0
37056,24,0,0
37057,22,0,0
37058,21,0,0
37059,19,0,0
37060,18,0,0
37061,16,0,0
37062,14,0,0
37063,13,0,0
37064,11,0,0
37065,10,0,0
37066,8,0,0
37067,7,0,0
37068,5,0,0
37069,3,0,0
37070,2,0,0
37071,0,0,0
37072,-1,0,0
37073,-3,0,0
37074,-5,0,0
37075,-6,0,0
37076,-7,0,0
37077,-9,0,0
37078,-10,0,0
37079,-12,0,0
37080,-13,0,0
37081,-14,0,0
37082,-16,0,0
37083,-17,0,0
37084,-19,0,0
37085,-20,0,0
37086,-21,0,0
37087,-23,0,0
37088,-24,0,0
37089,-25,0,0
37090,-26,0,0
37091,-28,0,0
37092,-29,0,0
37093,-30,0,0
37094,-31,0,0
37095,-32,0,0
37096,-33,0,0
37097,-34,0,0
37098,-35,0,0
37099,-36,0,0
37100,-37,0,0
37101,-38,0,0
37102,-39,0,0
37103,-40,0,0
37104,-41,0,0
37105,-42,0,0
37106,-43,0,0
37107,-44,0,0
37108,-45,0,0
37109,-46,0,0
37110,-46,0,0
37111,-47,0,0
37112,-48,0,0
37113,-49,0,0
37114,-50,0,0
37115,-50,0,0
37116,-51,0,0
37117,-52,0,0
37118,-53,0,0
37119,-54,0,0
37120,-54,0,0
37121,-55,0,0
37122,-56,0,0
37123,-57,0,0
37124,-57,0,0
37125,-58,0,0
37126,-59,0,0
37127,-59,0,0
37128,-60,0,0
37129,-61,0,0
37130,-62,0,0
37131,-62,0,0
37132,-63,0,0
37133,-64,0,0
37134,-64,0,0
37135,-65,0,0
37136,-65,0,0
37137,-66,0,0
37138,-67,0,0
37139,-68,0,0
37140,-68,0,0
37141,-69,0,0
37142,-70,0,0
37143,-70,0,0
37144,-71,0,0
37145,-72,0,0
37146,-72,0,0
37147,-73,0,0
37148,-73,0,0
37149,-74,0,0
37150,-74,0,0
37151,-75,0,0
37152,-75,0,0
37153,-75,0,0
37154,-75,0,0
37155,-76,0,0
37156,-76,0,0
37157,-76,0,0
37158,-76,0,0
37159,-76,0,0
37160,-76,0,0
37161,-76,0,0
37162,-76,0,0
37163,-76,0,0
37164,-76,0,0
37165,-76,0,0
37166,-76,0,0
37167,-76,0,0
37168,-75,0,0
37169,-75,0,0
37170,-75,0,0
37171,-75,0,0
37172,-75,0,0
37173,-75,0,0
37174,-74,0,0
37175,-74,0,0
37176,-74,0,0
37177,-74,0,0
37178,-74,0,0
37179,-74,0,0
37180,-74,0,0
37181,-74,0,0
37182,-74,0,0
37183,-73,0,0
37184,-73,0,0
37185,-73,0,0
37186,-73,0,0
37187,-73,0,0
37188,-73,0,0
37189,-73,0,0
37190,-73,0,0
37191,-73,0,0
37192,-73,0,0
37193,-73,0,0
37194,-72,0,0
37195,-72,0,0
37196,-72,0,0
37197,-72,0,0
37198,-71,0,0
37199,-71,0,0
37200,-70,0,0
37201,-70,0,0
37202,-70,0,0
37203,-69,0,0
37204,-68,0,0
37205,-68,0,0
37206,-67,0,0
37207,-67,0,0
37208,-66,0,0
37209,-66,0,0
37210,-65,0,0
37211,-64,0,0
37212,-64,0,0
37213,-63,0,0
37214,-62,0,0
37215,-62,0,0
37216,-61,0,0
37217,-61,0,0
37218,-60,0,0
37219,-60,0,0
37220,-59,0,0
37221,-58,0,0
37222,-58,0,0
37223,-57,0,0
37224,-57,0,0
37225,-56,0,0
37226,-55,0,0
37227,-55,0,0
37228,-54,0,0
37229,-54,0,0
37230,-53,0,0
37231,-53,0,0
37232,-52,0,0
37233,-51,0,0
37234,-51,0,0
37235,-50,0,0
37236,-49,0,0
37237,-49,0,0
37238,-48,0,0
37239,-47,0,0
37240,-46,0,0
37241,-46,0,0
37242,-45,0,0
37243,-44,0,0
37244,-43,0,0
37245,-43,0,0
37246,-42,0,0
37247,-41,0,0
37248,-40,0,0
37249,-39,0,0
37250,-38,0,0
37251,-38,0,0
37252,-37,0,0
37253,-36,0,0
37254,-35,0,0
37255,-34,0,0
37256,-33,0,0
37257,-32,0,0
37258,-32,0,0
37259,-31,0,0
37260,-30,0,0
37261,-29,0,0
37262,-28,0,0
37263,-27,0,0
37264,-26,0,0
37265,-26,0,0
37266,-25,0,0
37267,-24,0,0
37268,-23,0,0
37269,-22,0,0
37270,-21,0,0
37271,-20,0,0
37272,-19,0,0
37273,-18,0,0
37274,-17,0,0
37275,-16,0,0
37276,-15,0,0
37277,-14,0,0
37278,-13,0,0
37279,-12,0,0
37280,-11,0,0
37281,-10,0,0
37282,-9,0,0
37283,-7,0,0
37284,-7,0,0
37285,-5,0,0
37286,-4,0,0
37287,-3,0,0
37288,-2,0,0
37289,-1,0,0
37290,1,0,0
37291,2,0,0
37292,3,0,0
37293,4,0,0
37294,5,0,0
37295,7,0,0
37296,8,0,0
37297,9,0,0
37298,10,0,0
37299,11,0,0
37300,12,0,0
37301,13,0,0
37302,14,0,0
37303,15,0,0
37304,15,0,0
37305,16,0,0
37306,17,0,0
37307,18,0,0
37308,19,0,0
37309,20,0,0
37310,21,0,0
37311,21,0,0
37312,22,0,0
37313,23,0,0
37314,24,0,0
37315,24,0,0
37316,25,0,0
37317,26,0,0
37318,26,0,0
37319,27,0,0
37320,28,0,0
37321,29,0,0
37322,29,0,0
37323,30,0,0
37324,31,0,0
37325,32,0,0
37326,32,0,0
37327,33,0,0
37328,34,0,0
37329,35,0,0
37330,36,0,0
37331,37,0,0
37332,37,0,0
37333,39,0,0
37334,39,0,0
37335,40,0,0
37336,41,0,0
37337,42,0,0
37338,43,0,0
37339,44,0,0
37340,45,0,0
37341,46,0,0
37342,46,0,0
37343,47,0,0
37344,48,0,0
37345,49,0,0
37346,50,0,0
37347,51,0,0
37348,51,0,0
37349,52,0,0
37350,53,0,0
37351,54,0,0
37352,54,0,0
37353,55,0,0
37354,56,0,0
37355,57,0,0
37356,57,0,0
37357,58,0,0
37358,58,0,0
37359,59,0,0
37360,60,0,0
37361,60,0,0
37362,61,0,0
37363,61,0,0
37364,62,0,0
37365,63,0,0
37366,63,0,0
37367,64,0,0
37368,64,0,0
37369,65,0,0
37370,65,0,0
37371,66,0,0
37372,66,0,0
37373,67,0,0
37374,67,0,0
37375,68,0,0
37376,68,0,0
37377,68,0,0
37378,69,0,0
37379,69,0,0
37380,70,0,0
37381,70,0,0
37382,70,0,0
37383,71,0,0
37384,71,0,0
37385,71,0,0
37386,72,0,0
37387,72,0,0
37388,72,0,0
37389,72,0,0
37390,73,0,0
37391,73,0,0
37392,73,0,0
37393,73,0,0
37394,73,0,0
37395,73,0,0
37396,74,0,0
37397,74,0,0
37398,74,0,0
37399,74,0,0
37400,74,0,0
37401,74,0,0
37402,74,0,0
37403,74,0,0
37404,74,0,0
37405,75,0,0
37406,75,0,0
37407,75,0,0
37408,75,0,0
37409,75,0,0
37410,75,0,0
37411,75,0,0
37412,75,0,0
37413,74,0,0
37414,74,0,0
37415,74,0,0
37416,74,0,0
37417,74,0,0
37418,74,0,0
37419,74,0,0
37420,73,0,0
37421,73,0,0
37422,73,0,0
37423,73,0,0
37424,72,0,0
37425,72,0,0
37426,72,0,0
37427,72,0,0
37428,71,0,0
37429,71,0,0
37430,71,0,0
37431,70,0,0
37432,70,0,0
37433,69,0,0
37434,69,0,0
37435,69,0,0
37436,68,0,0
37437,68,0,0
37438,67,0,0
37439,67,0,0
37440,66,0,0
37441,65,0,0
37442,65,0,0
37443,64,0,0
37444,64,0,0
37445,63,0,0
37446,62,0,0
37447,62,0,0
37448,61,0,0
37449,60,0,0
37450,60,0,0
37451,59,0,0
37452,58,0,0
37453,58,0,0
37454,57,0,0
37455,56,0,0
37456,55,0,0
37457,54,0,0
37458,54,0,0
37459,53,0,0
37460,52,0,0
37461,51,0,0
37462,50,0,0
37463,49,0,0
37464,49,0,0
37465,48,0,0
37466,47,0,0
37467,46,0,0
37468,45,0,0
37469,44,0,0
37470,43,0,0
37471,43,0,0
37472,41,0,0
37473,41,0,0
37474,40,0,0
37475,39,0,0
37476,38,0,0
37477,37,0,0
37478,36,0,0
37479,35,0,0
37480,34,0,0
37481,33,0,0
37482,32,0,0
37483,31,0,0
37484,30,0,0
37485,29,0,0
37486,28,0,0
37487,27,0,0
37488,26,0,0
37489,25,0,0
37490,23,0,0
37491,22,0,0
37492,21,0,0
37493,20,0,0
37494,19,0,0
37495,17,0,0
37496,16,0,0
37497,14,0,0
37498,13,0,0
37499,12,0,0
37500,10,0,0
37501,9,0,0
37502,7,0,0
37503,6,0,0
37504,4,0,0
37505,3,0,0
37506,1,0,0
37507,0,0,0
37508,-2,0,0
37509,-3,0,0
37510,-5,0,0
37511,-6,0,0
37512,-8,0,0
37513,-9,0,0
37514,-11,0,0
37515,-12,0,0
37516,-14,0,0
37517,-15,0,0
37518,-17,0,0
37519,-18,0,0
37520,-20,0,0
37521,-21,0,0
37522,-23,0,0
37523,-25,0,0
37524,-26,0,0
37525,-28,0,0
37526,-29,0,0
37527,-31,0,0
37528,-33,0,0
37529,-34,0,0
37530,-36,0,0
37531,-37,0,0
37532,-39,0,0
37533,-41,0,0
37534,-43,0,0
37535,-44,0,0
37536,-46,0,0
37537,-48,0,0
37538,-50,0,0
37539,-52,0,0
37540,-54,0,0
37541,-56,0,0
37542,-58,0,0
37543,-60,0,0
37544,-62,0,0
37545,-64,0,0
37546,-66,0,0
37547,-68,0,0
37548,-70,0,0
37549,-72,0,0
37550,-74,0,0
37551,-76,0,0
37552,-78,0,0
37553,-80,0,0
37554,-82,0,0
37555,-84,0,0
37556,-86,0,0
37557,-88,0,0
37558,-90,0,0
37559,-92,0,0
37560,-94,0,0
37561,-96,0,0
37562,-98,0,0
37563,-100,0,0
37564,-102,0,0
37565,-103,0,0
37566,-105,0,0
37567,-107,0,0
37568,-109,0,0
37569,-111,0,0
37570,-113,0,0
37571,-115,0,0
37572,-116,0,0
37573,-118,0,0
37574,-120,0,0
37575,-122,0,0
37576,-124,0,0
37577,-126,0,0
37578,-127,0,0
37579,-129,0,0
37580,-131,0,0
37581,-133,0,0
37582,-135,0,0
37583,-137,0,0
37584,-139,0,0
37585,-141,0,0
37586,-143,0,0
37587,-145,0,0
37588,-147,0,0
37589,-149,0,0
37590,-151,0,0
37591,-153,0,0
37592,-155,0,0
37593,-157,0,0
37594,-159,0,0
37595,-161,0,0
37596,-163,0,0
37597,-166,0,0
37598,-168,0,0
37599,-170,0,0
37600,-172,0,0
37601,-174,0,0
37602,-176,0,0
37603,-179,0,0
37604,-181,0,0
37605,-183,0,0
37606,-185,0,0
37607,-187,0,0
37608,-189,0,0
37609,-191,0,0
37610,-193,0,0
37611,-196,0,0
37612,-198,0,0
37613,-200,0,0
37614,-202,0,0
37615,-204,0,0
37616,-206,0,0
37617,-208,0,0
37618,-210,0,0
37619,-212,0,0
37620,-214,0,0
37621,-216,0,0
37622,-218,0,0
37623,-220,0,0
37624,-222,0,0
37625,-224,0,0
37626,-226,0,0
37627,-227,0,0
37628,-229,0,0
37629,-231,0,0
37630,-233,0,0
37631,-235,0,0
37632,-236,0,0
37633,-238,0,0
37634,-240,0,0
37635,-242,0,0
37636,-244,0,0
37637,-245,0,0
37638,-247,0,0
37639,-249,0,0
37640,-250,0,0
37641,-252,0,0
37642,-254,0,0
37643,-255,0,0
37644,-257,0,0
37645,-259,0,0
37646,-260,0,0
37647,-262,0,0
37648,-263,0,0
37649,-265,0,0
37650,-267,0,0
37651,-268,0,0
37652,-270,0,0
37653,-271,0,0
37654,-273,0,0
37655,-275,0,0
37656,-276,0,0
37657,-278,0,0
37658,-279,0,0
37659,-281,0,0
37660,-282,0,0
37661,-284,0,0
37662,-286,0,0
37663,-287,0,0
37664,-289,0,0
37665,-290,0,0
37666,-292,0,0
37667,-293,0,0
37668,-295,0,0
37669,-297,0,0
37670,-298,0,0
37671,-300,0,0
37672,-301,0,0
37673,-303,0,0
37674,-304,0,0
37675,-306,0,0
37676,-307,0,0
37677,-309,0,0
37678,-310,0,0
37679,-311,0,0
37680,-313,0,0
37681,-314,0,0
37682,-316,0,0
37683,-317,0,0
37684,-318,0,0
37685,-319,0,0
37686,-321,0,0
37687,-322,0,0
37688,-323,0,0
37689,-324,0,0
37690,-325,0,0
37691,-326,0,0
37692,-327,0,0
37693,-328,0,0
37694,-329,0,0
37695,-330,0,0
37696,-331,0,0
37697,-332,0,0
37698,-333,0,0
37699,-334,0,0
37700,-335,0,0
37701,-336,0,0
37702,-337,0,0
37703,-338,0,0
37704,-339,0,0
37705,-339,0,0
37706,-340,0,0
37707,-341,0,0
37708,-342,0,0
37709,-343,0,0
37710,-344,0,0
37711,-345,0,0
37712,-346,0,0
37713,-347,0,0
37714,-348,0,0
37715,-348,0,0
37716,-349,0,0
37717,-350,0,0
37718,-351,0,0
37719,-352,0,0
37720,-352,0,0
37721,-353,0,0
37722,-354,0,0
37723,-354,0,0
37724,-355,0,0
37725,-356,0,0
37726,-356,0,0
37727,-357,0,0
37728,-357,0,0
37729,-357,0,0
37730,-358,0,0
37731,-358,0,0
37732,-358,0,0
37733,-359,0,0
37734,-359,0,0
37735,-359,0,0
37736,-359,0,0
37737,-360,0,0
37738,-359,0,0
37739,-360,0,0
37740,-360,0,0
37741,-360,0,0
37742,-360,0,0
37743,-360,0,0
37744,-360,0,0
37745,-360,0,0
37746,-360,0,0
37747,-360,0,0
37748,-360,0,0
37749,-359,0,0
37750,-359,0,0
37751,-359,0,0
37752,-359,0,0
37753,-359,0,0
37754,-359,0,0
37755,-359,0,0
37756,-359,0,0
37757,-359,0,0
37758,-358,0,0
37759,-358,0,0
37760,-358,0,0
37761,-358,0,0
37762,-357,0,0
37763,-357,0,0
37764,-357,0,0
37765,-357,0,0
37766,-356,0,0
37767,-356,0,0
37768,-356,0,0
37769,-355,0,0
37770,-355,0,0
37771,-354,0,0
37772,-354,0,0
37773,-353,0,0
37774,-353,0,0
37775,-352,0,0
37776,-352,0,0
37777,-351,0,0
37778,-350,0,0
37779,-350,0,0
37780,-349,0,0
37781,-348,0,0
37782,-347,0,0
37783,-347,0,0
37784,-346,0,0
37785,-345,0,0
37786,-344,0,0
37787,-343,0,0
37788,-342,0,0
37789,-341,0,0
37790,-341,0,0
37791,-339,0,0
37792,-339,0,0
37793,-337,0,0
37794,-336,0,0
37795,-335,0,0
37796,-334,0,0
37797,-333,0,0
37798,-332,0,0
37799,-331,0,0
37800,-330,0,0
37801,-329,0,0
37802,-328,0,0
37803,-326,0,0
37804,-325,0,0
37805,-324,0,0
37806,-323,0,0
37807,-321,0,0
37808,-320,0,0
37809,-319,0,0
37810,-317,0,0
37811,-316,0,0
37812,-315,0,0
37813,-313,0,0
37814,-312,0,0
37815,-310,0,0
37816,-309,0,0
37817,-307,0,0
37818,-306,0,0
37819,-304,0,0
37820,-303,0,0
37821,-301,0,0
37822,-299,0,0
37823,-298,0,0
37824,-296,0,0
37825,-295,0,0
37826,-293,0,0
37827,-291,0,0
37828,-289,0,0
37829,-288,0,0
37830,-286,0,0
37831,-284,0,0
37832,-282,0,0
37833,-281,0,0
37834,-279,0,0
37835,-277,0,0
37836,-275,0,0
37837,-273,0,0
37838,-271,0,0
37839,-269,0,0
37840,-267,0,0
37841,-265,0,0
37842,-263,0,0
37843,-261,0,0
37844,-259,0,0
37845,-257,0,0
37846,-255,0,0
37847,-253,0,0
37848,-251,0,0
37849,-249,0,0
37850,-247,0,0
37851,-245,0,0
37852,-243,0,0
37853,-241,0,0
37854,-238,0,0
37855,-237,0,0
37856,-234,0,0
37857,-232,0,0
37858,-230,0,0
37859,-228,0,0
37860,-226,0,0
37861,-223,0,0
37862,-221,0,0
37863,-219,0,0
37864,-217,0,0
37865,-214,0,0
37866,-212,0,0
37867,-210,0,0
37868,-207,0,0
37869,-205,0,0
37870,-203,0,0
37871,-200,0,0
37872,-198,0,0
37873,-195,0,0
37874,-193,0,0
37875,-190,0,0
37876,-188,0,0
37877,-185,0,0
37878,-183,0,0
37879,-180,0,0
37880,-177,0,0
37881,-175,0,0
37882,-172,0,0
37883,-169,0,0
37884,-167,0,0
37885,-164,0,0
37886,-161,0,0
37887,-159,0,0
37888,-156,0,0
37889,-153,0,0
37890,-150,0,0
37891,-147,0,0
37892,-145,0,0
37893,-142,0,0
37894,-139,0,0
37895,-136,0,0
37896,-133,0,0
37897,-130,0,0
37898,-128,0,0
37899,-125,0,0
37900,-122,0,0
37901,-119,0,0
37902,-116,0,0
37903,-113,0,0
37904,-110,0,0
37905,-108,0,0
37906,-105,0,0
37907,-102,0,0
37908,-99,0,0
37909,-96,0,0
37910,-93,0,0
37911,-90,0,0
37912,-88,0,0
37913,-85,0,0
37914,-82,0,0
37915,-79,0,0
37916,-76,0,0
37917,-73,0,0
37918,-70,0,0
37919,-68,0,0
37920,-65,0,0
37921,-62,0,0
37922,-59,0,0
37923,-57,0,0
37924,-54,0,0
37925,-51,0,0
37926,-48,0,0
37927,-46,0,0
37928,-43,0,0
37929,-40,0,0
37930,-37,0,0
37931,-34,0,0
37932,-32,0,0
37933,-29,0,0
37934,-26,0,0
37935,-23,0,0
37936,-20,0,0
37937,-18,0,0
37938,-15,0,0
37939,-12,0,0
37940,-9,0,0
37941,-6,0,0
37942,-3,0,0
37943,0,0,0
37944,3,0,0
37945,6,0,0
37946,9,0,0
37947,12,0,0
37948,15,0,0
37949,18,0,0
37950,21,0,0
37951,24,0,0
37952,27,0,0
37953,31,0,0
37954,34,0,0
37955,37,0,0
37956,40,0,0
37957,43,0,0
37958,46,0,0
37959,49,0,0
37960,52,0,0
37961,55,0,0
37962,58,0,0
37963,61,0,0
37964,64,0,0
37965,67,0,0
37966,70,0,0
37967,73,0,0
37968,76,0,0
37969,78,0,0
37970,81,0,0
37971,84,0,0
37972,87,0,0
37973,89,0,0
37974,92,0,0
37975,95,0,0
37976,97,0,0
37977,100,0,0
37978,102,0,0
37979,105,0,0
37980,108,0,0
37981,110,0,0
37982,113,0,0
37983,115,0,0
37984,118,0,0
37985,121,0,0
37986,124,0,0
37987,126,0,0
37988,129,0,0
37989,131,0,0
37990,134,0,0
37991,137,0,0
37992,139,0,0
37993,142,0,0
37994,145,0,0
37995,148,0,0
37996,150,0,0
37997,153,0,0
37998,156,0,0
37999,158,0,0
38000,161,0,0
38001,164,0,0
38002,166,0,0
38003,169,0,0
38004,172,0,0
38005,174,0,0
38006,177,0,0
38007,179,0,0
38008,182,0,0
38009,184,0,0
38010,187,0,0
38011,189,0,0
38012,192,0,0
38013,194,0,0
38014,196,0,0
38015,199,0,0
38016,201,0,0
38017,204,0,0
38018,206,0,0
38019,208,0,0
38020,211,0,0
38021,213,0,0
38022,216,0,0
38023,218,0,0
38024,220,0,0
38025,223,0,0
38026,225,0,0
38027,227,0,0
38028,229,0,0
38029,232,0,0
38030,234,0,0
38031,236,0,0
38032,239,0,0
38033,241,0,0
38034,243,0,0
38035,245,0,0
38036,248,0,0
38037,250,0,0
38038,252,0,0
38039,254,0,0
38040,256,0,0
38041,258,0,0
38042,260,0,0
38043,262,0,0
38044,264,0,0
38045,267,0,0
38046,269,0,0
38047,270,0,0
38048,272,0,0
38049,274,0,0
38050,276,0,0
38051,278,0,0
38052,280,0,0
38053,282,0,0
38054,283,0,0
38055,285,0,0
38056,287,0,0
38057,289,0,0
38058,290,0,0
38059,292,0,0
38060,294,0,0
38061,295,0,0
38062,297,0,0
38063,299,0,0
38064,300,0,0
38065,302,0,0
38066,303,0,0
38067,305,0,0
38068,306,0,0
38069,308,0,0
38070,310,0,0
38071,311,0,0
38072,312,0,0
38073,314,0,0
38074,315,0,0
38075,316,0,0
38076,318,0,0
38077,319,0,0
38078,320,0,0
38079,322,0,0
38080,323,0,0
38081,324,0,0
38082,325,0,0
38083,326,0,0
38084,327,0,0
38085,328,0,0
38086,329,0,0
38087,330,0,0
38088,331,0,0
38089,332,0,0
38090,333,0,0
38091,334,0,0
38092,335,0,0
38093,336,0,0
38094,337,0,0
38095,338,0,0
38096,339,0,0
38097,339,0,0
38098,340,0,0
38099,341,0,0
38100,342,0,0
38101,343,0,0
38102,344,0,0
38103,345,0,0
38104,346,0,0
38105,347,0,0
38106,347,0,0
38107,348,0,0
38108,349,0,0
38109,350,0,0
38110,350,0,0
38111,351,0,0
38112,352,0,0
38113,353,0,0
38114,354,0,0
38115,354,0,0
38116,355,0,0
38117,355,0,0
38118,356,0,0
38119,357,0,0
38120,357,0,0
38121,357,0,0
38122,358,0,0
38123,358,0,0
38124,358,0,0
38125,359,0,0
38126,359,0,0
38127,359,0,0
38128,360,0,0
38129,360,0,0
38130,360,0,0
38131,360,0,0
38132,360,0,0
38133,360,0,0
38134,360,0,0
38135,360,0,0
38136,360,0,0
38137,360,0,0
38138,359,0,0
38139,359,0,0
38140,359,0,0
38141,359,0,0
38142,359,0,0
38143,359,0,0
38144,358,0,0
38145,358,0,0
38146,358,0,0
38147,357,0,0
38148,357,0,0
38149,357,0,0
38150,357,0,0
38151,356,0,0
38152,356,0,0
38153,356,0,0
38154,355,0,0
38155,355,0,0
38156,355,0,0
38157,354,0,0
38158,354,0,0
38159,354,0,0
38160,353,0,0
38161,353,0,0
38162,352,0,0
38163,352,0,0
38164,351,0,0
38165,351,0,0
38166,350,0,0
38167,350,0,0
38168,349,0,0
38169,349,0,0
38170,348,0,0
38171,347,0,0
38172,347,0,0
38173,346,0,0
38174,345,0,0
38175,344,0,0
38176,344,0,0
38177,343,0,0
38178,342,0,0
38179,341,0,0
38180,340,0,0
38181,340,0,0
38182,338,0,0
38183,338,0,0
38184,337,0,0
38185,336,0,0
38186,335,0,0
38187,334,0,0
38188,333,0,0
38189,332,0,0
38190,331,0,0
38191,330,0,0
38192,328,0,0
38193,327,0,0
38194,326,0,0
38195,325,0,0
38196,324,0,0
38197,323,0,0
38198,321,0,0
38199,320,0,0
38200,319,0,0
38201,318,0,0
38202,316,0,0
38203,315,0,0
38204,314,0,0
38205,312,0,0
38206,311,0,0
38207,310,0,0
38208,308,0,0
38209,307,0,0
38210,305,0,0
38211,304,0,0
38212,302,0,0
38213,301,0,0
38214,299,0,0
38215,298,0,0
38216,297,0,0
38217,295,0,0
38218,294,0,0
38219,292,0,0
38220,291,0,0
38221,289,0,0
38222,288,0,0
38223,286,0,0
38224,285,0,0
38225,283,0,0
38226,282,0,0
38227,280,0,0
38228,279,0,0
38229,278,0,0
38230,276,0,0
38231,275,0,0
38232,273,0,0
38233,272,0,0
38234,270,0,0
38235,269,0,0
38236,267,0,0
38237,265,0,0
38238,264,0,0
38239,262,0,0
38240,260,0,0
38241,259,0,0
38242,257,0,0
38243,255,0,0
38244,254,0,0
38245,252,0,0
38246,250,0,0
38247,248,0,0
38248,247,0,0
38249,245,0,0
38250,243,0,0
38251,241,0,0
38252,239,0,0
38253,237,0,0
38254,235,0,0
38255,233,0,0
38256,232,0,0
38257,230,0,0
38258,228,0,0
38259,226,0,0
38260,224,0,0
38261,222,0,0
38262,220,0,0
38263,218,0,0
38264,216,0,0
38265,214,0,0
38266,212,0,0
38267,210,0,0
38268,208,0,0
38269,206,0,0
38270,204,0,0
38271,202,0,0
38272,200,0,0
38273,198,0,0
38274,196,0,0
38275,194,0,0
38276,192,0,0
38277,190,0,0
38278,188,0,0
38279,186,0,0
38280,184,0,0
38281,182,0,0
38282,180,0,0
38283,177,0,0
38284,175,0,0
38285,173,0,0
38286,171,0,0
38287,170,0,0
38288,167,0,0
38289,165,0,0
38290,163,0,0
38291,161,0,0
38292,159,0,0
38293,157,0,0
38294,156,0,0
38295,153,0,0
38296,152,0,0
38297,150,0,0
38298,148,0,0
38299,146,0,0
38300,144,0,0
38301,142,0,0
38302,140,0,0
38303,138,0,0
38304,136,0,0
38305,134,0,0
38306,133,0,0
38307,131,0,0
38308,129,0,0
38309,127,0,0
38310,125,0,0
38311,123,0,0
38312,121,0,0
38313,119,0,0
38314,117,0,0
38315,115,0,0
38316,113,0,0
38317,110,0,0
38318,108,0,0
38319,106,0,0
38320,104,0,0
38321,102,0,0
38322,100,0,0
38323,98,0,0
38324,96,0,0
38325,93,0,0
38326,91,0,0
38327,89,0,0
38328,87,0,0
38329,85,0,0
38330,83,0,0
38331,81,0,0
38332,79,0,0
38333,77,0,0
38334,74,0,0
38335,73,0,0
38336,71,0,0
38337,69,0,0
38338,67,0,0
38339,65,0,0
38340,63,0,0
38341,61,0,0
38342,59,0,0
38343,58,0,0
38344,56,0,0
38345,54,0,0
38346,52,0,0
38347,51,0,0
38348,49,0,0
38349,47,0,0
38350,45,0,0
38351,43,0,0
38352,42,0,0
38353,40,0,0
38354,38,0,0
38355,37,0,0
38356,35,0,0
38357,33,0,0
38358,31,0,0
38359,30,0,0
38360,28,0,0
38361,26,0,0
38362,25,0,0
38363,23,0,0
38364,21,0,0
38365,19,0,0
38366,18,0,0
38367,16,0,0
38368,14,0,0
38369,13,0,0
38370,11,0,0
38371,9,0,0
38372,8,0,0
38373,6,0,0
38374,4,0,0
38375,3,0,0
38376,1,0,0
38377,0,0,0
38378,-2,0,0
38379,-3,0,0
38380,-5,0,0
38381,-6,0,0
38382,-8,0,0
38383,-9,0,0
38384,-10,0,0
38385,-12,0,0
38386,-13,0,0
38387,-14,0,0
38388,-15,0,0
38389,-17,0,0
38390,-18,0,0
38391,-19,0,0
38392,-20,0,0
38393,-21,0,0
38394,-23,0,0
38395,-24,0,0
38396,-25,0,0
38397,-26,0,0
38398,-27,0,0
38399,-28,0,0
38400,-29,0,0
38401,-30,0,0
38402,-32,0,0
38403,-32,0,0
38404,-34,0,0
38405,-35,0,0
38406,-36,0,0
38407,-37,0,0
38408,-38,0,0
38409,-39,0,0
38410,-40,0,0
38411,-41,0,0
38412,-42,0,0
38413,-43,0,0
38414,-44,0,0
38415,-45,0,0
38416,-46,0,0
38417,-47,0,0
38418,-48,0,0
38419,-49,0,0
38420,-50,0,0
38421,-51,0,0
38422,-52,0,0
38423,-53,0,0
38424,-54,0,0
38425,-55,0,0
38426,-56,0,0
38427,-57,0,0
38428,-58,0,0
38429,-58,0,0
38430,-59,0,0
38431,-60,0,0
38432,-61,0,0
38433,-62,0,0
38434,-62,0,0
38435,-63,0,0
38436,-64,0,0
38437,-64,0,0
38438,-65,0,0
38439,-65,0,0
38440,-66,0,0
38441,-66,0,0
38442,-67,0,0
38443,-67,0,0
38444,-68,0,0
38445,-68,0,0
38446,-68,0,0
38447,-69,0,0
38448,-69,0,0
38449,-70,0,0
38450,-70,0,0
38451,-70,0,0
38452,-70,0,0
38453,-71,0,0
38454,-71,0,0
38455,-71,0,0
38456,-71,0,0
38457,-72,0,0
38458,-72,0,0
38459,-72,0,0
38460,-72,0,0
38461,-72,0,0
38462,-73,0,0
38463,-73,0,0
38464,-73,0,0
38465,-73,0,0
38466,-74,0,0
38467,-73,0,0
38468,-74,0,0
38469,-74,0,0
38470,-74,0,0
38471,-74,0,0
38472,-75,0,0
38473,-75,0,0
38474,-75,0,0
38475,-75,0,0
38476,-75,0,0
38477,-75,0,0
38478,-75,0,0
38479,-75,0,0
38480,-75,0,0
38481,-75,0,0
38482,-75,0,0
38483,-75,0,0
38484,-75,0,0
38485,-75,0,0
38486,-75,0,0
38487,-75,0,0
38488,-75,0,0
38489,-75,0,0
38490,-75,0,0
38491,-75,0,0
38492,-75,0,0
38493,-75,0,0
38494,-74,0,0
38495,-74,0,0
38496,-74,0,0
38497,-74,0,0
38498,-74,0,0
38499,-73,0,0
38500,-73,0,0
38501,-73,0,0
38502,-73,0,0
38503,-73,0,0
38504,-72,0,0
38505,-72,0,0
38506,-72,0,0
38507,-72,0,0
38508,-71,0,0
38509,-71,0,0
38510,-71,0,0
38511,-70,0,0
38512,-70,0,0
38513,-69,0,0
38514,-69,0,0
38515,-69,0,0
38516,-68,0,0
38517,-68,0,0
38518,-67,0,0
38519,-67,0,0
38520,-66,0,0
38521,-66,0,0
38522,-65,0,0
38523,-64,0,0
38524,-64,0,0
38525,-63,0,0
38526,-62,0,0
38527,-62,0,0
38528,-61,0,0
38529,-60,0,0
38530,-59,0,0
38531,-59,0,0
38532,-58,0,0
38533,-57,0,0
38534,-56,0,0
38535,-55,0,0
38536,-54,0,0
38537,-54,0,0
38538,-53,0,0
38539,-52,0,0
38540,-51,0,0
38541,-50,0,0
38542,-49,0,0
38543,-48,0,0
38544,-47,0,0
38545,-47,0,0
38546,-46,0,0
38547,-45,0,0
38548,-44,0,0
38549,-43,0,0
38550,-42,0,0
38551,-41,0,0
38552,-40,0,0
38553,-39,0,0
38554,-38,0,0
38555,-37,0,0
38556,-37,0,0
38557,-36,0,0
38558,-35,0,0
38559,-34,0,0
38560,-33,0,0
38561,-32,0,0
38562,-31,0,0
38563,-30,0,0
38564,-29,0,0
38565,-29,0,0
38566,-28,0,0
38567,-27,0,0
38568,-26,0,0
38569,-25,0,0
38570,-24,0,0
38571,-23,0,0
38572,-22,0,0
38573,-22,0,0
38574,-21,0,0
38575,-20,0,0
38576,-19,0,0
38577,-18,0,0
38578,-17,0,0
38579,-16,0,0
38580,-15,0,0
38581,-14,0,0
38582,-13,0,0
38583,-12,0,0
38584,-11,0,0
38585,-10,0,0
38586,-9,0,0
38587,-8,0,0
38588,-7,0,0
38589,-6,0,0
38590,-5,0,0
38591,-4,0,0
38592,-3,0,0
38593,-2,0,0
38594,-1,0,0
38595,0,0,0
38596,1,0,0
38597,2,0,0
38598,3,0,0
38599,4,0,0
38600,5,0,0
38601,6,0,0
38602,7,0,0
38603,8,0,0
38604,9,0,0
38605,9,0,0
38606,10,0,0
38607,11,0,0
38608,12,0,0
38609,13,0,0
38610,13,0,0
38611,14,0,0
38612,15,0,0
38613,16,0,0
38614,17,0,0
38615,18,0,0
38616,18,0,0
38617,19,0,0
38618,20,0,0
38619,21,0,0
38620,22,0,0
38621,23,0,0
38622,24,0,0
38623,25,0,0
38624,26,0,0
38625,27,0,0
38626,28,0,0
38627,29,0,0
38628,30,0,0
38629,31,0,0
38630,32,0,0
38631,33,0,0
38632,34,0,0
38633,35,0,0
38634,36,0,0
38635,37,0,0
38636,38,0,0
38637,39,0,0
38638,40,0,0
38639,40,0,0
38640,41,0,0
38641,42,0,0
38642,43,0,0
38643,44,0,0
38644,44,0,0
38645,45,0,0
38646,46,0,0
38647,46,0,0
38648,47,0,0
38649,48,0,0
38650,48,0,0
38651,49,0,0
38652,49,0,0
38653,50,0,0
38654,51,0,0
38655,51,0,0
38656,52,0,0
38657,53,0,0
38658,53,0,0
38659,54,0,0
38660,54,0,0
38661,55,0,0
38662,56,0,0
38663,56,0,0
38664,57,0,0
38665,58,0,0
38666,58,0,0
38667,59,0,0
38668,60,0,0
38669,61,0,0
38670,61,0,0
38671,62,0,0
38672,63,0,0
38673,63,0,0
38674,64,0,0
38675,64,0,0
38676,65,0,0
38677,66,0,0
38678,66,0,0
38679,67,0,0
38680,67,0,0
38681,68,0,0
38682,68,0,0
38683,69,0,0
38684,69,0,0
38685,70,0,0
38686,70,0,0
38687,70,0,0
38688,71,0,0
38689,71,0,0
38690,71,0,0
38691,71,0,0
38692,72,0,0
38693,72,0,0
38694,72,0,0
38695,72,0,0
38696,72,0,0
38697,72,0,0
38698,72,0,0
38699,73,0,0
38700,73,0,0
38701,73,0,0
38702,73,0,0
38703,73,0,0
38704,73,0,0
38705,73,0,0
38706,73,0,0
38707,73,0,0
38708,73,0,0
38709,73,0,0
38710,73,0,0
38711,73,0,0
38712,73,0,0
38713,73,0,0
38714,73,0,0
38715,73,0,0
38716,72,0,0
38717,72,0,0
38718,72,0,0
38719,72,0,0
38720,72,0,0
38721,72,0,0
38722,72,0,0
38723,72,0,0
38724,71,0,0
38725,71,0,0
38726,71,0,0
38727,71,0,0
38728,70,0,0
38729,70,0,0
38730,70,0,0
38731,70,0,0
38732,70,0,0
38733,70,0,0
38734,70,0,0
38735,69,0,0
38736,69,0,0
38737,69,0,0
38738,69,0,0
38739,68,0,0
38740,68,0,0
38741,68,0,0
38742,67,0,0
38743,67,0,0
38744,67,0,0
38745,66,0,0
38746,66,0,0
38747,66,0,0
38748,65,0,0
38749,65,0,0
38750,64,0,0
38751,64,0,0
38752,63,0,0
38753,62,0,0
38754,62,0,0
38755,61,0,0
38756,61,0,0
38757,60,0,0
38758,59,0,0
38759,58,0,0
38760,58,0,0
38761,57,0,0
38762,56,0,0
38763,55,0,0
38764,54,0,0
38765,53,0,0
38766,53,0,0
38767,51,0,0
38768,51,0,0
38769,50,0,0
38770,49,0,0
38771,48,0,0
38772,47,0,0
38773,46,0,0
38774,45,0,0
38775,44,0,0
38776,43,0,0
38777,43,0,0
38778,42,0,0
38779,41,0,0
38780,40,0,0
38781,39,0,0
38782,38,0,0
38783,37,0,0
38784,36,0,0
38785,36,0,0
38786,35,0,0
38787,34,0,0
38788,33,0,0
38789,32,0,0
38790,31,0,0
38791,30,0,0
38792,29,0,0
38793,28,0,0
38794,27,0,0
38795,25,0,0
38796,24,0,0
38797,23,0,0
38798,22,0,0
38799,21,0,0
38800,20,0,0
38801,18,0,0
38802,17,0,0
38803,15,0,0
38804,14,0,0
38805,13,0,0
38806,12,0,0
38807,10,0,0
38808,9,0,0
38809,7,0,0
38810,6,0,0
38811,4,0,0
38812,3,0,0
38813,1,0,0
38814,0,0,0
38815,-2,0,0
38816,-3,0,0
38817,-5,0,0
38818,-6,0,0
38819,-8,0,0
38820,-10,0,0
38821,-11,0,0
38822,-13,0,0
38823,-15,0,0
38824,-16,0,0
38825,-18,0,0
38826,-20,0,0
38827,-21,0,0
38828,-23,0,0
38829,-25,0,0
38830,-26,0,0
38831,-28,0,0
38832,-30,0,0
38833,-32,0,0
38834,-33,0,0
38835,-35,0,0
38836,-37,0,0
38837,-39,0,0
38838,-41,0,0
38839,-43,0,0
38840,-45,0,0
38841,-47,0,0
38842,-49,0,0
38843,-51,0,0
38844,-53,0,0
38845,-55,0,0
38846,-57,0,0
38847,-59,0,0
38848,-61,0,0
38849,-63,0,0
38850,-65,0,0
38851,-67,0,0
38852,-69,0,0
38853,-71,0,0
38854,-73,0,0
38855,-75,0,0
38856,-77,0,0
38857,-79,0,0
38858,-81,0,0
38859,-83,0,0
38860,-84,0,0
38861,-86,0,0
38862,-88,0,0
38863,-90,0,0
38864,-92,0,0
38865,-94,0,0
38866,-95,0,0
38867,-97,0,0
38868,-99,0,0
38869,-100,0,0
38870,-102,0,0
38871,-104,0,0
38872,-106,0,0
38873,-107,0,0
38874,-109,0,0
38875,-111,0,0
38876,-112,0,0
38877,-114,0,0
38878,-116,0,0
38879,-118,0,0
38880,-120,0,0
38881,-122,0,0
38882,-123,0,0
38883,-125,0,0
38884,-127,0,0
38885,-129,0,0
38886,-131,0,0
38887,-133,0,0
38888,-135,0,0
38889,-137,0,0
38890,-139,0,0
38891,-141,0,0
38892,-143,0,0
38893,-145,0,0
38894,-147,0,0
38895,-150,0,0
38896,-152,0,0
38897,-154,0,0
38898,-156,0,0
38899,-158,0,0
38900,-160,0,0
38901,-162,0,0
38902,-164,0,0
38903,-166,0,0
38904,-169,0,0
38905,-171,0,0
38906,-173,0,0
38907,-175,0,0
38908,-177,0,0
38909,-179,0,0
38910,-181,0,0
38911,-183,0,0
38912,-185,0,0
38913,-187,0,0
38914,-189,0,0
38915,-191,0,0
38916,-193,0,0
38917,-195,0,0
38918,-197,0,0
38919,-199,0,0
38920,-201,0,0
38921,-203,0,0
38922,-205,0,0
38923,-207,0,0
38924,-208,0,0
38925,-210,0,0
38926,-212,0,0
38927,-214,0,0
38928,-216,0,0
38929,-218,0,0
38930,-220,0,0
38931,-222,0,0
38932,-223,0,0
38933,-225,0,0
38934,-227,0,0
38935,-229,0,0
38936,-231,0,0
38937,-233,0,0
38938,-235,0,0
38939,-237,0,0
38940,-239,0,0
38941,-241,0,0
38942,-243,0,0
38943,-245,0,0
38944,-246,0,0
38945,-248,0,0
38946,-250,0,0
38947,-252,0,0
38948,-254,0,0
38949,-256,0,0
38950,-258,0,0
38951,-260,0,0
38952,-262,0,0
38953,-263,0,0
38954,-265,0,0
38955,-267,0,0
38956,-269,0,0
38957,-270,0,0
38958,-272,0,0
38959,-274,0,0
38960,-275,0,0
38961,-277,0,0
38962,-278,0,0
38963,-280,0,0
38964,-282,0,0
38965,-283,0,0
38966,-285,0,0
38967,-286,0,0
38968,-288,0,0
38969,-289,0,0
38970,-290,0,0
38971,-292,0,0
38972,-293,0,0
38973,-295,0,0
38974,-296,0,0
38975,-298,0,0
38976,-299,0,0
38977,-300,0,0
38978,-302,0,0
38979,-303,0,0
38980,-304,0,0
38981,-306,0,0
38982,-307,0,0
38983,-308,0,0
38984,-310,0,0
38985,-311,0,0
38986,-312,0,0
38987,-314,0,0
38988,-315,0,0
38989,-317,0,0
38990,-318,0,0
38991,-319,0,0
38992,-321,0,0
38993,-322,0,0
38994,-323,0,0
38995,-325,0,0
38996,-326,0,0
38997,-327,0,0
38998,-329,0,0
38999,-330,0,0
39000,-331,0,0
39001,-332,0,0
39002,-333,0,0
39003,-335,0,0
39004,-336,0,0
39005,-337,0,0
39006,-338,0,0
39007,-339,0,0
39008,-340,0,0
39009,-341,0,0
39010,-342,0,0
39011,-343,0,0
39012,-344,0,0
39013,-345,0,0
39014,-345,0,0
39015,-346,0,0
39016,-347,0,0
39017,-348,0,0
39018,-348,0,0
39019,-349,0,0
39020,-350,0,0
39021,-350,0,0
39022,-351,0,0
39023,-352,0,0
39024,-352,0,0
39025,-353,0,0
39026,-353,0,0
39027,-354,0,0
39028,-354,0,0
39029,-355,0,0
39030,-355,0,0
39031,-356,0,0
39032,-356,0,0
39033,-356,0,0
39034,-357,0,0
39035,-357,0,0
39036,-357,0,0
39037,-358,0,0
39038,-358,0,0
39039,-358,0,0
39040,-358,0,0
39041,-359,0,0
39042,-359,0,0
39043,-359,0,0
39044,-359,0,0
39045,-359,0,0
39046,-359,0,0
39047,-359,0,0
39048,-359,0,0
39049,-359,0,0
39050,-359,0,0
39051,-359,0,0
39052,-359,0,0
39053,-359,0,0
39054,-359,0,0
39055,-359,0,0
39056,-358,0,0
39057,-358,0,0
39058,-358,0,0
39059,-358,0,0
39060,-358,0,0
39061,-357,0,0
39062,-357,0,0
39063,-357,0,0
39064,-357,0,0
39065,-356,0,0
39066,-356,0,0
39067,-356,0,0
39068,-356,0,0
39069,-355,0,0
39070,-355,0,0
39071,-355,0,0
39072,-354,0,0
39073,-354,0,0
39074,-354,0,0
39075,-353,0,0
39076,-353,0,0
39077,-353,0,0
39078,-352,0,0
39079,-352,0,0
39080,-351,0,0
39081,-351,0,0
39082,-351,0,0
39083,-350,0,0
39084,-350,0,0
39085,-349,0,0
39086,-349,0,0
39087,-348,0,0
39088,-347,0,0
39089,-347,0,0
39090,-346,0,0
39091,-345,0,0
39092,-345,0,0
39093,-344,0,0
39094,-343,0,0
39095,-342,0,0
39096,-342,0,0
39097,-341,0,0
39098,-340,0,0
39099,-339,0,0
39100,-338,0,0
39101,-337,0,0
39102,-336,0,0
39103,-335,0,0
39104,-333,0,0
39105,-333,0,0
39106,-331,0,0
39107,-330,0,0
39108,-329,0,0
39109,-327,0,0
39110,-326,0,0
39111,-325,0,0
39112,-324,0,0
39113,-322,0,0
39114,-321,0,0
39115,-320,0,0
39116,-318,0,0
39117,-317,0,0
39118,-315,0,0
39119,-314,0,0
39120,-313,0,0
39121,-311,0,0
39122,-310,0,0
39123,-308,0,0
39124,-307,0,0
39125,-305,0,0
39126,-304,0,0
39127,-302,0,0
39128,-300,0,0
39129,-299,0,0
39130,-297,0,0
39131,-296,0,0
39132,-294,0,0
39133,-292,0,0
39134,-290,0,0
39135,-289,0,0
39136,-287,0,0
39137,-285,0,0
39138,-284,0,0
39139,-282,0,0
39140,-280,0,0
39141,-278,0,0
39142,-276,0,0
39143,-274,0,0
39144,-273,0,0
39145,-271,0,0
39146,-269,0,0
39147,-267,0,0
39148,-265,0,0
39149,-262,0,0
39150,-260,0,0
39151,-258,0,0
39152,-256,0,0
39153,-254,0,0
39154,-252,0,0
39155,-250,0,0
39156,-247,0,0
39157,-245,0,0
39158,-243,0,0
39159,-241,0,0
39160,-239,0,0
39161,-236,0,0
39162,-234,0,0
39163,-232,0,0
39164,-229,0,0
39165,-227,0,0
39166,-225,0,0
39167,-222,0,0
39168,-220,0,0
39169,-218,0,0
39170,-216,0,0
39171,-213,0,0
39172,-211,0,0
39173,-209,0,0
39174,-206,0,0
39175,-204,0,0
39176,-202,0,0
39177,-199,0,0
39178,-197,0,0
39179,-194,0,0
39180,-192,0,0
39181,-189,0,0
39182,-187,0,0
39183,-184,0,0
39184,-182,0,0
39185,-179,0,0
39186,-177,0,0
39187,-174,0,0
39188,-172,0,0
39189,-169,0,0
39190,-167,0,0
39191,-164,0,0
39192,-162,0,0
39193,-159,0,0
39194,-156,0,0
39195,-153,0,0
39196,-151,0,0
39197,-148,0,0
39198,-145,0,0
39199,-142,0,0
39200,-139,0,0
39201,-137,0,0
39202,-134,0,0
39203,-131,0,0
39204,-128,0,0
39205,-125,0,0
39206,-122,0,0
39207,-120,0,0
39208,-117,0,0
39209,-114,0,0
39210,-111,0,0
39211,-108,0,0
39212,-105,0,0
39213,-102,0,0
39214,-99,0,0
39215,-96,0,0
39216,-93,0,0
39217,-91,0,0
39218,-88,0,0
39219,-85,0,0
39220,-82,0,0
39221,-79,0,0
39222,-77,0,0
39223,-74,0,0
39224,-71,0,0
39225,-68,0,0
39226,-65,0,0
39227,-62,0,0
39228,-60,0,0
39229,-57,0,0
39230,-54,0,0
39231,-51,0,0
39232,-48,0,0
39233,-46,0,0
39234,-43,0,0
39235,-40,0,0
39236,-37,0,0
39237,-34,0,0
39238,-32,0,0
39239,-29,0,0
39240,-26,0,0
39241,-23,0,0
39242,-20,0,0
39243,-17,0,0
39244,-14,0,0
39245,-11,0,0
39246,-8,0,0
39247,-5,0,0
39248,-2,0,0
39249,1,0,0
39250,4,0,0
39251,7,0,0
39252,10,0,0
39253,13,0,0
39254,16,0,0
39255,19,0,0
39256,22,0,0
39257,25,0,0
39258,27,0,0
39259,30,0,0
39260,33,0,0
39261,36,0,0
39262,39,0,0
39263,42,0,0
39264,45,0,0
39265,48,0,0
39266,51,0,0
39267,54,0,0
39268,56,0,0
39269,59,0,0
39270,62,0,0
39271,65,0,0
39272,68,0,0
39273,70,0,0
39274,73,0,0
39275,76,0,0
39276,78,0,0
39277,81,0,0
39278,84,0,0
39279,87,0,0
39280,89,0,0
39281,92,0,0
39282,95,0,0
39283,97,0,0
39284,100,0,0
39285,103,0,0
39286,106,0,0
39287,108,0,0
39288,111,0,0
39289,114,0,0
39290,116,0,0
39291,119,0,0
39292,122,0,0
39293,124,0,0
39294,127,0,0
39295,130,0,0
39296,133,0,0
39297,135,0,0
39298,138,0,0
39299,141,0,0
39300,144,0,0
39301,146,0,0
39302,149,0,0
39303,152,0,0
39304,155,0,0
39305,157,0,0
39306,160,0,0
39307,163,0,0
39308,165,0,0
39309,168,0,0
39310,171,0,0
39311,174,0,0
39312,177,0,0
39313,179,0,0
39314,182,0,0
39315,185,0,0
39316,187,0,0
39317,190,0,0
39318,193,0,0
39319,195,0,0
39320,198,0,0
39321,201,0,0
39322,203,0,0
39323,206,0,0
39324,208,0,0
39325,211,0,0
39326,214,0,0
39327,216,0,0
39328,219,0,0
39329,221,0,0
39330,223,0,0
39331,226,0,0
39332,228,0,0
39333,230,0,0
39334,232,0,0
39335,234,0,0
39336,237,0,0
39337,239,0,0
39338,241,0,0
39339,243,0,0
39340,245,0,0
39341,247,0,0
39342,249,0,0
39343,251,0,0
39344,253,0,0
39345,255,0,0
39346,257,0,0
39347,258,0,0
39348,260,0,0
39349,262,0,0
39350,264,0,0
39351,266,0,0
39352,267,0,0
39353,269,0,0
39354,271,0,0
39355,273,0,0
39356,275,0,0
39357,276,0,0
39358,278,0,0
39359,280,0,0
39360,282,0,0
39361,284,0,0
39362,285,0,0
39363,287,0,0
39364,289,0,0
39365,290,0,0
39366,292,0,0
39367,294,0,0
39368,296,0,0
39369,297,0,0
39370,299,0,0
39371,301,0,0
39372,302,0,0
39373,304,0,0
39374,305,0,0
39375,307,0,0
39376,308,0,0
39377,310,0,0
39378,312,0,0
39379,313,0,0
39380,315,0,0
39381,316,0,0
39382,317,0,0
39383,319,0,0
39384,320,0,0
39385,321,0,0
39386,322,0,0
39387,324,0,0
39388,325,0,0
39389,326,0,0
39390,328,0,0
39391,329,0,0
39392,330,0,0
39393,331,0,0
39394,332,0,0
39395,333,0,0
39396,334,0,0
39397,335,0,0
39398,336,0,0
39399,337,0,0
39400,338,0,0
39401,339,0,0
39402,340,0,0
39403,341,0,0
39404,341,0,0
39405,342,0,0
39406,343,0,0
39407,344,0,0
39408,344,0,0
39409,345,0,0
39410,346,0,0
39411,347,0,0
39412,347,0,0
39413,348,0,0
39414,349,0,0
39415,349,0,0
39416,350,0,0
39417,350,0,0
39418,351,0,0
39419,352,0,0
39420,352,0,0
39421,353,0,0
39422,353,0,0
39423,354,0,0
39424,354,0,0
39425,355,0,0
39426,355,0,0
39427,356,0,0
39428,356,0,0
39429,357,0,0
39430,357,0,0
39431,357,0,0
39432,358,0,0
39433,358,0,0
39434,358,0,0
39435,359,0,0
39436,359,0,0
39437,359,0,0
39438,359,0,0
39439,359,0,0
39440,359,0,0
39441,359,0,0
39442,359,0,0
39443,359,0,0
39444,359,0,0
39445,359,0,0
39446,359,0,0
39447,358,0,0
39448,358,0,0
39449,358,0,0
39450,358,0,0
39451,357,0,0
39452,357,0,0
39453,356,0,0
39454,356,0,0
39455,356,0,0
39456,356,0,0
39457,355,0,0
39458,355,0,0
39459,355,0,0
39460,354,0,0
39461,354,0,0
39462,353,0,0
39463,353,0,0
39464,352,0,0
39465,352,0,0
39466,352,0,0
39467,351,0,0
39468,351,0,0
39469,350,0,0
39470,350,0,0
39471,350,0,0
39472,349,0,0
39473,349,0,0
39474,348,0,0
39475,348,0,0
39476,347,0,0
39477,347,0,0
39478,346,0,0
39479,345,0,0
39480,344,0,0
39481,344,0,0
39482,343,0,0
39483,342,0,0
39484,341,0,0
39485,341,0,0
39486,340,0,0
39487,339,0,0
39488,338,0,0
39489,337,0,0
39490,336,0,0
39491,335,0,0
39492,334,0,0
39493,333,0,0
39494,332,0,0
39495,331,0,0
39496,330,0,0
39497,328,0,0
39498,327,0,0
39499,326,0,0
39500,325,0,0
39501,324,0,0
39502,323,0,0
39503,321,0,0
39504,320,0,0
39505,319,0,0
39506,318,0,0
39507,316,0,0
39508,315,0,0
39509,314,0,0
39510,313,0,0
39511,311,0,0
39512,310,0,0
39513,309,0,0
39514,307,0,0
39515,306,0,0
39516,305,0,0
39517,303,0,0
39518,302,0,0
39519,301,0,0
39520,300,0,0
39521,298,0,0
39522,297,0,0
39523,295,0,0
39524,294,0,0
39525,292,0,0
39526,291,0,0
39527,289,0,0
39528,288,0,0
39529,286,0,0
39530,285,0,0
39531,283,0,0
39532,282,0,0
39533,280,0,0
39534,279,0,0
39535,277,0,0
39536,276,0,0
39537,274,0,0
39538,272,0,0
39539,271,0,0
39540,269,0,0
39541,267,0,0
39542,265,0,0
39543,264,0,0
39544,262,0,0
39545,260,0,0
39546,259,0,0
39547,257,0,0
39548,255,0,0
39549,253,0,0
39550,251,0,0
39551,250,0,0
39552,247,0,0
39553,246,0,0
39554,244,0,0
39555,242,0,0
39556,240,0,0
39557,238,0,0
39558,236,0,0
39559,234,0,0
39560,232,0,0
39561,231,0,0
39562,229,0,0
39563,227,0,0
39564,225,0,0
39565,223,0,0
39566,221,0,0
39567,219,0,0
39568,217,0,0
39569,215,0,0
39570,213,0,0
39571,211,0,0
39572,209,0,0
39573,207,0,0
39574,206,0,0
39575,203,0,0
39576,202,0,0
39577,200,0,0
39578,198,0,0
39579,196,0,0
39580,194,0,0
39581,192,0,0
39582,190,0,0
39583,188,0,0
39584,186,0,0
39585,184,0,0
39586,182,0,0
39587,180,0,0
39588,178,0,0
39589,177,0,0
39590,174,0,0
39591,172,0,0
39592,171,0,0
39593,169,0,0
39594,166,0,0
39595,164,0,0
39596,162,0,0
39597,160,0,0
39598,159,0,0
39599,156,0,0
39600,155,0,0
39601,152,0,0
39602,150,0,0
39603,148,0,0
39604,146,0,0
39605,144,0,0
39606,142,0,0
39607,140,0,0
39608,138,0,0
39609,136,0,0
39610,134,0,0
39611,132,0,0
39612,130,0,0
39613,128,0,0
39614,126,0,0
39615,124,0,0
39616,122,0,0
39617,120,0,0
39618,118,0,0
39619,116,0,0
39620,114,0,0
39621,112,0,0
39622,110,0,0
39623,108,0,0
39624,106,0,0
39625,104,0,0
39626,102,0,0
39627,99,0,0
39628,98,0,0
39629,96,0,0
39630,94,0,0
39631,92,0,0
39632,90,0,0
39633,88,0,0
39634,86,0,0
39635,84,0,0
39636,82,0,0
39637,80,0,0
39638,78,0,0
39639,76,0,0
39640,74,0,0
39641,72,0,0
39642,71,0,0
39643,69,0,0
39644,67,0,0
39645,65,0,0
39646,63,0,0
39647,61,0,0
39648,60,0,0
39649,58,0,0
39650,56,0,0
39651,54,0,0
39652,53,0,0
39653,51,0,0
39654,49,0,0
39655,47,0,0
39656,46,0,0
39657,44,0,0
39658,42,0,0
39659,40,0,0
39660,39,0,0
39661,37,0,0
39662,35,0,0
39663,33,0,0
39664,32,0,0
39665,30,0,0
39666,28,0,0
39667,27,0,0
39668,25,0,0
39669,24,0,0
39670,22,0,0
39671,20,0,0
39672,19,0,0
39673,17,0,0
39674,16,0,0
39675,14,0,0
39676,13,0,0
39677,11,0,0
39678,10,0,0
39679,8,0,0
39680,7,0,0
39681,5,0,0
39682,4,0,0
39683,3,0,0
39684,1,0,0
39685,0,0,0
39686,-2,0,0
39687,-3,0,0
39688,-4,0,0
39689,-6,0,0
39690,-7,0,0
39691,-8,0,0
39692,-10,0,0
39693,-11,0,0
39694,-12,0,0
39695,-14,0,0
39696,-15,0,0
39697,-17,0,0
39698,-18,0,0
39699,-19,0,0
39700,-21,0,0
39701,-22,0,0
39702,-23,0,0
39703,-25,0,0
39704,-26,0,0
39705,-27,0,0
39706,-29,0,0
39707,-30,0,0
39708,-31,0,0
39709,-32,0,0
39710,-34,0,0
39711,-35,0,0
39712,-36,0,0
39713,-37,0,0
39714,-38,0,0
39715,-39,0,0
39716,-40,0,0
39717,-41,0,0
39718,-42,0,0
39719,-43,0,0
39720,-44,0,0
39721,-45,0,0
39722,-46,0,0
39723,-47,0,0
39724,-48,0,0
39725,-48,0,0
39726,-49,0,0
39727,-50,0,0
39728,-51,0,0
39729,-52,0,0
39730,-52,0,0
39731,-53,0,0
39732,-54,0,0
39733,-55,0,0
39734,-56,0,0
39735,-56,0,0
39736,-57,0,0
39737,-58,0,0
39738,-59,0,0
39739,-60,0,0
39740,-60,0,0
39741,-61,0,0
39742,-62,0,0
39743,-63,0,0
39744,-64,0,0
39745,-64,0,0
39746,-65,0,0
39747,-66,0,0
39748,-66,0,0
39749,-67,0,0
39750,-68,0,0
39751,-69,0,0
39752,-69,0,0
39753,-70,0,0
39754,-70,0,0
39755,-71,0,0
39756,-71,0,0
39757,-71,0,0
39758,-72,0,0
39759,-72,0,0
39760,-72,0,0
39761,-73,0,0
39762,-73,0,0
39763,-73,0,0
39764,-74,0,0
39765,-74,0,0
39766,-74,0,0
39767,-74,0,0
39768,-74,0,0
39769,-75,0,0
39770,-75,0,0
39771,-75,0,0
39772,-75,0,0
39773,-75,0,0
39774,-75,0,0
39775,-75,0,0
39776,-75,0,0
39777,-75,0,0
39778,-75,0,0
39779,-75,0,0
39780,-75,0,0
39781,-76,0,0
39782,-76,0,0
39783,-76,0,0
39784,-76,0,0
39785,-76,0,0
39786,-76,0,0
39787,-75,0,0
39788,-75,0,0
39789,-75,0,0
39790,-75,0,0
39791,-75,0,0
39792,-75,0,0
39793,-75,0,0
39794,-75,0,0
39795,-75,0,0
39796,-74,0,0
39797,-74,0,0
39798,-74,0,0
39799,-74,0,0
39800,-74,0,0
39801,-73,0,0
39802,-73,0,0
39803,-73,0,0
39804,-72,0,0
39805,-72,0,0
39806,-72,0,0
39807,-72,0,0
39808,-71,0,0
39809,-71,0,0
39810,-70,0,0
39811,-70,0,0
39812,-70,0,0
39813,-69,0,0
39814,-69,0,0
39815,-68,0,0
39816,-68,0,0
39817,-68,0,0
39818,-67,0,0
39819,-67,0,0
39820,-66,0,0
39821,-66,0,0
39822,-65,0,0
39823,-65,0,0
39824,-64,0,0
39825,-63,0,0
39826,-63,0,0
39827,-62,0,0
39828,-62,0,0
39829,-61,0,0
39830,-61,0,0
39831,-60,0,0
39832,-59,0,0
39833,-59,0,0
39834,-58,0,0
39835,-57,0,0
39836,-57,0,0
39837,-56,0,0
39838,-55,0,0
39839,-55,0,0
39840,-54,0,0
39841,-53,0,0
39842,-52,0,0
39843,-52,0,0
39844,-51,0,0
39845,-50,0,0
39846,-50,0,0
39847,-49,0,0
39848,-48,0,0
39849,-47,0,0
39850,-46,0,0
39851,-46,0,0
39852,-45,0,0
39853,-44,0,0
39854,-43,0,0
39855,-43,0,0
39856,-42,0,0
39857,-41,0,0
39858,-41,0,0
39859,-40,0,0
39860,-39,0,0
39861,-38,0,0
39862,-37,0,0
39863,-36,0,0
39864,-36,0,0
39865,-35,0,0
39866,-34,0,0
39867,-33,0,0
39868,-32,0,0
39869,-31,0,0
39870,-30,0,0
39871,-29,0,0
39872,-29,0,0
39873,-27,0,0
39874,-27,0,0
39875,-25,0,0
39876,-24,0,0
39877,-23,0,0
39878,-23,0,0
39879,-22,0,0
39880,-21,0,0
39881,-20,0,0
39882,-19,0,0
39883,-18,0,0
39884,-17,0,0
39885,-16,0,0
39886,-15,0,0
39887,-14,0,0
39888,-13,0,0
39889,-12,0,0
39890,-11,0,0
39891,-10,0,0
39892,-10,0,0
39893,-9,0,0
39894,-8,0,0
39895,-7,0,0
39896,-6,0,0
39897,-5,0,0
39898,-5,0,0
39899,-4,0,0
39900,-3,0,0
39901,-2,0,0
39902,-1,0,0
39903,0,0,0
39904,1,0,0
39905,1,0,0
39906,2,0,0
39907,3,0,0
39908,4,0,0
39909,5,0,0
39910,6,0,0
39911,7,0,0
39912,8,0,0
39913,9,0,0
39914,10,0,0
39915,11,0,0
39916,12,0,0
39917,13,0,0
39918,14,0,0
39919,15,0,0
39920,16,0,0
39921,18,0,0
39922,19,0,0
39923,20,0,0
39924,21,0,0
39925,22,0,0
39926,23,0,0
39927,24,0,0
39928,25,0,0
39929,26,0,0
39930,27,0,0
39931,28,0,0
39932,29,0,0
39933,30,0,0
39934,31,0,0
39935,32,0,0
39936,33,0,0
39937,34,0,0
39938,35,0,0
39939,35,0,0
39940,36,0,0
39941,37,0,0
39942,38,0,0
39943,39,0,0
39944,39,0,0
39945,40,0,0
39946,41,0,0
39947,41,0,0
39948,42,0,0
39949,43,0,0
39950,43,0,0
39951,44,0,0
39952,45,0,0
39953,46,0,0
39954,46,0,0
39955,47,0,0
39956,48,0,0
39957,48,0,0
39958,49,0,0
39959,50,0,0
39960,50,0,0
39961,51,0,0
39962,52,0,0
39963,53,0,0
39964,53,0,0
39965,54,0,0
39966,55,0,0
39967,56,0,0
39968,56,0,0
39969,57,0,0
39970,58,0,0
39971,59,0,0
39972,59,0,0
39973,60,0,0
39974,61,0,0
39975,61,0,0
39976,62,0,0
39977,63,0,0
39978,63,0,0
39979,64,0,0
39980,64,0,0
39981,65,0,0
39982,66,0,0
39983,66,0,0
39984,67,0,0
39985,67,0,0
39986,67,0,0
39987,68,0,0
39988,68,0,0
39989,68,0,0
39990,69,0,0
39991,69,0,0
39992,69,0,0
39993,70,0,0
39994,70,0,0
39995,70,0,0
39996,70,0,0
39997,70,0,0
39998,70,0,0
39999,71,0,0
40000,71,0,0
40001,71,0,0
40002,71,0,0
40003,71,0,0
40004,72,0,0
40005,72,0,0
40006,72,0,0
40007,72,0,0
40008,72,0,0
40009,72,0,0
40010,73,0,0
40011,73,0,0
40012,73,0,0
40013,73,0,0
40014,73,0,0
40015,74,0,0
40016,74,0,0
40017,74,0,0
40018,74,0,0
40019,74,0,0
40020,74,0,0
40021,75,0,0
40022,75,0,0
40023,74,0,0
40024,75,0,0
40025,75,0,0
40026,75,0,0
40027,75,0,0
40028,74,0,0
40029,74,0,0
40030,74,0,0
40031,74,0,0
40032,74,0,0
40033,74,0,0
40034,73,0,0
40035,73,0,0
40036,73,0,0
40037,73,0,0
40038,72,0,0
40039,72,0,0
40040,71,0,0
40041,71,0,0
40042,71,0,0
40043,70,0,0
40044,70,0,0
40045,69,0,0
40046,69,0,0
40047,68,0,0
40048,68,0,0
40049,67,0,0
40050,67,0,0
40051,67,0,0
40052,66,0,0
40053,66,0,0
40054,65,0,0
40055,65,0,0
40056,64,0,0
40057,63,0,0
40058,63,0,0
40059,62,0,0
40060,62,0,0
40061,61,0,0
40062,61,0,0
40063,60,0,0
40064,60,0,0
40065,59,0,0
40066,58,0,0
40067,58,0,0
40068,57,0,0
40069,56,0,0
40070,56,0,0
40071,55,0,0
40072,54,0,0
40073,54,0,0
40074,53,0,0
40075,52,0,0
40076,51,0,0
40077,51,0,0
40078,50,0,0
40079,49,0,0
40080,48,0,0
40081,47,0,0
40082,46,0,0
40083,45,0,0
40084,44,0,0
40085,44,0,0
40086,42,0,0
40087,42,0,0
40088,40,0,0
40089,39,0,0
40090,38,0,0
40091,37,0,0
40092,36,0,0
40093,35,0,0
40094,34,0,0
40095,33,0,0
40096,32,0,0
40097,30,0,0
40098,29,0,0
40099,28,0,0
40100,27,0,0
40101,25,0,0
40102,24,0,0
40103,23,0,0
40104,22,0,0
40105,20,0,0
40106,19,0,0
40107,18,0,0
40108,17,0,0
40109,15,0,0
40110,14,0,0
40111,13,0,0
40112,11,0,0
40113,10,0,0
40114,9,0,0
40115,7,0,0
40116,6,0,0
40117,4,0,0
40118,3,0,0
40119,1,0,0
40120,0,0,0
40121,-2,0,0
40122,-4,0,0
40123,-5,0,0
40124,-7,0,0
40125,-9,0,0
40126,-10,0,0
40127,-12,0,0
40128,-14,0,0
40129,-15,0,0
40130,-17,0,0
40131,-19,0,0
40132,-21,0,0
40133,-22,0,0
40134,-24,0,0
40135,-26,0,0
40136,-28,0,0
40137,-30,0,0
40138,-31,0,0
40139,-33,0,0
40140,-35,0,0
40141,-36,0,0
40142,-38,0,0
40143,-40,0,0
40144,-41,0,0
40145,-43,0,0
40146,-45,0,0
40147,-46,0,0
40148,-48,0,0
40149,-49,0,0
40150,-51,0,0
40151,-52,0,0
40152,-54,0,0
40153,-55,0,0
40154,-57,0,0
40155,-59,0,0
40156,-60,0,0
40157,-62,0,0
40158,-63,0,0
40159,-65,0,0
40160,-67,0,0
40161,-68,0,0
40162,-70,0,0
40163,-72,0,0
40164,-74,0,0
40165,-76,0,0
40166,-78,0,0
40167,-80,0,0
40168,-82,0,0
40169,-84,0,0
40170,-86,0,0
40171,-88,0,0
40172,-90,0,0
40173,-92,0,0
40174,-95,0,0
40175,-97,0,0
40176,-99,0,0
40177,-102,0,0
40178,-104,0,0
40179,-106,0,0
40180,-108,0,0
40181,-110,0,0
40182,-113,0,0
40183,-115,0,0
40184,-117,0,0
40185,-119,0,0
40186,-122,0,0
40187,-124,0,0
40188,-126,0,0
40189,-128,0,0
40190,-130,0,0
40191,-132,0,0
40192,-134,0,0
40193,-136,0,0
40194,-137,0,0
40195,-139,0,0
40196,-141,0,0
40197,-143,0,0
40198,-145,0,0
40199,-147,0,0
40200,-148,0,0
40201,-150,0,0
40202,-152,0,0
40203,-154,0,0
40204,-156,0,0
40205,-157,0,0
40206,-159,0,0
40207,-161,0,0
40208,-163,0,0
40209,-165,0,0
40210,-167,0,0
40211,-169,0,0
40212,-171,0,0
40213,-173,0,0
40214,-175,0,0
40215,-177,0,0
40216,-179,0,0
40217,-181,0,0
40218,-183,0,0
40219,-185,0,0
40220,-187,0,0
40221,-190,0,0
40222,-192,0,0
40223,-194,0,0
40224,-196,0,0
40225,-198,0,0
40226,-200,0,0
40227,-202,0,0
40228,-205,0,0
40229,-207,0,0
40230,-209,0,0
40231,-210,0,0
40232,-213,0,0
40233,-215,0,0
40234,-217,0,0
40235,-219,0,0
40236,-221,0,0
40237,-222,0,0
40238,-224,0,0
40239,-226,0,0
40240,-228,0,0
40241,-230,0,0
40242,-232,0,0
40243,-234,0,0
40244,-235,0,0
40245,-237,0,0
40246,-239,0,0
40247,-240,0,0
40248,-242,0,0
40249,-244,0,0
40250,-245,0,0
40251,-247,0,0
40252,-249,0,0
40253,-250,0,0
40254,-252,0,0
40255,-254,0,0
40256,-255,0,0
40257,-257,0,0
40258,-259,0,0
40259,-260,0,0
40260,-262,0,0
40261,-264,0,0
40262,-265,0,0
40263,-267,0,0
40264,-269,0,0
40265,-271,0,0
40266,-272,0,0
40267,-274,0,0
40268,-276,0,0
40269,-277,0,0
40270,-279,0,0
40271,-281,0,0
40272,-282,0,0
40273,-284,0,0
40274,-286,0,0
40275,-287,0,0
40276,-289,0,0
40277,-291,0,0
40278,-292,0,0
40279,-294,0,0
40280,-296,0,0
40281,-297,0,0
40282,-298,0,0
40283,-300,0,0
40284,-302,0,0
40285,-303,0,0
40286,-304,0,0
40287,-306,0,0
40288,-307,0,0
40289,-309,0,0
40290,-310,0,0
40291,-311,0,0
40292,-313,0,0
40293,-314,0,0
40294,-315,0,0
40295,-317,0,0
40296,-318,0,0
40297,-319,0,0
40298,-320,0,0
40299,-321,0,0
40300,-322,0,0
40301,-324,0,0
40302,-325,0,0
40303,-326,0,0
40304,-327,0,0
40305,-328,0,0
40306,-329,0,0
40307,-330,0,0
40308,-331,0,0
40309,-331,0,0
40310,-333,0,0
40311,-334,0,0
40312,-335,0,0
40313,-335,0,0
40314,-336,0,0
40315,-337,0,0
40316,-338,0,0
40317,-338,0,0
40318,-339,0,0
40319,-340,0,0
40320,-341,0,0
40321,-342,0,0
40322,-342,0,0
40323,-343,0,0
40324,-344,0,0
40325,-344,0,0
40326,-345,0,0
40327,-346,0,0
40328,-347,0,0
40329,-347,0,0
40330,-348,0,0
40331,-349,0,0
40332,-349,0,0
40333,-350,0,0
40334,-351,0,0
40335,-351,0,0
40336,-352,0,0
40337,-353,0,0
40338,-354,0,0
40339,-354,0,0
40340,-355,0,0
40341,-355,0,0
40342,-356,0,0
40343,-357,0,0
40344,-357,0,0
40345,-358,0,0
40346,-358,0,0
40347,-359,0,0
40348,-359,0,0
40349,-359,0,0
40350,-360,0,0
40351,-360,0,0
40352,-360,0,0
40353,-361,0,0
40354,-361,0,0
40355,-361,0,0
40356,-361,0,0
40357,-361,0,0
40358,-361,0,0
40359,-361,0,0
40360,-361,0,0
40361,-361,0,0
40362,-361,0,0
40363,-361,0,0
40364,-361,0,0
40365,-360,0,0
40366,-360,0,0
40367,-360,0,0
40368,-360,0,0
40369,-360,0,0
40370,-360,0,0
40371,-359,0,0
40372,-359,0,0
40373,-359,0,0
40374,-358,0,0
40375,-358,0,0
40376,-358,0,0
40377,-357,0,0
40378,-357,0,0
40379,-356,0,0
40380,-356,0,0
40381,-356,0,0
40382,-355,0,0
40383,-355,0,0
40384,-355,0,0
40385,-354,0,0
40386,-354,0,0
40387,-353,0,0
40388,-353,0,0
40389,-352,0,0
40390,-352,0,0
40391,-351,0,0
40392,-350,0,0
40393,-350,0,0
40394,-349,0,0
40395,-348,0,0
40396,-347,0,0
40397,-347,0,0
40398,-346,0,0
40399,-345,0,0
40400,-344,0,0
40401,-343,0,0
40402,-342,0,0
40403,-341,0,0
40404,-340,0,0
40405,-339,0,0
40406,-338,0,0
40407,-337,0,0
40408,-336,0,0
40409,-335,0,0
40410,-334,0,0
40411,-333,0,0
40412,-331,0,0
40413,-330,0,0
40414,-328,0,0
40415,-327,0,0
40416,-326,0,0
40417,-325,0,0
40418,-323,0,0
40419,-322,0,0
40420,-321,0,0
40421,-319,0,0
40422,-318,0,0
40423,-316,0,0
40424,-315,0,0
40425,-313,0,0
40426,-312,0,0
40427,-310,0,0
40428,-309,0,0
40429,-307,0,0
40430,-305,0,0
40431,-304,0,0
40432,-302,0,0
40433,-300,0,0
40434,-299,0,0
40435,-297,0,0
40436,-295,0,0
40437,-293,0,0
40438,-292,0,0
40439,-290,0,0
40440,-288,0,0
40441,-286,0,0
40442,-285,0,0
40443,-283,0,0
40444,-281,0,0
40445,-279,0,0
40446,-277,0,0
40447,-276,0,0
40448,-274,0,0
40449,-272,0,0
40450,-270,0,0
40451,-268,0,0
40452,-267,0,0
40453,-265,0,0
40454,-263,0,0
40455,-261,0,0
40456,-259,0,0
40457,-258,0,0
40458,-256,0,0
40459,-254,0,0
40460,-252,0,0
40461,-250,0,0
40462,-248,0,0
40463,-246,0,0
40464,-244,0,0
40465,-242,0,0
40466,-240,0,0
40467,-238,0,0
40468,-236,0,0
40469,-234,0,0
40470,-231,0,0
40471,-229,0,0
40472,-227,0,0
40473,-225,0,0
40474,-222,0,0
40475,-220,0,0
40476,-217,0,0
40477,-215,0,0
40478,-213,0,0
40479,-210,0,0
40480,-208,0,0
40481,-205,0,0
40482,-203,0,0
40483,-200,0,0
40484,-198,0,0
40485,-195,0,0
40486,-193,0,0
40487,-190,0,0
40488,-188,0,0
40489,-185,0,0
40490,-183,0,0
40491,-180,0,0
40492,-177,0,0
40493,-175,0,0
40494,-172,0,0
40495,-170,0,0
40496,-167,0,0
40497,-165,0,0
40498,-162,0,0
40499,-159,0,0
40500,-157,0,0
40501,-154,0,0
40502,-151,0,0
40503,-149,0,0
40504,-146,0,0
40505,-144,0,0
40506,-141,0,0
40507,-138,0,0
40508,-136,0,0
40509,-133,0,0
40510,-130,0,0
40511,-128,0,0
40512,-125,0,0
40513,-122,0,0
40514,-119,0,0
40515,-117,0,0
40516,-114,0,0
40517,-111,0,0
40518,-108,0,0
40519,-106,0,0
40520,-103,0,0
40521,-100,0,0
40522,-97,0,0
40523,-94,0,0
40524,-91,0,0
40525,-89,0,0
40526,-86,0,0
40527,-82,0,0
40528,-80,0,0
40529,-77,0,0
40530,-74,0,0
40531,-71,0,0
40532,-68,0,0
40533,-65,0,0
40534,-62,0,0
40535,-59,0,0
40536,-56,0,0
40537,-53,0,0
40538,-50,0,0
40539,-47,0,0
40540,-44,0,0
40541,-41,0,0
40542,-38,0,0
40543,-35,0,0
40544,-32,0,0
40545,-29,0,0
40546,-26,0,0
40547,-23,0,0
40548,-20,0,0
40549,-16,0,0
40550,-14,0,0
40551,-10,0,0
40552,-8,0,0
40553,-5,0,0
40554,-2,0,0
40555,1,0,0
40556,4,0,0
40557,7,0,0
40558,10,0,0
40559,13,0,0
40560,15,0,0
40561,18,0,0
40562,21,0,0
40563,24,0,0
40564,26,0,0
40565,30,0,0
40566,32,0,0
40567,35,0,0
40568,38,0,0
40569,41,0,0
40570,43,0,0
40571,46,0,0
40572,49,0,0
40573,52,0,0
40574,55,0,0
40575,57,0,0
40576,60,0,0
40577,63,0,0
40578,66,0,0
40579,69,0,0
40580,72,0,0
40581,75,0,0
40582,78,0,0
40583,81,0,0
40584,84,0,0
40585,87,0,0
40586,90,0,0
40587,93,0,0
40588,96,0,0
40589,99,0,0
40590,102,0,0
40591,105,0,0
40592,108,0,0
40593,111,0,0
40594,114,0,0
40595,117,0,0
40596,120,0,0
40597,123,0,0
40598,125,0,0
40599,128,0,0
40600,131,0,0
40601,133,0,0
40602,136,0,0
40603,139,0,0
40604,142,0,0
40605,144,0,0
40606,147,0,0
40607,149,0,0
40608,152,0,0
40609,154,0,0
40610,157,0,0
40611,159,0,0
40612,162,0,0
40613,164,0,0
40614,167,0,0
40615,169,0,0
40616,172,0,0
40617,174,0,0
40618,177,0,0
40619,179,0,0
40620,181,0,0
40621,184,0,0
40622,186,0,0
40623,189,0,0
40624,192,0,0
40625,194,0,0
40626,197,0,0
40627,199,0,0
40628,202,0,0
40629,205,0,0
40630,207,0,0
40631,210,0,0
40632,212,0,0
40633,215,0,0
40634,217,0,0
40635,220,0,0
40636,222,0,0
40637,224,0,0
40638,227,0,0
40639,229,0,0
40640,231,0,0
40641,234,0,0
40642,236,0,0
40643,238,0,0
40644,240,0,0
40645,242,0,0
40646,244,0,0
40647,246,0,0
40648,248,0,0
40649,250,0,0
40650,252,0,0
40651,254,0,0
40652,255,0,0
40653,257,0,0
40654,259,0,0
40655,261,0,0
40656,262,0,0
40657,264,0,0
40658,266,0,0
40659,268,0,0
40660,269,0,0
40661,271,0,0
40662,273,0,0
40663,275,0,0
40664,277,0,0
40665,278,0,0
40666,280,0,0
40667,282,0,0
40668,284,0,0
40669,286,0,0
40670,288,0,0
40671,290,0,0
40672,292,0,0
40673,294,0,0
40674,296,0,0
40675,297,0,0
40676,299,0,0
40677,301,0,0
40678,303,0,0
40679,305,0,0
40680,307,0,0
40681,309,0,0
40682,310,0,0
40683,312,0,0
40684,314,0,0
40685,316,0,0
40686,317,0,0
40687,319,0,0
40688,320,0,0
40689,321,0,0
40690,323,0,0
40691,324,0,0
40692,325,0,0
40693,326,0,0
40694,327,0,0
40695,328,0,0
40696,329,0,0
40697,330,0,0
40698,331,0,0
40699,331,0,0
40700,332,0,0
40701,333,0,0
40702,334,0,0
40703,335,0,0
40704,335,0,0
40705,336,0,0
40706,337,0,0
40707,338,0,0
40708,338,0,0
40709,339,0,0
40710,340,0,0
40711,341,0,0
40712,341,0,0
40713,342,0,0
40714,343,0,0
40715,344,0,0
40716,345,0,0
40717,345,0,0
40718,346,0,0
40719,347,0,0
40720,348,0,0
40721,348,0,0
40722,349,0,0
40723,350,0,0
40724,351,0,0
40725,352,0,0
40726,352,0,0
40727,353,0,0
40728,354,0,0
40729,354,0,0
40730,355,0,0
40731,355,0,0
40732,355,0,0
40733,356,0,0
40734,356,0,0
40735,357,0,0
40736,357,0,0
40737,357,0,0
40738,357,0,0
40739,358,0,0
40740,358,0,0
40741,358,0,0
40742,358,0,0
40743,358,0,0
40744,358,0,0
40745,358,0,0
40746,358,0,0
40747,358,0,0
40748,358,0,0
40749,358,0,0
40750,358,0,0
40751,358,0,0
40752,358,0,0
40753,358,0,0
40754,358,0,0
40755,358,0,0
40756,358,0,0
40757,358,0,0
40758,358,0,0
40759,358,0,0
40760,358,0,0
40761,357,0,0
40762,357,0,0
40763,357,0,0
40764,357,0,0
40765,357,0,0
40766,356,0,0
40767,356,0,0
40768,356,0,0
40769,356,0,0
40770,355,0,0
40771,355,0,0
40772,355,0,0
40773,354,0,0
40774,354,0,0
40775,353,0,0
40776,353,0,0
40777,352,0,0
40778,352,0,0
40779,351,0,0
40780,350,0,0
40781,349,0,0
40782,349,0,0
40783,348,0,0
40784,347,0,0
40785,346,0,0
40786,345,0,0
40787,345,0,0
40788,344,0,0
40789,343,0,0
40790,342,0,0
40791,341,0,0
40792,340,0,0
40793,339,0,0
40794,338,0,0
40795,337,0,0
40796,336,0,0
40797,334,0,0
40798,333,0,0
40799,332,0,0
40800,331,0,0
40801,330,0,0
40802,329,0,0
40803,328,0,0
40804,327,0,0
40805,326,0,0
40806,325,0,0
40807,323,0,0
40808,322,0,0
40809,321,0,0
40810,320,0,0
40811,319,0,0
40812,318,0,0
40813,317,0,0
40814,316,0,0
40815,314,0,0
40816,313,0,0
40817,312,0,0
40818,311,0,0
40819,310,0,0
40820,309,0,0
40821,307,0,0
40822,306,0,0
40823,305,0,0
40824,304,0,0
40825,303,0,0
40826,301,0,0
40827,300,0,0
40828,298,0,0
40829,297,0,0
40830,295,0,0
40831,294,0,0
40832,293,0,0
40833,291,0,0
40834,290,0,0
40835,288,0,0
40836,286,0,0
40837,285,0,0
40838,283,0,0
40839,281,0,0
40840,280,0,0
40841,278,0,0
40842,276,0,0
40843,274,0,0
40844,273,0,0
40845,271,0,0
40846,269,0,0
40847,267,0,0
40848,265,0,0
40849,263,0,0
40850,262,0,0
40851,260,0,0
40852,258,0,0
40853,256,0,0
40854,254,0,0
40855,252,0,0
40856,250,0,0
40857,248,0,0
40858,246,0,0
40859,244,0,0
40860,243,0,0
40861,241,0,0
40862,239,0,0
40863,237,0,0
40864,235,0,0
40865,233,0,0
40866,231,0,0
40867,229,0,0
40868,228,0,0
40869,226,0,0
40870,224,0,0
40871,222,0,0
40872,220,0,0
40873,218,0,0
40874,216,0,0
40875,215,0,0
40876,213,0,0
40877,211,0,0
40878,209,0,0
40879,207,0,0
40880,205,0,0
40881,203,0,0
40882,201,0,0
40883,200,0,0
40884,198,0,0
40885,196,0,0
40886,194,0,0
40887,192,0,0
40888,191,0,0
40889,189,0,0
40890,187,0,0
40891,185,0,0
40892,183,0,0
40893,181,0,0
40894,179,0,0
40895,178,0,0
40896,176,0,0
40897,174,0,0
40898,172,0,0
40899,170,0,0
40900,168,0,0
40901,166,0,0
40902,164,0,0
40903,162,0,0
40904,160,0,0
40905,158,0,0
40906,156,0,0
40907,154,0,0
40908,152,0,0
40909,150,0,0
40910,148,0,0
40911,146,0,0
40912,144,0,0
40913,142,0,0
40914,139,0,0
40915,137,0,0
40916,135,0,0
40917,133,0,0
40918,131,0,0
40919,129,0,0
40920,126,0,0
40921,124,0,0
40922,122,0,0
40923,120,0,0
40924,118,0,0
40925,116,0,0
40926,113,0,0
40927,111,0,0
40928,109,0,0
40929,107,0,0
40930,105,0,0
40931,103,0,0
40932,101,0,0
40933,98,0,0
40934,97,0,0
40935,94,0,0
40936,93,0,0
40937,90,0,0
40938,89,0,0
40939,87,0,0
40940,85,0,0
40941,83,0,0
40942,81,0,0
40943,79,0,0
40944,77,0,0
40945,76,0,0
40946,74,0,0
40947,72,0,0
40948,70,0,0
40949,69,0,0
40950,67,0,0
40951,65,0,0
40952,63,0,0
40953,62,0,0
40954,60,0,0
40955,58,0,0
40956,57,0,0
40957,55,0,0
40958,53,0,0
40959,52,0,0
40960,50,0,0
40961,48,0,0
40962,47,0,0
40963,45,0,0
40964,43,0,0
40965,42,0,0
40966,40,0,0
40967,38,0,0
40968,36,0,0
40969,35,0,0
40970,33,0,0
40971,31,0,0
40972,29,0,0
40973,28,0,0
40974,26,0,0
40975,24,0,0
40976,22,0,0
40977,21,0,0
40978,19,0,0
40979,17,0,0
40980,15,0,0
40981,14,0,0
40982,12,0,0
40983,10,0,0
40984,9,0,0
40985,7,0,0
40986,5,0,0
40987,3,0,0
40988,2,0,0
40989,0,0,0
40990,-2,0,0
40991,-3,0,0
40992,-5,0,0
40993,-6,0,0
40994,-8,0,0
40995,-9,0,0
40996,-11,0,0
40997,-12,0,0
40998,-14,0,0
40999,-15,0,0
41000,-16,0,0
41001,-18,0,0
41002,-19,0,0
41003,-20,0,0
41004,-22,0,0
41005,-23,0,0
41006,-24,0,0
41007,-26,0,0
41008,-27,0,0
41009,-28,0,0
41010,-29,0,0
41011,-30,0,0
41012,-31,0,0
41013,-32,0,0
41014,-33,0,0
41015,-34,0,0
41016,-35,0,0
41017,-36,0,0
41018,-37,0,0
41019,-38,0,0
41020,-39,0,0
41021,-39,0,0
41022,-40,0,0
41023,-41,0,0
41024,-42,0,0
41025,-43,0,0
41026,-44,0,0
41027,-45,0,0
41028,-45,0,0
41029,-46,0,0
41030,-47,0,0
41031,-48,0,0
41032,-49,0,0
41033,-49,0,0
41034,-50,0,0
41035,-51,0,0
41036,-51,0,0
41037,-52,0,0
41038,-53,0,0
41039,-54,0,0
41040,-55,0,0
41041,-56,0,0
41042,-56,0,0
41043,-57,0,0
41044,-58,0,0
41045,-59,0,0
41046,-60,0,0
41047,-60,0,0
41048,-61,0,0
41049,-62,0,0
41050,-63,0,0
41051,-63,0,0
41052,-64,0,0
41053,-65,0,0
41054,-66,0,0
41055,-66,0,0
41056,-67,0,0
41057,-67,0,0
41058,-68,0,0
41059,-69,0,0
41060,-69,0,0
41061,-70,0,0
41062,-70,0,0
41063,-71,0,0
41064,-71,0,0
41065,-72,0,0
41066,-72,0,0
41067,-72,0,0
41068,-73,0,0
41069,-73,0,0
41070,-73,0,0
41071,-74,0,0
41072,-74,0,0
41073,-74,0,0
41074,-74,0,0
41075,-74,0,0
41076,-74,0,0
41077,-75,0,0
41078,-75,0,0
41079,-75,0,0
41080,-75,0,0
41081,-75,0,0
41082,-75,0,0
41083,-75,0,0
41084,-75,0,0
41085,-75,0,0
41086,-75,0,0
41087,-75,0,0
41088,-76,0,0
41089,-76,0,0
41090,-76,0,0
41091,-76,0,0
41092,-76,0,0
41093,-76,0,0
41094,-76,0,0
41095,-76,0,0
41096,-76,0,0
41097,-76,0,0
41098,-76,0,0
41099,-76,0,0
41100,-76,0,0
41101,-76,0,0
41102,-76,0,0
41103,-76,0,0
41104,-76,0,0
41105,-76,0,0
41106,-76,0,0
41107,-75,0,0
41108,-75,0,0
41109,-75,0,0
41110,-75,0,0
41111,-75,0,0
41112,-74,0,0
41113,-74,0,0
41114,-73,0,0
41115,-73,0,0
41116,-73,0,0
41117,-72,0,0
41118,-72,0,0
41119,-71,0,0
41120,-71,0,0
41121,-70,0,0
41122,-70,0,0
41123,-69,0,0
41124,-69,0,0
41125,-68,0,0
41126,-68,0,0
41127,-67,0,0
41128,-66,0,0
41129,-66,0,0
41130,-65,0,0
41131,-64,0,0
41132,-64,0,0
41133,-63,0,0
41134,-62,0,0
41135,-62,0,0
41136,-61,0,0
41137,-60,0,0
41138,-59,0,0
41139,-59,0,0
41140,-58,0,0
41141,-57,0,0
41142,-56,0,0
41143,-55,0,0
41144,-55,0,0
41145,-54,0,0
41146,-53,0,0
41147,-52,0,0
41148,-51,0,0
41149,-51,0,0
41150,-50,0,0
41151,-49,0,0
41152,-48,0,0
41153,-48,0,0
41154,-47,0,0
41155,-46,0,0
41156,-46,0,0
41157,-45,0,0
41158,-44,0,0
41159,-44,0,0
41160,-43,0,0
41161,-42,0,0
41162,-42,0,0
41163,-41,0,0
41164,-41,0,0
41165,-40,0,0
41166,-40,0,0
41167,-39,0,0
41168,-38,0,0
41169,-38,0,0
41170,-37,0,0
41171,-36,0,0
41172,-36,0,0
41173,-35,0,0
41174,-34,0,0
41175,-34,0,0
41176,-33,0,0
41177,-32,0,0
41178,-31,0,0
41179,-30,0,0
41180,-29,0,0
41181,-28,0,0
41182,-27,0,0
41183,-27,0,0
41184,-25,0,0
41185,-24,0,0
41186,-23,0,0
41187,-22,0,0
41188,-21,0,0
41189,-20,0,0
41190,-19,0,0
41191,-17,0,0
41192,-16,0,0
41193,-15,0,0
41194,-14,0,0
41195,-12,0,0
41196,-11,0,0
41197,-10,0,0
41198,-9,0,0
41199,-8,0,0
41200,-7,0,0
41201,-6,0,0
41202,-5,0,0
41203,-4,0,0
41204,-3,0,0
41205,-1,0,0
41206,0,0,0
41207,1,0,0
41208,2,0,0
41209,3,0,0
41210,4,0,0
41211,5,0,0
41212,5,0,0
41213,6,0,0
41214,7,0,0
41215,8,0,0
41216,9,0,0
41217,10,0,0
41218,11,0,0
41219,12,0,0
41220,13,0,0
41221,14,0,0
41222,15,0,0
41223,16,0,0
41224,17,0,0
41225,18,0,0
41226,19,0,0
41227,20,0,0
41228,20,0,0
41229,21,0,0
41230,22,0,0
41231,23,0,0
41232,24,0,0
41233,25,0,0
41234,26,0,0
41235,27,0,0
41236,28,0,0
41237,28,0,0
41238,29,0,0
41239,30,0,0
41240,31,0,0
41241,31,0,0
41242,32,0,0
41243,33,0,0
41244,34,0,0
41245,35,0,0
41246,36,0,0
41247,36,0,0
41248,37,0,0
41249,38,0,0
41250,39,0,0
41251,39,0,0
41252,40,0,0
41253,41,0,0
41254,41,0,0
41255,42,0,0
41256,43,0,0
41257,44,0,0
41258,45,0,0
41259,45,0,0
41260,46,0,0
41261,47,0,0
41262,47,0,0
41263,48,0,0
41264,49,0,0
41265,49,0,0
41266,50,0,0
41267,51,0,0
41268,51,0,0
41269,52,0,0
41270,53,0,0
41271,53,0,0
41272,54,0,0
41273,55,0,0
41274,55,0,0
41275,56,0,0
41276,57,0,0
41277,57,0,0
41278,58,0,0
41279,58,0,0
41280,59,0,0
41281,60,0,0
41282,60,0,0
41283,61,0,0
41284,61,0,0
41285,62,0,0
41286,62,0,0
41287,63,0,0
41288,64,0,0
41289,65,0,0
41290,65,0,0
41291,66,0,0
41292,66,0,0
41293,67,0,0
41294,67,0,0
41295,68,0,0
41296,69,0,0
41297,69,0,0
41298,70,0,0
41299,70,0,0
41300,71,0,0
41301,71,0,0
41302,71,0,0
41303,72,0,0
41304,72,0,0
41305,72,0,0
41306,73,0,0
41307,73,0,0
41308,73,0,0
41309,74,0,0
41310,74,0,0
41311,74,0,0
41312,74,0,0
41313,74,0,0
41314,75,0,0
41315,75,0,0
41316,75,0,0
41317,75,0,0
41318,75,0,0
41319,75,0,0
41320,75,0,0
41321,75,0,0
41322,75,0,0
41323,75,0,0
41324,74,0,0
41325,74,0,0
41326,74,0,0
41327,74,0,0
41328,74,0,0
41329,74,0,0
41330,74,0,0
41331,73,0,0
41332,73,0,0
41333,73,0,0
41334,73,0,0
41335,73,0,0
41336,72,0,0
41337,72,0,0
41338,72,0,0
41339,72,0,0
41340,71,0,0
41341,71,0,0
41342,71,0,0
41343,71,0,0
41344,70,0,0
41345,70,0,0
41346,70,0,0
41347,70,0,0
41348,69,0,0
41349,69,0,0
41350,69,0,0
41351,68,0,0
41352,68,0,0
41353,68,0,0
41354,67,0,0
41355,67,0,0
41356,67,0,0
41357,66,0,0
41358,66,0,0
41359,65,0,0
41360,65,0,0
41361,65,0,0
41362,64,0,0
41363,64,0,0
41364,64,0,0
41365,63,0,0
41366,62,0,0
41367,62,0,0
41368,61,0,0
41369,61,0,0
41370,60,0,0
41371,59,0,0
41372,59,0,0
41373,58,0,0
41374,57,0,0
41375,57,0,0
41376,56,0,0
41377,55,0,0
41378,55,0,0
41379,54,0,0
41380,53,0,0
41381,52,0,0
41382,51,0,0
41383,50,0,0
41384,49,0,0
41385,49,0,0
41386,48,0,0
41387,47,0,0
41388,46,0,0
41389,45,0,0
41390,44,0,0
41391,42,0,0
41392,41,0,0
41393,40,0,0
41394,39,0,0
41395,38,0,0
41396,37,0,0
41397,36,0,0
41398,35,0,0
41399,33,0,0
41400,32,0,0
41401,31,0,0
41402,29,0,0
41403,28,0,0
41404,27,0,0
41405,26,0,0
41406,24,0,0
41407,23,0,0
41408,22,0,0
41409,20,0,0
41410,19,0,0
41411,18,0,0
41412,16,0,0
41413,15,0,0
41414,13,0,0
41415,12,0,0
41416,11,0,0
41417,10,0,0
41418,8,0,0
41419,7,0,0
41420,5,0,0
41421,4,0,0
41422,3,0,0
41423,1,0,0
41424,0,0,0
41425,-1,0,0
41426,-3,0,0
41427,-4,0,0
41428,-6,0,0
41429,-7,0,0
41430,-8,0,0
41431,-10,0,0
41432,-11,0,0
41433,-13,0,0
41434,-14,0,0
41435,-16,0,0
41436,-17,0,0
41437,-19,0,0
41438,-20,0,0
41439,-22,0,0
41440,-23,0,0
41441,-25,0,0
41442,-27,0,0
41443,-28,0,0
41444,-30,0,0
41445,-32,0,0
41446,-33,0,0
41447,-35,0,0
41448,-37,0,0
41449,-39,0,0
41450,-40,0,0
41451,-42,0,0
41452,-44,0,0
41453,-46,0,0
41454,-48,0,0
41455,-50,0,0
41456,-52,0,0
41457,-54,0,0
41458,-55,0,0
41459,-57,0,0
41460,-59,0,0
41461,-61,0,0
41462,-63,0,0
41463,-64,0,0
41464,-66,0,0
41465,-68,0,0
41466,-70,0,0
41467,-72,0,0
41468,-73,0,0
41469,-75,0,0
41470,-77,0,0
41471,-79,0,0
41472,-81,0,0
41473,-82,0,0
41474,-84,0,0
41475,-86,0,0
41476,-88,0,0
41477,-90,0,0
41478,-91,0,0
41479,-93,0,0
41480,-95,0,0
41481,-97,0,0
41482,-99,0,0
41483,-101,0,0
41484,-103,0,0
41485,-105,0,0
41486,-107,0,0
41487,-109,0,0
41488,-111,0,0
41489,-113,0,0
41490,-115,0,0
41491,-117,0,0
41492,-119,0,0
41493,-121,0,0
41494,-123,0,0
41495,-125,0,0
41496,-127,0,0
41497,-129,0,0
41498,-131,0,0
41499,-134,0,0
41500,-136,0,0
41501,-138,0,0
41502,-140,0,0
41503,-142,0,0
41504,-144,0,0
41505,-146,0,0
41506,-148,0,0
41507,-150,0,0
41508,-153,0,0
41509,-155,0,0
41510,-157,0,0
41511,-159,0,0
41512,-161,0,0
41513,-163,0,0
41514,-165,0,0
41515,-167,0,0
41516,-170,0,0
41517,-172,0,0
41518,-174,0,0
41519,-176,0,0
41520,-178,0,0
41521,-180,0,0
41522,-182,0,0
41523,-184,0,0
41524,-186,0,0
41525,-188,0,0
41526,-190,0,0
41527,-192,0,0
41528,-194,0,0
41529,-197,0,0
41530,-199,0,0
41531,-201,0,0
41532,-203,0,0
41533,-205,0,0
41534,-207,0,0
41535,-208,0,0
41536,-210,0,0
41537,-212,0,0
41538,-214,0,0
41539,-216,0,0
41540,-218,0,0
41541,-219,0,0
41542,-221,0,0
41543,-223,0,0
41544,-225,0,0
41545,-226,0,0
41546,-228,0,0
41547,-230,0,0
41548,-231,0,0
41549,-233,0,0
41550,-235,0,0
41551,-236,0,0
41552,-238,0,0
41553,-240,0,0
41554,-242,0,0
41555,-243,0,0
41556,-245,0,0
41557,-247,0,0
41558,-248,0,0
41559,-250,0,0
41560,-252,0,0
41561,-254,0,0
41562,-256,0,0
41563,-258,0,0
41564,-259,0,0
41565,-261,0,0
41566,-263,0,0
41567,-265,0,0
41568,-267,0,0
41569,-269,0,0
41570,-271,0,0
41571,-273,0,0
41572,-275,0,0
41573,-277,0,0
41574,-279,0,0
41575,-280,0,0
41576,-283,0,0
41577,-284,0,0
41578,-286,0,0
41579,-288,0,0
41580,-290,0,0
41581,-291,0,0
41582,-293,0,0
41583,-294,0,0
41584,-296,0,0
41585,-298,0,0
41586,-299,0,0
41587,-300,0,0
41588,-302,0,0
41589,-303,0,0
41590,-305,0,0
41591,-306,0,0
41592,-307,0,0
41593,-308,0,0
41594,-310,0,0
41595,-311,0,0
41596,-312,0,0
41597,-313,0,0
41598,-314,0,0
41599,-315,0,0
41600,-316,0,0
41601,-318,0,0
41602,-319,0,0
41603,-320,0,0
41604,-321,0,0
41605,-322,0,0
41606,-323,0,0
41607,-324,0,0
41608,-325,0,0
41609,-326,0,0
41610,-327,0,0
41611,-328,0,0
41612,-329,0,0
41613,-330,0,0
41614,-331,0,0
41615,-332,0,0
41616,-333,0,0
41617,-334,0,0
41618,-335,0,0
41619,-336,0,0
41620,-336,0,0
41621,-337,0,0
41622,-338,0,0
41623,-340,0,0
41624,-341,0,0
41625,-341,0,0
41626,-342,0,0
41627,-343,0,0
41628,-344,0,0
41629,-345,0,0
41630,-346,0,0
41631,-347,0,0
41632,-348,0,0
41633,-349,0,0
41634,-350,0,0
41635,-351,0,0
41636,-351,0,0
41637,-352,0,0
41638,-353,0,0
41639,-354,0,0
41640,-354,0,0
41641,-355,0,0
41642,-355,0,0
41643,-356,0,0
41644,-357,0,0
41645,-357,0,0
41646,-358,0,0
41647,-358,0,0
41648,-359,0,0
41649,-359,0,0
41650,-359,0,0
41651,-360,0,0
41652,-360,0,0
41653,-360,0,0
41654,-360,0,0
41655,-360,0,0
41656,-361,0,0
41657,-361,0,0
41658,-361,0,0
41659,-361,0,0
41660,-361,0,0
41661,-361,0,0
41662,-361,0,0
41663,-361,0,0
41664,-361,0,0
41665,-361,0,0
41666,-360,0,0
41667,-360,0,0
41668,-360,0,0
41669,-360,0,0
41670,-360,0,0
41671,-360,0,0
41672,-360,0,0
41673,-360,0,0
41674,-360,0,0
41675,-360,0,0
41676,-359,0,0
41677,-359,0,0
41678,-359,0,0
41679,-359,0,0
41680,-359,0,0
41681,-359,0,0
41682,-358,0,0
41683,-358,0,0
41684,-358,0,0
41685,-357,0,0
41686,-357,0,0
41687,-357,0,0
41688,-356,0,0
41689,-356,0,0
41690,-355,0,0
41691,-355,0,0
41692,-354,0,0
41693,-354,0,0
41694,-353,0,0
41695,-352,0,0
41696,-352,0,0
41697,-351,0,0
41698,-350,0,0
41699,-349,0,0
41700,-348,0,0
41701,-347,0,0
41702,-346,0,0
41703,-346,0,0
41704,-345,0,0
41705,-344,0,0
41706,-343,0,0
41707,-342,0,0
41708,-341,0,0
41709,-340,0,0
41710,-339,0,0
41711,-337,0,0
41712,-336,0,0
41713,-335,0,0
41714,-334,0,0
41715,-333,0,0
41716,-332,0,0
41717,-331,0,0
41718,-330,0,0
41719,-329,0,0
41720,-328,0,0
41721,-326,0,0
41722,-325,0,0
41723,-324,0,0
41724,-323,0,0
41725,-322,0,0
41726,-320,0,0
41727,-319,0,0
41728,-318,0,0
41729,-317,0,0
41730,-316,0,0
41731,-314,0,0
41732,-313,0,0
41733,-311,0,0
41734,-310,0,0
41735,-309,0,0
41736,-307,0,0
41737,-306,0,0
41738,-304,0,0
41739,-303,0,0
41740,-301,0,0
41741,-299,0,0
41742,-298,0,0
41743,-296,0,0
41744,-294,0,0
41745,-293,0,0
41746,-291,0,0
41747,-289,0,0
41748,-288,0,0
41749,-286,0,0
41750,-284,0,0
41751,-282,0,0
41752,-280,0,0
41753,-278,0,0
41754,-276,0,0
41755,-274,0,0
41756,-272,0,0
41757,-270,0,0
41758,-268,0,0
41759,-266,0,0
41760,-264,0,0
41761,-262,0,0
41762,-260,0,0
41763,-258,0,0
41764,-256,0,0
41765,-254,0,0
41766,-252,0,0
41767,-250,0,0
41768,-247,0,0
41769,-245,0,0
41770,-243,0,0
41771,-241,0,0
41772,-239,0,0
41773,-237,0,0
41774,-235,0,0
41775,-232,0,0
41776,-230,0,0
41777,-228,0,0
41778,-226,0,0
41779,-223,0,0
41780,-221,0,0
41781,-219,0,0
41782,-217,0,0
41783,-214,0,0
41784,-212,0,0
41785,-210,0,0
41786,-207,0,0
41787,-205,0,0
41788,-203,0,0
41789,-200,0,0
41790,-198,0,0
41791,-195,0,0
41792,-193,0,0
41793,-190,0,0
41794,-188,0,0
41795,-185,0,0
41796,-183,0,0
41797,-180,0,0
41798,-178,0,0
41799,-175,0,0
41800,-173,0,0
41801,-170,0,0
41802,-168,0,0
41803,-165,0,0
41804,-162,0,0
41805,-160,0,0
41806,-157,0,0
41807,-154,0,0
41808,-152,0,0
41809,-149,0,0
41810,-146,0,0
41811,-144,0,0
41812,-141,0,0
41813,-139,0,0
41814,-136,0,0
41815,-133,0,0
41816,-130,0,0
41817,-128,0,0
41818,-125,0,0
41819,-122,0,0
41820,-120,0,0
41821,-117,0,0
41822,-114,0,0
41823,-112,0,0
41824,-109,0,0
41825,-106,0,0
41826,-103,0,0
41827,-100,0,0
41828,-98,0,0
41829,-95,0,0
41830,-92,0,0
41831,-89,0,0
41832,-86,0,0
41833,-83,0,0
41834,-80,0,0
41835,-78,0,0
41836,-75,0,0
41837,-72,0,0
41838,-69,0,0
41839,-66,0,0
41840,-63,0,0
41841,-60,0,0
41842,-57,0,0
41843,-54,0,0
41844,-51,0,0
41845,-48,0,0
41846,-45,0,0
41847,-42,0,0
41848,-39,0,0
41849,-36,0,0
41850,-33,0,0
41851,-30,0,0
41852,-27,0,0
41853,-24,0,0
41854,-21,0,0
41855,-19,0,0
41856,-16,0,0
41857,-13,0,0
41858,-10,0,0
41859,-7,0,0
41860,-4,0,0
41861,-1,0,0
41862,2,0,0
41863,5,0,0
41864,8,0,0
41865,11,0,0
41866,14,0,0
41867,17,0,0
41868,20,0,0
41869,23,0,0
41870,26,0,0
41871,29,0,0
41872,32,0,0
41873,35,0,0
41874,38,0,0
41875,41,0,0
41876,44,0,0
41877,47,0,0
41878,50,0,0
41879,53,0,0
41880,56,0,0
41881,59,0,0
41882,62,0,0
41883,65,0,0
41884,68,0,0
41885,70,0,0
41886,73,0,0
41887,76,0,0
41888,79,0,0
41889,82,0,0
41890,85,0,0
41891,87,0,0
41892,90,0,0
41893,93,0,0
41894,96,0,0
41895,98,0,0
41896,101,0,0
41897,103,0,0
41898,106,0,0
41899,109,0,0
41900,112,0,0
41901,114,0,0
41902,117,0,0
41903,119,0,0
41904,122,0,0
41905,125,0,0
41906,127,0,0
41907,130,0,0
41908,133,0,0
41909,135,0,0
41910,138,0,0
41911,141,0,0
41912,144,0,0
41913,147,0,0
41914,149,0,0
41915,152,0,0
41916,155,0,0
41917,157,0,0
41918,160,0,0
41919,163,0,0
41920,166,0,0
41921,168,0,0
41922,171,0,0
41923,174,0,0
41924,177,0,0
41925,179,0,0
41926,182,0,0
41927,185,0,0
41928,187,0,0
41929,190,0,0
41930,192,0,0
41931,195,0,0
41932,197,0,0
41933,200,0,0
41934,202,0,0
41935,205,0,0
41936,207,0,0
41937,209,0,0
41938,212,0,0
41939,214,0,0
41940,216,0,0
41941,219,0,0
41942,221,0,0
41943,223,0,0
41944,225,0,0
41945,228,0,0
41946,230,0,0
41947,232,0,0
41948,234,0,0
41949,236,0,0
41950,239,0,0
41951,241,0,0
41952,243,0,0
41953,245,0,0
41954,247,0,0
41955,249,0,0
41956,251,0,0
41957,254,0,0
41958,255,0,0
41959,258,0,0
41960,260,0,0
41961,262,0,0
41962,264,0,0
41963,266,0,0
41964,268,0,0
41965,270,0,0
41966,272,0,0
41967,274,0,0
41968,275,0,0
41969,277,0,0
41970,279,0,0
41971,281,0,0
41972,283,0,0
41973,285,0,0
41974,287,0,0
41975,288,0,0
41976,290,0,0
41977,292,0,0
41978,293,0,0
41979,295,0,0
41980,297,0,0
41981,298,0,0
41982,300,0,0
41983,302,0,0
41984,303,0,0
41985,305,0,0
41986,306,0,0
41987,308,0,0
41988,309,0,0
41989,311,0,0
41990,312,0,0
41991,314,0,0
41992,315,0,0
41993,316,0,0
41994,318,0,0
41995,319,0,0
41996,320,0,0
41997,321,0,0
41998,322,0,0
41999,324,0,0
42000,325,0,0
42001,326,0,0
42002,327,0,0
42003,328,0,0
42004,329,0,0
42005,330,0,0
42006,331,0,0
42007,332,0,0
42008,333,0,0
42009,334,0,0
42010,334,0,0
42011,335,0,0
42012,336,0,0
42013,337,0,0
42014,338,0,0
42015,339,0,0
42016,340,0,0
42017,340,0,0
42018,341,0,0
42019,342,0,0
42020,343,0,0
42021,343,0,0
42022,344,0,0
42023,345,0,0
42024,346,0,0
42025,346,0,0
42026,347,0,0
42027,348,0,0
42028,348,0,0
42029,349,0,0
42030,350,0,0
42031,350,0,0
42032,351,0,0
42033,351,0,0
42034,352,0,0
42035,352,0,0
42036,353,0,0
42037,353,0,0
42038,353,0,0
42039,354,0,0
42040,354,0,0
42041,355,0,0
42042,355,0,0
42043,355,0,0
42044,356,0,0
42045,356,0,0
42046,356,0,0
42047,356,0,0
42048,357,0,0
42049,357,0,0
42050,357,0,0
42051,357,0,0
42052,358,0,0
42053,358,0,0
42054,358,0,0
42055,358,0,0
42056,358,0,0
42057,358,0,0
42058,358,0,0
42059,358,0,0
42060,358,0,0
42061,359,0,0
42062,359,0,0
42063,359,0,0
42064,359,0,0
42065,359,0,0
42066,358,0,0
42067,358,0,0
42068,358,0,0
42069,358,0,0
42070,358,0,0
42071,358,0,0
42072,357,0,0
42073,357,0,0
42074,357,0,0
42075,357,0,0
42076,356,0,0
42077,356,0,0
42078,355,0,0
42079,355,0,0
42080,354,0,0
42081,353,0,0
42082,353,0,0
42083,352,0,0
42084,351,0,0
42085,351,0,0
42086,350,0,0
42087,349,0,0
42088,348,0,0
42089,347,0,0
42090,346,0,0
42091,346,0,0
42092,345,0,0
42093,344,0,0
42094,343,0,0
42095,342,0,0
42096,341,0,0
42097,340,0,0
42098,339,0,0
42099,338,0,0
42100,338,0,0
42101,337,0,0
42102,336,0,0
42103,335,0,0
42104,334,0,0
42105,333,0,0
42106,332,0,0
42107,332,0,0
42108,331,0,0
42109,330,0,0
42110,329,0,0
42111,328,0,0
42112,327,0,0
42113,326,0,0
42114,325,0,0
42115,323,0,0
42116,322,0,0
42117,321,0,0
42118,320,0,0
42119,319,0,0
42120,317,0,0
42121,316,0,0
42122,315,0,0
42123,313,0,0
42124,312,0,0
42125,311,0,0
42126,309,0,0
42127,308,0,0
42128,306,0,0
42129,305,0,0
42130,303,0,0
42131,301,0,0
42132,300,0,0
42133,298,0,0
42134,297,0,0
42135,295,0,0
42136,293,0,0
42137,292,0,0
42138,290,0,0
42139,289,0,0
42140,287,0,0
42141,286,0,0
42142,284,0,0
42143,282,0,0
42144,281,0,0
42145,279,0,0
42146,278,0,0
42147,276,0,0
42148,274,0,0
42149,273,0,0
42150,271,0,0
42151,270,0,0
42152,268,0,0
42153,266,0,0
42154,265,0,0
42155,263,0,0
42156,261,0,0
42157,260,0,0
42158,258,0,0
42159,256,0,0
42160,254,0,0
42161,253,0,0
42162,251,0,0
42163,249,0,0
42164,247,0,0
42165,245,0,0
42166,243,0,0
42167,242,0,0
42168,240,0,0
42169,238,0,0
42170,236,0,0
42171,234,0,0
42172,233,0,0
42173,231,0,0
42174,229,0,0
42175,227,0,0
42176,225,0,0
42177,224,0,0
42178,222,0,0
42179,220,0,0
42180,218,0,0
42181,216,0,0
42182,215,0,0
42183,213,0,0
42184,211,0,0
42185,209,0,0
42186,207,0,0
42187,205,0,0
42188,204,0,0
42189,202,0,0
42190,200,0,0
42191,198,0,0
42192,196,0,0
42193,194,0,0
42194,192,0,0
42195,190,0,0
42196,188,0,0
42197,186,0,0
42198,184,0,0
42199,182,0,0
42200,180,0,0
42201,178,0,0
42202,176,0,0
42203,173,0,0
42204,171,0,0
42205,169,0,0
42206,167,0,0
42207,165,0,0
42208,163,0,0
42209,161,0,0
42210,159,0,0
42211,157,0,0
42212,154,0,0
42213,152,0,0
42214,150,0,0
42215,148,0,0
42216,146,0,0
42217,144,0,0
42218,142,0,0
42219,140,0,0
42220,138,0,0
42221,136,0,0
42222,134,0,0
42223,132,0,0
42224,130,0,0
42225,129,0,0
42226,127,0,0
42227,125,0,0
42228,123,0,0
42229,121,0,0
42230,118,0,0
42231,117,0,0
42232,115,0,0
42233,113,0,0
42234,111,0,0
42235,109,0,0
42236,107,0,0
42237,105,0,0
42238,103,0,0
42239,100,0,0
42240,99,0,0
42241,97,0,0
42242,94,0,0
42243,93,0,0
42244,90,0,0
42245,88,0,0
42246,86,0,0
42247,85,0,0
42248,82,0,0
42249,81,0,0
42250,79,0,0
42251,77,0,0
42252,75,0,0
42253,73,0,0
42254,71,0,0
42255,69,0,0
42256,67,0,0
42257,66,0,0
42258,64,0,0
42259,62,0,0
42260,61,0,0
42261,59,0,0
42262,57,0,0
42263,56,0,0
42264,54,0,0
42265,52,0,0
42266,51,0,0
42267,49,0,0
42268,48,0,0
42269,46,0,0
42270,44,0,0
42271,43,0,0
42272,41,0,0
42273,39,0,0
42274,38,0,0
42275,36,0,0
42276,34,0,0
42277,32,0,0
42278,31,0,0
42279,29,0,0
42280,27,0,0
42281,26,0,0
42282,24,0,0
42283,22,0,0
42284,20,0,0
42285,19,0,0
42286,17,0,0
42287,15,0,0
42288,13,0,0
42289,12,0,0
42290,10,0,0
42291,8,0,0
42292,7,0,0
42293,5,0,0
42294,3,0,0
42295,2,0,0
42296,0,0,0
42297,-1,0,0
42298,-3,0,0
42299,-4,0,0
42300,-5,0,0
42301,-7,0,0
42302,-8,0,0
42303,-10,0,0
42304,-11,0,0
42305,-12,0,0
42306,-14,0,0
42307,-15,0,0
42308,-16,0,0
42309,-18,0,0
42310,-19,0,0
42311,-20,0,0
42312,-22,0,0
42313,-23,0,0
42314,-24,0,0
42315,-26,0,0
42316,-27,0,0
42317,-28,0,0
42318,-30,0,0
42319,-31,0,0
42320,-32,0,0
42321,-33,0,0
42322,-34,0,0
42323,-36,0,0
42324,-37,0,0
42325,-38,0,0
42326,-39,0,0
42327,-41,0,0
42328,-42,0,0
42329,-43,0,0
42330,-44,0,0
42331,-45,0,0
42332,-46,0,0
42333,-47,0,0
42334,-48,0,0
42335,-49,0,0
42336,-50,0,0
42337,-50,0,0
42338,-51,0,0
42339,-52,0,0
42340,-53,0,0
42341,-54,0,0
42342,-54,0,0
42343,-55,0,0
42344,-56,0,0
42345,-57,0,0
42346,-57,0,0
42347,-58,0,0
42348,-59,0,0
42349,-59,0,0
42350,-60,0,0
42351,-61,0,0
42352,-62,0,0
42353,-63,0,0
42354,-63,0,0
42355,-64,0,0
42356,-65,0,0
42357,-66,0,0
42358,-67,0,0
42359,-67,0,0
42360,-68,0,0
42361,-69,0,0
42362,-69,0,0
42363,-70,0,0
42364,-71,0,0
42365,-72,0,0
42366,-72,0,0
42367,-73,0,0
42368,-73,0,0
42369,-74,0,0
42370,-74,0,0
42371,-75,0,0
42372,-75,0,0
42373,-76,0,0
42374,-76,0,0
42375,-76,0,0
42376,-77,0,0
42377,-76,0,0
42378,-77,0,0
42379,-77,0,0
42380,-77,0,0
42381,-77,0,0
42382,-77,0,0
42383,-77,0,0
42384,-77,0,0
42385,-77,0,0
42386,-77,0,0
42387,-77,0,0
42388,-76,0,0
42389,-76,0,0
42390,-76,0,0
42391,-76,0,0
42392,-76,0,0
42393,-76,0,0
42394,-76,0,0
42395,-76,0,0
42396,-76,0,0
42397,-76,0,0
42398,-76,0,0
42399,-76,0,0
42400,-76,0,0
42401,-76,0,0
42402,-76,0,0
42403,-76,0,0
42404,-76,0,0
42405,-76,0,0
42406,-76,0,0
42407,-76,0,0
42408,-76,0,0
42409,-75,0,0
42410,-75,0,0
42411,-75,0,0
42412,-75,0,0
42413,-75,0,0
42414,-74,0,0
42415,-74,0,0
42416,-74,0,0
42417,-73,0,0
42418,-73,0,0
42419,-73,0,0
42420,-72,0,0
42421,-72,0,0
42422,-71,0,0
42423,-71,0,0
42424,-70,0,0
42425,-70,0,0
42426,-69,0,0
42427,-69,0,0
42428,-68,0,0
42429,-67,0,0
42430,-67,0,0
42431,-67,0,0
42432,-66,0,0
42433,-66,0,0
42434,-65,0,0
42435,-64,0,0
42436,-64,0,0
42437,-63,0,0
42438,-63,0,0
42439,-62,0,0
42440,-62,0,0
42441,-61,0,0
42442,-61,0,0
42443,-60,0,0
42444,-60,0,0
42445,-59,0,0
42446,-59,0,0
42447,-58,0,0
42448,-58,0,0
42449,-57,0,0
42450,-56,0,0
42451,-56,0,0
42452,-55,0,0
42453,-55,0,0
42454,-54,0,0
42455,-53,0,0
42456,-53,0,0
42457,-52,0,0
42458,-51,0,0
42459,-51,0,0
42460,-50,0,0
42461,-49,0,0
42462,-48,0,0
42463,-47,0,0
42464,-47,0,0
42465,-46,0,0
42466,-45,0,0
42467,-44,0,0
42468,-43,0,0
42469,-42,0,0
42470,-41,0,0
42471,-41,0,0
42472,-40,0,0
42473,-39,0,0
42474,-38,0,0
42475,-37,0,0
42476,-36,0,0
42477,-35,0,0
42478,-35,0,0
42479,-34,0,0
42480,-33,0,0
42481,-32,0,0
42482,-31,0,0
42483,-30,0,0
42484,-29,0,0
42485,-29,0,0
42486,-28,0,0
42487,-27,0,0
42488,-26,0,0
42489,-25,0,0
42490,-24,0,0
42491,-23,0,0
42492,-22,0,0
42493,-21,0,0
42494,-20,0,0
42495,-19,0,0
42496,-18,0,0
42497,-17,0,0
42498,-16,0,0
42499,-15,0,0
42500,-14,0,0
42501,-13,0,0
42502,-12,0,0
42503,-11,0,0
42504,-10,0,0
42505,-9,0,0
42506,-8,0,0
42507,-7,0,0
42508,-6,0,0
42509,-6,0,0
42510,-5,0,0
42511,-4,0,0
42512,-3,0,0
42513,-2,0,0
42514,-1,0,0
42515,0,0,0
42516,1,0,0
42517,1,0,0
42518,2,0,0
42519,3,0,0
42520,4,0,0
42521,5,0,0
42522,5,0,0
42523,6,0,0
42524,7,0,0
42525,8,0,0
42526,9,0,0
42527,10,0,0
42528,11,0,0
42529,12,0,0
42530,13,0,0
42531,14,0,0
42532,15,0,0
42533,16,0,0
42534,17,0,0
42535,18,0,0
42536,19,0,0
42537,21,0,0
42538,22,0,0
42539,23,0,0
42540,24,0,0
42541,26,0,0
42542,27,0,0
42543,28,0,0
42544,29,0,0
42545,30,0,0
42546,32,0,0
42547,33,0,0
42548,34,0,0
42549,35,0,0
42550,36,0,0
42551,37,0,0
42552,38,0,0
42553,39,0,0
42554,40,0,0
42555,41,0,0
42556,42,0,0
42557,43,0,0
42558,43,0,0
42559,44,0,0
42560,45,0,0
42561,45,0,0
42562,46,0,0
42563,47,0,0
42564,47,0,0
42565,48,0,0
42566,48,0,0
42567,49,0,0
42568,49,0,0
42569,50,0,0
42570,50,0,0
42571,50,0,0
42572,51,0,0
42573,51,0,0
42574,52,0,0
42575,52,0,0
42576,53,0,0
42577,53,0,0
42578,54,0,0
42579,54,0,0
42580,55,0,0
42581,56,0,0
42582,56,0,0
42583,57,0,0
42584,57,0,0
42585,58,0,0
42586,59,0,0
42587,59,0,0
42588,60,0,0
42589,61,0,0
42590,61,0,0
42591,62,0,0
42592,63,0,0
42593,63,0,0
42594,64,0,0
42595,64,0,0
42596,65,0,0
42597,66,0,0
42598,66,0,0
42599,67,0,0
42600,67,0,0
42601,68,0,0
42602,68,0,0
42603,69,0,0
42604,69,0,0
42605,70,0,0
42606,70,0,0
42607,71,0,0
42608,71,0,0
42609,71,0,0
42610,72,0,0
42611,72,0,0
42612,72,0,0
42613,73,0,0
42614,73,0,0
42615,73,0,0
42616,74,0,0
42617,74,0,0
42618,74,0,0
42619,74,0,0
42620,75,0,0
42621,75,0,0
42622,75,0,0
42623,75,0,0
42624,75,0,0
42625,76,0,0
42626,76,0,0
42627,76,0,0
42628,76,0,0
42629,76,0,0
42630,76,0,0
42631,76,0,0
42632,76,0,0
42633,76,0,0
42634,76,0,0
42635,76,0,0
42636,76,0,0
42637,76,0,0
42638,75,0,0
42639,75,0,0
42640,75,0,0
42641,75,0,0
42642,74,0,0
42643,74,0,0
42644,74,0,0
42645,74,0,0
42646,73,0,0
42647,73,0,0
42648,73,0,0
42649,72,0,0
42650,72,0,0
42651,72,0,0
42652,71,0,0
42653,71,0,0
42654,70,0,0
42655,70,0,0
42656,70,0,0
42657,70,0,0
42658,69,0,0
42659,69,0,0
42660,68,0,0
42661,68,0,0
42662,67,0,0
42663,67,0,0
42664,67,0,0
42665,66,0,0
42666,66,0,0
42667,65,0,0
42668,65,0,0
42669,64,0,0
42670,64,0,0
42671,63,0,0
42672,63,0,0
42673,62,0,0
42674,62,0,0
42675,61,0,0
42676,60,0,0
42677,60,0,0
42678,59,0,0
42679,58,0,0
42680,57,0,0
42681,57,0,0
42682,56,0,0
42683,55,0,0
42684,55,0,0
42685,54,0,0
42686,53,0,0
42687,52,0,0
42688,51,0,0
42689,50,0,0
42690,49,0,0
42691,49,0,0
42692,48,0,0
42693,47,0,0
42694,46,0,0
42695,45,0,0
42696,44,0,0
42697,43,0,0
42698,42,0,0
42699,41,0,0
42700,41,0,0
42701,40,0,0
42702,39,0,0
42703,38,0,0
42704,37,0,0
42705,36,0,0
42706,35,0,0
42707,34,0,0
42708,33,0,0
42709,32,0,0
42710,31,0,0
42711,29,0,0
42712,28,0,0
42713,27,0,0
42714,26,0,0
42715,25,0,0
42716,23,0,0
42717,22,0,0
42718,21,0,0
42719,20,0,0
42720,18,0,0
42721,17,0,0
42722,16,0,0
42723,14,0,0
42724,13,0,0
42725,11,0,0
42726,10,0,0
42727,8,0,0
42728,7,0,0
42729,5,0,0
42730,4,0,0
42731,2,0,0
42732,1,0,0
42733,-1,0,0
42734,-3,0,0
42735,-4,0,0
42736,-6,0,0
42737,-8,0,0
42738,-9,0,0
42739,-11,0,0
42740,-13,0,0
42741,-14,0,0
42742,-16,0,0
42743,-18,0,0
42744,-19,0,0
42745,-21,0,0
42746,-23,0,0
42747,-24,0,0
42748,-26,0,0
42749,-28,0,0
42750,-29,0,0
42751,-31,0,0
42752,-33,0,0
42753,-35,0,0
42754,-37,0,0
42755,-38,0,0
42756,-40,0,0
42757,-42,0,0
42758,-44,0,0
42759,-45,0,0
42760,-47,0,0
42761,-49,0,0
42762,-51,0,0
42763,-52,0,0
42764,-54,0,0
42765,-56,0,0
42766,-58,0,0
42767,-60,0,0
42768,-61,0,0
42769,-63,0,0
42770,-65,0,0
42771,-67,0,0
42772,-69,0,0
42773,-70,0,0
42774,-73,0,0
42775,-75,0,0
42776,-76,0,0
42777,-78,0,0
42778,-80,0,0
42779,-82,0,0
42780,-84,0,0
42781,-86,0,0
42782,-88,0,0
42783,-90,0,0
42784,-92,0,0
42785,-94,0,0
42786,-96,0,0
42787,-98,0,0
42788,-100,0,0
42789,-102,0,0
42790,-104,0,0
42791,-106,0,0
42792,-108,0,0
42793,-110,0,0
42794,-112,0,0
42795,-114,0,0
42796,-116,0,0
42797,-118,0,0
42798,-119,0,0
42799,-122,0,0
42800,-124,0,0
42801,-125,0,0
42802,-127,0,0
42803,-129,0,0
42804,-131,0,0
42805,-133,0,0
42806,-135,0,0
42807,-137,0,0
42808,-139,0,0
42809,-141,0,0
42810,-143,0,0
42811,-145,0,0
42812,-147,0,0
42813,-149,0,0
42814,-151,0,0
42815,-153,0,0
42816,-155,0,0
42817,-157,0,0
42818,-159,0,0
42819,-161,0,0
42820,-163,0,0
42821,-165,0,0
42822,-167,0,0
42823,-170,0,0
42824,-172,0,0
42825,-174,0,0
42826,-176,0,0
42827,-178,0,0
42828,-180,0,0
42829,-182,0,0
42830,-184,0,0
42831,-186,0,0
42832,-188,0,0
42833,-190,0,0
42834,-192,0,0
42835,-195,0,0
42836,-196,0,0
42837,-199,0,0
42838,-201,0,0
42839,-203,0,0
42840,-205,0,0
42841,-207,0,0
42842,-209,0,0
42843,-211,0,0
42844,-213,0,0
42845,-214,0,0
42846,-216,0,0
42847,-218,0,0
42848,-220,0,0
42849,-222,0,0
42850,-224,0,0
42851,-226,0,0
42852,-227,0,0
42853,-229,0,0
42854,-231,0,0
42855,-233,0,0
42856,-234,0,0
42857,-236,0,0
42858,-238,0,0
42859,-240,0,0
42860,-242,0,0
42861,-243,0,0
42862,-245,0,0
42863,-247,0,0
42864,-248,0,0
42865,-250,0,0
42866,-252,0,0
42867,-254,0,0
42868,-256,0,0
42869,-257,0,0
42870,-259,0,0
42871,-261,0,0
42872,-263,0,0
42873,-264,0,0
42874,-266,0,0
42875,-268,0,0
42876,-270,0,0
42877,-272,0,0
42878,-273,0,0
42879,-275,0,0
42880,-277,0,0
42881,-279,0,0
42882,-280,0,0
42883,-282,0,0
42884,-284,0,0
42885,-286,0,0
42886,-287,0,0
42887,-289,0,0
42888,-291,0,0
42889,-292,0,0
42890,-294,0,0
42891,-296,0,0
42892,-297,0,0
42893,-299,0,0
42894,-300,0,0
42895,-302,0,0
42896,-303,0,0
42897,-305,0,0
42898,-306,0,0
42899,-308,0,0
42900,-309,0,0
42901,-310,0,0
42902,-312,0,0
42903,-313,0,0
42904,-314,0,0
42905,-315,0,0
42906,-317,0,0
42907,-318,0,0
42908,-319,0,0
42909,-320,0,0
42910,-321,0,0
42911,-322,0,0
42912,-324,0,0
42913,-325,0,0
42914,-325,0,0
42915,-327,0,0
42916,-328,0,0
42917,-329,0,0
42918,-329,0,0
42919,-331,0,0
42920,-331,0,0
42921,-333,0,0
42922,-333,0,0
42923,-334,0,0
42924,-335,0,0
42925,-336,0,0
42926,-337,0,0
42927,-338,0,0
42928,-339,0,0
42929,-340,0,0
42930,-340,0,0
42931,-341,0,0
42932,-342,0,0
42933,-343,0,0
42934,-344,0,0
42935,-344,0,0
42936,-345,0,0
42937,-346,0,0
42938,-346,0,0
42939,-347,0,0
42940,-348,0,0
42941,-348,0,0
42942,-349,0,0
42943,-349,0,0
42944,-350,0,0
42945,-351,0,0
42946,-351,0,0
42947,-352,0,0
42948,-352,0,0
42949,-353,0,0
42950,-353,0,0
42951,-354,0,0
42952,-354,0,0
42953,-355,0,0
42954,-355,0,0
42955,-356,0,0
42956,-356,0,0
42957,-356,0,0
42958,-357,0,0
42959,-357,0,0
42960,-358,0,0
42961,-358,0,0
42962,-358,0,0
42963,-359,0,0
42964,-359,0,0
42965,-359,0,0
42966,-359,0,0
42967,-360,0,0
42968,-360,0,0
42969,-360,0,0
42970,-360,0,0
42971,-361,0,0
42972,-361,0,0
42973,-361,0,0
42974,-361,0,0
42975,-361,0,0
42976,-361,0,0
42977,-361,0,0
42978,-361,0,0
42979,-360,0,0
42980,-360,0,0
42981,-360,0,0
42982,-360,0,0
42983,-360,0,0
42984,-359,0,0
42985,-359,0,0
42986,-359,0,0
42987,-358,0,0
42988,-358,0,0
42989,-357,0,0
42990,-357,0,0
42991,-357,0,0
42992,-356,0,0
42993,-356,0,0
42994,-355,0,0
42995,-354,0,0
42996,-354,0,0
42997,-353,0,0
42998,-353,0,0
42999,-352,0,0
43000,-351,0,0
43001,-351,0,0
43002,-350,0,0
43003,-349,0,0
43004,-348,0,0
43005,-347,0,0
43006,-347,0,0
43007,-346,0,0
43008,-345,0,0
43009,-344,0,0
43010,-343,0,0
43011,-342,0,0
43012,-341,0,0
43013,-340,0,0
43014,-339,0,0
43015,-338,0,0
43016,-337,0,0
43017,-336,0,0
43018,-335,0,0
43019,-334,0,0
43020,-333,0,0
43021,-332,0,0
43022,-331,0,0
43023,-329,0,0
43024,-328,0,0
43025,-327,0,0
43026,-326,0,0
43027,-325,0,0
43028,-324,0,0
43029,-323,0,0
43030,-322,0,0
43031,-321,0,0
43032,-319,0,0
43033,-318,0,0
43034,-317,0,0
43035,-316,0,0
43036,-315,0,0
43037,-314,0,0
43038,-312,0,0
43039,-311,0,0
43040,-310,0,0
43041,-309,0,0
43042,-307,0,0
43043,-306,0,0
43044,-305,0,0
43045,-303,0,0
43046,-302,0,0
43047,-300,0,0
43048,-299,0,0
43049,-297,0,0
43050,-295,0,0
43051,-294,0,0
43052,-292,0,0
43053,-290,0,0
43054,-288,0,0
43055,-287,0,0
43056,-285,0,0
43057,-283,0,0
43058,-281,0,0
43059,-279,0,0
43060,-277,0,0
43061,-275,0,0
43062,-273,0,0
43063,-271,0,0
43064,-269,0,0
43065,-267,0,0
43066,-265,0,0
43067,-262,0,0
43068,-260,0,0
43069,-258,0,0
43070,-256,0,0
43071,-254,0,0
43072,-252,0,0
43073,-250,0,0
43074,-247,0,0
43075,-245,0,0
43076,-243,0,0
43077,-240,0,0
43078,-238,0,0
43079,-236,0,0
43080,-234,0,0
43081,-231,0,0
43082,-229,0,0
43083,-227,0,0
43084,-225,0,0
43085,-222,0,0
43086,-220,0,0
43087,-218,0,0
43088,-215,0,0
43089,-212,0,0
43090,-210,0,0
43091,-208,0,0
43092,-205,0,0
43093,-203,0,0
43094,-200,0,0
43095,-198,0,0
43096,-196,0,0
43097,-193,0,0
43098,-191,0,0
43099,-188,0,0
43100,-186,0,0
43101,-183,0,0
43102,-181,0,0
43103,-178,0,0
43104,-176,0,0
43105,-173,0,0
43106,-171,0,0
43107,-169,0,0
43108,-166,0,0
43109,-164,0,0
43110,-161,0,0
43111,-159,0,0
43112,-156,0,0
43113,-154,0,0
43114,-152,0,0
43115,-149,0,0
43116,-146,0,0
43117,-144,0,0
43118,-141,0,0
43119,-139,0,0
43120,-136,0,0
43121,-134,0,0
43122,-131,0,0
43123,-128,0,0
43124,-125,0,0
43125,-123,0,0
43126,-120,0,0
43127,-117,0,0
43128,-114,0,0
43129,-111,0,0
43130,-108,0,0
43131,-105,0,0
43132,-102,0,0
43133,-99,0,0
43134,-96,0,0
43135,-93,0,0
43136,-90,0,0
43137,-87,0,0
43138,-84,0,0
43139,-81,0,0
43140,-78,0,0
43141,-75,0,0
43142,-72,0,0
43143,-69,0,0
43144,-66,0,0
43145,-63,0,0
43146,-60,0,0
43147,-57,0,0
43148,-54,0,0
43149,-51,0,0
43150,-48,0,0
43151,-45,0,0
43152,-42,0,0
43153,-39,0,0
43154,-37,0,0
43155,-34,0,0
43156,-31,0,0
43157,-28,0,0
43158,-25,0,0
43159,-22,0,0
43160,-20,0,0
43161,-17,0,0
43162,-14,0,0
43163,-11,0,0
43164,-9,0,0
43165,-6,0,0
43166,-3,0,0
43167,0,0,0
43168,3,0,0
43169,6,0,0
43170,9,0,0
43171,11,0,0
43172,15,0,0
43173,17,0,0
43174,20,0,0
43175,23,0,0
43176,26,0,0
43177,29,0,0
43178,32,0,0
43179,35,0,0
43180,38,0,0
43181,41,0,0
43182,44,0,0
43183,47,0,0
43184,50,0,0
43185,53,0,0
43186,56,0,0
43187,58,0,0
43188,61,0,0
43189,64,0,0
43190,67,0,0
43191,70,0,0
43192,73,0,0
43193,76,0,0
43194,79,0,0
43195,82,0,0
43196,85,0,0
43197,87,0,0
43198,90,0,0
43199,93,0,0
43200,96,0,0
43201,99,0,0
43202,102,0,0
43203,105,0,0
43204,107,0,0
43205,110,0,0
43206,113,0,0
43207,115,0,0
43208,118,0,0
43209,121,0,0
43210,123,0,0
43211,126,0,0
43212,128,0,0
43213,131,0,0
43214,134,0,0
43215,136,0,0
43216,139,0,0
43217,141,0,0
43218,144,0,0
43219,146,0,0
43220,149,0,0
43221,152,0,0
43222,154,0,0
43223,156,0,0
43224,159,0,0
43225,162,0,0
43226,164,0,0
43227,167,0,0
43228,169,0,0
43229,172,0,0
43230,174,0,0
43231,177,0,0
43232,179,0,0
43233,182,0,0
43234,185,0,0
43235,187,0,0
43236,190,0,0
43237,192,0,0
43238,195,0,0
43239,197,0,0
43240,200,0,0
43241,203,0,0
43242,205,0,0
43243,208,0,0
43244,210,0,0
43245,213,0,0
43246,215,0,0
43247,218,0,0
43248,220,0,0
43249,222,0,0
43250,225,0,0
43251,227,0,0
43252,230,0,0
43253,232,0,0
43254,235,0,0
43255,237,0,0
43256,239,0,0
43257,241,0,0
43258,243,0,0
43259,246,0,0
43260,248,0,0
43261,250,0,0
43262,252,0,0
43263,254,0,0
43264,256,0,0
43265,258,0,0
43266,260,0,0
43267,262,0,0
43268,264,0,0
43269,266,0,0
43270,268,0,0
43271,269,0,0
43272,271,0,0
43273,273,0,0
43274,275,0,0
43275,277,0,0
43276,278,0,0
43277,280,0,0
43278,282,0,0
43279,283,0,0
43280,285,0,0
43281,287,0,0
43282,288,0,0
43283,290,0,0
43284,291,0,0
43285,293,0,0
43286,295,0,0
43287,297,0,0
43288,298,0,0
43289,300,0,0
43290,301,0,0
43291,303,0,0
43292,305,0,0
43293,306,0,0
43294,308,0,0
43295,310,0,0
43296,311,0,0
43297,313,0,0
43298,314,0,0
43299,316,0,0
43300,317,0,0
43301,319,0,0
43302,320,0,0
43303,322,0,0
43304,323,0,0
43305,325,0,0
43306,326,0,0
43307,327,0,0
43308,329,0,0
43309,330,0,0
43310,331,0,0
43311,332,0,0
43312,333,0,0
43313,335,0,0
43314,336,0,0
43315,337,0,0
43316,337,0,0
43317,338,0,0
43318,339,0,0
43319,340,0,0
43320,341,0,0
43321,342,0,0
43322,342,0,0
43323,343,0,0
43324,344,0,0
43325,344,0,0
43326,345,0,0
43327,345,0,0
43328,346,0,0
43329,346,0,0
43330,347,0,0
43331,348,0,0
43332,348,0,0
43333,348,0,0
43334,349,0,0
43335,350,0,0
43336,350,0,0
43337,351,0,0
43338,351,0,0
43339,352,0,0
43340,352,0,0
43341,353,0,0
43342,353,0,0
43343,354,0,0
43344,355,0,0
43345,355,0,0
43346,356,0,0
43347,356,0,0
43348,357,0,0
43349,357,0,0
43350,357,0,0
43351,358,0,0
43352,358,0,0
43353,359,0,0
43354,359,0,0
43355,359,0,0
43356,359,0,0
43357,360,0,0
43358,360,0,0
43359,360,0,0
43360,360,0,0
43361,360,0,0
43362,360,0,0
43363,360,0,0
43364,360,0,0
43365,360,0,0
43366,360,0,0
43367,360,0,0
43368,359,0,0
43369,359,0,0
43370,359,0,0
43371,359,0,0
43372,358,0,0
43373,358,0,0
43374,357,0,0
43375,357,0,0
43376,357,0,0
43377,356,0,0
43378,355,0,0
43379,355,0,0
43380,355,0,0
43381,354,0,0
43382,353,0,0
43383,353,0,0
43384,352,0,0
43385,351,0,0
43386,351,0,0
43387,350,0,0
43388,350,0,0
43389,349,0,0
43390,348,0,0
43391,347,0,0
43392,347,0,0
43393,346,0,0
43394,346,0,0
43395,345,0,0
43396,344,0,0
43397,344,0,0
43398,343,0,0
43399,342,0,0
43400,342,0,0
43401,341,0,0
43402,340,0,0
43403,339,0,0
43404,339,0,0
43405,338,0,0
43406,337,0,0
43407,336,0,0
43408,335,0,0
43409,335,0,0
43410,334,0,0
43411,333,0,0
43412,332,0,0
43413,331,0,0
43414,331,0,0
43415,330,0,0
43416,329,0,0
43417,328,0,0
43418,327,0,0
43419,326,0,0
43420,325,0,0
43421,323,0,0
43422,322,0,0
43423,321,0,0
43424,320,0,0
43425,319,0,0
43426,317,0,0
43427,316,0,0
43428,315,0,0
43429,313,0,0
43430,312,0,0
43431,310,0,0
43432,309,0,0
43433,307,0,0
43434,306,0,0
43435,304,0,0
43436,303,0,0
43437,301,0,0
43438,300,0,0
43439,298,0,0
43440,297,0,0
43441,295,0,0
43442,293,0,0
43443,292,0,0
43444,290,0,0
43445,288,0,0
43446,287,0,0
43447,285,0,0
43448,284,0,0
43449,282,0,0
43450,280,0,0
43451,279,0,0
43452,277,0,0
43453,275,0,0
43454,274,0,0
43455,272,0,0
43456,271,0,0
43457,269,0,0
43458,267,0,0
43459,266,0,0
43460,264,0,0
43461,263,0,0
43462,261,0,0
43463,260,0,0
43464,258,0,0
43465,256,0,0
43466,255,0,0
43467,253,0,0
43468,251,0,0
43469,250,0,0
43470,248,0,0
43471,246,0,0
43472,245,0,0
43473,243,0,0
43474,241,0,0
43475,239,0,0
43476,238,0,0
43477,236,0,0
43478,234,0,0
43479,232,0,0
43480,230,0,0
43481,228,0,0
43482,227,0,0
43483,225,0,0
43484,223,0,0
43485,221,0,0
43486,219,0,0
43487,217,0,0
43488,215,0,0
43489,213,0,0
43490,211,0,0
43491,209,0,0
43492,207,0,0
43493,205,0,0
43494,203,0,0
43495,201,0,0
43496,199,0,0
43497,197,0,0
43498,195,0,0
43499,193,0,0
43500,191,0,0
43501,189,0,0
43502,187,0,0
43503,185,0,0
43504,183,0,0
43505,181,0,0
43506,179,0,0
43507,177,0,0
43508,175,0,0
43509,173,0,0
43510,171,0,0
43511,169,0,0
43512,167,0,0
43513,165,0,0
43514,163,0,0
43515,162,0,0
43516,159,0,0
43517,157,0,0
43518,155,0,0
43519,153,0,0
43520,151,0,0
43521,149,0,0
43522,147,0,0
43523,145,0,0
43524,143,0,0
43525,141,0,0
43526,139,0,0
43527,137,0,0
43528,135,0,0
43529,133,0,0
43530,131,0,0
43531,129,0,0
43532,127,0,0
43533,125,0,0
43534,123,0,0
43535,121,0,0
43536,119,0,0
43537,117,0,0
43538,115,0,0
43539,113,0,0
43540,111,0,0
43541,109,0,0
43542,107,0,0
43543,105,0,0
43544,103,0,0
43545,101,0,0
43546,99,0,0
43547,97,0,0
43548,95,0,0
43549,93,0,0
43550,91,0,0
43551,89,0,0
43552,87,0,0
43553,85,0,0
43554,83,0,0
43555,82,0,0
43556,80,0,0
43557,78,0,0
43558,76,0,0
43559,74,0,0
43560,72,0,0
43561,70,0,0
43562,68,0,0
43563,66,0,0
43564,64,0,0
43565,63,0,0
43566,61,0,0
43567,59,0,0
43568,57,0,0
43569,55,0,0
43570,54,0,0
43571,52,0,0
43572,50,0,0
43573,48,0,0
43574,46,0,0
43575,45,0,0
43576,43,0,0
43577,41,0,0
43578,39,0,0
43579,37,0,0
43580,36,0,0
43581,34,0,0
43582,32,0,0
43583,31,0,0
43584,29,0,0
43585,27,0,0
43586,25,0,0
43587,24,0,0
43588,22,0,0
43589,20,0,0
43590,19,0,0
43591,17,0,0
43592,16,0,0
43593,14,0,0
43594,13,0,0
43595,11,0,0
43596,9,0,0
43597,8,0,0
43598,7,0,0
43599,5,0,0
43600,4,0,0
43601,2,0,0
43602,1,0,0
43603,0,0,0
43604,-2,0,0
43605,-3,0,0
43606,-4,0,0
43607,-6,0,0
43608,-7,0,0
43609,-9,0,0
43610,-10,0,0
43611,-11,0,0
43612,-12,0,0
43613,-14,0,0
43614,-15,0,0
43615,-16,0,0
43616,-18,0,0
43617,-19,0,0
43618,-20,0,0
43619,-22,0,0
43620,-23,0,0
43621,-24,0,0
43622,-26,0,0
43623,-27,0,0
43624,-29,0,0
43625,-30,0,0
43626,-31,0,0
43627,-33,0,0
43628,-34,0,0
43629,-35,0,0
43630,-36,0,0
43631,-38,0,0
43632,-39,0,0
43633,-40,0,0
43634,-41,0,0
43635,-42,0,0
43636,-44,0,0
43637,-45,0,0
43638,-46,0,0
43639,-47,0,0
43640,-48,0,0
43641,-49,0,0
43642,-49,0,0
43643,-50,0,0
43644,-51,0,0
43645,-52,0,0
43646,-53,0,0
43647,-54,0,0
43648,-55,0,0
43649,-55,0,0
43650,-56,0,0
43651,-56,0,0
43652,-57,0,0
43653,-58,0,0
43654,-59,0,0
43655,-59,0,0
43656,-60,0,0
43657,-60,0,0
43658,-61,0,0
43659,-62,0,0
43660,-62,0,0
43661,-63,0,0
43662,-64,0,0
43663,-64,0,0
43664,-65,0,0
43665,-65,0,0
43666,-66,0,0
43667,-66,0,0
43668,-67,0,0
43669,-68,0,0
43670,-68,0,0
43671,-69,0,0
43672,-69,0,0
43673,-70,0,0
43674,-70,0,0
43675,-71,0,0
43676,-71,0,0
43677,-72,0,0
43678,-72,0,0
43679,-72,0,0
43680,-73,0,0
43681,-73,0,0
43682,-74,0,0
43683,-74,0,0
43684,-74,0,0
43685,-74,0,0
43686,-75,0,0
43687,-75,0,0
43688,-75,0,0
43689,-75,0,0
43690,-75,0,0
43691,-75,0,0
43692,-75,0,0
43693,-76,0,0
43694,-76,0,0
43695,-76,0,0
43696,-76,0,0
43697,-76,0,0
43698,-76,0,0
43699,-76,0,0
43700,-76,0,0
43701,-76,0,0
43702,-76,0,0
43703,-76,0,0
43704,-75,0,0
43705,-75,0,0
43706,-75,0,0
43707,-75,0,0
43708,-75,0,0
43709,-75,0,0
43710,-75,0,0
43711,-75,0,0
43712,-75,0,0
43713,-75,0,0
43714,-75,0,0
43715,-75,0,0
43716,-75,0,0
43717,-74,0,0
43718,-74,0,0
43719,-74,0,0
43720,-74,0,0
43721,-74,0,0
43722,-73,0,0
43723,-73,0,0
43724,-73,0,0
43725,-73,0,0
43726,-73,0,0
43727,-72,0,0
43728,-72,0,0
43729,-72,0,0
43730,-71,0,0
43731,-71,0,0
43732,-70,0,0
43733,-70,0,0
43734,-70,0,0
43735,-69,0,0
43736,-69,0,0
43737,-68,0,0
43738,-67,0,0
43739,-67,0,0
43740,-66,0,0
43741,-66,0,0
43742,-65,0,0
43743,-65,0,0
43744,-64,0,0
43745,-63,0,0
43746,-63,0,0
43747,-62,0,0
43748,-61,0,0
43749,-61,0,0
43750,-60,0,0
43751,-59,0,0
43752,-59,0,0
43753,-58,0,0
43754,-58,0,0
43755,-57,0,0
43756,-56,0,0
43757,-56,0,0
43758,-55,0,0
43759,-54,0,0
43760,-53,0,0
43761,-53,0,0
43762,-52,0,0
43763,-51,0,0
43764,-51,0,0
43765,-50,0,0
43766,-49,0,0
43767,-48,0,0
43768,-48,0,0
43769,-47,0,0
43770,-46,0,0
43771,-45,0,0
43772,-45,0,0
43773,-44,0,0
43774,-43,0,0
43775,-42,0,0
43776,-42,0,0
43777,-41,0,0
43778,-40,0,0
43779,-39,0,0
43780,-38,0,0
43781,-38,0,0
43782,-37,0,0
43783,-36,0,0
43784,-35,0,0
43785,-35,0,0
43786,-34,0,0
43787,-33,0,0
43788,-32,0,0
43789,-31,0,0
43790,-31,0,0
43791,-30,0,0
43792,-29,0,0
43793,-28,0,0
43794,-27,0,0
43795,-26,0,0
43796,-25,0,0
43797,-24,0,0
43798,-23,0,0
43799,-22,0,0
43800,-21,0,0
43801,-20,0,0
43802,-19,0,0
43803,-17,0,0
43804,-16,0,0
43805,-15,0,0
43806,-14,0,0
43807,-13,0,0
43808,-12,0,0
43809,-10,0,0
43810,-9,0,0
43811,-8,0,0
43812,-7,0,0
43813,-6,0,0
43814,-4,0,0
43815,-3,0,0
43816,-2,0,0
43817,-1,0,0
43818,0,0,0
43819,1,0,0
43820,2,0,0
43821,3,0,0
43822,4,0,0
43823,5,0,0
43824,6,0,0
43825,7,0,0
43826,8,0,0
43827,9,0,0
43828,10,0,0
43829,10,0,0
43830,11,0,0
43831,12,0,0
43832,13,0,0
43833,13,0,0
43834,14,0,0
43835,15,0,0
43836,15,0,0
43837,16,0,0
43838,17,0,0
43839,17,0,0
43840,18,0,0
43841,19,0,0
43842,20,0,0
43843,20,0,0
43844,21,0,0
43845,22,0,0
43846,23,0,0
43847,24,0,0
43848,25,0,0
43849,26,0,0
43850,27,0,0
43851,28,0,0
43852,29,0,0
43853,30,0,0
43854,30,0,0
43855,32,0,0
43856,33,0,0
43857,34,0,0
43858,35,0,0
43859,36,0,0
43860,37,0,0
43861,38,0,0
43862,39,0,0
43863,40,0,0
43864,41,0,0
43865,42,0,0
43866,43,0,0
43867,44,0,0
43868,45,0,0
43869,45,0,0
43870,46,0,0
43871,47,0,0
43872,48,0,0
43873,49,0,0
43874,50,0,0
43875,50,0,0
43876,51,0,0
43877,52,0,0
43878,52,0,0
43879,53,0,0
43880,54,0,0
43881,54,0,0
43882,55,0,0
43883,56,0,0
43884,56,0,0
43885,57,0,0
43886,57,0,0
43887,58,0,0
43888,59,0,0
43889,59,0,0
43890,60,0,0
43891,60,0,0
43892,61,0,0
43893,61,0,0
43894,62,0,0
43895,62,0,0
43896,62,0,0
43897,63,0,0
43898,63,0,0
43899,64,0,0
43900,64,0,0
43901,64,0,0
43902,65,0,0
43903,65,0,0
43904,66,0,0
43905,66,0,0
43906,67,0,0
43907,67,0,0
43908,67,0,0
43909,68,0,0
43910,68,0,0
43911,69,0,0
43912,69,0,0
43913,69,0,0
43914,69,0,0
43915,70,0,0
43916,70,0,0
43917,70,0,0
43918,71,0,0
43919,71,0,0
43920,71,0,0
43921,71,0,0
43922,72,0,0
43923,72,0,0
43924,72,0,0
43925,72,0,0
43926,72,0,0
43927,72,0,0
43928,72,0,0
43929,73,0,0
43930,73,0,0
43931,73,0,0
43932,73,0,0
43933,73,0,0
43934,73,0,0
43935,73,0,0
43936,73,0,0
43937,73,0,0
43938,73,0,0
43939,73,0,0
43940,73,0,0
43941,73,0,0
43942,73,0,0
43943,73,0,0
43944,73,0,0
43945,73,0,0
43946,73,0,0
43947,73,0,0
43948,73,0,0
43949,73,0,0
43950,73,0,0
43951,73,0,0
43952,73,0,0
43953,73,0,0
43954,73,0,0
43955,73,0,0
43956,73,0,0
43957,73,0,0
43958,73,0,0
43959,72,0,0
43960,72,0,0
43961,72,0,0
43962,72,0,0
43963,71,0,0
43964,71,0,0
43965,70,0,0
43966,70,0,0
43967,70,0,0
43968,69,0,0
43969,69,0,0
43970,68,0,0
43971,67,0,0
43972,67,0,0
43973,66,0,0
43974,65,0,0
43975,64,0,0
43976,64,0,0
43977,63,0,0
43978,62,0,0
43979,61,0,0
43980,61,0,0
43981,60,0,0
43982,59,0,0
43983,58,0,0
43984,57,0,0
43985,57,0,0
43986,56,0,0
43987,55,0,0
43988,54,0,0
43989,53,0,0
43990,53,0,0
43991,52,0,0
43992,51,0,0
43993,50,0,0
43994,50,0,0
43995,49,0,0
43996,48,0,0
43997,47,0,0
43998,46,0,0
43999,45,0,0
44000,45,0,0
44001,44,0,0
44002,43,0,0
44003,42,0,0
44004,41,0,0
44005,40,0,0
44006,39,0,0
44007,38,0,0
44008,37,0,0
44009,36,0,0
44010,35,0,0
44011,34,0,0
44012,33,0,0
44013,32,0,0
44014,30,0,0
44015,29,0,0
44016,28,0,0
44017,27,0,0
44018,26,0,0
44019,24,0,0
44020,23,0,0
44021,22,0,0
44022,21,0,0
44023,19,0,0
44024,18,0,0
44025,17,0,0
44026,16,0,0
44027,14,0,0
44028,13,0,0
44029,12,0,0
44030,10,0,0
44031,9,0,0
44032,8,0,0
44033,6,0,0
44034,5,0,0
44035,4,0,0
44036,2,0,0
44037,1,0,0
44038,-1,0,0
44039,-2,0,0
44040,-4,0,0
44041,-5,0,0
44042,-7,0,0
44043,-8,0,0
44044,-10,0,0
44045,-11,0,0
44046,-13,0,0
44047,-15,0,0
44048,-16,0,0
44049,-18,0,0
44050,-19,0,0
44051,-21,0,0
44052,-23,0,0
44053,-25,0,0
44054,-26,0,0
44055,-28,0,0
44056,-30,0,0
44057,-32,0,0
44058,-33,0,0
44059,-35,0,0
44060,-37,0,0
44061,-39,0,0
44062,-40,0,0
44063,-42,0,0
44064,-44,0,0
44065,-46,0,0
44066,-47,0,0
44067,-49,0,0
44068,-51,0,0
44069,-53,0,0
44070,-55,0,0
44071,-56,0,0
44072,-58,0,0
44073,-60,0,0
44074,-62,0,0
44075,-64,0,0
44076,-66,0,0
44077,-67,0,0
44078,-69,0,0
44079,-71,0,0
44080,-73,0,0
44081,-75,0,0
44082,-77,0,0
44083,-79,0,0
44084,-81,0,0
44085,-83,0,0
44086,-85,0,0
44087,-87,0,0
44088,-89,0,0
44089,-91,0,0
44090,-93,0,0
44091,-95,0,0
44092,-97,0,0
44093,-99,0,0
44094,-101,0,0
44095,-103,0,0
44096,-105,0,0
44097,-107,0,0
44098,-109,0,0
44099,-111,0,0
44100,-113,0,0
44101,-115,0,0
44102,-117,0,0
44103,-119,0,0
44104,-120,0,0
44105,-122,0,0
44106,-124,0,0
44107,-126,0,0
44108,-128,0,0
44109,-130,0,0
44110,-132,0,0
44111,-133,0,0
44112,-135,0,0
44113,-137,0,0
44114,-139,0,0
44115,-141,0,0
44116,-143,0,0
44117,-145,0,0
44118,-146,0,0
44119,-148,0,0
44120,-150,0,0
44121,-152,0,0
44122,-154,0,0
44123,-156,0,0
44124,-158,0,0
44125,-160,0,0
44126,-162,0,0
44127,-164,0,0
44128,-166,0,0
44129,-168,0,0
44130,-170,0,0
44131,-172,0,0
44132,-175,0,0
44133,-177,0,0
44134,-179,0,0
44135,-181,0,0
44136,-183,0,0
44137,-185,0,0
44138,-187,0,0
44139,-190,0,0
44140,-192,0,0
44141,-194,0,0
44142,-196,0,0
44143,-198,0,0
44144,-201,0,0
44145,-202,0,0
44146,-205,0,0
44147,-207,0,0
44148,-209,0,0
44149,-211,0,0
44150,-213,0,0
44151,-215,0,0
44152,-216,0,0
44153,-218,0,0
44154,-220,0,0
44155,-222,0,0
44156,-224,0,0
44157,-226,0,0
44158,-227,0,0
44159,-229,0,0
44160,-231,0,0
44161,-233,0,0
44162,-234,0,0
44163,-236,0,0
44164,-238,0,0
44165,-240,0,0
44166,-241,0,0
44167,-243,0,0
44168,-245,0,0
44169,-247,0,0
44170,-248,0,0
44171,-250,0,0
44172,-252,0,0
44173,-254,0,0
44174,-255,0,0
44175,-257,0,0
44176,-259,0,0
44177,-261,0,0
44178,-263,0,0
44179,-264,0,0
44180,-266,0,0
44181,-268,0,0
44182,-270,0,0
44183,-272,0,0
44184,-273,0,0
44185,-275,0,0
44186,-277,0,0
44187,-278,0,0
44188,-280,0,0
44189,-282,0,0
44190,-284,0,0
44191,-285,0,0
44192,-287,0,0
44193,-288,0,0
44194,-290,0,0
44195,-291,0,0
44196,-293,0,0
44197,-294,0,0
44198,-295,0,0
44199,-297,0,0
44200,-298,0,0
44201,-299,0,0
44202,-301,0,0
44203,-302,0,0
44204,-303,0,0
44205,-305,0,0
44206,-306,0,0
44207,-307,0,0
44208,-309,0,0
44209,-310,0,0
44210,-311,0,0
44211,-312,0,0
44212,-314,0,0
44213,-315,0,0
44214,-316,0,0
44215,-318,0,0
44216,-319,0,0
44217,-321,0,0
44218,-322,0,0
44219,-323,0,0
44220,-325,0,0
44221,-326,0,0
44222,-327,0,0
44223,-328,0,0
44224,-330,0,0
44225,-331,0,0
44226,-332,0,0
44227,-333,0,0
44228,-334,0,0
44229,-336,0,0
44230,-337,0,0
44231,-338,0,0
44232,-339,0,0
44233,-340,0,0
44234,-341,0,0
44235,-342,0,0
44236,-343,0,0
44237,-343,0,0
44238,-344,0,0
44239,-345,0,0
44240,-346,0,0
44241,-346,0,0
44242,-347,0,0
44243,-347,0,0
44244,-348,0,0
44245,-348,0,0
44246,-349,0,0
44247,-349,0,0
44248,-350,0,0
44249,-350,0,0
44250,-350,0,0
44251,-351,0,0
44252,-351,0,0
44253,-352,0,0
44254,-352,0,0
44255,-352,0,0
44256,-353,0,0
44257,-353,0,0
44258,-353,0,0
44259,-354,0,0
44260,-354,0,0
44261,-355,0,0
44262,-355,0,0
44263,-356,0,0
44264,-356,0,0
44265,-357,0,0
44266,-357,0,0
44267,-357,0,0
44268,-358,0,0
44269,-358,0,0
44270,-359,0,0
44271,-359,0,0
44272,-359,0,0
44273,-360,0,0
44274,-360,0,0
44275,-360,0,0
44276,-360,0,0
44277,-361,0,0
44278,-361,0,0
44279,-361,0,0
44280,-361,0,0
44281,-361,0,0
44282,-361,0,0
44283,-361,0,0
44284,-360,0,0
44285,-360,0,0
44286,-360,0,0
44287,-360,0,0
44288,-359,0,0
44289,-359,0,0
44290,-358,0,0
44291,-358,0,0
44292,-358,0,0
44293,-357,0,0
44294,-357,0,0
44295,-356,0,0
44296,-356,0,0
44297,-355,0,0
44298,-355,0,0
44299,-354,0,0
44300,-353,0,0
44301,-353,0,0
44302,-352,0,0
44303,-352,0,0
44304,-351,0,0
44305,-351,0,0
44306,-350,0,0
44307,-349,0,0
44308,-349,0,0
44309,-348,0,0
44310,-347,0,0
44311,-347,0,0
44312,-346,0,0
44313,-346,0,0
44314,-345,0,0
44315,-344,0,0
44316,-343,0,0
44317,-343,0,0
44318,-342,0,0
44319,-341,0,0
44320,-340,0,0
44321,-339,0,0
44322,-338,0,0
44323,-337,0,0
44324,-336,0,0
44325,-335,0,0
44326,-334,0,0
44327,-333,0,0
44328,-332,0,0
44329,-331,0,0
44330,-330,0,0
44331,-329,0,0
44332,-328,0,0
44333,-327,0,0
44334,-325,0,0
44335,-324,0,0
44336,-323,0,0
44337,-322,0,0
44338,-321,0,0
44339,-319,0,0
44340,-318,0,0
44341,-317,0,0
44342,-316,0,0
44343,-314,0,0
44344,-313,0,0
44345,-312,0,0
44346,-311,0,0
44347,-309,0,0
44348,-308,0,0
44349,-306,0,0
44350,-305,0,0
44351,-304,0,0
44352,-302,0,0
44353,-301,0,0
44354,-299,0,0
44355,-298,0,0
44356,-296,0,0
44357,-294,0,0
44358,-293,0,0
44359,-291,0,0
44360,-289,0,0
44361,-287,0,0
44362,-286,0,0
44363,-284,0,0
44364,-282,0,0
44365,-280,0,0
44366,-278,0,0
44367,-276,0,0
44368,-274,0,0
44369,-272,0,0
44370,-270,0,0
44371,-268,0,0
44372,-265,0,0
44373,-263,0,0
44374,-261,0,0
44375,-259,0,0
44376,-257,0,0
44377,-255,0,0
44378,-252,0,0
44379,-250,0,0
44380,-248,0,0
44381,-246,0,0
44382,-243,0,0
44383,-241,0,0
44384,-239,0,0
44385,-237,0,0
44386,-235,0,0
44387,-232,0,0
44388,-230,0,0
44389,-228,0,0
44390,-226,0,0
44391,-224,0,0
44392,-221,0,0
44393,-219,0,0
44394,-217,0,0
44395,-215,0,0
44396,-212,0,0
44397,-210,0,0
44398,-208,0,0
44399,-205,0,0
44400,-203,0,0
44401,-201,0,0
44402,-198,0,0
44403,-196,0,0
44404,-193,0,0
44405,-191,0,0
44406,-188,0,0
44407,-186,0,0
44408,-183,0,0
44409,-181,0,0
44410,-178,0,0
44411,-176,0,0
44412,-173,0,0
44413,-171,0,0
44414,-168,0,0
44415,-165,0,0
44416,-163,0,0
44417,-160,0,0
44418,-158,0,0
44419,-155,0,0
44420,-152,0,0
44421,-150,0,0
44422,-147,0,0
44423,-144,0,0
44424,-142,0,0
44425,-139,0,0
44426,-137,0,0
44427,-134,0,0
44428,-131,0,0
44429,-128,0,0
44430,-126,0,0
44431,-123,0,0
44432,-120,0,0
44433,-117,0,0
44434,-115,0,0
44435,-112,0,0
44436,-109,0,0
44437,-106,0,0
44438,-103,0,0
44439,-101,0,0
44440,-98,0,0
44441,-95,0,0
44442,-92,0,0
44443,-89,0,0
44444,-86,0,0
44445,-83,0,0
44446,-80,0,0
44447,-77,0,0
44448,-74,0,0
44449,-71,0,0
44450,-68,0,0
44451,-65,0,0
44452,-62,0,0
44453,-59,0,0
44454,-56,0,0
44455,-53,0,0
44456,-50,0,0
44457,-47,0,0
44458,-44,0,0
44459,-41,0,0
44460,-38,0,0
44461,-35,0,0
44462,-32,0,0
44463,-29,0,0
44464,-26,0,0
44465,-23,0,0
44466,-20,0,0
44467,-17,0,0
44468,-15,0,0
44469,-12,0,0
44470,-9,0,0
44471,-6,0,0
44472,-3,0,0
44473,0,0,0
44474,2,0,0
44475,5,0,0
44476,8,0,0
44477,11,0,0
44478,14,0,0
44479,16,0,0
44480,19,0,0
44481,22,0,0
44482,25,0,0
44483,27,0,0
44484,31,0,0
44485,33,0,0
44486,36,0,0
44487,39,0,0
44488,42,0,0
44489,45,0,0
44490,48,0,0
44491,51,0,0
44492,54,0,0
44493,57,0,0
44494,60,0,0
44495,63,0,0
44496,66,0,0
44497,68,0,0
44498,71,0,0
44499,74,0,0
44500,78,0,0
44501,81,0,0
44502,84,0,0
44503,87,0,0
44504,90,0,0
44505,92,0,0
44506,96,0,0
44507,98,0,0
44508,101,0,0
44509,104,0,0
44510,107,0,0
44511,110,0,0
44512,113,0,0
44513,116,0,0
44514,119,0,0
44515,121,0,0
44516,124,0,0
44517,127,0,0
44518,130,0,0
44519,133,0,0
44520,135,0,0
44521,138,0,0
44522,140,0,0
44523,143,0,0
44524,146,0,0
44525,148,0,0
44526,151,0,0
44527,154,0,0
44528,156,0,0
44529,159,0,0
44530,161,0,0
44531,164,0,0
44532,166,0,0
44533,169,0,0
44534,171,0,0
44535,174,0,0
44536,176,0,0
44537,178,0,0
44538,181,0,0
44539,184,0,0
44540,186,0,0
44541,189,0,0
44542,191,0,0
44543,194,0,0
44544,196,0,0
44545,199,0,0
44546,201,0,0
44547,203,0,0
44548,206,0,0
44549,208,0,0
44550,211,0,0
44551,213,0,0
44552,216,0,0
44553,218,0,0
44554,220,0,0
44555,223,0,0
44556,225,0,0
44557,227,0,0
44558,230,0,0
44559,232,0,0
44560,234,0,0
44561,236,0,0
44562,239,0,0
44563,241,0,0
44564,243,0,0
44565,245,0,0
44566,248,0,0
44567,250,0,0
44568,252,0,0
44569,254,0,0
44570,256,0,0
44571,258,0,0
44572,260,0,0
44573,262,0,0
44574,264,0,0
44575,266,0,0
44576,267,0,0
44577,269,0,0
44578,271,0,0
44579,273,0,0
44580,275,0,0
44581,277,0,0
44582,278,0,0
44583,280,0,0
44584,282,0,0
44585,283,0,0
44586,285,0,0
44587,287,0,0
44588,288,0,0
44589,290,0,0
44590,291,0,0
44591,293,0,0
44592,295,0,0
44593,296,0,0
44594,298,0,0
44595,299,0,0
44596,301,0,0
44597,302,0,0
44598,304,0,0
44599,305,0,0
44600,307,0,0
44601,308,0,0
44602,310,0,0
44603,311,0,0
44604,313,0,0
44605,314,0,0
44606,315,0,0
44607,317,0,0
44608,318,0,0
44609,320,0,0
44610,321,0,0
44611,322,0,0
44612,324,0,0
44613,325,0,0
44614,326,0,0
44615,327,0,0
44616,329,0,0
44617,330,0,0
44618,331,0,0
44619,333,0,0
44620,334,0,0
44621,335,0,0
44622,336,0,0
44623,337,0,0
44624,338,0,0
44625,339,0,0
44626,340,0,0
44627,341,0,0
44628,342,0,0
44629,343,0,0
44630,344,0,0
44631,345,0,0
44632,346,0,0
44633,347,0,0
44634,348,0,0
44635,348,0,0
44636,349,0,0
44637,350,0,0
44638,350,0,0
44639,351,0,0
44640,351,0,0
44641,352,0,0
44642,353,0,0
44643,353,0,0
44644,354,0,0
44645,354,0,0
44646,354,0,0
44647,355,0,0
44648,355,0,0
44649,356,0,0
44650,356,0,0
44651,356,0,0
44652,357,0,0
44653,357,0,0
44654,357,0,0
44655,357,0,0
44656,357,0,0
44657,357,0,0
44658,357,0,0
44659,358,0,0
44660,358,0,0
44661,358,0,0
44662,358,0,0
44663,358,0,0
44664,358,0,0
44665,358,0,0
44666,358,0,0
44667,358,0,0
44668,358,0,0
44669,357,0,0
44670,357,0,0
44671,357,0,0
44672,357,0,0
44673,357,0,0
44674,357,0,0
44675,357,0,0
44676,357,0,0
44677,356,0,0
44678,356,0,0
44679,356,0,0
44680,356,0,0
44681,356,0,0
44682,355,0,0
44683,355,0,0
44684,355,0,0
44685,355,0,0
44686,354,0,0
44687,354,0,0
44688,354,0,0
44689,353,0,0
44690,353,0,0
44691,352,0,0
44692,352,0,0
44693,351,0,0
44694,350,0,0
44695,350,0,0
44696,349,0,0
44697,349,0,0
44698,348,0,0
44699,347,0,0
44700,346,0,0
44701,346,0,0
44702,345,0,0
44703,344,0,0
44704,343,0,0
44705,342,0,0
44706,341,0,0
44707,341,0,0
44708,340,0,0
44709,339,0,0
44710,338,0,0
44711,337,0,0
44712,337,0,0
44713,336,0,0
44714,335,0,0
44715,334,0,0
44716,333,0,0
44717,332,0,0
44718,331,0,0
44719,331,0,0
44720,330,0,0
44721,329,0,0
44722,328,0,0
44723,327,0,0
44724,326,0,0
44725,325,0,0
44726,324,0,0
44727,323,0,0
44728,322,0,0
44729,321,0,0
44730,320,0,0
44731,319,0,0
44732,318,0,0
44733,317,0,0
44734,315,0,0
44735,314,0,0
44736,313,0,0
44737,312,0,0
44738,310,0,0
44739,309,0,0
44740,308,0,0
44741,306,0,0
44742,305,0,0
44743,303,0,0
44744,301,0,0
44745,300,0,0
44746,298,0,0
44747,297,0,0
44748,295,0,0
44749,293,0,0
44750,292,0,0
44751,290,0,0
44752,288,0,0
44753,287,0,0
44754,285,0,0
44755,283,0,0
44756,281,0,0
44757,280,0,0
44758,278,0,0
44759,276,0,0
44760,275,0,0
44761,273,0,0
44762,271,0,0
44763,269,0,0
44764,268,0,0
44765,266,0,0
44766,264,0,0
44767,263,0,0
44768,261,0,0
44769,259,0,0
44770,258,0,0
44771,256,0,0
44772,255,0,0
44773,253,0,0
44774,252,0,0
44775,250,0,0
44776,249,0,0
44777,247,0,0
44778,246,0,0
44779,244,0,0
44780,242,0,0
44781,240,0,0
44782,239,0,0
44783,237,0,0
44784,236,0,0
44785,234,0,0
44786,232,0,0
44787,231,0,0
44788,229,0,0
44789,227,0,0
44790,225,0,0
44791,223,0,0
44792,222,0,0
44793,220,0,0
44794,218,0,0
44795,216,0,0
44796,214,0,0
44797,212,0,0
44798,210,0,0
44799,208,0,0
44800,206,0,0
44801,203,0,0
44802,201,0,0
44803,199,0,0
44804,197,0,0
44805,195,0,0
44806,193,0,0
44807,190,0,0
44808,188,0,0
44809,186,0,0
44810,184,0,0
44811,182,0,0
44812,180,0,0
44813,177,0,0
44814,175,0,0
44815,173,0,0
44816,171,0,0
44817,169,0,0
44818,167,0,0
44819,165,0,0
44820,163,0,0
44821,161,0,0
44822,159,0,0
44823,157,0,0
44824,155,0,0
44825,153,0,0
44826,151,0,0
44827,149,0,0
44828,147,0,0
44829,145,0,0
44830,143,0,0
44831,141,0,0
44832,139,0,0
44833,137,0,0
44834,135,0,0
44835,133,0,0
44836,132,0,0
44837,130,0,0
44838,128,0,0
44839,126,0,0
44840,124,0,0
44841,122,0,0
44842,120,0,0
44843,118,0,0
44844,116,0,0
44845,114,0,0
44846,112,0,0
44847,110,0,0
44848,108,0,0
44849,107,0,0
44850,105,0,0
44851,103,0,0
44852,101,0,0
44853,98,0,0
44854,97,0,0
44855,95,0,0
44856,93,0,0
44857,91,0,0
44858,89,0,0
44859,87,0,0
44860,85,0,0
44861,83,0,0
44862,81,0,0
44863,79,0,0
44864,77,0,0
44865,75,0,0
44866,73,0,0
44867,71,0,0
44868,69,0,0
44869,67,0,0
44870,65,0,0
44871,63,0,0
44872,62,0,0
44873,60,0,0
44874,58,0,0
44875,56,0,0
44876,54,0,0
44877,52,0,0
44878,51,0,0
44879,49,0,0
44880,47,0,0
44881,45,0,0
44882,44,0,0
44883,42,0,0
44884,40,0,0
44885,39,0,0
44886,37,0,0
44887,36,0,0
44888,34,0,0
44889,33,0,0
44890,31,0,0
44891,30,0,0
44892,28,0,0
44893,26,0,0
44894,25,0,0
44895,23,0,0
44896,22,0,0
44897,20,0,0
44898,19,0,0
44899,17,0,0
44900,15,0,0
44901,14,0,0
44902,12,0,0
44903,10,0,0
44904,9,0,0
44905,7,0,0
44906,6,0,0
44907,4,0,0
44908,2,0,0
44909,0,0,0
44910,-1,0,0
44911,-3,0,0
44912,-4,0,0
44913,-6,0,0
44914,-8,0,0
44915,-9,0,0
44916,-11,0,0
44917,-12,0,0
44918,-14,0,0
44919,-16,0,0
44920,-17,0,0
44921,-19,0,0
44922,-20,0,0
44923,-21,0,0
44924,-23,0,0
44925,-24,0,0
44926,-25,0,0
44927,-27,0,0
44928,-28,0,0
44929,-29,0,0
44930,-31,0,0
44931,-32,0,0
44932,-33,0,0
44933,-34,0,0
44934,-36,0,0
44935,-37,0,0
44936,-38,0,0
44937,-39,0,0
44938,-40,0,0
44939,-41,0,0
44940,-42,0,0
44941,-43,0,0
44942,-44,0,0
44943,-45,0,0
44944,-46,0,0
44945,-47,0,0
44946,-48,0,0
44947,-49,0,0
44948,-50,0,0
44949,-51,0,0
44950,-52,0,0
44951,-53,0,0
44952,-54,0,0
44953,-55,0,0
44954,-55,0,0
44955,-56,0,0
44956,-57,0,0
44957,-58,0,0
44958,-58,0,0
44959,-59,0,0
44960,-60,0,0
44961,-60,0,0
44962,-61,0,0
44963,-61,0,0
44964,-62,0,0
44965,-62,0,0
44966,-63,0,0
44967,-63,0,0
44968,-64,0,0
44969,-64,0,0
44970,-65,0,0
44971,-65,0,0
44972,-65,0,0
44973,-66,0,0
44974,-66,0,0
44975,-67,0,0
44976,-67,0,0
44977,-67,0,0
44978,-68,0,0
44979,-68,0,0
44980,-68,0,0
44981,-69,0,0
44982,-69,0,0
44983,-70,0,0
44984,-70,0,0
44985,-70,0,0
44986,-71,0,0
44987,-71,0,0
44988,-71,0,0
44989,-72,0,0
44990,-72,0,0
44991,-72,0,0
44992,-73,0,0
44993,-73,0,0
44994,-73,0,0
44995,-74,0,0
44996,-74,0,0
44997,-74,0,0
44998,-75,0,0
44999,-75,0,0
45000,-75,0,0
45001,-75,0,0
45002,-75,0,0
45003,-76,0,0
45004,-76,0,0
45005,-76,0,0
45006,-76,0,0
45007,-76,0,0
45008,-76,0,0
45009,-76,0,0
45010,-76,0,0
45011,-76,0,0
45012,-76,0,0
45013,-76,0,0
45014,-76,0,0
45015,-75,0,0
45016,-75,0,0
45017,-75,0,0
45018,-75,0,0
45019,-74,0,0
45020,-74,0,0
45021,-74,0,0
45022,-74,0,0
45023,-74,0,0
45024,-73,0,0
45025,-73,0,0
45026,-72,0,0
45027,-72,0,0
45028,-72,0,0
45029,-71,0,0
45030,-71,0,0
45031,-71,0,0
45032,-70,0,0
45033,-70,0,0
45034,-69,0,0
45035,-69,0,0
45036,-68,0,0
45037,-68,0,0
45038,-68,0,0
45039,-67,0,0
45040,-67,0,0
45041,-66,0,0
45042,-66,0,0
45043,-66,0,0
45044,-65,0,0
45045,-65,0,0
45046,-64,0,0
45047,-64,0,0
45048,-64,0,0
45049,-63,0,0
45050,-63,0,0
45051,-63,0,0
45052,-62,0,0
45053,-62,0,0
45054,-62,0,0
45055,-61,0,0
45056,-61,0,0
45057,-61,0,0
45058,-61,0,0
45059,-60,0,0
45060,-60,0,0
45061,-59,0,0
45062,-59,0,0
45063,-58,0,0
45064,-57,0,0
45065,-57,0,0
45066,-56,0,0
45067,-56,0,0
45068,-55,0,0
45069,-54,0,0
45070,-53,0,0
45071,-52,0,0
45072,-52,0,0
45073,-51,0,0
45074,-50,0,0
45075,-49,0,0
45076,-48,0,0
45077,-47,0,0
45078,-46,0,0
45079,-44,0,0
45080,-43,0,0
45081,-42,0,0
45082,-41,0,0
45083,-40,0,0
45084,-39,0,0
45085,-38,0,0
45086,-37,0,0
45087,-36,0,0
45088,-35,0,0
45089,-34,0,0
45090,-33,0,0
45091,-32,0,0
45092,-31,0,0
45093,-30,0,0
45094,-29,0,0
45095,-28,0,0
45096,-27,0,0
45097,-26,0,0
45098,-25,0,0
45099,-25,0,0
45100,-24,0,0
45101,-23,0,0
45102,-22,0,0
45103,-22,0,0
45104,-21,0,0
45105,-20,0,0
45106,-19,0,0
45107,-19,0,0
45108,-18,0,0
45109,-17,0,0
45110,-16,0,0
45111,-15,0,0
45112,-14,0,0
45113,-14,0,0
45114,-13,0,0
45115,-12,0,0
45116,-11,0,0
45117,-10,0,0
45118,-9,0,0
45119,-8,0,0
45120,-7,0,0
45121,-6,0,0
45122,-5,0,0
45123,-4,0,0
45124,-3,0,0
45125,-2,0,0
45126,-1,0,0
45127,0,0,0
45128,1,0,0
45129,2,0,0
45130,3,0,0
45131,4,0,0
45132,5,0,0
45133,6,0,0
45134,7,0,0
45135,8,0,0
45136,9,0,0
45137,10,0,0
45138,11,0,0
45139,12,0,0
45140,13,0,0
45141,14,0,0
45142,15,0,0
45143,16,0,0
45144,17,0,0
45145,18,0,0
45146,19,0,0
45147,20,0,0
45148,21,0,0
45149,21,0,0
45150,22,0,0
45151,23,0,0
45152,24,0,0
45153,25,0,0
45154,26,0,0
45155,27,0,0
45156,28,0,0
45157,29,0,0
45158,29,0,0
45159,30,0,0
45160,31,0,0
45161,32,0,0
45162,33,0,0
45163,34,0,0
45164,34,0,0
45165,35,0,0
45166,36,0,0
45167,37,0,0
45168,38,0,0
45169,39,0,0
45170,39,0,0
45171,40,0,0
45172,41,0,0
45173,42,0,0
45174,43,0,0
45175,43,0,0
45176,44,0,0
45177,45,0,0
45178,46,0,0
45179,47,0,0
45180,48,0,0
45181,48,0,0
45182,49,0,0
45183,50,0,0
45184,51,0,0
45185,51,0,0
45186,52,0,0
45187,53,0,0
45188,54,0,0
45189,55,0,0
45190,55,0,0
45191,56,0,0
45192,57,0,0
45193,57,0,0
45194,58,0,0
45195,58,0,0
45196,59,0,0
45197,60,0,0
45198,60,0,0
45199,61,0,0
45200,62,0,0
45201,62,0,0
45202,63,0,0
45203,63,0,0
45204,64,0,0
45205,64,0,0
45206,65,0,0
45207,65,0,0
45208,66,0,0
45209,66,0,0
45210,67,0,0
45211,67,0,0
45212,67,0,0
45213,68,0,0
45214,69,0,0
45215,69,0,0
45216,69,0,0
45217,70,0,0
45218,70,0,0
45219,71,0,0
45220,71,0,0
45221,71,0,0
45222,72,0,0
45223,72,0,0
45224,72,0,0
45225,73,0,0
45226,73,0,0
45227,74,0,0
45228,74,0,0
45229,74,0,0
45230,74,0,0
45231,75,0,0
45232,75,0,0
45233,75,0,0
45234,76,0,0
45235,76,0,0
45236,76,0,0
45237,76,0,0
45238,76,0,0
45239,76,0,0
45240,77,0,0
45241,76,0,0
45242,77,0,0
45243,77,0,0
45244,77,0,0
45245,77,0,0
45246,77,0,0
45247,77,0,0
45248,77,0,0
45249,77,0,0
45250,77,0,0
45251,76,0,0
45252,76,0,0
45253,76,0,0
45254,76,0,0
45255,76,0,0
45256,76,0,0
45257,76,0,0
45258,75,0,0
45259,75,0,0
45260,75,0,0
45261,74,0,0
45262,74,0,0
45263,74,0,0
45264,74,0,0
45265,73,0,0
45266,73,0,0
45267,73,0,0
45268,72,0,0
45269,72,0,0
45270,71,0,0
45271,71,0,0
45272,70,0,0
45273,70,0,0
45274,70,0,0
45275,69,0,0
45276,68,0,0
45277,68,0,0
45278,67,0,0
45279,67,0,0
45280,66,0,0
45281,65,0,0
45282,65,0,0
45283,64,0,0
45284,63,0,0
45285,63,0,0
45286,62,0,0
45287,61,0,0
45288,60,0,0
45289,60,0,0
45290,59,0,0
45291,58,0,0
45292,57,0,0
45293,56,0,0
45294,55,0,0
45295,55,0,0
45296,54,0,0
45297,53,0,0
45298,52,0,0
45299,51,0,0
45300,50,0,0
45301,50,0,0
45302,49,0,0
45303,48,0,0
45304,47,0,0
45305,46,0,0
45306,45,0,0
45307,45,0,0
45308,44,0,0
45309,43,0,0
45310,42,0,0
45311,41,0,0
45312,40,0,0
45313,39,0,0
45314,38,0,0
45315,37,0,0
45316,36,0,0
45317,35,0,0
45318,34,0,0
45319,33,0,0
45320,32,0,0
45321,30,0,0
45322,29,0,0
45323,28,0,0
45324,27,0,0
45325,25,0,0
45326,24,0,0
45327,22,0,0
45328,21,0,0
45329,19,0,0
45330,18,0,0
45331,17,0,0
45332,15,0,0
45333,14,0,0
45334,12,0,0
45335,11,0,0
45336,9,0,0
45337,8,0,0
45338,6,0,0
45339,5,0,0
45340,3,0,0
45341,2,0,0
45342,0,0,0
45343,-1,0,0
45344,-2,0,0
45345,-4,0,0
45346,-5,0,0
45347,-7,0,0
45348,-8,0,0
45349,-9,0,0
45350,-11,0,0
45351,-12,0,0
45352,-13,0,0
45353,-15,0,0
45354,-16,0,0
45355,-18,0,0
45356,-19,0,0
45357,-21,0,0
45358,-22,0,0
45359,-24,0,0
45360,-25,0,0
45361,-27,0,0
45362,-29,0,0
45363,-30,0,0
45364,-32,0,0
45365,-34,0,0
45366,-36,0,0
45367,-37,0,0
45368,-39,0,0
45369,-41,0,0
45370,-43,0,0
45371,-45,0,0
45372,-46,0,0
45373,-49,0,0
45374,-50,0,0
45375,-52,0,0
45376,-54,0,0
45377,-56,0,0
45378,-58,0,0
45379,-60,0,0
45380,-61,0,0
45381,-63,0,0
45382,-65,0,0
45383,-67,0,0
45384,-69,0,0
45385,-71,0,0
45386,-73,0,0
45387,-74,0,0
45388,-76,0,0
45389,-78,0,0
45390,-80,0,0
45391,-82,0,0
45392,-83,0,0
45393,-85,0,0
45394,-87,0,0
45395,-89,0,0
45396,-91,0,0
45397,-93,0,0
45398,-95,0,0
45399,-96,0,0
45400,-98,0,0
45401,-100,0,0
45402,-102,0,0
45403,-104,0,0
45404,-106,0,0
45405,-108,0,0
45406,-110,0,0
45407,-112,0,0
45408,-114,0,0
45409,-116,0,0
45410,-118,0,0
45411,-120,0,0
45412,-122,0,0
45413,-124,0,0
45414,-127,0,0
45415,-129,0,0
45416,-131,0,0
45417,-133,0,0
45418,-135,0,0
45419,-137,0,0
45420,-139,0,0
45421,-141,0,0
45422,-144,0,0
45423,-146,0,0
45424,-148,0,0
45425,-150,0,0
45426,-152,0,0
45427,-154,0,0
45428,-156,0,0
45429,-158,0,0
45430,-160,0,0
45431,-162,0,0
45432,-164,0,0
45433,-166,0,0
45434,-168,0,0
45435,-170,0,0
45436,-172,0,0
45437,-174,0,0
45438,-176,0,0
45439,-178,0,0
45440,-181,0,0
45441,-183,0,0
45442,-185,0,0
45443,-187,0,0
45444,-188,0,0
45445,-190,0,0
45446,-192,0,0
45447,-194,0,0
45448,-196,0,0
45449,-198,0,0
45450,-200,0,0
45451,-202,0,0
45452,-204,0,0
45453,-206,0,0
45454,-208,0,0
45455,-209,0,0
45456,-211,0,0
45457,-213,0,0
45458,-215,0,0
45459,-217,0,0
45460,-219,0,0
45461,-221,0,0
45462,-223,0,0
45463,-225,0,0
45464,-227,0,0
45465,-229,0,0
45466,-230,0,0
45467,-232,0,0
45468,-234,0,0
45469,-236,0,0
45470,-238,0,0
45471,-240,0,0
45472,-242,0,0
45473,-244,0,0
45474,-246,0,0
45475,-248,0,0
45476,-249,0,0
45477,-251,0,0
45478,-253,0,0
45479,-255,0,0
45480,-257,0,0
45481,-259,0,0
45482,-260,0,0
45483,-262,0,0
45484,-264,0,0
45485,-266,0,0
45486,-267,0,0
45487,-269,0,0
45488,-271,0,0
45489,-272,0,0
45490,-274,0,0
45491,-275,0,0
45492,-277,0,0
45493,-278,0,0
45494,-280,0,0
45495,-281,0,0
45496,-283,0,0
45497,-284,0,0
45498,-286,0,0
45499,-287,0,0
45500,-288,0,0
45501,-290,0,0
45502,-291,0,0
45503,-293,0,0
45504,-294,0,0
45505,-295,0,0
45506,-297,0,0
45507,-298,0,0
45508,-299,0,0
45509,-301,0,0
45510,-302,0,0
45511,-304,0,0
45512,-305,0,0
45513,-306,0,0
45514,-308,0,0
45515,-309,0,0
45516,-310,0,0
45517,-312,0,0
45518,-313,0,0
45519,-315,0,0
45520,-316,0,0
45521,-317,0,0
45522,-318,0,0
45523,-320,0,0
45524,-321,0,0
45525,-323,0,0
45526,-324,0,0
45527,-325,0,0
45528,-327,0,0
45529,-328,0,0
45530,-329,0,0
45531,-330,0,0
45532,-332,0,0
45533,-333,0,0
45534,-334,0,0
45535,-335,0,0
45536,-336,0,0
45537,-337,0,0
45538,-338,0,0
45539,-339,0,0
45540,-340,0,0
45541,-341,0,0
45542,-342,0,0
45543,-343,0,0
45544,-344,0,0
45545,-344,0,0
45546,-345,0,0
45547,-346,0,0
45548,-347,0,0
45549,-347,0,0
45550,-348,0,0
45551,-349,0,0
45552,-349,0,0
45553,-350,0,0
45554,-351,0,0
45555,-351,0,0
45556,-352,0,0
45557,-352,0,0
45558,-353,0,0
45559,-353,0,0
45560,-354,0,0
45561,-354,0,0
45562,-355,0,0
45563,-355,0,0
45564,-356,0,0
45565,-356,0,0
45566,-357,0,0
45567,-357,0,0
45568,-357,0,0
45569,-358,0,0
45570,-358,0,0
45571,-359,0,0
45572,-359,0,0
45573,-359,0,0
45574,-360,0,0
45575,-360,0,0
45576,-360,0,0
45577,-361,0,0
45578,-361,0,0
45579,-361,0,0
45580,-361,0,0
45581,-362,0,0
45582,-362,0,0
45583,-362,0,0
45584,-362,0,0
45585,-362,0,0
45586,-362,0,0
45587,-362,0,0
45588,-362,0,0
45589,-362,0,0
45590,-362,0,0
45591,-362,0,0
45592,-362,0,0
45593,-361,0,0
45594,-361,0,0
45595,-361,0,0
45596,-361,0,0
45597,-360,0,0
45598,-360,0,0
45599,-359,0,0
45600,-359,0,0
45601,-358,0,0
45602,-358,0,0
45603,-357,0,0
45604,-357,0,0
45605,-356,0,0
45606,-356,0,0
45607,-355,0,0
45608,-354,0,0
45609,-354,0,0
45610,-353,0,0
45611,-353,0,0
45612,-352,0,0
45613,-351,0,0
45614,-350,0,0
45615,-350,0,0
45616,-349,0,0
45617,-348,0,0
45618,-347,0,0
45619,-346,0,0
45620,-346,0,0
45621,-345,0,0
45622,-344,0,0
45623,-343,0,0
45624,-342,0,0
45625,-341,0,0
45626,-340,0,0
45627,-340,0,0
45628,-339,0,0
45629,-338,0,0
45630,-336,0,0
45631,-335,0,0
45632,-334,0,0
45633,-333,0,0
45634,-332,0,0
45635,-331,0,0
45636,-330,0,0
45637,-329,0,0
45638,-328,0,0
45639,-327,0,0
45640,-325,0,0
45641,-324,0,0
45642,-323,0,0
45643,-321,0,0
45644,-320,0,0
45645,-319,0,0
45646,-317,0,0
45647,-316,0,0
45648,-315,0,0
45649,-313,0,0
45650,-312,0,0
45651,-310,0,0
45652,-309,0,0
45653,-308,0,0
45654,-306,0,0
45655,-305,0,0
45656,-303,0,0
45657,-302,0,0
45658,-300,0,0
45659,-299,0,0
45660,-297,0,0
45661,-296,0,0
45662,-294,0,0
45663,-292,0,0
45664,-291,0,0
45665,-289,0,0
45666,-287,0,0
45667,-286,0,0
45668,-284,0,0
45669,-282,0,0
45670,-280,0,0
45671,-279,0,0
45672,-277,0,0
45673,-275,0,0
45674,-273,0,0
45675,-271,0,0
45676,-269,0,0
45677,-267,0,0
45678,-265,0,0
45679,-263,0,0
45680,-261,0,0
45681,-259,0,0
45682,-257,0,0
45683,-255,0,0
45684,-252,0,0
45685,-250,0,0
45686,-248,0,0
45687,-246,0,0
45688,-243,0,0
45689,-241,0,0
45690,-239,0,0
45691,-237,0,0
45692,-234,0,0
45693,-232,0,0
45694,-230,0,0
45695,-228,0,0
45696,-225,0,0
45697,-223,0,0
45698,-221,0,0
45699,-219,0,0
45700,-216,0,0
45701,-214,0,0
45702,-212,0,0
45703,-210,0,0
45704,-207,0,0
45705,-205,0,0
45706,-203,0,0
45707,-201,0,0
45708,-199,0,0
45709,-196,0,0
45710,-194,0,0
45711,-192,0,0
45712,-189,0,0
45713,-187,0,0
45714,-185,0,0
45715,-182,0,0
45716,-180,0,0
45717,-177,0,0
45718,-174,0,0
45719,-172,0,0
45720,-169,0,0
45721,-166,0,0
45722,-164,0,0
45723,-161,0,0
45724,-158,0,0
45725,-155,0,0
45726,-152,0,0
45727,-150,0,0
45728,-147,0,0
45729,-144,0,0
45730,-141,0,0
45731,-138,0,0
45732,-135,0,0
45733,-132,0,0
45734,-129,0,0
45735,-126,0,0
45736,-123,0,0
45737,-121,0,0
45738,-118,0,0
45739,-115,0,0
45740,-112,0,0
45741,-110,0,0
45742,-107,0,0
45743,-104,0,0
45744,-101,0,0
45745,-99,0,0
45746,-96,0,0
45747,-93,0,0
45748,-91,0,0
45749,-88,0,0
45750,-85,0,0
45751,-83,0,0
45752,-80,0,0
45753,-78,0,0
45754,-75,0,0
45755,-72,0,0
45756,-70,0,0
45757,-67,0,0
45758,-64,0,0
45759,-61,0,0
45760,-59,0,0
45761,-56,0,0
45762,-53,0,0
45763,-50,0,0
45764,-48,0,0
45765,-45,0,0
45766,-42,0,0
45767,-39,0,0
45768,-36,0,0
45769,-34,0,0
45770,-31,0,0
45771,-28,0,0
45772,-25,0,0
45773,-22,0,0
45774,-19,0,0
45775,-16,0,0
45776,-13,0,0
45777,-10,0,0
45778,-7,0,0
45779,-4,0,0
45780,-2,0,0
45781,1,0,0
45782,4,0,0
45783,7,0,0
45784,10,0,0
45785,13,0,0
45786,16,0,0
45787,19,0,0
45788,22,0,0
45789,25,0,0
45790,28,0,0
45791,31,0,0
45792,34,0,0
45793,37,0,0
45794,40,0,0
45795,44,0,0
45796,47,0,0
45797,49,0,0
45798,53,0,0
45799,56,0,0
45800,59,0,0
45801,62,0,0
45802,65,0,0
45803,68,0,0
45804,71,0,0
45805,74,0,0
45806,77,0,0
45807,80,0,0
45808,83,0,0
45809,86,0,0
45810,89,0,0
45811,92,0,0
45812,94,0,0
45813,97,0,0
45814,100,0,0
45815,103,0,0
45816,106,0,0
45817,109,0,0
45818,111,0,0
45819,114,0,0
45820,117,0,0
45821,119,0,0
45822,122,0,0
45823,125,0,0
45824,128,0,0
45825,130,0,0
45826,133,0,0
45827,136,0,0
45828,139,0,0
45829,141,0,0
45830,144,0,0
45831,146,0,0
45832,149,0,0
45833,152,0,0
45834,154,0,0
45835,157,0,0
45836,160,0,0
45837,162,0,0
45838,165,0,0
45839,167,0,0
45840,170,0,0
45841,173,0,0
45842,175,0,0
45843,178,0,0
45844,180,0,0
45845,183,0,0
45846,185,0,0
45847,188,0,0
45848,190,0,0
45849,193,0,0
45850,196,0,0
45851,198,0,0
45852,200,0,0
45853,203,0,0
45854,205,0,0
45855,208,0,0
45856,210,0,0
45857,212,0,0
45858,215,0,0
45859,217,0,0
45860,219,0,0
45861,222,0,0
45862,224,0,0
45863,226,0,0
45864,229,0,0
45865,231,0,0
45866,233,0,0
45867,235,0,0
45868,238,0,0
45869,240,0,0
45870,242,0,0
45871,244,0,0
45872,247,0,0
45873,249,0,0
45874,251,0,0
45875,253,0,0
45876,255,0,0
45877,257,0,0
45878,260,0,0
45879,262,0,0
45880,264,0,0
45881,266,0,0
45882,268,0,0
45883,270,0,0
45884,272,0,0
45885,274,0,0
45886,276,0,0
45887,278,0,0
45888,280,0,0
45889,282,0,0
45890,283,0,0
45891,285,0,0
45892,287,0,0
45893,289,0,0
45894,291,0,0
45895,292,0,0
45896,294,0,0
45897,295,0,0
45898,297,0,0
45899,299,0,0
45900,300,0,0
45901,302,0,0
45902,303,0,0
45903,305,0,0
45904,306,0,0
45905,308,0,0
45906,309,0,0
45907,311,0,0
45908,312,0,0
45909,313,0,0
45910,315,0,0
45911,316,0,0
45912,317,0,0
45913,318,0,0
45914,320,0,0
45915,321,0,0
45916,322,0,0
45917,323,0,0
45918,325,0,0
45919,326,0,0
45920,327,0,0
45921,328,0,0
45922,330,0,0
45923,330,0,0
45924,332,0,0
45925,333,0,0
45926,334,0,0
45927,335,0,0
45928,336,0,0
45929,337,0,0
45930,337,0,0
45931,339,0,0
45932,339,0,0
45933,340,0,0
45934,341,0,0
45935,342,0,0
45936,343,0,0
45937,344,0,0
45938,344,0,0
45939,345,0,0
45940,346,0,0
45941,346,0,0
45942,347,0,0
45943,348,0,0
45944,348,0,0
45945,349,0,0
45946,349,0,0
45947,350,0,0
45948,351,0,0
45949,351,0,0
45950,351,0,0
45951,352,0,0
45952,352,0,0
45953,353,0,0
45954,353,0,0
45955,354,0,0
45956,354,0,0
45957,354,0,0
45958,355,0,0
45959,355,0,0
45960,355,0,0
45961,356,0,0
45962,356,0,0
45963,356,0,0
45964,357,0,0
45965,357,0,0
45966,357,0,0
45967,357,0,0
45968,358,0,0
45969,358,0,0
45970,358,0,0
45971,358,0,0
45972,358,0,0
45973,358,0,0
45974,359,0,0
45975,359,0,0
45976,359,0,0
45977,359,0,0
45978,359,0,0
45979,359,0,0
45980,359,0,0
45981,359,0,0
45982,359,0,0
45983,359,0,0
45984,359,0,0
45985,359,0,0
45986,359,0,0
45987,358,0,0
45988,358,0,0
45989,358,0,0
45990,358,0,0
45991,357,0,0
45992,357,0,0
45993,357,0,0
45994,356,0,0
45995,355,0,0
45996,355,0,0
45997,354,0,0
45998,354,0,0
45999,353,0,0
46000,353,0,0
46001,352,0,0
46002,351,0,0
46003,350,0,0
46004,349,0,0
46005,349,0,0
46006,348,0,0
46007,347,0,0
46008,346,0,0
46009,346,0,0
46010,344,0,0
46011,344,0,0
46012,343,0,0
46013,342,0,0
46014,341,0,0
46015,340,0,0
46016,339,0,0
46017,339,0,0
46018,338,0,0
46019,337,0,0
46020,336,0,0
46021,335,0,0
46022,335,0,0
46023,334,0,0
46024,333,0,0
46025,332,0,0
46026,331,0,0
46027,331,0,0
46028,330,0,0
46029,329,0,0
46030,328,0,0
46031,327,0,0
46032,326,0,0
46033,325,0,0
46034,324,0,0
46035,323,0,0
46036,322,0,0
46037,321,0,0
46038,320,0,0
46039,319,0,0
46040,317,0,0
46041,316,0,0
46042,315,0,0
46043,313,0,0
46044,312,0,0
46045,310,0,0
46046,309,0,0
46047,307,0,0
46048,306,0,0
46049,304,0,0
46050,303,0,0
46051,301,0,0
46052,299,0,0
46053,297,0,0
46054,296,0,0
46055,294,0,0
46056,292,0,0
46057,291,0,0
46058,289,0,0
46059,287,0,0
46060,285,0,0
46061,284,0,0
46062,282,0,0
46063,280,0,0
46064,278,0,0
46065,277,0,0
46066,275,0,0
46067,274,0,0
46068,272,0,0
46069,270,0,0
46070,269,0,0
46071,267,0,0
46072,266,0,0
46073,264,0,0
46074,262,0,0
46075,261,0,0
46076,259,0,0
46077,258,0,0
46078,256,0,0
46079,255,0,0
46080,253,0,0
46081,251,0,0
46082,250,0,0
46083,248,0,0
46084,246,0,0
46085,244,0,0
46086,243,0,0
46087,241,0,0
46088,239,0,0
46089,237,0,0
46090,235,0,0
46091,234,0,0
46092,232,0,0
46093,230,0,0
46094,228,0,0
46095,226,0,0
46096,224,0,0
46097,222,0,0
46098,220,0,0
46099,218,0,0
46100,216,0,0
46101,213,0,0
46102,211,0,0
46103,209,0,0
46104,207,0,0
46105,205,0,0
46106,203,0,0
46107,201,0,0
46108,199,0,0
46109,196,0,0
46110,194,0,0
46111,192,0,0
46112,190,0,0
46113,188,0,0
46114,186,0,0
46115,184,0,0
46116,182,0,0
46117,179,0,0
46118,177,0,0
46119,175,0,0
46120,173,0,0
46121,171,0,0
46122,169,0,0
46123,167,0,0
46124,165,0,0
46125,163,0,0
46126,161,0,0
46127,159,0,0
46128,158,0,0
46129,156,0,0
46130,154,0,0
46131,152,0,0
46132,150,0,0
46133,148,0,0
46134,146,0,0
46135,144,0,0
46136,143,0,0
46137,141,0,0
46138,139,0,0
46139,137,0,0
46140,135,0,0
46141,133,0,0
46142,131,0,0
46143,129,0,0
46144,128,0,0
46145,126,0,0
46146,124,0,0
46147,122,0,0
46148,120,0,0
46149,118,0,0
46150,116,0,0
46151,114,0,0
46152,112,0,0
46153,110,0,0
46154,108,0,0
46155,106,0,0
46156,104,0,0
46157,102,0,0
46158,100,0,0
46159,98,0,0
46160,96,0,0
46161,94,0,0
46162,92,0,0
46163,90,0,0
46164,88,0,0
46165,86,0,0
46166,83,0,0
46167,82,0,0
46168,79,0,0
46169,78,0,0
46170,75,0,0
46171,73,0,0
46172,71,0,0
46173,70,0,0
46174,68,0,0
46175,66,0,0
46176,64,0,0
46177,62,0,0
46178,60,0,0
46179,59,0,0
46180,57,0,0
46181,55,0,0
46182,53,0,0
46183,52,0,0
46184,50,0,0
46185,48,0,0
46186,46,0,0
46187,45,0,0
46188,43,0,0
46189,42,0,0
46190,40,0,0
46191,38,0,0
46192,37,0,0
46193,35,0,0
46194,34,0,0
46195,32,0,0
46196,31,0,0
46197,29,0,0
46198,27,0,0
46199,26,0,0
46200,24,0,0
46201,22,0,0
46202,21,0,0
46203,19,0,0
46204,18,0,0
46205,16,0,0
46206,14,0,0
46207,13,0,0
46208,11,0,0
46209,10,0,0
46210,8,0,0
46211,6,0,0
46212,5,0,0
46213,3,0,0
46214,1,0,0
46215,0,0,0
46216,-2,0,0
46217,-4,0,0
46218,-5,0,0
46219,-7,0,0
46220,-8,0,0
46221,-10,0,0
46222,-12,0,0
46223,-13,0,0
46224,-15,0,0
46225,-16,0,0
46226,-17,0,0
46227,-19,0,0
46228,-20,0,0
46229,-22,0,0
46230,-23,0,0
46231,-24,0,0
46232,-26,0,0
46233,-27,0,0
46234,-28,0,0
46235,-29,0,0
46236,-30,0,0
46237,-31,0,0
46238,-33,0,0
46239,-34,0,0
46240,-35,0,0
46241,-36,0,0
46242,-37,0,0
46243,-38,0,0
46244,-39,0,0
46245,-40,0,0
46246,-41,0,0
46247,-42,0,0
46248,-43,0,0
46249,-44,0,0
46250,-45,0,0
46251,-45,0,0
46252,-46,0,0
46253,-47,0,0
46254,-48,0,0
46255,-49,0,0
46256,-50,0,0
46257,-51,0,0
46258,-52,0,0
46259,-52,0,0
46260,-53,0,0
46261,-54,0,0
46262,-54,0,0
46263,-55,0,0
46264,-56,0,0
46265,-57,0,0
46266,-57,0,0
46267,-58,0,0
46268,-59,0,0
46269,-59,0,0
46270,-60,0,0
46271,-60,0,0
46272,-61,0,0
46273,-62,0,0
46274,-62,0,0
46275,-63,0,0
46276,-63,0,0
46277,-64,0,0
46278,-64,0,0
46279,-65,0,0
46280,-65,0,0
46281,-66,0,0
46282,-66,0,0
46283,-67,0,0
46284,-67,0,0
46285,-68,0,0
46286,-68,0,0
46287,-69,0,0
46288,-69,0,0
46289,-70,0,0
46290,-70,0,0
46291,-71,0,0
46292,-71,0,0
46293,-71,0,0
46294,-72,0,0
46295,-72,0,0
46296,-73,0,0
46297,-73,0,0
46298,-73,0,0
46299,-74,0,0
46300,-74,0,0
46301,-74,0,0
46302,-75,0,0
46303,-75,0,0
46304,-75,0,0
46305,-75,0,0
46306,-75,0,0
46307,-76,0,0
46308,-76,0,0
46309,-76,0,0
46310,-76,0,0
46311,-76,0,0
46312,-76,0,0
46313,-76,0,0
46314,-76,0,0
46315,-76,0,0
46316,-76,0,0
46317,-76,0,0
46318,-76,0,0
46319,-76,0,0
46320,-76,0,0
46321,-75,0,0
46322,-75,0,0
46323,-75,0,0
46324,-75,0,0
46325,-75,0,0
46326,-75,0,0
46327,-75,0,0
46328,-75,0,0
46329,-75,0,0
46330,-74,0,0
46331,-74,0,0
46332,-74,0,0
46333,-74,0,0
46334,-74,0,0
46335,-73,0,0
46336,-73,0,0
46337,-73,0,0
46338,-72,0,0
46339,-72,0,0
46340,-72,0,0
46341,-71,0,0
46342,-71,0,0
46343,-71,0,0
46344,-70,0,0
46345,-70,0,0
46346,-69,0,0
46347,-69,0,0
46348,-68,0,0
46349,-67,0,0
46350,-67,0,0
46351,-67,0,0
46352,-66,0,0
46353,-65,0,0
46354,-65,0,0
46355,-64,0,0
46356,-63,0,0
46357,-63,0,0
46358,-62,0,0
46359,-61,0,0
46360,-61,0,0
46361,-60,0,0
46362,-60,0,0
46363,-59,0,0
46364,-59,0,0
46365,-58,0,0
46366,-57,0,0
46367,-57,0,0
46368,-56,0,0
46369,-56,0,0
46370,-55,0,0
46371,-55,0,0
46372,-54,0,0
46373,-54,0,0
46374,-53,0,0
46375,-53,0,0
46376,-52,0,0
46377,-51,0,0
46378,-51,0,0
46379,-50,0,0
46380,-49,0,0
46381,-49,0,0
46382,-48,0,0
46383,-47,0,0
46384,-47,0,0
46385,-46,0,0
46386,-45,0,0
46387,-44,0,0
46388,-44,0,0
46389,-43,0,0
46390,-42,0,0
46391,-41,0,0
46392,-40,0,0
46393,-39,0,0
46394,-38,0,0
46395,-37,0,0
46396,-36,0,0
46397,-35,0,0
46398,-34,0,0
46399,-33,0,0
46400,-32,0,0
46401,-31,0,0
46402,-30,0,0
46403,-29,0,0
46404,-28,0,0
46405,-27,0,0
46406,-26,0,0
46407,-25,0,0
46408,-24,0,0
46409,-23,0,0
46410,-22,0,0
46411,-21,0,0
46412,-21,0,0
46413,-20,0,0
46414,-19,0,0
46415,-18,0,0
46416,-17,0,0
46417,-16,0,0
46418,-15,0,0
46419,-14,0,0
46420,-13,0,0
46421,-12,0,0
46422,-11,0,0
46423,-10,0,0
46424,-9,0,0
46425,-8,0,0
46426,-7,0,0
46427,-6,0,0
46428,-5,0,0
46429,-4,0,0
46430,-3,0,0
46431,-1,0,0
46432,0,0,0
46433,1,0,0
46434,2,0,0
46435,3,0,0
46436,4,0,0
46437,5,0,0
46438,6,0,0
46439,7,0,0
46440,8,0,0
46441,9,0,0
46442,10,0,0
46443,11,0,0
46444,12,0,0
46445,13,0,0
46446,14,0,0
46447,15,0,0
46448,16,0,0
46449,17,0,0
46450,18,0,0
46451,19,0,0
46452,20,0,0
46453,21,0,0
46454,21,0,0
46455,22,0,0
46456,23,0,0
46457,24,0,0
46458,25,0,0
46459,25,0,0
46460,26,0,0
46461,27,0,0
46462,28,0,0
46463,29,0,0
46464,29,0,0
46465,30,0,0
46466,31,0,0
46467,32,0,0
46468,32,0,0
46469,33,0,0
46470,34,0,0
46471,35,0,0
46472,36,0,0
46473,36,0,0
46474,37,0,0
46475,38,0,0
46476,39,0,0
46477,40,0,0
46478,40,0,0
46479,41,0,0
46480,42,0,0
46481,43,0,0
46482,44,0,0
46483,44,0,0
46484,45,0,0
46485,46,0,0
46486,47,0,0
46487,47,0,0
46488,48,0,0
46489,49,0,0
46490,50,0,0
46491,51,0,0
46492,51,0,0
46493,52,0,0
46494,53,0,0
46495,54,0,0
46496,55,0,0
46497,55,0,0
46498,56,0,0
46499,57,0,0
46500,58,0,0
46501,59,0,0
46502,59,0,0
46503,60,0,0
46504,61,0,0
46505,62,0,0
46506,62,0,0
46507,63,0,0
46508,64,0,0
46509,64,0,0
46510,65,0,0
46511,66,0,0
46512,66,0,0
46513,67,0,0
46514,68,0,0
46515,68,0,0
46516,69,0,0
46517,69,0,0
46518,70,0,0
46519,70,0,0
46520,70,0,0
46521,71,0,0
46522,71,0,0
46523,71,0,0
46524,72,0,0
46525,72,0,0
46526,72,0,0
46527,72,0,0
46528,72,0,0
46529,73,0,0
46530,73,0,0
46531,73,0,0
46532,73,0,0
46533,73,0,0
46534,73,0,0
46535,73,0,0
46536,73,0,0
46537,73,0,0
46538,73,0,0
46539,73,0,0
46540,73,0,0
46541,73,0,0
46542,73,0,0
46543,73,0,0
46544,73,0,0
46545,74,0,0
46546,74,0,0
46547,74,0,0
46548,74,0,0
46549,74,0,0
46550,74,0,0
46551,74,0,0
46552,74,0,0
46553,74,0,0
46554,74,0,0
46555,74,0,0
46556,74,0,0
46557,74,0,0
46558,74,0,0
46559,74,0,0
46560,74,0,0
46561,74,0,0
46562,74,0,0
46563,74,0,0
46564,73,0,0
46565,73,0,0
46566,73,0,0
46567,73,0,0
46568,73,0,0
46569,73,0,0
46570,72,0,0
46571,72,0,0
46572,72,0,0
46573,71,0,0
46574,71,0,0
46575,71,0,0
46576,70,0,0
46577,70,0,0
46578,69,0,0
46579,69,0,0
46580,68,0,0
46581,68,0,0
46582,67,0,0
46583,67,0,0
46584,66,0,0
46585,66,0,0
46586,65,0,0
46587,65,0,0
46588,64,0,0
46589,63,0,0
46590,63,0,0
46591,62,0,0
46592,61,0,0
46593,61,0,0
46594,60,0,0
46595,59,0,0
46596,59,0,0
46597,58,0,0
46598,57,0,0
46599,56,0,0
46600,56,0,0
46601,55,0,0
46602,54,0,0
46603,53,0,0
46604,52,0,0
46605,52,0,0
46606,51,0,0
46607,50,0,0
46608,49,0,0
46609,48,0,0
46610,47,0,0
46611,46,0,0
46612,45,0,0
46613,44,0,0
46614,43,0,0
46615,42,0,0
46616,41,0,0
46617,40,0,0
46618,40,0,0
46619,39,0,0
46620,38,0,0
46621,37,0,0
46622,35,0,0
46623,34,0,0
46624,33,0,0
46625,32,0,0
46626,31,0,0
46627,30,0,0
46628,29,0,0
46629,28,0,0
46630,27,0,0
46631,26,0,0
46632,24,0,0
46633,23,0,0
46634,22,0,0
46635,21,0,0
46636,20,0,0
46637,18,0,0
46638,17,0,0
46639,16,0,0
46640,14,0,0
46641,13,0,0
46642,12,0,0
46643,10,0,0
46644,9,0,0
46645,7,0,0
46646,6,0,0
46647,4,0,0
46648,3,0,0
46649,2,0,0
46650,0,0,0
46651,-2,0,0
46652,-3,0,0
46653,-5,0,0
46654,-6,0,0
46655,-8,0,0
46656,-9,0,0
46657,-11,0,0
46658,-12,0,0
46659,-14,0,0
46660,-15,0,0
46661,-17,0,0
46662,-19,0,0
46663,-20,0,0
46664,-22,0,0
46665,-24,0,0
46666,-25,0,0
46667,-27,0,0
46668,-29,0,0
46669,-30,0,0
46670,-32,0,0
46671,-34,0,0
46672,-36,0,0
46673,-37,0,0
46674,-39,0,0
46675,-41,0,0
46676,-42,0,0
46677,-44,0,0
46678,-46,0,0
46679,-48,0,0
46680,-50,0,0
46681,-52,0,0
46682,-53,0,0
46683,-55,0,0
46684,-57,0,0
46685,-59,0,0
46686,-61,0,0
46687,-62,0,0
46688,-64,0,0
46689,-66,0,0
46690,-67,0,0
46691,-69,0,0
46692,-71,0,0
46693,-73,0,0
46694,-75,0,0
46695,-76,0,0
46696,-78,0,0
46697,-80,0,0
46698,-82,0,0
46699,-84,0,0
46700,-86,0,0
46701,-87,0,0
46702,-89,0,0
46703,-91,0,0
46704,-93,0,0
46705,-95,0,0
46706,-97,0,0
46707,-99,0,0
46708,-101,0,0
46709,-103,0,0
46710,-105,0,0
46711,-107,0,0
46712,-109,0,0
46713,-111,0,0
46714,-113,0,0
46715,-115,0,0
46716,-117,0,0
46717,-120,0,0
46718,-122,0,0
46719,-124,0,0
46720,-126,0,0
46721,-128,0,0
46722,-130,0,0
46723,-132,0,0
46724,-134,0,0
46725,-136,0,0
46726,-139,0,0
46727,-141,0,0
46728,-143,0,0
46729,-145,0,0
46730,-147,0,0
46731,-149,0,0
46732,-151,0,0
46733,-153,0,0
46734,-155,0,0
46735,-157,0,0
46736,-159,0,0
46737,-161,0,0
46738,-163,0,0
46739,-165,0,0
46740,-167,0,0
46741,-169,0,0
46742,-171,0,0
46743,-173,0,0
46744,-175,0,0
46745,-177,0,0
46746,-178,0,0
46747,-180,0,0
46748,-182,0,0
46749,-184,0,0
46750,-186,0,0
46751,-188,0,0
46752,-190,0,0
46753,-192,0,0
46754,-194,0,0
46755,-196,0,0
46756,-198,0,0
46757,-200,0,0
46758,-202,0,0
46759,-204,0,0
46760,-206,0,0
46761,-208,0,0
46762,-210,0,0
46763,-212,0,0
46764,-214,0,0
46765,-216,0,0
46766,-218,0,0
46767,-220,0,0
46768,-222,0,0
46769,-224,0,0
46770,-226,0,0
46771,-228,0,0
46772,-230,0,0
46773,-232,0,0
46774,-234,0,0
46775,-236,0,0
46776,-238,0,0
46777,-240,0,0
46778,-242,0,0
46779,-244,0,0
46780,-246,0,0
46781,-247,0,0
46782,-250,0,0
46783,-251,0,0
46784,-253,0,0
46785,-255,0,0
46786,-257,0,0
46787,-258,0,0
46788,-260,0,0
46789,-262,0,0
46790,-263,0,0
46791,-265,0,0
46792,-267,0,0
46793,-268,0,0
46794,-270,0,0
46795,-272,0,0
46796,-273,0,0
46797,-275,0,0
46798,-276,0,0
46799,-278,0,0
46800,-279,0,0
46801,-281,0,0
46802,-283,0,0
46803,-284,0,0
46804,-286,0,0
46805,-287,0,0
46806,-289,0,0
46807,-291,0,0
46808,-292,0,0
46809,-294,0,0
46810,-295,0,0
46811,-297,0,0
46812,-299,0,0
46813,-300,0,0
46814,-302,0,0
46815,-303,0,0
46816,-305,0,0
46817,-306,0,0
46818,-308,0,0
46819,-309,0,0
46820,-311,0,0
46821,-312,0,0
46822,-313,0,0
46823,-315,0,0
46824,-316,0,0
46825,-318,0,0
46826,-319,0,0
46827,-320,0,0
46828,-321,0,0
46829,-322,0,0
46830,-323,0,0
46831,-325,0,0
46832,-326,0,0
46833,-327,0,0
46834,-328,0,0
46835,-329,0,0
46836,-330,0,0
46837,-331,0,0
46838,-332,0,0
46839,-332,0,0
46840,-333,0,0
46841,-334,0,0
46842,-335,0,0
46843,-336,0,0
46844,-337,0,0
46845,-338,0,0
46846,-339,0,0
46847,-340,0,0
46848,-341,0,0
46849,-342,0,0
46850,-343,0,0
46851,-344,0,0
46852,-344,0,0
46853,-345,0,0
46854,-346,0,0
46855,-347,0,0
46856,-348,0,0
46857,-349,0,0
46858,-349,0,0
46859,-350,0,0
46860,-351,0,0
46861,-351,0,0
46862,-352,0,0
46863,-353,0,0
46864,-353,0,0
46865,-354,0,0
46866,-354,0,0
46867,-355,0,0
46868,-355,0,0
46869,-356,0,0
46870,-356,0,0
46871,-356,0,0
46872,-357,0,0
46873,-357,0,0
46874,-357,0,0
46875,-357,0,0
46876,-358,0,0
46877,-358,0,0
46878,-358,0,0
46879,-358,0,0
46880,-358,0,0
46881,-358,0,0
46882,-358,0,0
46883,-358,0,0
46884,-358,0,0
46885,-359,0,0
46886,-359,0,0
46887,-359,0,0
46888,-359,0,0
46889,-359,0,0
46890,-358,0,0
46891,-359,0,0
46892,-359,0,0
46893,-359,0,0
46894,-359,0,0
46895,-359,0,0
46896,-358,0,0
46897,-358,0,0
46898,-358,0,0
46899,-358,0,0
46900,-358,0,0
46901,-358,0,0
46902,-358,0,0
46903,-357,0,0
46904,-357,0,0
46905,-357,0,0
46906,-357,0,0
46907,-356,0,0
46908,-356,0,0
46909,-356,0,0
46910,-356,0,0
46911,-355,0,0
46912,-354,0,0
46913,-354,0,0
46914,-354,0,0
46915,-353,0,0
46916,-353,0,0
46917,-352,0,0
46918,-352,0,0
46919,-351,0,0
46920,-350,0,0
46921,-350,0,0
46922,-349,0,0
46923,-348,0,0
46924,-348,0,0
46925,-347,0,0
46926,-346,0,0
46927,-345,0,0
46928,-344,0,0
46929,-343,0,0
46930,-342,0,0
46931,-341,0,0
46932,-340,0,0
46933,-339,0,0
46934,-338,0,0
46935,-337,0,0
46936,-336,0,0
46937,-335,0,0
46938,-334,0,0
46939,-333,0,0
46940,-332,0,0
46941,-331,0,0
46942,-330,0,0
46943,-328,0,0
46944,-327,0,0
46945,-326,0,0
46946,-325,0,0
46947,-324,0,0
46948,-322,0,0
46949,-321,0,0
46950,-320,0,0
46951,-319,0,0
46952,-318,0,0
46953,-316,0,0
46954,-315,0,0
46955,-314,0,0
46956,-313,0,0
46957,-311,0,0
46958,-310,0,0
46959,-309,0,0
46960,-307,0,0
46961,-306,0,0
46962,-304,0,0
46963,-303,0,0
46964,-301,0,0
46965,-300,0,0
46966,-298,0,0
46967,-296,0,0
46968,-295,0,0
46969,-293,0,0
46970,-291,0,0
46971,-289,0,0
46972,-287,0,0
46973,-285,0,0
46974,-283,0,0
46975,-281,0,0
46976,-279,0,0
46977,-278,0,0
46978,-275,0,0
46979,-273,0,0
46980,-271,0,0
46981,-269,0,0
46982,-267,0,0
46983,-265,0,0
46984,-263,0,0
46985,-261,0,0
46986,-259,0,0
46987,-257,0,0
46988,-255,0,0
46989,-253,0,0
46990,-251,0,0
46991,-249,0,0
46992,-247,0,0
46993,-245,0,0
46994,-243,0,0
46995,-241,0,0
46996,-239,0,0
46997,-237,0,0
46998,-235,0,0
46999,-233,0,0
47000,-231,0,0
47001,-229,0,0
47002,-227,0,0
47003,-225,0,0
47004,-223,0,0
47005,-221,0,0
47006,-219,0,0
47007,-216,0,0
47008,-214,0,0
47009,-212,0,0
47010,-210,0,0
47011,-207,0,0
47012,-205,0,0
47013,-202,0,0
47014,-200,0,0
47015,-197,0,0
47016,-195,0,0
47017,-192,0,0
47018,-189,0,0
47019,-187,0,0
47020,-184,0,0
47021,-182,0,0
47022,-179,0,0
47023,-176,0,0
47024,-173,0,0
47025,-171,0,0
47026,-168,0,0
47027,-165,0,0
47028,-163,0,0
47029,-160,0,0
47030,-157,0,0
47031,-154,0,0
47032,-152,0,0
47033,-149,0,0
47034,-146,0,0
47035,-143,0,0
47036,-141,0,0
47037,-138,0,0
47038,-135,0,0
47039,-133,0,0
47040,-130,0,0
47041,-127,0,0
47042,-125,0,0
47043,-122,0,0
47044,-119,0,0
47045,-117,0,0
47046,-114,0,0
47047,-111,0,0
47048,-108,0,0
47049,-106,0,0
47050,-103,0,0
47051,-100,0,0
47052,-97,0,0
47053,-95,0,0
47054,-92,0,0
47055,-89,0,0
47056,-86,0,0
47057,-83,0,0
47058,-81,0,0
47059,-78,0,0
47060,-75,0,0
47061,-72,0,0
47062,-69,0,0
47063,-66,0,0
47064,-63,0,0
47065,-60,0,0
47066,-57,0,0
47067,-54,0,0
47068,-52,0,0
47069,-49,0,0
47070,-46,0,0
47071,-43,0,0
47072,-40,0,0
47073,-37,0,0
47074,-34,0,0
47075,-31,0,0
47076,-28,0,0
47077,-25,0,0
47078,-22,0,0
47079,-19,0,0
47080,-16,0,0
47081,-13,0,0
47082,-10,0,0
47083,-7,0,0
47084,-5,0,0
47085,-2,0,0
47086,1,0,0
47087,4,0,0
47088,7,0,0
47089,10,0,0
47090,13,0,0
47091,16,0,0
47092,19,0,0
47093,22,0,0
47094,25,0,0
47095,27,0,0
47096,30,0,0
47097,33,0,0
47098,37,0,0
47099,39,0,0
47100,42,0,0
47101,45,0,0
47102,48,0,0
47103,51,0,0
47104,54,0,0
47105,57,0,0
47106,60,0,0
47107,63,0,0
47108,66,0,0
47109,69,0,0
47110,72,0,0
47111,75,0,0
47112,78,0,0
47113,81,0,0
47114,84,0,0
47115,87,0,0
47116,90,0,0
47117,93,0,0
47118,96,0,0
47119,98,0,0
47120,101,0,0
47121,104,0,0
47122,107,0,0
47123,110,0,0
47124,113,0,0
47125,116,0,0
47126,118,0,0
47127,121,0,0
47128,124,0,0
47129,127,0,0
47130,129,0,0
47131,132,0,0
47132,135,0,0
47133,137,0,0
47134,140,0,0
47135,143,0,0
47136,145,0,0
47137,148,0,0
47138,151,0,0
47139,153,0,0
47140,156,0,0
47141,158,0,0
47142,161,0,0
47143,164,0,0
47144,166,0,0
47145,168,0,0
47146,171,0,0
47147,174,0,0
47148,176,0,0
47149,179,0,0
47150,181,0,0
47151,184,0,0
47152,186,0,0
47153,189,0,0
47154,191,0,0
47155,194,0,0
47156,196,0,0
47157,198,0,0
47158,201,0,0
47159,203,0,0
47160,206,0,0
47161,208,0,0
47162,210,0,0
47163,213,0,0
47164,215,0,0
47165,218,0,0
47166,220,0,0
47167,222,0,0
47168,225,0,0
47169,227,0,0
47170,229,0,0
47171,232,0,0
47172,234,0,0
47173,236,0,0
47174,238,0,0
47175,240,0,0
47176,243,0,0
47177,245,0,0
47178,247,0,0
47179,249,0,0
47180,251,0,0
47181,253,0,0
47182,255,0,0
47183,257,0,0
47184,259,0,0
47185,262,0,0
47186,264,0,0
47187,266,0,0
47188,267,0,0
47189,269,0,0
47190,271,0,0
47191,273,0,0
47192,275,0,0
47193,277,0,0
47194,279,0,0
47195,281,0,0
47196,282,0,0
47197,284,0,0
47198,286,0,0
47199,288,0,0
47200,289,0,0
47201,291,0,0
47202,292,0,0
47203,294,0,0
47204,296,0,0
47205,297,0,0
47206,299,0,0
47207,300,0,0
47208,302,0,0
47209,304,0,0
47210,305,0,0
47211,307,0,0
47212,308,0,0
47213,310,0,0
47214,311,0,0
47215,313,0,0
47216,314,0,0
47217,315,0,0
47218,317,0,0
47219,318,0,0
47220,319,0,0
47221,321,0,0
47222,322,0,0
47223,323,0,0
47224,325,0,0
47225,326,0,0
47226,327,0,0
47227,328,0,0
47228,330,0,0
47229,331,0,0
47230,332,0,0
47231,333,0,0
47232,334,0,0
47233,335,0,0
47234,336,0,0
47235,337,0,0
47236,337,0,0
47237,338,0,0
47238,339,0,0
47239,340,0,0
47240,341,0,0
47241,342,0,0
47242,342,0,0
47243,343,0,0
47244,344,0,0
47245,345,0,0
47246,345,0,0
47247,346,0,0
47248,347,0,0
47249,347,0,0
47250,348,0,0
47251,348,0,0
47252,349,0,0
47253,350,0,0
47254,350,0,0
47255,351,0,0
47256,351,0,0
47257,352,0,0
47258,352,0,0
47259,353,0,0
47260,353,0,0
47261,354,0,0
47262,354,0,0
47263,355,0,0
47264,355,0,0
47265,356,0,0
47266,356,0,0
47267,357,0,0
47268,357,0,0
47269,358,0,0
47270,358,0,0
47271,358,0,0
47272,359,0,0
47273,359,0,0
47274,359,0,0
47275,359,0,0
47276,360,0,0
47277,360,0,0
47278,360,0,0
47279,360,0,0
47280,360,0,0
47281,361,0,0
47282,360,0,0
47283,361,0,0
47284,360,0,0
47285,361,0,0
47286,360,0,0
47287,360,0,0
47288,360,0,0
47289,360,0,0
47290,360,0,0
47291,359,0,0
47292,359,0,0
47293,359,0,0
47294,358,0,0
47295,358,0,0
47296,358,0,0
47297,357,0,0
47298,357,0,0
47299,356,0,0
47300,356,0,0
47301,355,0,0
47302,355,0,0
47303,354,0,0
47304,354,0,0
47305,353,0,0
47306,352,0,0
47307,352,0,0
47308,351,0,0
47309,351,0,0
47310,350,0,0
47311,349,0,0
47312,349,0,0
47313,348,0,0
47314,348,0,0
47315,347,0,0
47316,346,0,0
47317,346,0,0
47318,345,0,0
47319,345,0,0
47320,344,0,0
47321,343,0,0
47322,342,0,0
47323,341,0,0
47324,341,0,0
47325,340,0,0
47326,339,0,0
47327,338,0,0
47328,337,0,0
47329,336,0,0
47330,335,0,0
47331,334,0,0
47332,333,0,0
47333,332,0,0
47334,330,0,0
47335,329,0,0
47336,328,0,0
47337,326,0,0
47338,325,0,0
47339,324,0,0
47340,322,0,0
47341,321,0,0
47342,320,0,0
47343,318,0,0
47344,317,0,0
47345,315,0,0
47346,314,0,0
47347,312,0,0
47348,311,0,0
47349,310,0,0
47350,308,0,0
47351,307,0,0
47352,306,0,0
47353,304,0,0
47354,303,0,0
47355,302,0,0
47356,300,0,0
47357,299,0,0
47358,298,0,0
47359,296,0,0
47360,295,0,0
47361,294,0,0
47362,292,0,0
47363,291,0,0
47364,290,0,0
47365,288,0,0
47366,287,0,0
47367,286,0,0
47368,285,0,0
47369,283,0,0
47370,281,0,0
47371,280,0,0
47372,278,0,0
47373,277,0,0
47374,275,0,0
47375,274,0,0
47376,272,0,0
47377,270,0,0
47378,268,0,0
47379,267,0,0
47380,265,0,0
47381,263,0,0
47382,261,0,0
47383,259,0,0
47384,257,0,0
47385,255,0,0
47386,254,0,0
47387,252,0,0
47388,250,0,0
47389,248,0,0
47390,246,0,0
47391,244,0,0
47392,242,0,0
47393,240,0,0
47394,238,0,0
47395,236,0,0
47396,234,0,0
47397,232,0,0
47398,230,0,0
47399,228,0,0
47400,226,0,0
47401,224,0,0
47402,222,0,0
47403,220,0,0
47404,218,0,0
47405,216,0,0
47406,214,0,0
47407,212,0,0
47408,210,0,0
47409,209,0,0
47410,207,0,0
47411,205,0,0
47412,203,0,0
47413,201,0,0
47414,199,0,0
47415,197,0,0
47416,195,0,0
47417,193,0,0
47418,191,0,0
47419,190,0,0
47420,187,0,0
47421,186,0,0
47422,184,0,0
47423,182,0,0
47424,180,0,0
47425,178,0,0
47426,176,0,0
47427,174,0,0
47428,172,0,0
47429,170,0,0
47430,168,0,0
47431,166,0,0
47432,164,0,0
47433,162,0,0
47434,160,0,0
47435,158,0,0
47436,156,0,0
47437,154,0,0
47438,152,0,0
47439,150,0,0
47440,147,0,0
47441,145,0,0
47442,143,0,0
47443,141,0,0
47444,139,0,0
47445,137,0,0
47446,135,0,0
47447,133,0,0
47448,130,0,0
47449,128,0,0
47450,126,0,0
47451,124,0,0
47452,122,0,0
47453,120,0,0
47454,118,0,0
47455,116,0,0
47456,114,0,0
47457,112,0,0
47458,110,0,0
47459,108,0,0
47460,107,0,0
47461,105,0,0
47462,103,0,0
47463,101,0,0
47464,99,0,0
47465,97,0,0
47466,96,0,0
47467,94,0,0
47468,92,0,0
47469,90,0,0
47470,88,0,0
47471,87,0,0
47472,85,0,0
47473,83,0,0
47474,81,0,0
47475,79,0,0
47476,77,0,0
47477,75,0,0
47478,73,0,0
47479,71,0,0
47480,69,0,0
47481,67,0,0
47482,65,0,0
47483,64,0,0
47484,61,0,0
47485,60,0,0
47486,58,0,0
47487,56,0,0
47488,53,0,0
47489,52,0,0
47490,50,0,0
47491,48,0,0
47492,46,0,0
47493,44,0,0
47494,42,0,0
47495,40,0,0
47496,39,0,0
47497,37,0,0
47498,35,0,0
47499,33,0,0
47500,32,0,0
47501,30,0,0
47502,28,0,0
47503,27,0,0
47504,25,0,0
47505,23,0,0
47506,22,0,0
47507,20,0,0
47508,19,0,0
47509,17,0,0
47510,16,0,0
47511,14,0,0
47512,13,0,0
47513,11,0,0
47514,10,0,0
47515,8,0,0
47516,7,0,0
47517,5,0,0
47518,4,0,0
47519,2,0,0
47520,0,0,0
47521,-1,0,0
47522,-3,0,0
47523,-4,0,0
47524,-6,0,0
47525,-7,0,0
47526,-9,0,0
47527,-10,0,0
47528,-12,0,0
47529,-13,0,0
47530,-15,0,0
47531,-16,0,0
47532,-18,0,0
47533,-19,0,0
47534,-20,0,0
47535,-22,0,0
47536,-23,0,0
47537,-24,0,0
47538,-25,0,0
47539,-27,0,0
47540,-28,0,0
47541,-29,0,0
47542,-30,0,0
47543,-31,0,0
47544,-32,0,0
47545,-33,0,0
47546,-34,0,0
47547,-35,0,0
47548,-36,0,0
47549,-36,0,0
47550,-37,0,0
47551,-38,0,0
47552,-39,0,0
47553,-40,0,0
47554,-41,0,0
47555,-42,0,0
47556,-43,0,0
47557,-44,0,0
47558,-44,0,0
47559,-45,0,0
47560,-46,0,0
47561,-47,0,0
47562,-48,0,0
47563,-49,0,0
47564,-50,0,0
47565,-51,0,0
47566,-52,0,0
47567,-53,0,0
47568,-54,0,0
47569,-55,0,0
47570,-56,0,0
47571,-57,0,0
47572,-58,0,0
47573,-59,0,0
47574,-59,0,0
47575,-60,0,0
47576,-61,0,0
47577,-62,0,0
47578,-63,0,0
47579,-64,0,0
47580,-64,0,0
47581,-65,0,0
47582,-66,0,0
47583,-67,0,0
47584,-67,0,0
47585,-68,0,0
47586,-68,0,0
47587,-69,0,0
47588,-69,0,0
47589,-70,0,0
47590,-70,0,0
47591,-71,0,0
47592,-71,0,0
47593,-71,0,0
47594,-72,0,0
47595,-72,0,0
47596,-72,0,0
47597,-73,0,0
47598,-73,0,0
47599,-73,0,0
47600,-73,0,0
47601,-74,0,0
47602,-74,0,0
47603,-74,0,0
47604,-74,0,0
47605,-74,0,0
47606,-74,0,0
47607,-75,0,0
47608,-75,0,0
47609,-75,0,0
47610,-75,0,0
47611,-75,0,0
47612,-75,0,0
47613,-75,0,0
47614,-75,0,0
47615,-75,0,0
47616,-75,0,0
47617,-75,0,0
47618,-75,0,0
47619,-75,0,0
47620,-75,0,0
47621,-75,0,0
47622,-75,0,0
47623,-75,0,0
47624,-75,0,0
47625,-75,0,0
47626,-75,0,0
47627,-75,0,0
47628,-75,0,0
47629,-74,0,0
47630,-74,0,0
47631,-74,0,0
47632,-74,0,0
47633,-74,0,0
47634,-74,0,0
47635,-74,0,0
47636,-73,0,0
47637,-73,0,0
47638,-73,0,0
47639,-73,0,0
47640,-72,0,0
47641,-72,0,0
47642,-72,0,0
47643,-71,0,0
47644,-71,0,0
47645,-71,0,0
47646,-71,0,0
47647,-70,0,0
47648,-70,0,0
47649,-70,0,0
47650,-69,0,0
47651,-69,0,0
47652,-69,0,0
47653,-69,0,0
47654,-68,0,0
47655,-68,0,0
47656,-67,0,0
47657,-67,0,0
47658,-66,0,0
47659,-66,0,0
47660,-66,0,0
47661,-65,0,0
47662,-65,0,0
47663,-64,0,0
47664,-64,0,0
47665,-63,0,0
47666,-63,0,0
47667,-62,0,0
47668,-62,0,0
47669,-61,0,0
47670,-60,0,0
47671,-60,0,0
47672,-59,0,0
47673,-58,0,0
47674,-58,0,0
47675,-57,0,0
47676,-56,0,0
47677,-55,0,0
47678,-54,0,0
47679,-54,0,0
47680,-53,0,0
47681,-52,0,0
47682,-51,0,0
47683,-50,0,0
47684,-49,0,0
47685,-48,0,0
47686,-47,0,0
47687,-46,0,0
47688,-45,0,0
47689,-44,0,0
47690,-43,0,0
47691,-42,0,0
47692,-41,0,0
47693,-40,0,0
47694,-39,0,0
47695,-38,0,0
47696,-37,0,0
47697,-36,0,0
47698,-35,0,0
47699,-34,0,0
47700,-34,0,0
47701,-33,0,0
47702,-32,0,0
47703,-31,0,0
47704,-30,0,0
47705,-30,0,0
47706,-29,0,0
47707,-28,0,0
47708,-27,0,0
47709,-27,0,0
47710,-26,0,0
47711,-25,0,0
47712,-24,0,0
47713,-24,0,0
47714,-23,0,0
47715,-22,0,0
47716,-22,0,0
47717,-21,0,0
47718,-20,0,0
47719,-19,0,0
47720,-18,0,0
47721,-18,0,0
47722,-17,0,0
47723,-16,0,0
47724,-15,0,0
47725,-14,0,0
47726,-14,0,0
47727,-13,0,0
47728,-12,0,0
47729,-11,0,0
47730,-10,0,0
47731,-9,0,0
47732,-8,0,0
47733,-7,0,0
47734,-6,0,0
47735,-5,0,0
47736,-4,0,0
47737,-3,0,0
47738,-2,0,0
47739,-1,0,0
47740,0,0,0
47741,1,0,0
47742,3,0,0
47743,4,0,0
47744,5,0,0
47745,6,0,0
47746,7,0,0
47747,8,0,0
47748,10,0,0
47749,11,0,0
47750,12,0,0
47751,13,0,0
47752,14,0,0
47753,15,0,0
47754,16,0,0
47755,17,0,0
47756,18,0,0
47757,19,0,0
47758,21,0,0
47759,21,0,0
47760,22,0,0
47761,23,0,0
47762,24,0,0
47763,25,0,0
47764,26,0,0
47765,27,0,0
47766,28,0,0
47767,28,0,0
47768,29,0,0
47769,30,0,0
47770,31,0,0
47771,32,0,0
47772,32,0,0
47773,33,0,0
47774,33,0,0
47775,34,0,0
47776,35,0,0
47777,35,0,0
47778,36,0,0
47779,37,0,0
47780,37,0,0
47781,38,0,0
47782,39,0,0
47783,39,0,0
47784,40,0,0
47785,41,0,0
47786,41,0,0
47787,42,0,0
47788,43,0,0
47789,43,0,0
47790,44,0,0
47791,45,0,0
47792,46,0,0
47793,47,0,0
47794,48,0,0
47795,48,0,0
47796,49,0,0
47797,50,0,0
47798,51,0,0
47799,52,0,0
47800,53,0,0
47801,54,0,0
47802,55,0,0
47803,56,0,0
47804,57,0,0
47805,58,0,0
47806,59,0,0
47807,60,0,0
47808,60,0,0
47809,61,0,0
47810,62,0,0
47811,63,0,0
47812,63,0,0
47813,64,0,0
47814,65,0,0
47815,65,0,0
47816,66,0,0
47817,66,0,0
47818,66,0,0
47819,67,0,0
47820,67,0,0
47821,67,0,0
47822,67,0,0
47823,67,0,0
47824,68,0,0
47825,68,0,0
47826,68,0,0
47827,68,0,0
47828,68,0,0
47829,68,0,0
47830,68,0,0
47831,68,0,0
47832,68,0,0
47833,68,0,0
47834,68,0,0
47835,69,0,0
47836,69,0,0
47837,69,0,0
47838,69,0,0
47839,69,0,0
47840,69,0,0
47841,70,0,0
47842,70,0,0
47843,70,0,0
47844,71,0,0
47845,71,0,0
47846,71,0,0
47847,72,0,0
47848,72,0,0
47849,72,0,0
47850,73,0,0
47851,73,0,0
47852,73,0,0
47853,74,0,0
47854,74,0,0
47855,74,0,0
47856,74,0,0
47857,74,0,0
47858,75,0,0
47859,75,0,0
47860,75,0,0
47861,75,0,0
47862,75,0,0
47863,75,0,0
47864,75,0,0
47865,75,0,0
47866,75,0,0
47867,74,0,0
47868,74,0,0
47869,74,0,0
47870,74,0,0
47871,74,0,0
47872,73,0,0
47873,73,0,0
47874,73,0,0
47875,73,0,0
47876,72,0,0
47877,72,0,0
47878,72,0,0
47879,71,0,0
47880,71,0,0
47881,71,0,0
47882,70,0,0
47883,70,0,0
47884,69,0,0
47885,69,0,0
47886,69,0,0
47887,68,0,0
47888,68,0,0
47889,67,0,0
47890,67,0,0
47891,66,0,0
47892,66,0,0
47893,65,0,0
47894,65,0,0
47895,64,0,0
47896,63,0,0
47897,63,0,0
47898,62,0,0
47899,62,0,0
47900,61,0,0
47901,60,0,0
47902,60,0,0
47903,59,0,0
47904,58,0,0
47905,58,0,0
47906,57,0,0
47907,56,0,0
47908,55,0,0
47909,55,0,0
47910,54,0,0
47911,53,0,0
47912,52,0,0
47913,52,0,0
47914,51,0,0
47915,50,0,0
47916,49,0,0
47917,48,0,0
47918,48,0,0
47919,47,0,0
47920,46,0,0
47921,45,0,0
47922,44,0,0
47923,43,0,0
47924,42,0,0
47925,41,0,0
47926,40,0,0
47927,39,0,0
47928,38,0,0
47929,37,0,0
47930,35,0,0
47931,34,0,0
47932,33,0,0
47933,31,0,0
47934,30,0,0
47935,29,0,0
47936,27,0,0
47937,26,0,0
47938,24,0,0
47939,23,0,0
47940,22,0,0
47941,20,0,0
47942,19,0,0
47943,17,0,0
47944,16,0,0
47945,14,0,0
47946,13,0,0
47947,11,0,0
47948,9,0,0
47949,8,0,0
47950,7,0,0
47951,5,0,0
47952,4,0,0
47953,2,0,0
47954,0,0,0
47955,-1,0,0
47956,-2,0,0
47957,-4,0,0
47958,-5,0,0
47959,-7,0,0
47960,-9,0,0
47961,-10,0,0
47962,-12,0,0
47963,-13,0,0
47964,-14,0,0
47965,-16,0,0
47966,-17,0,0
47967,-19,0,0
47968,-21,0,0
47969,-22,0,0
47970,-24,0,0
47971,-25,0,0
47972,-27,0,0
47973,-29,0,0
47974,-30,0,0
47975,-32,0,0
47976,-33,0,0
47977,-35,0,0
47978,-37,0,0
47979,-39,0,0
47980,-40,0,0
47981,-42,0,0
47982,-44,0,0
47983,-46,0,0
47984,-47,0,0
47985,-49,0,0
47986,-51,0,0
47987,-53,0,0
47988,-54,0,0
47989,-56,0,0
47990,-58,0,0
47991,-59,0,0
47992,-61,0,0
47993,-63,0,0
47994,-64,0,0
47995,-66,0,0
47996,-68,0,0
47997,-70,0,0
47998,-72,0,0
47999,-73,0,0
48000,-75,0,0
48001,-77,0,0
48002,-79,0,0
48003,-80,0,0
48004,-82,0,0
48005,-84,0,0
48006,-86,0,0
48007,-88,0,0
48008,-90,0,0
48009,-92,0,0
48010,-94,0,0
48011,-95,0,0
48012,-97,0,0
48013,-99,0,0
48014,-102,0,0
48015,-104,0,0
48016,-106,0,0
48017,-108,0,0
48018,-110,0,0
48019,-112,0,0
48020,-114,0,0
48021,-116,0,0
48022,-118,0,0
48023,-120,0,0
48024,-122,0,0
48025,-124,0,0
48026,-127,0,0
48027,-129,0,0
48028,-131,0,0
48029,-133,0,0
48030,-135,0,0
48031,-137,0,0
48032,-140,0,0
48033,-142,0,0
48034,-144,0,0
48035,-146,0,0
48036,-148,0,0
48037,-150,0,0
48038,-152,0,0
48039,-154,0,0
48040,-156,0,0
48041,-158,0,0
48042,-161,0,0
48043,-162,0,0
48044,-164,0,0
48045,-166,0,0
48046,-168,0,0
48047,-170,0,0
48048,-172,0,0
48049,-174,0,0
48050,-176,0,0
48051,-178,0,0
48052,-180,0,0
48053,-182,0,0
48054,-184,0,0
48055,-186,0,0
48056,-188,0,0
48057,-190,0,0
48058,-192,0,0
48059,-194,0,0
48060,-196,0,0
48061,-198,0,0
48062,-200,0,0
48063,-202,0,0
48064,-204,0,0
48065,-206,0,0
48066,-208,0,0
48067,-210,0,0
48068,-212,0,0
48069,-214,0,0
48070,-216,0,0
48071,-218,0,0
48072,-220,0,0
48073,-222,0,0
48074,-224,0,0
48075,-226,0,0
48076,-228,0,0
48077,-229,0,0
48078,-231,0,0
48079,-233,0,0
48080,-235,0,0
48081,-237,0,0
48082,-239,0,0
48083,-240,0,0
48084,-242,0,0
48085,-244,0,0
48086,-245,0,0
48087,-247,0,0
48088,-249,0,0
48089,-251,0,0
48090,-252,0,0
48091,-254,0,0
48092,-255,0,0
48093,-257,0,0
48094,-259,0,0
48095,-261,0,0
48096,-262,0,0
48097,-264,0,0
48098,-265,0,0
48099,-267,0,0
48100,-269,0,0
48101,-270,0,0
48102,-272,0,0
48103,-273,0,0
48104,-275,0,0
48105,-277,0,0
48106,-278,0,0
48107,-280,0,0
48108,-281,0,0
48109,-283,0,0
48110,-284,0,0
48111,-286,0,0
48112,-287,0,0
48113,-289,0,0
48114,-290,0,0
48115,-292,0,0
48116,-293,0,0
48117,-295,0,0
48118,-296,0,0
48119,-298,0,0
48120,-299,0,0
48121,-300,0,0
48122,-302,0,0
48123,-303,0,0
48124,-304,0,0
48125,-306,0,0
48126,-307,0,0
48127,-308,0,0
48128,-310,0,0
48129,-311,0,0
48130,-312,0,0
48131,-314,0,0
48132,-315,0,0
48133,-316,0,0
48134,-317,0,0
48135,-318,0,0
48136,-320,0,0
48137,-321,0,0
48138,-323,0,0
48139,-324,0,0
48140,-325,0,0
48141,-326,0,0
48142,-327,0,0
48143,-329,0,0
48144,-330,0,0
48145,-331,0,0
48146,-332,0,0
48147,-333,0,0
48148,-334,0,0
48149,-336,0,0
48150,-337,0,0
48151,-338,0,0
48152,-339,0,0
48153,-340,0,0
48154,-341,0,0
48155,-342,0,0
48156,-343,0,0
48157,-344,0,0
48158,-345,0,0
48159,-345,0,0
48160,-346,0,0
48161,-347,0,0
48162,-348,0,0
48163,-348,0,0
48164,-349,0,0
48165,-349,0,0
48166,-350,0,0
48167,-351,0,0
48168,-351,0,0
48169,-351,0,0
48170,-352,0,0
48171,-352,0,0
48172,-353,0,0
48173,-353,0,0
48174,-353,0,0
48175,-354,0,0
48176,-354,0,0
48177,-354,0,0
48178,-354,0,0
48179,-355,0,0
48180,-355,0,0
48181,-355,0,0
48182,-355,0,0
48183,-356,0,0
48184,-356,0,0
48185,-356,0,0
48186,-356,0,0
48187,-357,0,0
48188,-357,0,0
48189,-357,0,0
48190,-358,0,0
48191,-358,0,0
48192,-358,0,0
48193,-358,0,0
48194,-359,0,0
48195,-359,0,0
48196,-359,0,0
48197,-359,0,0
48198,-359,0,0
48199,-359,0,0
48200,-359,0,0
48201,-359,0,0
48202,-359,0,0
48203,-359,0,0
48204,-359,0,0
48205,-359,0,0
48206,-359,0,0
48207,-359,0,0
48208,-359,0,0
48209,-358,0,0
48210,-358,0,0
48211,-357,0,0
48212,-357,0,0
48213,-357,0,0
48214,-356,0,0
48215,-356,0,0
48216,-355,0,0
48217,-355,0,0
48218,-354,0,0
48219,-354,0,0
48220,-353,0,0
48221,-353,0,0
48222,-352,0,0
48223,-351,0,0
48224,-351,0,0
48225,-350,0,0
48226,-350,0,0
48227,-349,0,0
48228,-348,0,0
48229,-348,0,0
48230,-347,0,0
48231,-346,0,0
48232,-346,0,0
48233,-345,0,0
48234,-344,0,0
48235,-344,0,0
48236,-343,0,0
48237,-342,0,0
48238,-341,0,0
48239,-340,0,0
48240,-339,0,0
48241,-338,0,0
48242,-337,0,0
48243,-336,0,0
48244,-335,0,0
48245,-334,0,0
48246,-333,0,0
48247,-332,0,0
48248,-331,0,0
48249,-330,0,0
48250,-329,0,0
48251,-327,0,0
48252,-326,0,0
48253,-325,0,0
48254,-324,0,0
48255,-322,0,0
48256,-321,0,0
48257,-319,0,0
48258,-318,0,0
48259,-317,0,0
48260,-315,0,0
48261,-314,0,0
48262,-312,0,0
48263,-311,0,0
48264,-310,0,0
48265,-308,0,0
48266,-307,0,0
48267,-305,0,0
48268,-304,0,0
48269,-302,0,0
48270,-301,0,0
48271,-299,0,0
48272,-298,0,0
48273,-296,0,0
48274,-294,0,0
48275,-293,0,0
48276,-291,0,0
48277,-289,0,0
48278,-288,0,0
48279,-286,0,0
48280,-284,0,0
48281,-283,0,0
48282,-281,0,0
48283,-279,0,0
48284,-277,0,0
48285,-275,0,0
48286,-273,0,0
48287,-271,0,0
48288,-269,0,0
48289,-267,0,0
48290,-265,0,0
48291,-263,0,0
48292,-261,0,0
48293,-259,0,0
48294,-257,0,0
48295,-255,0,0
48296,-252,0,0
48297,-250,0,0
48298,-248,0,0
48299,-246,0,0
48300,-244,0,0
48301,-242,0,0
48302,-240,0,0
48303,-238,0,0
48304,-235,0,0
48305,-233,0,0
48306,-231,0,0
48307,-229,0,0
48308,-227,0,0
48309,-225,0,0
48310,-223,0,0
48311,-221,0,0
48312,-218,0,0
48313,-216,0,0
48314,-214,0,0
48315,-212,0,0
48316,-210,0,0
48317,-208,0,0
48318,-205,0,0
48319,-203,0,0
48320,-201,0,0
48321,-199,0,0
48322,-197,0,0
48323,-194,0,0
48324,-192,0,0
48325,-189,0,0
48326,-187,0,0
48327,-184,0,0
48328,-182,0,0
48329,-179,0,0
48330,-177,0,0
48331,-174,0,0
48332,-171,0,0
48333,-169,0,0
48334,-166,0,0
48335,-163,0,0
48336,-160,0,0
48337,-158,0,0
48338,-155,0,0
48339,-152,0,0
48340,-149,0,0
48341,-146,0,0
48342,-143,0,0
48343,-140,0,0
48344,-137,0,0
48345,-134,0,0
48346,-131,0,0
48347,-128,0,0
48348,-125,0,0
48349,-122,0,0
48350,-119,0,0
48351,-116,0,0
48352,-113,0,0
48353,-110,0,0
48354,-107,0,0
48355,-104,0,0
48356,-101,0,0
48357,-98,0,0
48358,-95,0,0
48359,-93,0,0
48360,-90,0,0
48361,-87,0,0
48362,-84,0,0
48363,-82,0,0
48364,-79,0,0
48365,-76,0,0
48366,-73,0,0
48367,-71,0,0
48368,-68,0,0
48369,-65,0,0
48370,-63,0,0
48371,-60,0,0
48372,-57,0,0
48373,-54,0,0
48374,-52,0,0
48375,-49,0,0
48376,-46,0,0
48377,-43,0,0
48378,-41,0,0
48379,-38,0,0
48380,-35,0,0
48381,-32,0,0
48382,-29,0,0
48383,-26,0,0
48384,-23,0,0
48385,-20,0,0
48386,-17,0,0
48387,-14,0,0
48388,-11,0,0
48389,-8,0,0
48390,-5,0,0
48391,-2,0,0
48392,1,0,0
48393,4,0,0
48394,7,0,0
48395,10,0,0
48396,13,0,0
48397,16,0,0
48398,19,0,0
48399,22,0,0
48400,25,0,0
48401,28,0,0
48402,31,0,0
48403,34,0,0
48404,37,0,0
48405,40,0,0
48406,43,0,0
48407,46,0,0
48408,49,0,0
48409,51,0,0
48410,54,0,0
48411,57,0,0
48412,60,0,0
48413,63,0,0
48414,65,0,0
48415,68,0,0
48416,71,0,0
48417,74,0,0
48418,76,0,0
48419,79,0,0
48420,82,0,0
48421,84,0,0
48422,87,0,0
48423,90,0,0
48424,93,0,0
48425,95,0,0
48426,98,0,0
48427,101,0,0
48428,104,0,0
48429,107,0,0
48430,109,0,0
48431,112,0,0
48432,115,0,0
48433,118,0,0
48434,121,0,0
48435,124,0,0
48436,127,0,0
48437,129,0,0
48438,132,0,0
48439,135,0,0
48440,138,0,0
48441,141,0,0
48442,143,0,0
48443,146,0,0
48444,149,0,0
48445,152,0,0
48446,154,0,0
48447,157,0,0
48448,160,0,0
48449,162,0,0
48450,165,0,0
48451,167,0,0
48452,170,0,0
48453,172,0,0
48454,175,0,0
48455,177,0,0
48456,180,0,0
48457,182,0,0
48458,185,0,0
48459,187,0,0
48460,189,0,0
48461,191,0,0
48462,194,0,0
48463,196,0,0
48464,199,0,0
48465,201,0,0
48466,203,0,0
48467,205,0,0
48468,208,0,0
48469,210,0,0
48470,213,0,0
48471,215,0,0
48472,217,0,0
48473,220,0,0
48474,222,0,0
48475,225,0,0
48476,227,0,0
48477,230,0,0
48478,232,0,0
48479,234,0,0
48480,237,0,0
48481,239,0,0
48482,242,0,0
48483,244,0,0
48484,246,0,0
48485,249,0,0
48486,251,0,0
48487,253,0,0
48488,256,0,0
48489,258,0,0
48490,260,0,0
48491,262,0,0
48492,264,0,0
48493,266,0,0
48494,268,0,0
48495,270,0,0
48496,272,0,0
48497,274,0,0
48498,276,0,0
48499,277,0,0
48500,279,0,0
48501,281,0,0
48502,283,0,0
48503,284,0,0
48504,286,0,0
48505,288,0,0
48506,289,0,0
48507,291,0,0
48508,292,0,0
48509,294,0,0
48510,295,0,0
48511,297,0,0
48512,299,0,0
48513,300,0,0
48514,301,0,0
48515,303,0,0
48516,304,0,0
48517,306,0,0
48518,307,0,0
48519,309,0,0
48520,310,0,0
48521,312,0,0
48522,313,0,0
48523,315,0,0
48524,316,0,0
48525,317,0,0
48526,319,0,0
48527,320,0,0
48528,321,0,0
48529,323,0,0
48530,324,0,0
48531,325,0,0
48532,326,0,0
48533,328,0,0
48534,329,0,0
48535,330,0,0
48536,331,0,0
48537,332,0,0
48538,334,0,0
48539,335,0,0
48540,336,0,0
48541,337,0,0
48542,338,0,0
48543,339,0,0
48544,340,0,0
48545,340,0,0
48546,342,0,0
48547,342,0,0
48548,343,0,0
48549,344,0,0
48550,345,0,0
48551,346,0,0
48552,347,0,0
48553,347,0,0
48554,348,0,0
48555,349,0,0
48556,350,0,0
48557,351,0,0
48558,351,0,0
48559,352,0,0
48560,353,0,0
48561,353,0,0
48562,354,0,0
48563,354,0,0
48564,355,0,0
48565,355,0,0
48566,356,0,0
48567,356,0,0
48568,356,0,0
48569,357,0,0
48570,357,0,0
48571,358,0,0
48572,358,0,0
48573,358,0,0
48574,358,0,0
48575,358,0,0
48576,359,0,0
48577,359,0,0
48578,359,0,0
48579,359,0,0
48580,359,0,0
48581,359,0,0
48582,359,0,0
48583,359,0,0
48584,359,0,0
48585,359,0,0
48586,359,0,0
48587,359,0,0
48588,359,0,0
48589,359,0,0
48590,359,0,0
48591,359,0,0
48592,359,0,0
48593,359,0,0
48594,359,0,0
48595,358,0,0
48596,358,0,0
48597,358,0,0
48598,358,0,0
48599,358,0,0
48600,357,0,0
48601,357,0,0
48602,357,0,0
48603,356,0,0
48604,356,0,0
48605,355,0,0
48606,355,0,0
48607,354,0,0
48608,354,0,0
48609,353,0,0
48610,352,0,0
48611,352,0,0
48612,351,0,0
48613,350,0,0
48614,350,0,0
48615,349,0,0
48616,348,0,0
48617,348,0,0
48618,347,0,0
48619,346,0,0
48620,345,0,0
48621,344,0,0
48622,344,0,0
48623,343,0,0
48624,342,0,0
48625,341,0,0
48626,340,0,0
48627,339,0,0
48628,338,0,0
48629,338,0,0
48630,337,0,0
48631,336,0,0
48632,335,0,0
48633,334,0,0
48634,333,0,0
48635,332,0,0
48636,331,0,0
48637,330,0,0
48638,329,0,0
48639,328,0,0
48640,327,0,0
48641,326,0,0
48642,325,0,0
48643,324,0,0
48644,322,0,0
48645,321,0,0
48646,320,0,0
48647,319,0,0
48648,318,0,0
48649,316,0,0
48650,315,0,0
48651,314,0,0
48652,313,0,0
48653,311,0,0
48654,310,0,0
48655,309,0,0
48656,307,0,0
48657,306,0,0
48658,305,0,0
48659,303,0,0
48660,302,0,0
48661,301,0,0
48662,299,0,0
48663,298,0,0
48664,297,0,0
48665,295,0,0
48666,294,0,0
48667,292,0,0
48668,291,0,0
48669,290,0,0
48670,288,0,0
48671,287,0,0
48672,285,0,0
48673,284,0,0
48674,282,0,0
48675,281,0,0
48676,280,0,0
48677,278,0,0
48678,276,0,0
48679,275,0,0
48680,273,0,0
48681,272,0,0
48682,270,0,0
48683,269,0,0
48684,267,0,0
48685,265,0,0
48686,264,0,0
48687,262,0,0
48688,260,0,0
48689,259,0,0
48690,257,0,0
48691,255,0,0
48692,253,0,0
48693,251,0,0
48694,249,0,0
48695,247,0,0
48696,246,0,0
48697,244,0,0
48698,242,0,0
48699,240,0,0
48700,238,0,0
48701,236,0,0
48702,234,0,0
48703,233,0,0
48704,231,0,0
48705,229,0,0
48706,227,0,0
48707,225,0,0
48708,224,0,0
48709,222,0,0
48710,220,0,0
48711,218,0,0
48712,216,0,0
48713,214,0,0
48714,213,0,0
48715,211,0,0
48716,209,0,0
48717,207,0,0
48718,205,0,0
48719,204,0,0
48720,202,0,0
48721,200,0,0
48722,198,0,0
48723,196,0,0
48724,194,0,0
48725,192,0,0
48726,191,0,0
48727,189,0,0
48728,187,0,0
48729,185,0,0
48730,183,0,0
48731,181,0,0
48732,179,0,0
48733,177,0,0
48734,175,0,0
48735,173,0,0
48736,171,0,0
48737,169,0,0
48738,167,0,0
48739,164,0,0
48740,163,0,0
48741,160,0,0
48742,158,0,0
48743,156,0,0
48744,154,0,0
48745,152,0,0
48746,150,0,0
48747,148,0,0
48748,145,0,0
48749,143,0,0
48750,141,0,0
48751,139,0,0
48752,137,0,0
48753,134,0,0
48754,132,0,0
48755,130,0,0
48756,128,0,0
48757,126,0,0
48758,123,0,0
48759,121,0,0
48760,119,0,0
48761,117,0,0
48762,115,0,0
48763,112,0,0
48764,110,0,0
48765,108,0,0
48766,106,0,0
48767,103,0,0
48768,101,0,0
48769,99,0,0
48770,97,0,0
48771,95,0,0
48772,93,0,0
48773,91,0,0
48774,89,0,0
48775,87,0,0
48776,85,0,0
48777,84,0,0
48778,82,0,0
48779,80,0,0
48780,78,0,0
48781,76,0,0
48782,75,0,0
48783,73,0,0
48784,71,0,0
48785,69,0,0
48786,68,0,0
48787,66,0,0
48788,65,0,0
48789,63,0,0
48790,62,0,0
48791,60,0,0
48792,58,0,0
48793,57,0,0
48794,55,0,0
48795,53,0,0
48796,52,0,0
48797,50,0,0
48798,48,0,0
48799,47,0,0
48800,45,0,0
48801,43,0,0
48802,42,0,0
48803,40,0,0
48804,38,0,0
48805,37,0,0
48806,35,0,0
48807,33,0,0
48808,31,0,0
48809,30,0,0
48810,28,0,0
48811,26,0,0
48812,25,0,0
48813,23,0,0
48814,21,0,0
48815,20,0,0
48816,18,0,0
48817,17,0,0
48818,15,0,0
48819,13,0,0
48820,12,0,0
48821,10,0,0
48822,9,0,0
48823,7,0,0
48824,6,0,0
48825,4,0,0
48826,3,0,0
48827,1,0,0
48828,0,0,0
48829,-2,0,0
48830,-3,0,0
48831,-5,0,0
48832,-6,0,0
48833,-8,0,0
48834,-9,0,0
48835,-10,0,0
48836,-12,0,0
48837,-13,0,0
48838,-15,0,0
48839,-16,0,0
48840,-18,0,0
48841,-19,0,0
48842,-20,0,0
48843,-22,0,0
48844,-23,0,0
48845,-24,0,0
48846,-26,0,0
48847,-27,0,0
48848,-28,0,0
48849,-29,0,0
48850,-30,0,0
48851,-32,0,0
48852,-33,0,0
48853,-34,0,0
48854,-35,0,0
48855,-36,0,0
48856,-37,0,0
48857,-38,0,0
48858,-39,0,0
48859,-40,0,0
48860,-41,0,0
48861,-42,0,0
48862,-43,0,0
48863,-44,0,0
48864,-45,0,0
48865,-46,0,0
48866,-47,0,0
48867,-47,0,0
48868,-48,0,0
48869,-49,0,0
48870,-50,0,0
48871,-51,0,0
48872,-52,0,0
48873,-52,0,0
48874,-53,0,0
48875,-54,0,0
48876,-55,0,0
48877,-56,0,0
48878,-57,0,0
48879,-57,0,0
48880,-58,0,0
48881,-59,0,0
48882,-60,0,0
48883,-60,0,0
48884,-61,0,0
48885,-62,0,0
48886,-62,0,0
48887,-63,0,0
48888,-64,0,0
48889,-64,0,0
48890,-65,0,0
48891,-65,0,0
48892,-66,0,0
48893,-67,0,0
48894,-67,0,0
48895,-68,0,0
48896,-68,0,0
48897,-68,0,0
48898,-69,0,0
48899,-69,0,0
48900,-69,0,0
48901,-70,0,0
48902,-70,0,0
48903,-71,0,0
48904,-71,0,0
48905,-71,0,0
48906,-72,0,0
48907,-72,0,0
48908,-72,0,0
48909,-72,0,0
48910,-73,0,0
48911,-73,0,0
48912,-73,0,0
48913,-73,0,0
48914,-74,0,0
48915,-74,0,0
48916,-74,0,0
48917,-74,0,0
48918,-74,0,0
48919,-74,0,0
48920,-75,0,0
48921,-75,0,0
48922,-75,0,0
48923,-75,0,0
48924,-75,0,0
48925,-75,0,0
48926,-75,0,0
48927,-75,0,0
48928,-75,0,0
48929,-75,0,0
48930,-75,0,0
48931,-75,0,0
48932,-75,0,0
48933,-75,0,0
48934,-75,0,0
48935,-75,0,0
48936,-75,0,0
48937,-75,0,0
48938,-75,0,0
48939,-74,0,0
48940,-74,0,0
48941,-74,0,0
48942,-74,0,0
48943,-74,0,0
48944,-74,0,0
48945,-73,0,0
48946,-73,0,0
48947,-73,0,0
48948,-73,0,0
48949,-72,0,0
48950,-72,0,0
48951,-72,0,0
48952,-71,0,0
48953,-71,0,0
48954,-71,0,0
48955,-71,0,0
48956,-70,0,0
48957,-70,0,0
48958,-69,0,0
48959,-69,0,0
48960,-68,0,0
48961,-68,0,0
48962,-67,0,0
48963,-67,0,0
48964,-66,0,0
48965,-66,0,0
48966,-65,0,0
48967,-64,0,0
48968,-64,0,0
48969,-63,0,0
48970,-63,0,0
48971,-62,0,0
48972,-61,0,0
48973,-61,0,0
48974,-60,0,0
48975,-60,0,0
48976,-59,0,0
48977,-58,0,0
48978,-58,0,0
48979,-57,0,0
48980,-56,0,0
48981,-56,0,0
48982,-55,0,0
48983,-55,0,0
48984,-54,0,0
48985,-54,0,0
48986,-53,0,0
48987,-52,0,0
48988,-52,0,0
48989,-51,0,0
48990,-50,0,0
48991,-50,0,0
48992,-49,0,0
48993,-49,0,0
48994,-48,0,0
48995,-47,0,0
48996,-46,0,0
48997,-46,0,0
48998,-45,0,0
48999,-44,0,0
49000,-43,0,0
49001,-42,0,0
49002,-42,0,0
49003,-41,0,0
49004,-40,0,0
49005,-39,0,0
49006,-38,0,0
49007,-37,0,0
49008,-36,0,0
49009,-35,0,0
49010,-34,0,0
49011,-33,0,0
49012,-32,0,0
49013,-31,0,0
49014,-30,0,0
49015,-29,0,0
49016,-28,0,0
49017,-27,0,0
49018,-26,0,0
49019,-25,0,0
49020,-24,0,0
49021,-23,0,0
49022,-22,0,0
49023,-21,0,0
49024,-20,0,0
49025,-19,0,0
49026,-18,0,0
49027,-17,0,0
49028,-16,0,0
49029,-15,0,0
49030,-14,0,0
49031,-13,0,0
49032,-12,0,0
49033,-12,0,0
49034,-11,0,0
49035,-10,0,0
49036,-9,0,0
49037,-8,0,0
49038,-7,0,0
49039,-6,0,0
49040,-5,0,0
49041,-4,0,0
49042,-3,0,0
49043,-3,0,0
49044,-2,0,0
49045,-1,0,0
49046,0,0,0
49047,1,0,0
49048,2,0,0
49049,3,0,0
49050,4,0,0
49051,5,0,0
49052,6,0,0
49053,7,0,0
49054,8,0,0
49055,9,0,0
49056,10,0,0
49057,10,0,0
49058,12,0,0
49059,13,0,0
49060,14,0,0
49061,15,0,0
49062,16,0,0
49063,17,0,0
49064,18,0,0
49065,19,0,0
49066,20,0,0
49067,21,0,0
49068,22,0,0
49069,22,0,0
49070,24,0,0
49071,24,0,0
49072,25,0,0
49073,27,0,0
49074,27,0,0
49075,28,0,0
49076,29,0,0
49077,30,0,0
49078,31,0,0
49079,32,0,0
49080,33,0,0
49081,34,0,0
49082,35,0,0
49083,35,0,0
49084,36,0,0
49085,37,0,0
49086,38,0,0
49087,39,0,0
49088,40,0,0
49089,40,0,0
49090,41,0,0
49091,42,0,0
49092,43,0,0
49093,43,0,0
49094,44,0,0
49095,45,0,0
49096,45,0,0
49097,46,0,0
49098,47,0,0
49099,48,0,0
49100,48,0,0
49101,49,0,0
49102,50,0,0
49103,50,0,0
49104,51,0,0
49105,52,0,0
49106,53,0,0
49107,53,0,0
49108,54,0,0
49109,55,0,0
49110,55,0,0
49111,56,0,0
49112,57,0,0
49113,57,0,0
49114,58,0,0
49115,59,0,0
49116,59,0,0
49117,60,0,0
49118,61,0,0
49119,61,0,0
49120,62,0,0
49121,63,0,0
49122,63,0,0
49123,64,0,0
49124,64,0,0
49125,65,0,0
49126,66,0,0
49127,66,0,0
49128,67,0,0
49129,67,0,0
49130,68,0,0
49131,68,0,0
49132,69,0,0
49133,69,0,0
49134,70,0,0
49135,70,0,0
49136,71,0,0
49137,71,0,0
49138,71,0,0
49139,72,0,0
49140,72,0,0
49141,72,0,0
49142,73,0,0
49143,73,0,0
49144,73,0,0
49145,74,0,0
49146,74,0,0
49147,74,0,0
49148,74,0,0
49149,74,0,0
49150,75,0,0
49151,75,0,0
49152,75,0,0
49153,75,0,0
49154,75,0,0
49155,75,0,0
49156,75,0,0
49157,75,0,0
49158,75,0,0
49159,75,0,0
49160,75,0,0
49161,75,0,0
49162,75,0,0
49163,75,0,0
49164,75,0,0
49165,75,0,0
49166,75,0,0
49167,75,0,0
49168,75,0,0
49169,74,0,0
49170,74,0,0
49171,74,0,0
49172,74,0,0
49173,74,0,0
49174,74,0,0
49175,73,0,0
49176,73,0,0
49177,73,0,0
49178,73,0,0
49179,73,0,0
49180,72,0,0
49181,72,0,0
49182,72,0,0
49183,72,0,0
49184,71,0,0
49185,71,0,0
49186,71,0,0
49187,70,0,0
49188,70,0,0
49189,70,0,0
49190,69,0,0
49191,69,0,0
49192,68,0,0
49193,68,0,0
49194,67,0,0
49195,67,0,0
49196,66,0,0
49197,66,0,0
49198,66,0,0
49199,65,0,0
49200,64,0,0
49201,64,0,0
49202,63,0,0
49203,63,0,0
49204,62,0,0
49205,61,0,0
49206,61,0,0
49207,60,0,0
49208,60,0,0
49209,59,0,0
49210,58,0,0
49211,57,0,0
49212,57,0,0
49213,56,0,0
49214,55,0,0
49215,54,0,0
49216,54,0,0
49217,53,0,0
49218,52,0,0
49219,51,0,0
49220,50,0,0
49221,49,0,0
49222,48,0,0
49223,47,0,0
49224,46,0,0
49225,45,0,0
49226,44,0,0
49227,43,0,0
49228,42,0,0
49229,41,0,0
49230,40,0,0
49231,38,0,0
49232,37,0,0
49233,36,0,0
49234,35,0,0
49235,34,0,0
49236,33,0,0
49237,32,0,0
49238,31,0,0
49239,29,0,0
49240,28,0,0
49241,27,0,0
49242,26,0,0
49243,24,0,0
49244,23,0,0
49245,22,0,0
49246,21,0,0
49247,20,0,0
49248,18,0,0
49249,17,0,0
49250,16,0,0
49251,14,0,0
49252,13,0,0
49253,12,0,0
49254,11,0,0
49255,9,0,0
49256,8,0,0
49257,6,0,0
49258,5,0,0
49259,4,0,0
49260,2,0,0
49261,1,0,0
49262,-1,0,0
49263,-2,0,0
49264,-4,0,0
49265,-5,0,0
49266,-7,0,0
49267,-9,0,0
49268,-10,0,0
49269,-12,0,0
49270,-13,0,0
49271,-15,0,0
49272,-16,0,0
49273,-18,0,0
49274,-20,0,0
49275,-21,0,0
49276,-23,0,0
49277,-24,0,0
49278,-26,0,0
49279,-28,0,0
49280,-29,0,0
49281,-31,0,0
49282,-32,0,0
49283,-34,0,0
49284,-36,0,0
49285,-37,0,0
49286,-39,0,0
49287,-40,0,0
49288,-42,0,0
49289,-44,0,0
49290,-45,0,0
49291,-47,0,0
49292,-49,0,0
49293,-50,0,0
49294,-52,0,0
49295,-54,0,0
49296,-56,0,0
49297,-57,0,0
49298,-59,0,0
49299,-61,0,0
49300,-63,0,0
49301,-65,0,0
49302,-67,0,0
49303,-69,0,0
49304,-71,0,0
49305,-73,0,0
49306,-75,0,0
49307,-76,0,0
49308,-78,0,0
49309,-81,0,0
49310,-83,0,0
49311,-85,0,0
49312,-87,0,0
49313,-89,0,0
49314,-91,0,0
49315,-93,0,0
49316,-95,0,0
49317,-97,0,0
49318,-99,0,0
49319,-101,0,0
49320,-103,0,0
49321,-105,0,0
49322,-107,0,0
49323,-109,0,0
49324,-111,0,0
49325,-113,0,0
49326,-115,0,0
49327,-117,0,0
49328,-119,0,0
49329,-121,0,0
49330,-123,0,0
49331,-125,0,0
49332,-127,0,0
49333,-129,0,0
49334,-131,0,0
49335,-133,0,0
49336,-135,0,0
49337,-137,0,0
49338,-139,0,0
49339,-141,0,0
49340,-142,0,0
49341,-144,0,0
49342,-146,0,0
49343,-148,0,0
49344,-150,0,0
49345,-152,0,0
49346,-154,0,0
49347,-156,0,0
49348,-158,0,0
49349,-160,0,0
49350,-162,0,0
49351,-164,0,0
49352,-166,0,0
49353,-168,0,0
49354,-170,0,0
49355,-172,0,0
49356,-174,0,0
49357,-177,0,0
49358,-179,0,0
49359,-181,0,0
49360,-183,0,0
49361,-185,0,0
49362,-187,0,0
49363,-189,0,0
49364,-191,0,0
49365,-193,0,0
49366,-195,0,0
49367,-197,0,0
49368,-200,0,0
49369,-201,0,0
49370,-204,0,0
49371,-206,0,0
49372,-208,0,0
49373,-210,0,0
49374,-212,0,0
49375,-214,0,0
49376,-216,0,0
49377,-218,0,0
49378,-220,0,0
49379,-221,0,0
49380,-223,0,0
49381,-225,0,0
49382,-227,0,0
49383,-229,0,0
49384,-231,0,0
49385,-232,0,0
49386,-234,0,0
49387,-236,0,0
49388,-238,0,0
49389,-240,0,0
49390,-241,0,0
49391,-243,0,0
49392,-245,0,0
49393,-247,0,0
49394,-248,0,0
49395,-250,0,0
49396,-252,0,0
49397,-253,0,0
49398,-255,0,0
49399,-257,0,0
49400,-258,0,0
49401,-260,0,0
49402,-262,0,0
49403,-263,0,0
49404,-265,0,0
49405,-267,0,0
49406,-268,0,0
49407,-270,0,0
49408,-272,0,0
49409,-274,0,0
49410,-275,0,0
49411,-277,0,0
49412,-279,0,0
49413,-280,0,0
49414,-282,0,0
49415,-284,0,0
49416,-285,0,0
49417,-287,0,0
49418,-288,0,0
49419,-290,0,0
49420,-291,0,0
49421,-293,0,0
49422,-294,0,0
49423,-296,0,0
49424,-297,0,0
49425,-299,0,0
49426,-300,0,0
49427,-302,0,0
49428,-303,0,0
49429,-304,0,0
49430,-306,0,0
49431,-307,0,0
49432,-308,0,0
49433,-310,0,0
49434,-311,0,0
49435,-312,0,0
49436,-313,0,0
49437,-315,0,0
49438,-316,0,0
49439,-317,0,0
49440,-318,0,0
49441,-320,0,0
49442,-321,0,0
49443,-322,0,0
49444,-323,0,0
49445,-324,0,0
49446,-325,0,0
49447,-327,0,0
49448,-328,0,0
49449,-329,0,0
49450,-330,0,0
49451,-331,0,0
49452,-332,0,0
49453,-333,0,0
49454,-334,0,0
49455,-335,0,0
49456,-336,0,0
49457,-337,0,0
49458,-338,0,0
49459,-339,0,0
49460,-340,0,0
49461,-341,0,0
49462,-342,0,0
49463,-343,0,0
49464,-344,0,0
49465,-344,0,0
49466,-345,0,0
49467,-346,0,0
49468,-346,0,0
49469,-347,0,0
49470,-348,0,0
49471,-349,0,0
49472,-349,0,0
49473,-350,0,0
49474,-350,0,0
49475,-351,0,0
49476,-351,0,0
49477,-351,0,0
49478,-352,0,0
49479,-352,0,0
49480,-353,0,0
49481,-353,0,0
49482,-353,0,0
49483,-354,0,0
49484,-354,0,0
49485,-354,0,0
49486,-355,0,0
49487,-355,0,0
49488,-355,0,0
49489,-356,0,0
49490,-356,0,0
49491,-356,0,0
49492,-357,0,0
49493,-357,0,0
49494,-357,0,0
49495,-357,0,0
49496,-358,0,0
49497,-358,0,0
49498,-358,0,0
49499,-359,0,0
49500,-359,0,0
49501,-359,0,0
49502,-359,0,0
49503,-359,0,0
49504,-359,0,0
49505,-360,0,0
49506,-360,0,0
49507,-360,0,0
49508,-360,0,0
49509,-360,0,0
49510,-360,0,0
49511,-360,0,0
49512,-359,0,0
49513,-359,0,0
49514,-359,0,0
49515,-359,0,0
49516,-359,0,0
49517,-359,0,0
49518,-358,0,0
49519,-358,0,0
49520,-358,0,0
49521,-357,0,0
49522,-357,0,0
49523,-357,0,0
49524,-356,0,0
49525,-356,0,0
49526,-355,0,0
49527,-355,0,0
49528,-354,0,0
49529,-354,0,0
49530,-353,0,0
49531,-353,0,0
49532,-352,0,0
49533,-352,0,0
49534,-351,0,0
49535,-351,0,0
49536,-350,0,0
49537,-349,0,0
49538,-349,0,0
49539,-348,0,0
49540,-347,0,0
49541,-347,0,0
49542,-346,0,0
49543,-345,0,0
49544,-344,0,0
49545,-343,0,0
49546,-343,0,0
49547,-342,0,0
49548,-341,0,0
49549,-340,0,0
49550,-339,0,0
49551,-337,0,0
49552,-336,0,0
49553,-335,0,0
49554,-334,0,0
49555,-333,0,0
49556,-331,0,0
49557,-330,0,0
49558,-329,0,0
49559,-327,0,0
49560,-326,0,0
49561,-324,0,0
49562,-323,0,0
49563,-321,0,0
49564,-320,0,0
49565,-318,0,0
49566,-317,0,0
49567,-315,0,0
49568,-313,0,0
49569,-312,0,0
49570,-310,0,0
49571,-309,0,0
49572,-307,0,0
49573,-306,0,0
49574,-304,0,0
49575,-303,0,0
49576,-301,0,0
49577,-300,0,0
49578,-298,0,0
49579,-296,0,0
49580,-295,0,0
49581,-293,0,0
49582,-291,0,0
49583,-290,0,0
49584,-288,0,0
49585,-287,0,0
49586,-285,0,0
49587,-283,0,0
49588,-281,0,0
49589,-279,0,0
49590,-278,0,0
49591,-276,0,0
49592,-274,0,0
49593,-272,0,0
49594,-270,0,0
49595,-268,0,0
49596,-266,0,0
49597,-264,0,0
49598,-262,0,0
49599,-260,0,0
49600,-257,0,0
49601,-255,0,0
49602,-253,0,0
49603,-251,0,0
49604,-249,0,0
49605,-246,0,0
49606,-244,0,0
49607,-241,0,0
49608,-240,0,0
49609,-237,0,0
49610,-235,0,0
49611,-232,0,0
49612,-230,0,0
49613,-228,0,0
49614,-225,0,0
49615,-223,0,0
49616,-221,0,0
49617,-219,0,0
49618,-216,0,0
49619,-214,0,0
49620,-212,0,0
49621,-210,0,0
49622,-207,0,0
49623,-205,0,0
49624,-203,0,0
49625,-200,0,0
49626,-198,0,0
49627,-196,0,0
49628,-194,0,0
49629,-191,0,0
49630,-189,0,0
49631,-187,0,0
49632,-184,0,0
49633,-182,0,0
49634,-180,0,0
49635,-178,0,0
49636,-175,0,0
49637,-172,0,0
49638,-170,0,0
49639,-167,0,0
49640,-165,0,0
49641,-162,0,0
49642,-160,0,0
49643,-157,0,0
49644,-155,0,0
49645,-152,0,0
49646,-149,0,0
49647,-147,0,0
49648,-144,0,0
49649,-141,0,0
49650,-138,0,0
49651,-135,0,0
49652,-132,0,0
49653,-129,0,0
49654,-126,0,0
49655,-124,0,0
49656,-121,0,0
49657,-118,0,0
49658,-115,0,0
49659,-112,0,0
49660,-109,0,0
49661,-106,0,0
49662,-103,0,0
49663,-100,0,0
49664,-97,0,0
49665,-94,0,0
49666,-91,0,0
49667,-88,0,0
49668,-85,0,0
49669,-82,0,0
49670,-79,0,0
49671,-76,0,0
49672,-73,0,0
49673,-70,0,0
49674,-67,0,0
49675,-64,0,0
49676,-61,0,0
49677,-59,0,0
49678,-56,0,0
49679,-53,0,0
49680,-50,0,0
49681,-47,0,0
49682,-44,0,0
49683,-42,0,0
49684,-39,0,0
49685,-36,0,0
49686,-33,0,0
49687,-30,0,0
49688,-28,0,0
49689,-25,0,0
49690,-22,0,0
49691,-19,0,0
49692,-16,0,0
49693,-14,0,0
49694,-11,0,0
49695,-8,0,0
49696,-5,0,0
49697,-2,0,0
49698,0,0,0
49699,3,0,0
49700,6,0,0
49701,9,0,0
49702,12,0,0
49703,15,0,0
49704,18,0,0
49705,21,0,0
49706,24,0,0
49707,27,0,0
49708,30,0,0
49709,33,0,0
49710,36,0,0
49711,39,0,0
49712,42,0,0
49713,44,0,0
49714,47,0,0
49715,50,0,0
49716,53,0,0
49717,56,0,0
49718,59,0,0
49719,62,0,0
49720,65,0,0
49721,68,0,0
49722,71,0,0
49723,74,0,0
49724,76,0,0
49725,79,0,0
49726,82,0,0
49727,85,0,0
49728,88,0,0
49729,90,0,0
49730,93,0,0
49731,96,0,0
49732,99,0,0
49733,101,0,0
49734,104,0,0
49735,107,0,0
49736,110,0,0
49737,112,0,0
49738,115,0,0
49739,118,0,0
49740,121,0,0
49741,123,0,0
49742,126,0,0
49743,129,0,0
49744,132,0,0
49745,135,0,0
49746,137,0,0
49747,140,0,0
49748,143,0,0
49749,146,0,0
49750,149,0,0
49751,151,0,0
49752,154,0,0
49753,157,0,0
49754,160,0,0
49755,162,0,0
49756,165,0,0
49757,168,0,0
49758,171,0,0
49759,173,0,0
49760,176,0,0
49761,178,0,0
49762,181,0,0
49763,184,0,0
49764,186,0,0
49765,189,0,0
49766,191,0,0
49767,194,0,0
49768,196,0,0
49769,198,0,0
49770,201,0,0
49771,203,0,0
49772,206,0,0
49773,208,0,0
49774,210,0,0
49775,213,0,0
49776,215,0,0
49777,217,0,0
49778,219,0,0
49779,222,0,0
49780,224,0,0
49781,226,0,0
49782,229,0,0
49783,231,0,0
49784,233,0,0
49785,235,0,0
49786,237,0,0
49787,240,0,0
49788,242,0,0
49789,244,0,0
49790,246,0,0
49791,248,0,0
49792,250,0,0
49793,252,0,0
49794,255,0,0
49795,257,0,0
49796,259,0,0
49797,261,0,0
49798,263,0,0
49799,265,0,0
49800,267,0,0
49801,269,0,0
49802,271,0,0
49803,273,0,0
49804,275,0,0
49805,277,0,0
49806,279,0,0
49807,281,0,0
49808,282,0,0
49809,284,0,0
49810,286,0,0
49811,288,0,0
49812,289,0,0
49813,291,0,0
49814,293,0,0
49815,295,0,0
49816,296,0,0
49817,298,0,0
49818,299,0,0
49819,301,0,0
49820,303,0,0
49821,304,0,0
49822,305,0,0
49823,307,0,0
49824,308,0,0
49825,310,0,0
49826,311,0,0
49827,312,0,0
49828,314,0,0
49829,315,0,0
49830,316,0,0
49831,318,0,0
49832,319,0,0
49833,320,0,0
49834,321,0,0
49835,322,0,0
49836,323,0,0
49837,324,0,0
49838,326,0,0
49839,327,0,0
49840,328,0,0
49841,329,0,0
49842,330,0,0
49843,331,0,0
49844,332,0,0
49845,333,0,0
49846,334,0,0
49847,335,0,0
49848,336,0,0
49849,337,0,0
49850,338,0,0
49851,339,0,0
49852,340,0,0
49853,341,0,0
49854,342,0,0
49855,342,0,0
49856,343,0,0
49857,344,0,0
49858,345,0,0
49859,346,0,0
49860,347,0,0
49861,348,0,0
49862,348,0,0
49863,349,0,0
49864,350,0,0
49865,350,0,0
49866,351,0,0
49867,352,0,0
49868,352,0,0
49869,353,0,0
49870,353,0,0
49871,354,0,0
49872,355,0,0
49873,355,0,0
49874,356,0,0
49875,356,0,0
49876,356,0,0
49877,357,0,0
49878,357,0,0
49879,357,0,0
49880,358,0,0
49881,358,0,0
49882,358,0,0
49883,358,0,0
49884,359,0,0
49885,359,0,0
49886,359,0,0
49887,359,0,0
49888,359,0,0
49889,359,0,0
49890,359,0,0
49891,360,0,0
49892,360,0,0
49893,360,0,0
49894,360,0,0
49895,360,0,0
49896,360,0,0
49897,360,0,0
49898,360,0,0
49899,360,0,0
49900,360,0,0
49901,359,0,0
49902,359,0,0
49903,359,0,0
49904,359,0,0
49905,359,0,0
49906,359,0,0
49907,358,0,0
49908,358,0,0
49909,358,0,0
49910,357,0,0
49911,357,0,0
49912,356,0,0
49913,356,0,0
49914,355,0,0
49915,355,0,0
49916,354,0,0
49917,354,0,0
49918,353,0,0
49919,352,0,0
49920,352,0,0
49921,351,0,0
49922,350,0,0
49923,349,0,0
49924,348,0,0
49925,348,0,0
49926,347,0,0
49927,346,0,0
49928,345,0,0
49929,344,0,0
49930,343,0,0
49931,342,0,0
49932,342,0,0
49933,341,0,0
49934,339,0,0
49935,339,0,0
49936,338,0,0
49937,337,0,0
49938,336,0,0
49939,335,0,0
49940,334,0,0
49941,333,0,0
49942,332,0,0
49943,331,0,0
49944,330,0,0
49945,329,0,0
49946,328,0,0
49947,327,0,0
49948,326,0,0
49949,325,0,0
49950,324,0,0
49951,323,0,0
49952,322,0,0
49953,320,0,0
49954,319,0,0
49955,318,0,0
49956,317,0,0
49957,316,0,0
49958,315,0,0
49959,314,0,0
49960,312,0,0
49961,311,0,0
49962,310,0,0
49963,308,0,0
49964,307,0,0
49965,306,0,0
49966,305,0,0
49967,303,0,0
49968,302,0,0
49969,300,0,0
49970,299,0,0
49971,298,0,0
49972,296,0,0
49973,295,0,0
49974,293,0,0
49975,292,0,0
49976,291,0,0
49977,289,0,0
49978,287,0,0
49979,286,0,0
49980,284,0,0
49981,283,0,0
49982,281,0,0
49983,280,0,0
49984,278,0,0
49985,276,0,0
49986,275,0,0
49987,273,0,0
49988,272,0,0
49989,270,0,0
49990,268,0,0
49991,267,0,0
49992,265,0,0
49993,263,0,0
49994,261,0,0
49995,260,0,0
49996,258,0,0
49997,256,0,0
49998,255,0,0
49999,253,0,0
50000,251,0,0
50001,249,0,0
50002,247,0,0
50003,246,0,0
50004,244,0,0
50005,242,0,0
50006,240,0,0
50007,238,0,0
50008,237,0,0
50009,235,0,0
50010,233,0,0
50011,231,0,0
50012,229,0,0
50013,227,0,0
50014,225,0,0
50015,223,0,0
50016,221,0,0
50017,219,0,0
50018,217,0,0
50019,215,0,0
50020,212,0,0
50021,210,0,0
50022,208,0,0
50023,206,0,0
50024,204,0,0
50025,202,0,0
50026,200,0,0
50027,198,0,0
50028,195,0,0
50029,193,0,0
50030,191,0,0
50031,189,0,0
50032,187,0,0
50033,185,0,0
50034,182,0,0
50035,180,0,0
50036,178,0,0
50037,176,0,0
50038,174,0,0
50039,172,0,0
50040,170,0,0
50041,169,0,0
50042,167,0,0
50043,165,0,0
50044,163,0,0
50045,161,0,0
50046,159,0,0
50047,157,0,0
50048,156,0,0
50049,154,0,0
50050,152,0,0
50051,150,0,0
50052,148,0,0
50053,147,0,0
50054,145,0,0
50055,143,0,0
50056,141,0,0
50057,139,0,0
50058,138,0,0
50059,136,0,0
50060,134,0,0
50061,132,0,0
50062,130,0,0
50063,128,0,0
50064,126,0,0
50065,124,0,0
50066,122,0,0
50067,120,0,0
50068,118,0,0
50069,115,0,0
50070,114,0,0
50071,111,0,0
50072,109,0,0
50073,107,0,0
50074,105,0,0
50075,103,0,0
50076,100,0,0
50077,98,0,0
50078,96,0,0
50079,94,0,0
50080,92,0,0
50081,90,0,0
50082,88,0,0
50083,86,0,0
50084,84,0,0
50085,82,0,0
50086,80,0,0
50087,78,0,0
50088,76,0,0
50089,75,0,0
50090,73,0,0
50091,71,0,0
50092,69,0,0
50093,67,0,0
50094,66,0,0
50095,64,0,0
50096,62,0,0
50097,61,0,0
50098,59,0,0
50099,57,0,0
50100,56,0,0
50101,54,0,0
50102,53,0,0
50103,51,0,0
50104,49,0,0
50105,48,0,0
50106,46,0,0
50107,44,0,0
50108,42,0,0
50109,41,0,0
50110,39,0,0
50111,37,0,0
50112,36,0,0
50113,34,0,0
50114,32,0,0
50115,30,0,0
50116,29,0,0
50117,27,0,0
50118,25,0,0
50119,23,0,0
50120,21,0,0
50121,20,0,0
50122,18,0,0
50123,16,0,0
50124,15,0,0
50125,13,0,0
50126,11,0,0
50127,9,0,0
50128,8,0,0
50129,6,0,0
50130,5,0,0
50131,3,0,0
50132,2,0,0
50133,0,0,0
50134,-1,0,0
50135,-3,0,0
50136,-4,0,0
50137,-6,0,0
50138,-7,0,0
50139,-8,0,0
50140,-9,0,0
50141,-11,0,0
50142,-12,0,0
50143,-14,0,0
50144,-15,0,0
50145,-16,0,0
50146,-17,0,0
50147,-19,0,0
50148,-20,0,0
50149,-21,0,0
50150,-22,0,0
50151,-23,0,0
50152,-25,0,0
50153,-26,0,0
50154,-27,0,0
50155,-29,0,0
50156,-30,0,0
50157,-31,0,0
50158,-32,0,0
50159,-33,0,0
50160,-34,0,0
50161,-36,0,0
50162,-37,0,0
50163,-38,0,0
50164,-39,0,0
50165,-40,0,0
50166,-41,0,0
50167,-42,0,0
50168,-43,0,0
50169,-44,0,0
50170,-45,0,0
50171,-46,0,0
50172,-47,0,0
50173,-48,0,0
50174,-49,0,0
50175,-49,0,0
50176,-50,0,0
50177,-51,0,0
50178,-52,0,0
50179,-53,0,0
50180,-53,0,0
50181,-54,0,0
50182,-55,0,0
50183,-56,0,0
50184,-56,0,0
50185,-57,0,0
50186,-57,0,0
50187,-58,0,0
50188,-59,0,0
50189,-59,0,0
50190,-60,0,0
50191,-60,0,0
50192,-61,0,0
50193,-62,0,0
50194,-62,0,0
50195,-63,0,0
50196,-63,0,0
50197,-64,0,0
50198,-65,0,0
50199,-65,0,0
50200,-66,0,0
50201,-67,0,0
50202,-67,0,0
50203,-68,0,0
50204,-68,0,0
50205,-69,0,0
50206,-69,0,0
50207,-70,0,0
50208,-70,0,0
50209,-71,0,0
50210,-71,0,0
50211,-72,0,0
50212,-72,0,0
50213,-73,0,0
50214,-73,0,0
50215,-73,0,0
50216,-74,0,0
50217,-74,0,0
50218,-74,0,0
50219,-75,0,0
50220,-75,0,0
50221,-75,0,0
50222,-75,0,0
50223,-75,0,0
50224,-76,0,0
50225,-75,0,0
50226,-76,0,0
50227,-76,0,0
50228,-76,0,0
50229,-76,0,0
50230,-76,0,0
50231,-76,0,0
50232,-76,0,0
50233,-76,0,0
50234,-75,0,0
50235,-75,0,0
50236,-75,0,0
50237,-75,0,0
50238,-75,0,0
50239,-75,0,0
50240,-75,0,0
50241,-75,0,0
50242,-75,0,0
50243,-74,0,0
50244,-74,0,0
50245,-74,0,0
50246,-74,0,0
50247,-74,0,0
50248,-74,0,0
50249,-73,0,0
50250,-73,0,0
50251,-73,0,0
50252,-73,0,0
50253,-73,0,0
50254,-72,0,0
50255,-72,0,0
50256,-72,0,0
50257,-71,0,0
50258,-71,0,0
50259,-71,0,0
50260,-70,0,0
50261,-70,0,0
50262,-69,0,0
50263,-69,0,0
50264,-69,0,0
50265,-68,0,0
50266,-68,0,0
50267,-67,0,0
50268,-67,0,0
50269,-66,0,0
50270,-66,0,0
50271,-65,0,0
50272,-65,0,0
50273,-64,0,0
50274,-64,0,0
50275,-63,0,0
50276,-63,0,0
50277,-62,0,0
50278,-62,0,0
50279,-61,0,0
50280,-60,0,0
50281,-60,0,0
50282,-59,0,0
50283,-59,0,0
50284,-58,0,0
50285,-58,0,0
50286,-57,0,0
50287,-56,0,0
50288,-56,0,0
50289,-55,0,0
50290,-55,0,0
50291,-54,0,0
50292,-54,0,0
50293,-53,0,0
50294,-52,0,0
50295,-51,0,0
50296,-51,0,0
50297,-50,0,0
50298,-49,0,0
50299,-48,0,0
50300,-48,0,0
50301,-47,0,0
50302,-46,0,0
50303,-45,0,0
50304,-44,0,0
50305,-43,0,0
50306,-42,0,0
50307,-41,0,0
50308,-40,0,0
50309,-39,0,0
50310,-38,0,0
50311,-37,0,0
50312,-36,0,0
50313,-35,0,0
50314,-34,0,0
50315,-33,0,0
50316,-31,0,0
50317,-30,0,0
50318,-29,0,0
50319,-28,0,0
50320,-27,0,0
50321,-26,0,0
50322,-25,0,0
50323,-24,0,0
50324,-23,0,0
50325,-22,0,0
50326,-21,0,0
50327,-20,0,0
50328,-19,0,0
50329,-18,0,0
50330,-17,0,0
50331,-16,0,0
50332,-15,0,0
50333,-14,0,0
50334,-13,0,0
50335,-12,0,0
50336,-11,0,0
50337,-10,0,0
50338,-10,0,0
50339,-8,0,0
50340,-8,0,0
50341,-7,0,0
50342,-6,0,0
50343,-5,0,0
50344,-4,0,0
50345,-4,0,0
50346,-3,0,0
50347,-2,0,0
50348,-1,0,0
50349,0,0,0
50350,1,0,0
50351,2,0,0
50352,2,0,0
50353,3,0,0
50354,4,0,0
50355,5,0,0
50356,6,0,0
50357,7,0,0
50358,8,0,0
50359,8,0,0
50360,9,0,0
50361,10,0,0
50362,11,0,0
50363,12,0,0
50364,13,0,0
50365,14,0,0
50366,15,0,0
50367,16,0,0
50368,17,0,0
50369,18,0,0
50370,19,0,0
50371,20,0,0
50372,21,0,0
50373,22,0,0
50374,23,0,0
50375,24,0,0
50376,25,0,0
50377,26,0,0
50378,27,0,0
50379,27,0,0
50380,28,0,0
50381,29,0,0
50382,30,0,0
50383,31,0,0
50384,32,0,0
50385,33,0,0
50386,34,0,0
50387,35,0,0
50388,36,0,0
50389,37,0,0
50390,38,0,0
50391,38,0,0
50392,39,0,0
50393,40,0,0
50394,41,0,0
50395,42,0,0
50396,43,0,0
50397,44,0,0
50398,44,0,0
50399,45,0,0
50400,46,0,0
50401,47,0,0
50402,47,0,0
50403,48,0,0
50404,49,0,0
50405,50,0,0
50406,50,0,0
50407,51,0,0
50408,52,0,0
50409,52,0,0
50410,53,0,0
50411,54,0,0
50412,54,0,0
50413,55,0,0
50414,55,0,0
50415,56,0,0
50416,57,0,0
50417,57,0,0
50418,58,0,0
50419,58,0,0
50420,58,0,0
50421,59,0,0
50422,59,0,0
50423,60,0,0
50424,60,0,0
50425,61,0,0
50426,61,0,0
50427,61,0,0
50428,62,0,0
50429,62,0,0
50430,62,0,0
50431,63,0,0
50432,63,0,0
50433,64,0,0
50434,64,0,0
50435,64,0,0
50436,65,0,0
50437,65,0,0
50438,66,0,0
50439,66,0,0
50440,67,0,0
50441,67,0,0
50442,68,0,0
50443,68,0,0
50444,69,0,0
50445,69,0,0
50446,70,0,0
50447,70,0,0
50448,71,0,0
50449,71,0,0
50450,72,0,0
50451,72,0,0
50452,73,0,0
50453,73,0,0
50454,73,0,0
50455,73,0,0
50456,74,0,0
50457,74,0,0
50458,74,0,0
50459,74,0,0
50460,74,0,0
50461,75,0,0
50462,75,0,0
50463,75,0,0
50464,74,0,0
50465,74,0,0
50466,74,0,0
50467,74,0,0
50468,74,0,0
50469,74,0,0
50470,74,0,0
50471,73,0,0
50472,73,0,0
50473,73,0,0
50474,73,0,0
50475,73,0,0
50476,72,0,0
50477,73,0,0
50478,72,0,0
50479,72,0,0
50480,72,0,0
50481,72,0,0
50482,71,0,0
50483,71,0,0
50484,71,0,0
50485,71,0,0
50486,71,0,0
50487,70,0,0
50488,70,0,0
50489,70,0,0
50490,70,0,0
50491,70,0,0
50492,69,0,0
50493,69,0,0
50494,69,0,0
50495,68,0,0
50496,68,0,0
50497,68,0,0
50498,67,0,0
50499,67,0,0
50500,66,0,0
50501,66,0,0
50502,65,0,0
50503,65,0,0
50504,64,0,0
50505,64,0,0
50506,63,0,0
50507,63,0,0
50508,62,0,0
50509,62,0,0
50510,61,0,0
50511,60,0,0
50512,60,0,0
50513,59,0,0
50514,58,0,0
50515,58,0,0
50516,57,0,0
50517,56,0,0
50518,56,0,0
50519,55,0,0
50520,54,0,0
50521,54,0,0
50522,53,0,0
50523,52,0,0
50524,52,0,0
50525,51,0,0
50526,50,0,0
50527,49,0,0
50528,49,0,0
50529,48,0,0
50530,47,0,0
50531,46,0,0
50532,45,0,0
50533,44,0,0
50534,43,0,0
50535,42,0,0
50536,41,0,0
50537,41,0,0
50538,39,0,0
50539,38,0,0
50540,37,0,0
50541,36,0,0
50542,35,0,0
50543,34,0,0
50544,32,0,0
50545,31,0,0
50546,30,0,0
50547,29,0,0
50548,27,0,0
50549,26,0,0
50550,25,0,0
50551,23,0,0
50552,22,0,0
50553,21,0,0
50554,20,0,0
50555,18,0,0
50556,17,0,0
50557,16,0,0
50558,14,0,0
50559,13,0,0
50560,11,0,0
50561,10,0,0
50562,9,0,0
50563,7,0,0
50564,6,0,0
50565,5,0,0
50566,3,0,0
50567,2,0,0
50568,0,0,0
50569,-1,0,0
50570,-3,0,0
50571,-5,0,0
50572,-6,0,0
50573,-8,0,0
50574,-9,0,0
50575,-11,0,0
50576,-12,0,0
50577,-14,0,0
50578,-16,0,0
50579,-17,0,0
50580,-19,0,0
50581,-20,0,0
50582,-22,0,0
50583,-24,0,0
50584,-25,0,0
50585,-27,0,0
50586,-29,0,0
50587,-30,0,0
50588,-32,0,0
50589,-33,0,0
50590,-35,0,0
50591,-36,0,0
50592,-38,0,0
50593,-40,0,0
50594,-41,0,0
50595,-43,0,0
50596,-44,0,0
50597,-46,0,0
50598,-48,0,0
50599,-49,0,0
50600,-51,0,0
50601,-52,0,0
50602,-54,0,0
50603,-56,0,0
50604,-58,0,0
50605,-59,0,0
50606,-61,0,0
50607,-63,0,0
50608,-65,0,0
50609,-67,0,0
50610,-69,0,0
50611,-71,0,0
50612,-73,0,0
50613,-75,0,0
50614,-77,0,0
50615,-79,0,0
50616,-81,0,0
50617,-83,0,0
50618,-85,0,0
50619,-87,0,0
50620,-89,0,0
50621,-91,0,0
50622,-94,0,0
50623,-96,0,0
50624,-98,0,0
50625,-100,0,0
50626,-102,0,0
50627,-104,0,0
50628,-106,0,0
50629,-109,0,0
50630,-111,0,0
50631,-113,0,0
50632,-115,0,0
50633,-117,0,0
50634,-119,0,0
50635,-121,0,0
50636,-123,0,0
50637,-125,0,0
50638,-127,0,0
50639,-129,0,0
50640,-131,0,0
50641,-133,0,0
50642,-135,0,0
50643,-137,0,0
50644,-139,0,0
50645,-141,0,0
50646,-143,0,0
50647,-145,0,0
50648,-147,0,0
50649,-149,0,0
50650,-151,0,0
50651,-153,0,0
50652,-154,0,0
50653,-156,0,0
50654,-158,0,0
50655,-160,0,0
50656,-162,0,0
50657,-164,0,0
50658,-166,0,0
50659,-168,0,0
50660,-170,0,0
50661,-172,0,0
50662,-174,0,0
50663,-175,0,0
50664,-177,0,0
50665,-179,0,0
50666,-181,0,0
50667,-183,0,0
50668,-185,0,0
50669,-187,0,0
50670,-189,0,0
50671,-191,0,0
50672,-193,0,0
50673,-195,0,0
50674,-197,0,0
50675,-199,0,0
50676,-201,0,0
50677,-203,0,0
50678,-205,0,0
50679,-207,0,0
50680,-209,0,0
50681,-211,0,0
50682,-213,0,0
50683,-215,0,0
50684,-217,0,0
50685,-219,0,0
50686,-221,0,0
50687,-223,0,0
50688,-225,0,0
50689,-227,0,0
50690,-229,0,0
50691,-231,0,0
50692,-233,0,0
50693,-235,0,0
50694,-237,0,0
50695,-239,0,0
50696,-241,0,0
50697,-243,0,0
50698,-245,0,0
50699,-246,0,0
50700,-248,0,0
50701,-250,0,0
50702,-252,0,0
50703,-254,0,0
50704,-255,0,0
50705,-257,0,0
50706,-259,0,0
50707,-261,0,0
50708,-263,0,0
50709,-264,0,0
50710,-266,0,0
50711,-267,0,0
50712,-269,0,0
50713,-271,0,0
50714,-272,0,0
50715,-274,0,0
50716,-276,0,0
50717,-277,0,0
50718,-279,0,0
50719,-280,0,0
50720,-282,0,0
50721,-284,0,0
50722,-285,0,0
50723,-287,0,0
50724,-288,0,0
50725,-290,0,0
50726,-291,0,0
50727,-293,0,0
50728,-295,0,0
50729,-296,0,0
50730,-297,0,0
50731,-299,0,0
50732,-300,0,0
50733,-302,0,0
50734,-303,0,0
50735,-305,0,0
50736,-306,0,0
50737,-307,0,0
50738,-309,0,0
50739,-310,0,0
50740,-311,0,0
50741,-313,0,0
50742,-314,0,0
50743,-315,0,0
50744,-316,0,0
50745,-318,0,0
50746,-319,0,0
50747,-320,0,0
50748,-321,0,0
50749,-322,0,0
50750,-324,0,0
50751,-325,0,0
50752,-326,0,0
50753,-327,0,0
50754,-328,0,0
50755,-329,0,0
50756,-330,0,0
50757,-331,0,0
50758,-332,0,0
50759,-333,0,0
50760,-334,0,0
50761,-335,0,0
50762,-336,0,0
50763,-337,0,0
50764,-338,0,0
50765,-339,0,0
50766,-340,0,0
50767,-341,0,0
50768,-342,0,0
50769,-342,0,0
50770,-343,0,0
50771,-344,0,0
50772,-345,0,0
50773,-346,0,0
50774,-347,0,0
50775,-348,0,0
50776,-348,0,0
50777,-349,0,0
50778,-350,0,0
50779,-351,0,0
50780,-351,0,0
50781,-352,0,0
50782,-353,0,0
50783,-353,0,0
50784,-354,0,0
50785,-354,0,0
50786,-355,0,0
50787,-355,0,0
50788,-356,0,0
50789,-356,0,0
50790,-357,0,0
50791,-357,0,0
50792,-357,0,0
50793,-357,0,0
50794,-358,0,0
50795,-358,0,0
50796,-358,0,0
50797,-358,0,0
50798,-359,0,0
50799,-359,0,0
50800,-359,0,0
50801,-359,0,0
50802,-359,0,0
50803,-359,0,0
50804,-359,0,0
50805,-359,0,0
50806,-359,0,0
50807,-359,0,0
50808,-359,0,0
50809,-359,0,0
50810,-359,0,0
50811,-359,0,0
50812,-359,0,0
50813,-359,0,0
50814,-359,0,0
50815,-359,0,0
50816,-359,0,0
50817,-359,0,0
50818,-358,0,0
50819,-358,0,0
50820,-358,0,0
50821,-358,0,0
50822,-358,0,0
50823,-357,0,0
50824,-357,0,0
50825,-357,0,0
50826,-356,0,0
50827,-356,0,0
50828,-356,0,0
50829,-355,0,0
50830,-355,0,0
50831,-354,0,0
50832,-354,0,0
50833,-354,0,0
50834,-353,0,0
50835,-353,0,0
50836,-352,0,0
50837,-352,0,0
50838,-351,0,0
50839,-350,0,0
50840,-350,0,0
50841,-349,0,0
50842,-348,0,0
50843,-348,0,0
50844,-347,0,0
50845,-346,0,0
50846,-345,0,0
50847,-345,0,0
50848,-344,0,0
50849,-343,0,0
50850,-342,0,0
50851,-341,0,0
50852,-340,0,0
50853,-339,0,0
50854,-338,0,0
50855,-337,0,0
50856,-336,0,0
50857,-335,0,0
50858,-334,0,0
50859,-333,0,0
50860,-332,0,0
50861,-331,0,0
50862,-330,0,0
50863,-328,0,0
50864,-327,0,0
50865,-326,0,0
50866,-324,0,0
50867,-323,0,0
50868,-322,0,0
50869,-320,0,0
50870,-319,0,0
50871,-317,0,0
50872,-316,0,0
50873,-314,0,0
50874,-313,0,0
50875,-311,0,0
50876,-310,0,0
50877,-308,0,0
50878,-307,0,0
50879,-305,0,0
50880,-303,0,0
50881,-301,0,0
50882,-299,0,0
50883,-298,0,0
50884,-296,0,0
50885,-294,0,0
50886,-293,0,0
50887,-291,0,0
50888,-289,0,0
50889,-287,0,0
50890,-286,0,0
50891,-284,0,0
50892,-282,0,0
50893,-280,0,0
50894,-279,0,0
50895,-277,0,0
50896,-275,0,0
50897,-273,0,0
50898,-272,0,0
50899,-270,0,0
50900,-268,0,0
50901,-266,0,0
50902,-264,0,0
50903,-263,0,0
50904,-261,0,0
50905,-259,0,0
50906,-257,0,0
50907,-255,0,0
50908,-253,0,0
50909,-251,0,0
50910,-249,0,0
50911,-248,0,0
50912,-246,0,0
50913,-243,0,0
50914,-242,0,0
50915,-239,0,0
50916,-237,0,0
50917,-235,0,0
50918,-233,0,0
50919,-231,0,0
50920,-229,0,0
50921,-226,0,0
50922,-224,0,0
50923,-222,0,0
50924,-220,0,0
50925,-217,0,0
50926,-215,0,0
50927,-213,0,0
50928,-210,0,0
50929,-208,0,0
50930,-205,0,0
50931,-203,0,0
50932,-200,0,0
50933,-198,0,0
50934,-196,0,0
50935,-193,0,0
50936,-191,0,0
50937,-188,0,0
50938,-186,0,0
50939,-183,0,0
50940,-181,0,0
50941,-178,0,0
50942,-176,0,0
50943,-173,0,0
50944,-171,0,0
50945,-168,0,0
50946,-166,0,0
50947,-163,0,0
50948,-160,0,0
50949,-158,0,0
50950,-155,0,0
50951,-152,0,0
50952,-149,0,0
50953,-146,0,0
50954,-144,0,0
50955,-141,0,0
50956,-138,0,0
50957,-135,0,0
50958,-132,0,0
50959,-129,0,0
50960,-127,0,0
50961,-124,0,0
50962,-121,0,0
50963,-118,0,0
50964,-115,0,0
50965,-112,0,0
50966,-109,0,0
50967,-106,0,0
50968,-103,0,0
50969,-101,0,0
50970,-98,0,0
50971,-95,0,0
50972,-92,0,0
50973,-89,0,0
50974,-86,0,0
50975,-83,0,0
50976,-81,0,0
50977,-78,0,0
50978,-75,0,0
50979,-72,0,0
50980,-69,0,0
50981,-67,0,0
50982,-64,0,0
50983,-61,0,0
50984,-58,0,0
50985,-55,0,0
50986,-52,0,0
50987,-50,0,0
50988,-47,0,0
50989,-44,0,0
50990,-41,0,0
50991,-38,0,0
50992,-36,0,0
50993,-32,0,0
50994,-30,0,0
50995,-27,0,0
50996,-24,0,0
50997,-21,0,0
50998,-18,0,0
50999,-15,0,0
51000,-12,0,0
51001,-9,0,0
51002,-6,0,0
51003,-4,0,0
51004,0,0,0
51005,2,0,0
51006,5,0,0
51007,8,0,0
51008,11,0,0
51009,14,0,0
51010,17,0,0
51011,20,0,0
51012,23,0,0
51013,26,0,0
51014,29,0,0
51015,32,0,0
51016,35,0,0
51017,38,0,0
51018,41,0,0
51019,44,0,0
51020,47,0,0
51021,50,0,0
51022,53,0,0
51023,57,0,0
51024,59,0,0
51025,62,0,0
51026,65,0,0
51027,68,0,0
51028,71,0,0
51029,74,0,0
51030,77,0,0
51031,80,0,0
51032,83,0,0
51033,86,0,0
51034,89,0,0
51035,92,0,0
51036,94,0,0
51037,97,0,0
51038,100,0,0
51039,103,0,0
51040,105,0,0
51041,108,0,0
51042,111,0,0
51043,113,0,0
51044,116,0,0
51045,119,0,0
51046,121,0,0
51047,124,0,0
51048,126,0,0
51049,129,0,0
51050,131,0,0
51051,134,0,0
51052,137,0,0
51053,139,0,0
51054,142,0,0
51055,144,0,0
51056,147,0,0
51057,149,0,0
51058,152,0,0
51059,154,0,0
51060,157,0,0
51061,160,0,0
51062,162,0,0
51063,165,0,0
51064,167,0,0
51065,170,0,0
51066,172,0,0
51067,175,0,0
51068,178,0,0
51069,180,0,0
51070,183,0,0
51071,185,0,0
51072,188,0,0
51073,191,0,0
51074,193,0,0
51075,196,0,0
51076,199,0,0
51077,201,0,0
51078,204,0,0
51079,206,0,0
51080,209,0,0
51081,212,0,0
51082,214,0,0
51083,217,0,0
51084,219,0,0
51085,221,0,0
51086,224,0,0
51087,226,0,0
51088,229,0,0
51089,231,0,0
51090,233,0,0
51091,236,0,0
51092,238,0,0
51093,240,0,0
51094,242,0,0
51095,244,0,0
51096,246,0,0
51097,248,0,0
51098,251,0,0
51099,253,0,0
51100,254,0,0
51101,257,0,0
51102,258,0,0
51103,260,0,0
51104,262,0,0
51105,264,0,0
51106,266,0,0
51107,268,0,0
51108,270,0,0
51109,272,0,0
51110,273,0,0
51111,275,0,0
51112,277,0,0
51113,279,0,0
51114,280,0,0
51115,282,0,0
51116,284,0,0
51117,285,0,0
51118,287,0,0
51119,289,0,0
51120,291,0,0
51121,292,0,0
51122,294,0,0
51123,296,0,0
51124,297,0,0
51125,299,0,0
51126,301,0,0
51127,303,0,0
51128,304,0,0
51129,306,0,0
51130,307,0,0
51131,309,0,0
51132,311,0,0
51133,312,0,0
51134,313,0,0
51135,315,0,0
51136,317,0,0
51137,318,0,0
51138,320,0,0
51139,321,0,0
51140,322,0,0
51141,324,0,0
51142,325,0,0
51143,326,0,0
51144,327,0,0
51145,329,0,0
51146,330,0,0
51147,331,0,0
51148,333,0,0
51149,334,0,0
51150,335,0,0
51151,336,0,0
51152,337,0,0
51153,338,0,0
51154,339,0,0
51155,340,0,0
51156,341,0,0
51157,341,0,0
51158,342,0,0
51159,343,0,0
51160,344,0,0
51161,345,0,0
51162,345,0,0
51163,346,0,0
51164,347,0,0
51165,347,0,0
51166,348,0,0
51167,349,0,0
51168,349,0,0
51169,350,0,0
51170,350,0,0
51171,351,0,0
51172,352,0,0
51173,352,0,0
51174,352,0,0
51175,353,0,0
51176,353,0,0
51177,354,0,0
51178,354,0,0
51179,354,0,0
51180,355,0,0
51181,355,0,0
51182,355,0,0
51183,356,0,0
51184,356,0,0
51185,356,0,0
51186,356,0,0
51187,357,0,0
51188,357,0,0
51189,357,0,0
51190,357,0,0
51191,357,0,0
51192,358,0,0
51193,358,0,0
51194,358,0,0
51195,358,0,0
51196,358,0,0
51197,358,0,0
51198,358,0,0
51199,358,0,0
51200,358,0,0
51201,358,0,0
51202,358,0,0
51203,358,0,0
51204,358,0,0
51205,357,0,0
51206,357,0,0
51207,357,0,0
51208,357,0,0
51209,357,0,0
51210,357,0,0
51211,356,0,0
51212,356,0,0
51213,356,0,0
51214,356,0,0
51215,356,0,0
51216,355,0,0
51217,355,0,0
51218,354,0,0
51219,354,0,0
51220,354,0,0
51221,353,0,0
51222,353,0,0
51223,353,0,0
51224,352,0,0
51225,352,0,0
51226,351,0,0
51227,351,0,0
51228,350,0,0
51229,349,0,0
51230,349,0,0
51231,348,0,0
51232,348,0,0
51233,347,0,0
51234,346,0,0
51235,345,0,0
51236,344,0,0
51237,344,0,0
51238,343,0,0
51239,342,0,0
51240,341,0,0
51241,340,0,0
51242,339,0,0
51243,338,0,0
51244,337,0,0
51245,336,0,0
51246,335,0,0
51247,334,0,0
51248,333,0,0
51249,332,0,0
51250,331,0,0
51251,330,0,0
51252,329,0,0
51253,328,0,0
51254,327,0,0
51255,326,0,0
51256,324,0,0
51257,323,0,0
51258,322,0,0
51259,321,0,0
51260,320,0,0
51261,319,0,0
51262,317,0,0
51263,316,0,0
51264,315,0,0
51265,313,0,0
51266,312,0,0
51267,311,0,0
51268,309,0,0
51269,308,0,0
51270,307,0,0
51271,305,0,0
51272,304,0,0
51273,302,0,0
51274,301,0,0
51275,300,0,0
51276,298,0,0
51277,297,0,0
51278,295,0,0
51279,294,0,0
51280,293,0,0
51281,291,0,0
51282,290,0,0
51283,288,0,0
51284,286,0,0
51285,285,0,0
51286,284,0,0
51287,282,0,0
51288,281,0,0
51289,279,0,0
51290,278,0,0
51291,276,0,0
51292,275,0,0
51293,273,0,0
51294,272,0,0
51295,270,0,0
51296,268,0,0
51297,267,0,0
51298,265,0,0
51299,264,0,0
51300,262,0,0
51301,260,0,0
51302,259,0,0
51303,257,0,0
51304,255,0,0
51305,254,0,0
51306,252,0,0
51307,250,0,0
51308,248,0,0
51309,246,0,0
51310,244,0,0
51311,243,0,0
51312,241,0,0
51313,239,0,0
51314,237,0,0
51315,235,0,0
51316,233,0,0
51317,231,0,0
51318,229,0,0
51319,227,0,0
51320,225,0,0
51321,223,0,0
51322,221,0,0
51323,219,0,0
51324,217,0,0
51325,215,0,0
51326,213,0,0
51327,211,0,0
51328,209,0,0
51329,207,0,0
51330,205,0,0
51331,203,0,0
51332,201,0,0
51333,199,0,0
51334,197,0,0
51335,195,0,0
51336,193,0,0
51337,191,0,0
51338,189,0,0
51339,187,0,0
51340,185,0,0
51341,183,0,0
51342,181,0,0
51343,179,0,0
51344,177,0,0
51345,175,0,0
51346,173,0,0
51347,171,0,0
51348,169,0,0
51349,167,0,0
51350,165,0,0
51351,163,0,0
51352,161,0,0
51353,159,0,0
51354,157,0,0
51355,155,0,0
51356,153,0,0
51357,150,0,0
51358,148,0,0
51359,146,0,0
51360,144,0,0
51361,142,0,0
51362,140,0,0
51363,138,0,0
51364,136,0,0
51365,134,0,0
51366,132,0,0
51367,130,0,0
51368,128,0,0
51369,126,0,0
51370,124,0,0
51371,122,0,0
51372,120,0,0
51373,118,0,0
51374,116,0,0
51375,114,0,0
51376,112,0,0
51377,110,0,0
51378,108,0,0
51379,107,0,0
51380,105,0,0
51381,103,0,0
51382,101,0,0
51383,99,0,0
51384,98,0,0
51385,96,0,0
51386,94,0,0
51387,92,0,0
51388,90,0,0
51389,89,0,0
51390,87,0,0
51391,85,0,0
51392,83,0,0
51393,81,0,0
51394,80,0,0
51395,78,0,0
51396,76,0,0
51397,74,0,0
51398,72,0,0
51399,70,0,0
51400,68,0,0
51401,66,0,0
51402,65,0,0
51403,63,0,0
51404,61,0,0
51405,59,0,0
51406,57,0,0
51407,55,0,0
51408,53,0,0
51409,51,0,0
51410,49,0,0
51411,47,0,0
51412,45,0,0
51413,44,0,0
51414,42,0,0
51415,40,0,0
51416,38,0,0
51417,36,0,0
51418,35,0,0
51419,32,0,0
51420,31,0,0
51421,29,0,0
51422,27,0,0
51423,26,0,0
51424,24,0,0
51425,22,0,0
51426,21,0,0
51427,19,0,0
51428,17,0,0
51429,16,0,0
51430,14,0,0
51431,13,0,0
51432,11,0,0
51433,10,0,0
51434,8,0,0
51435,7,0,0
51436,5,0,0
51437,4,0,0
51438,2,0,0
51439,1,0,0
51440,-1,0,0
51441,-2,0,0
51442,-3,0,0
51443,-5,0,0
51444,-6,0,0
51445,-7,0,0
51446,-9,0,0
51447,-10,0,0
51448,-11,0,0
51449,-13,0,0
51450,-14,0,0
51451,-15,0,0
51452,-16,0,0
51453,-18,0,0
51454,-19,0,0
51455,-20,0,0
51456,-22,0,0
51457,-23,0,0
51458,-24,0,0
51459,-25,0,0
51460,-27,0,0
51461,-28,0,0
51462,-29,0,0
51463,-30,0,0
51464,-32,0,0
51465,-33,0,0
51466,-34,0,0
51467,-36,0,0
51468,-37,0,0
51469,-38,0,0
51470,-39,0,0
51471,-41,0,0
51472,-42,0,0
51473,-43,0,0
51474,-44,0,0
51475,-46,0,0
51476,-47,0,0
51477,-48,0,0
51478,-49,0,0
51479,-50,0,0
51480,-51,0,0
51481,-52,0,0
51482,-53,0,0
51483,-54,0,0
51484,-55,0,0
51485,-56,0,0
51486,-56,0,0
51487,-57,0,0
51488,-58,0,0
51489,-59,0,0
51490,-59,0,0
51491,-60,0,0
51492,-61,0,0
51493,-61,0,0
51494,-62,0,0
51495,-62,0,0
51496,-63,0,0
51497,-63,0,0
51498,-64,0,0
51499,-64,0,0
51500,-65,0,0
51501,-65,0,0
51502,-65,0,0
51503,-66,0,0
51504,-66,0,0
51505,-67,0,0
51506,-67,0,0
51507,-67,0,0
51508,-68,0,0
51509,-68,0,0
51510,-68,0,0
51511,-69,0,0
51512,-69,0,0
51513,-70,0,0
51514,-70,0,0
51515,-70,0,0
51516,-71,0,0
51517,-71,0,0
51518,-72,0,0
51519,-72,0,0
51520,-73,0,0
51521,-73,0,0
51522,-73,0,0
51523,-74,0,0
51524,-74,0,0
51525,-75,0,0
51526,-75,0,0
51527,-75,0,0
51528,-76,0,0
51529,-76,0,0
51530,-77,0,0
51531,-77,0,0
51532,-77,0,0
51533,-77,0,0
51534,-78,0,0
51535,-78,0,0
51536,-78,0,0
51537,-78,0,0
51538,-78,0,0
51539,-78,0,0
51540,-78,0,0
51541,-78,0,0
51542,-78,0,0
51543,-78,0,0
51544,-78,0,0
51545,-77,0,0
51546,-77,0,0
51547,-77,0,0
51548,-77,0,0
51549,-76,0,0
51550,-76,0,0
51551,-75,0,0
51552,-75,0,0
51553,-75,0,0
51554,-74,0,0
51555,-74,0,0
51556,-73,0,0
51557,-73,0,0
51558,-72,0,0
51559,-72,0,0
51560,-72,0,0
51561,-71,0,0
51562,-71,0,0
51563,-70,0,0
51564,-70,0,0
51565,-69,0,0
51566,-68,0,0
51567,-68,0,0
51568,-68,0,0
51569,-67,0,0
51570,-67,0,0
51571,-67,0,0
51572,-66,0,0
51573,-66,0,0
51574,-65,0,0
51575,-65,0,0
51576,-65,0,0
51577,-64,0,0
51578,-64,0,0
51579,-63,0,0
51580,-63,0,0
51581,-62,0,0
51582,-62,0,0
51583,-62,0,0
51584,-61,0,0
51585,-61,0,0
51586,-60,0,0
51587,-60,0,0
51588,-59,0,0
51589,-59,0,0
51590,-58,0,0
51591,-58,0,0
51592,-57,0,0
51593,-57,0,0
51594,-56,0,0
51595,-55,0,0
51596,-55,0,0
51597,-54,0,0
51598,-53,0,0
51599,-53,0,0
51600,-52,0,0
51601,-51,0,0
51602,-50,0,0
51603,-49,0,0
51604,-48,0,0
51605,-48,0,0
51606,-47,0,0
51607,-46,0,0
51608,-45,0,0
51609,-44,0,0
51610,-43,0,0
51611,-42,0,0
51612,-41,0,0
51613,-40,0,0
51614,-39,0,0
51615,-38,0,0
51616,-37,0,0
51617,-36,0,0
51618,-34,0,0
51619,-34,0,0
51620,-33,0,0
51621,-32,0,0
51622,-31,0,0
51623,-30,0,0
51624,-29,0,0
51625,-28,0,0
51626,-27,0,0
51627,-26,0,0
51628,-25,0,0
51629,-24,0,0
51630,-24,0,0
51631,-23,0,0
51632,-22,0,0
51633,-21,0,0
51634,-20,0,0
51635,-19,0,0
51636,-19,0,0
51637,-18,0,0
51638,-17,0,0
51639,-16,0,0
51640,-15,0,0
51641,-15,0,0
51642,-13,0,0
51643,-13,0,0
51644,-12,0,0
51645,-11,0,0
51646,-10,0,0
51647,-9,0,0
51648,-8,0,0
51649,-7,0,0
51650,-6,0,0
51651,-5,0,0
51652,-4,0,0
51653,-3,0,0
51654,-2,0,0
51655,-1,0,0
51656,0,0,0
51657,1,0,0
51658,2,0,0
51659,3,0,0
51660,4,0,0
51661,5,0,0
51662,6,0,0
51663,7,0,0
51664,8,0,0
51665,9,0,0
51666,10,0,0
51667,11,0,0
51668,12,0,0
51669,12,0,0
51670,13,0,0
51671,14,0,0
51672,15,0,0
51673,16,0,0
51674,16,0,0
51675,17,0,0
51676,18,0,0
51677,18,0,0
51678,19,0,0
51679,20,0,0
51680,21,0,0
51681,21,0,0
51682,22,0,0
51683,23,0,0
51684,24,0,0
51685,25,0,0
51686,25,0,0
51687,26,0,0
51688,27,0,0
51689,28,0,0
51690,29,0,0
51691,30,0,0
51692,30,0,0
51693,32,0,0
51694,33,0,0
51695,34,0,0
51696,35,0,0
51697,36,0,0
51698,37,0,0
51699,38,0,0
51700,39,0,0
51701,40,0,0
51702,41,0,0
51703,42,0,0
51704,43,0,0
51705,44,0,0
51706,45,0,0
51707,46,0,0
51708,48,0,0
51709,48,0,0
51710,49,0,0
51711,50,0,0
51712,51,0,0
51713,52,0,0
51714,53,0,0
51715,54,0,0
51716,54,0,0
51717,55,0,0
51718,56,0,0
51719,57,0,0
51720,57,0,0
51721,58,0,0
51722,58,0,0
51723,59,0,0
51724,59,0,0
51725,60,0,0
51726,60,0,0
51727,61,0,0
51728,61,0,0
51729,62,0,0
51730,62,0,0
51731,63,0,0
51732,63,0,0
51733,64,0,0
51734,64,0,0
51735,65,0,0
51736,65,0,0
51737,65,0,0
51738,66,0,0
51739,66,0,0
51740,67,0,0
51741,67,0,0
51742,67,0,0
51743,68,0,0
51744,69,0,0
51745,69,0,0
51746,69,0,0
51747,70,0,0
51748,70,0,0
51749,70,0,0
51750,71,0,0
51751,71,0,0
51752,71,0,0
51753,72,0,0
51754,72,0,0
51755,72,0,0
51756,73,0,0
51757,73,0,0
51758,73,0,0
51759,73,0,0
51760,74,0,0
51761,74,0,0
51762,74,0,0
51763,74,0,0
51764,74,0,0
51765,74,0,0
51766,74,0,0
51767,74,0,0
51768,74,0,0
51769,74,0,0
51770,74,0,0
51771,74,0,0
51772,74,0,0
51773,74,0,0
51774,74,0,0
51775,74,0,0
51776,74,0,0
51777,74,0,0
51778,74,0,0
51779,74,0,0
51780,73,0,0
51781,73,0,0
51782,73,0,0
51783,73,0,0
51784,73,0,0
51785,73,0,0
51786,72,0,0
51787,72,0,0
51788,72,0,0
51789,72,0,0
51790,72,0,0
51791,71,0,0
51792,71,0,0
51793,71,0,0
51794,71,0,0
51795,70,0,0
51796,70,0,0
51797,70,0,0
51798,70,0,0
51799,69,0,0
51800,69,0,0
51801,69,0,0
51802,68,0,0
51803,68,0,0
51804,68,0,0
51805,67,0,0
51806,67,0,0
51807,67,0,0
51808,66,0,0
51809,66,0,0
51810,65,0,0
51811,65,0,0
51812,64,0,0
51813,64,0,0
51814,63,0,0
51815,63,0,0
51816,62,0,0
51817,61,0,0
51818,61,0,0
51819,60,0,0
51820,59,0,0
51821,58,0,0
51822,58,0,0
51823,57,0,0
51824,56,0,0
51825,55,0,0
51826,55,0,0
51827,54,0,0
51828,53,0,0
51829,52,0,0
51830,51,0,0
51831,50,0,0
51832,49,0,0
51833,48,0,0
51834,47,0,0
51835,46,0,0
51836,45,0,0
51837,44,0,0
51838,43,0,0
51839,42,0,0
51840,41,0,0
51841,40,0,0
51842,39,0,0
51843,38,0,0
51844,37,0,0
51845,36,0,0
51846,35,0,0
51847,34,0,0
51848,33,0,0
51849,32,0,0
51850,30,0,0
51851,29,0,0
51852,28,0,0
51853,27,0,0
51854,26,0,0
51855,25,0,0
51856,23,0,0
51857,22,0,0
51858,21,0,0
51859,20,0,0
51860,19,0,0
51861,17,0,0
51862,16,0,0
51863,15,0,0
51864,14,0,0
51865,12,0,0
51866,11,0,0
51867,10,0,0
51868,9,0,0
51869,7,0,0
51870,6,0,0
51871,5,0,0
51872,4,0,0
51873,2,0,0
51874,1,0,0
51875,-1,0,0
51876,-2,0,0
51877,-4,0,0
51878,-5,0,0
51879,-7,0,0
51880,-8,0,0
51881,-10,0,0
51882,-11,0,0
51883,-13,0,0
51884,-15,0,0
51885,-16,0,0
51886,-18,0,0
51887,-19,0,0
51888,-21,0,0
51889,-23,0,0
51890,-25,0,0
51891,-27,0,0
51892,-28,0,0
51893,-30,0,0
51894,-32,0,0
51895,-34,0,0
51896,-36,0,0
51897,-37,0,0
51898,-39,0,0
51899,-41,0,0
51900,-43,0,0
51901,-45,0,0
51902,-47,0,0
51903,-48,0,0
51904,-50,0,0
51905,-52,0,0
51906,-54,0,0
51907,-56,0,0
51908,-58,0,0
51909,-59,0,0
51910,-61,0,0
51911,-63,0,0
51912,-65,0,0
51913,-67,0,0
51914,-69,0,0
51915,-70,0,0
51916,-72,0,0
51917,-74,0,0
51918,-76,0,0
51919,-78,0,0
51920,-79,0,0
51921,-81,0,0
51922,-83,0,0
51923,-85,0,0
51924,-86,0,0
51925,-88,0,0
51926,-90,0,0
51927,-92,0,0
51928,-94,0,0
51929,-96,0,0
51930,-97,0,0
51931,-99,0,0
51932,-101,0,0
51933,-103,0,0
51934,-105,0,0
51935,-107,0,0
51936,-109,0,0
51937,-111,0,0
51938,-113,0,0
51939,-114,0,0
51940,-116,0,0
51941,-118,0,0
51942,-120,0,0
51943,-122,0,0
51944,-124,0,0
51945,-127,0,0
51946,-128,0,0
51947,-131,0,0
51948,-133,0,0
51949,-135,0,0
51950,-137,0,0
51951,-139,0,0
51952,-141,0,0
51953,-143,0,0
51954,-145,0,0
51955,-147,0,0
51956,-149,0,0
51957,-151,0,0
51958,-154,0,0
51959,-156,0,0
51960,-158,0,0
51961,-160,0,0
51962,-162,0,0
51963,-164,0,0
51964,-166,0,0
51965,-168,0,0
51966,-170,0,0
51967,-172,0,0
51968,-174,0,0
51969,-176,0,0
51970,-178,0,0
51971,-180,0,0
51972,-182,0,0
51973,-184,0,0
51974,-185,0,0
51975,-187,0,0
51976,-189,0,0
51977,-191,0,0
51978,-193,0,0
51979,-195,0,0
51980,-197,0,0
51981,-199,0,0
51982,-201,0,0
51983,-203,0,0
51984,-205,0,0
51985,-206,0,0
51986,-208,0,0
51987,-211,0,0
51988,-212,0,0
51989,-214,0,0
51990,-216,0,0
51991,-218,0,0
51992,-220,0,0
51993,-222,0,0
51994,-224,0,0
51995,-226,0,0
51996,-228,0,0
51997,-230,0,0
51998,-232,0,0
51999,-234,0,0
52000,-236,0,0
52001,-238,0,0
52002,-240,0,0
52003,-242,0,0
52004,-244,0,0
52005,-246,0,0
52006,-248,0,0
52007,-250,0,0
52008,-252,0,0
52009,-253,0,0
52010,-255,0,0
52011,-257,0,0
52012,-259,0,0
52013,-261,0,0
52014,-262,0,0
52015,-264,0,0
52016,-266,0,0
52017,-268,0,0
52018,-269,0,0
52019,-271,0,0
52020,-273,0,0
52021,-274,0,0
52022,-276,0,0
52023,-278,0,0
52024,-279,0,0
52025,-281,0,0
52026,-282,0,0
52027,-284,0,0
52028,-285,0,0
52029,-287,0,0
52030,-289,0,0
52031,-290,0,0
52032,-292,0,0
52033,-293,0,0
52034,-295,0,0
52035,-296,0,0
52036,-298,0,0
52037,-299,0,0
52038,-300,0,0
52039,-302,0,0
52040,-303,0,0
52041,-305,0,0
52042,-306,0,0
52043,-308,0,0
52044,-309,0,0
52045,-311,0,0
52046,-312,0,0
52047,-313,0,0
52048,-315,0,0
52049,-316,0,0
52050,-317,0,0
52051,-319,0,0
52052,-320,0,0
52053,-321,0,0
52054,-323,0,0
52055,-324,0,0
52056,-325,0,0
52057,-326,0,0
52058,-327,0,0
52059,-329,0,0
52060,-330,0,0
52061,-331,0,0
52062,-332,0,0
52063,-333,0,0
52064,-334,0,0
52065,-335,0,0
52066,-336,0,0
52067,-337,0,0
52068,-338,0,0
52069,-339,0,0
52070,-340,0,0
52071,-341,0,0
52072,-342,0,0
52073,-342,0,0
52074,-343,0,0
52075,-344,0,0
52076,-345,0,0
52077,-345,0,0
52078,-346,0,0
52079,-346,0,0
52080,-347,0,0
52081,-347,0,0
52082,-348,0,0
52083,-349,0,0
52084,-349,0,0
52085,-350,0,0
52086,-350,0,0
52087,-351,0,0
52088,-352,0,0
52089,-352,0,0
52090,-352,0,0
52091,-353,0,0
52092,-353,0,0
52093,-354,0,0
52094,-354,0,0
52095,-355,0,0
52096,-355,0,0
52097,-356,0,0
52098,-356,0,0
52099,-357,0,0
52100,-357,0,0
52101,-358,0,0
52102,-358,0,0
52103,-359,0,0
52104,-359,0,0
52105,-360,0,0
52106,-360,0,0
52107,-361,0,0
52108,-361,0,0
52109,-361,0,0
52110,-361,0,0
52111,-362,0,0
52112,-362,0,0
52113,-362,0,0
52114,-362,0,0
52115,-362,0,0
52116,-362,0,0
52117,-362,0,0
52118,-363,0,0
52119,-362,0,0
52120,-362,0,0
52121,-362,0,0
52122,-362,0,0
52123,-362,0,0
52124,-361,0,0
52125,-361,0,0
52126,-360,0,0
52127,-360,0,0
52128,-359,0,0
52129,-359,0,0
52130,-359,0,0
52131,-358,0,0
52132,-357,0,0
52133,-357,0,0
52134,-356,0,0
52135,-355,0,0
52136,-355,0,0
52137,-354,0,0
52138,-353,0,0
52139,-353,0,0
52140,-352,0,0
52141,-351,0,0
52142,-351,0,0
52143,-350,0,0
52144,-349,0,0
52145,-348,0,0
52146,-348,0,0
52147,-347,0,0
52148,-346,0,0
52149,-346,0,0
52150,-345,0,0
52151,-345,0,0
52152,-344,0,0
52153,-343,0,0
52154,-342,0,0
52155,-342,0,0
52156,-341,0,0
52157,-340,0,0
52158,-339,0,0
52159,-338,0,0
52160,-338,0,0
52161,-337,0,0
52162,-336,0,0
52163,-335,0,0
52164,-334,0,0
52165,-333,0,0
52166,-332,0,0
52167,-331,0,0
52168,-330,0,0
52169,-329,0,0
52170,-328,0,0
52171,-327,0,0
52172,-326,0,0
52173,-325,0,0
52174,-323,0,0
52175,-322,0,0
52176,-321,0,0
52177,-319,0,0
52178,-318,0,0
52179,-317,0,0
52180,-315,0,0
52181,-314,0,0
52182,-312,0,0
52183,-311,0,0
52184,-309,0,0
52185,-308,0,0
52186,-306,0,0
52187,-305,0,0
52188,-303,0,0
52189,-301,0,0
52190,-300,0,0
52191,-298,0,0
52192,-296,0,0
52193,-294,0,0
52194,-293,0,0
52195,-291,0,0
52196,-289,0,0
52197,-288,0,0
52198,-286,0,0
52199,-284,0,0
52200,-282,0,0
52201,-280,0,0
52202,-278,0,0
52203,-276,0,0
52204,-275,0,0
52205,-273,0,0
52206,-271,0,0
52207,-269,0,0
52208,-267,0,0
52209,-265,0,0
52210,-263,0,0
52211,-261,0,0
52212,-259,0,0
52213,-256,0,0
52214,-255,0,0
52215,-253,0,0
52216,-251,0,0
52217,-248,0,0
52218,-246,0,0
52219,-244,0,0
52220,-242,0,0
52221,-240,0,0
52222,-237,0,0
52223,-235,0,0
52224,-233,0,0
52225,-231,0,0
52226,-228,0,0
52227,-226,0,0
52228,-224,0,0
52229,-221,0,0
52230,-219,0,0
52231,-217,0,0
52232,-214,0,0
52233,-212,0,0
52234,-209,0,0
52235,-206,0,0
52236,-204,0,0
52237,-201,0,0
52238,-199,0,0
52239,-196,0,0
52240,-193,0,0
52241,-191,0,0
52242,-188,0,0
52243,-185,0,0
52244,-183,0,0
52245,-180,0,0
52246,-178,0,0
52247,-175,0,0
52248,-172,0,0
52249,-170,0,0
52250,-167,0,0
52251,-165,0,0
52252,-162,0,0
52253,-159,0,0
52254,-157,0,0
52255,-155,0,0
52256,-152,0,0
52257,-149,0,0
52258,-147,0,0
52259,-144,0,0
52260,-142,0,0
52261,-139,0,0
52262,-137,0,0
52263,-134,0,0
52264,-132,0,0
52265,-129,0,0
52266,-127,0,0
52267,-124,0,0
52268,-122,0,0
52269,-119,0,0
52270,-116,0,0
52271,-114,0,0
52272,-111,0,0
52273,-108,0,0
52274,-106,0,0
52275,-103,0,0
52276,-100,0,0
52277,-98,0,0
52278,-95,0,0
52279,-92,0,0
52280,-89,0,0
52281,-86,0,0
52282,-84,0,0
52283,-81,0,0
52284,-78,0,0
52285,-75,0,0
52286,-72,0,0
52287,-69,0,0
52288,-66,0,0
52289,-63,0,0
52290,-60,0,0
52291,-57,0,0
52292,-54,0,0
52293,-51,0,0
52294,-48,0,0
52295,-45,0,0
52296,-42,0,0
52297,-39,0,0
52298,-36,0,0
52299,-32,0,0
52300,-29,0,0
52301,-26,0,0
52302,-23,0,0
52303,-20,0,0
52304,-17,0,0
52305,-13,0,0
52306,-10,0,0
52307,-7,0,0
52308,-4,0,0
52309,-1,0,0
52310,2,0,0
52311,5,0,0
52312,8,0,0
52313,11,0,0
52314,14,0,0
52315,17,0,0
52316,20,0,0
52317,22,0,0
52318,25,0,0
52319,28,0,0
52320,31,0,0
52321,34,0,0
52322,36,0,0
52323,39,0,0
52324,42,0,0
52325,44,0,0
52326,47,0,0
52327,49,0,0
52328,52,0,0
52329,55,0,0
52330,57,0,0
52331,60,0,0
52332,62,0,0
52333,65,0,0
52334,68,0,0
52335,71,0,0
52336,73,0,0
52337,76,0,0
52338,79,0,0
52339,82,0,0
52340,84,0,0
52341,87,0,0
52342,90,0,0
52343,93,0,0
52344,96,0,0
52345,99,0,0
52346,102,0,0
52347,105,0,0
52348,108,0,0
52349,111,0,0
52350,114,0,0
52351,117,0,0
52352,120,0,0
52353,123,0,0
52354,126,0,0
52355,129,0,0
52356,132,0,0
52357,135,0,0
52358,138,0,0
52359,141,0,0
52360,144,0,0
52361,146,0,0
52362,149,0,0
52363,152,0,0
52364,155,0,0
52365,157,0,0
52366,160,0,0
52367,163,0,0
52368,165,0,0
52369,168,0,0
52370,170,0,0
52371,173,0,0
52372,175,0,0
52373,178,0,0
52374,180,0,0
52375,183,0,0
52376,185,0,0
52377,187,0,0
52378,190,0,0
52379,192,0,0
52380,194,0,0
52381,197,0,0
52382,199,0,0
52383,201,0,0
52384,204,0,0
52385,206,0,0
52386,208,0,0
52387,211,0,0
52388,213,0,0
52389,215,0,0
52390,218,0,0
52391,220,0,0
52392,222,0,0
52393,225,0,0
52394,227,0,0
52395,229,0,0
52396,232,0,0
52397,234,0,0
52398,236,0,0
52399,238,0,0
52400,241,0,0
52401,243,0,0
52402,245,0,0
52403,247,0,0
52404,250,0,0
52405,252,0,0
52406,254,0,0
52407,256,0,0
52408,258,0,0
52409,260,0,0
52410,262,0,0
52411,264,0,0
52412,266,0,0
52413,268,0,0
52414,270,0,0
52415,272,0,0
52416,274,0,0
52417,276,0,0
52418,278,0,0
52419,279,0,0
52420,281,0,0
52421,283,0,0
52422,285,0,0
52423,287,0,0
52424,288,0,0
52425,290,0,0
52426,292,0,0
52427,294,0,0
52428,295,0,0
52429,297,0,0
52430,298,0,0
52431,300,0,0
52432,302,0,0
52433,303,0,0
52434,305,0,0
52435,306,0,0
52436,308,0,0
52437,309,0,0
52438,310,0,0
52439,312,0,0
52440,313,0,0
52441,314,0,0
52442,315,0,0
52443,317,0,0
52444,318,0,0
52445,319,0,0
52446,320,0,0
52447,321,0,0
52448,322,0,0
52449,323,0,0
52450,325,0,0
52451,326,0,0
52452,327,0,0
52453,328,0,0
52454,329,0,0
52455,330,0,0
52456,331,0,0
52457,332,0,0
52458,333,0,0
52459,334,0,0
52460,335,0,0
52461,336,0,0
52462,337,0,0
52463,338,0,0
52464,339,0,0
52465,340,0,0
52466,341,0,0
52467,343,0,0
52468,344,0,0
52469,345,0,0
52470,346,0,0
52471,347,0,0
52472,347,0,0
52473,349,0,0
52474,349,0,0
52475,350,0,0
52476,351,0,0
52477,352,0,0
52478,352,0,0
52479,353,0,0
52480,354,0,0
52481,354,0,0
52482,355,0,0
52483,356,0,0
52484,356,0,0
52485,356,0,0
52486,357,0,0
52487,357,0,0
52488,357,0,0
52489,357,0,0
52490,357,0,0
52491,358,0,0
52492,358,0,0
52493,358,0,0
52494,358,0,0
52495,358,0,0
52496,358,0,0
52497,358,0,0
52498,358,0,0
52499,358,0,0
52500,358,0,0
52501,358,0,0
52502,358,0,0
52503,358,0,0
52504,358,0,0
52505,358,0,0
52506,358,0,0
52507,358,0,0
52508,358,0,0
52509,358,0,0
52510,357,0,0
52511,357,0,0
52512,357,0,0
52513,357,0,0
52514,357,0,0
52515,357,0,0
52516,357,0,0
52517,356,0,0
52518,356,0,0
52519,356,0,0
52520,356,0,0
52521,355,0,0
52522,355,0,0
52523,355,0,0
52524,354,0,0
52525,354,0,0
52526,353,0,0
52527,353,0,0
52528,352,0,0
52529,352,0,0
52530,352,0,0
52531,351,0,0
52532,350,0,0
52533,350,0,0
52534,349,0,0
52535,349,0,0
52536,348,0,0
52537,348,0,0
52538,347,0,0
52539,346,0,0
52540,346,0,0
52541,345,0,0
52542,345,0,0
52543,344,0,0
52544,343,0,0
52545,342,0,0
52546,342,0,0
52547,341,0,0
52548,340,0,0
52549,339,0,0
52550,339,0,0
52551,338,0,0
52552,336,0,0
52553,336,0,0
52554,335,0,0
52555,333,0,0
52556,332,0,0
52557,331,0,0
52558,330,0,0
52559,329,0,0
52560,328,0,0
52561,326,0,0
52562,325,0,0
52563,324,0,0
52564,322,0,0
52565,321,0,0
52566,320,0,0
52567,318,0,0
52568,317,0,0
52569,315,0,0
52570,314,0,0
52571,312,0,0
52572,311,0,0
52573,310,0,0
52574,308,0,0
52575,307,0,0
52576,305,0,0
52577,304,0,0
52578,303,0,0
52579,301,0,0
52580,300,0,0
52581,298,0,0
52582,297,0,0
52583,296,0,0
52584,294,0,0
52585,293,0,0
52586,292,0,0
52587,290,0,0
52588,289,0,0
52589,287,0,0
52590,286,0,0
52591,285,0,0
52592,283,0,0
52593,282,0,0
52594,280,0,0
52595,279,0,0
52596,277,0,0
52597,276,0,0
52598,274,0,0
52599,273,0,0
52600,271,0,0
52601,270,0,0
52602,268,0,0
52603,266,0,0
52604,265,0,0
52605,263,0,0
52606,261,0,0
52607,259,0,0
52608,258,0,0
52609,256,0,0
52610,254,0,0
52611,252,0,0
52612,251,0,0
52613,249,0,0
52614,247,0,0
52615,245,0,0
52616,243,0,0
52617,241,0,0
52618,239,0,0
52619,238,0,0
52620,236,0,0
52621,234,0,0
52622,232,0,0
52623,230,0,0
52624,229,0,0
52625,227,0,0
52626,225,0,0
52627,223,0,0
52628,221,0,0
52629,219,0,0
52630,217,0,0
52631,215,0,0
52632,213,0,0
52633,211,0,0
52634,209,0,0
52635,207,0,0
52636,205,0,0
52637,204,0,0
52638,201,0,0
52639,200,0,0
52640,198,0,0
52641,196,0,0
52642,194,0,0
52643,192,0,0
52644,190,0,0
52645,188,0,0
52646,186,0,0
52647,184,0,0
52648,182,0,0
52649,180,0,0
52650,178,0,0
52651,176,0,0
52652,173,0,0
52653,171,0,0
52654,169,0,0
52655,168,0,0
52656,166,0,0
52657,164,0,0
52658,161,0,0
52659,159,0,0
52660,157,0,0
52661,155,0,0
52662,153,0,0
52663,151,0,0
52664,149,0,0
52665,147,0,0
52666,145,0,0
52667,143,0,0
52668,141,0,0
52669,139,0,0
52670,137,0,0
52671,134,0,0
52672,132,0,0
52673,130,0,0
52674,128,0,0
52675,126,0,0
52676,124,0,0
52677,122,0,0
52678,120,0,0
52679,118,0,0
52680,116,0,0
52681,114,0,0
52682,112,0,0
52683,110,0,0
52684,108,0,0
52685,106,0,0
52686,104,0,0
52687,102,0,0
52688,100,0,0
52689,98,0,0
52690,96,0,0
52691,94,0,0
52692,92,0,0
52693,90,0,0
52694,89,0,0
52695,87,0,0
52696,85,0,0
52697,83,0,0
52698,81,0,0
52699,79,0,0
52700,77,0,0
52701,76,0,0
52702,74,0,0
52703,72,0,0
52704,70,0,0
52705,68,0,0
52706,67,0,0
52707,65,0,0
52708,63,0,0
52709,61,0,0
52710,59,0,0
52711,57,0,0
52712,56,0,0
52713,54,0,0
52714,52,0,0
52715,50,0,0
52716,48,0,0
52717,47,0,0
52718,45,0,0
52719,43,0,0
52720,41,0,0
52721,39,0,0
52722,38,0,0
52723,36,0,0
52724,34,0,0
52725,32,0,0
52726,31,0,0
52727,29,0,0
52728,27,0,0
52729,26,0,0
52730,24,0,0
52731,22,0,0
52732,20,0,0
52733,19,0,0
52734,17,0,0
52735,15,0,0
52736,14,0,0
52737,12,0,0
52738,10,0,0
52739,9,0,0
52740,7,0,0
52741,6,0,0
52742,4,0,0
52743,3,0,0
52744,1,0,0
52745,0,0,0
52746,-2,0,0
52747,-3,0,0
52748,-4,0,0
52749,-6,0,0
52750,-7,0,0
52751,-8,0,0
52752,-10,0,0
52753,-11,0,0
52754,-12,0,0
52755,-14,0,0
52756,-15,0,0
52757,-16,0,0
52758,-18,0,0
52759,-19,0,0
52760,-20,0,0
52761,-21,0,0
52762,-22,0,0
52763,-24,0,0
52764,-25,0,0
52765,-26,0,0
52766,-27,0,0
52767,-28,0,0
52768,-29,0,0
52769,-31,0,0
52770,-32,0,0
52771,-33,0,0
52772,-34,0,0
52773,-35,0,0
52774,-36,0,0
52775,-37,0,0
52776,-39,0,0
52777,-40,0,0
52778,-41,0,0
52779,-42,0,0
52780,-43,0,0
52781,-44,0,0
52782,-45,0,0
52783,-46,0,0
52784,-47,0,0
52785,-48,0,0
52786,-49,0,0
52787,-50,0,0
52788,-51,0,0
52789,-52,0,0
52790,-52,0,0
52791,-53,0,0
52792,-54,0,0
52793,-55,0,0
52794,-56,0,0
52795,-57,0,0
52796,-57,0,0
52797,-58,0,0
52798,-59,0,0
52799,-60,0,0
52800,-60,0,0
52801,-61,0,0
52802,-61,0,0
52803,-62,0,0
52804,-63,0,0
52805,-63,0,0
52806,-64,0,0
52807,-65,0,0
52808,-65,0,0
52809,-66,0,0
52810,-66,0,0
52811,-67,0,0
52812,-67,0,0
52813,-68,0,0
52814,-68,0,0
52815,-69,0,0
52816,-69,0,0
52817,-70,0,0
52818,-70,0,0
52819,-71,0,0
52820,-71,0,0
52821,-71,0,0
52822,-72,0,0
52823,-72,0,0
52824,-73,0,0
52825,-73,0,0
52826,-73,0,0
52827,-74,0,0
52828,-74,0,0
52829,-74,0,0
52830,-75,0,0
52831,-75,0,0
52832,-75,0,0
52833,-75,0,0
52834,-76,0,0
52835,-76,0,0
52836,-76,0,0
52837,-76,0,0
52838,-76,0,0
52839,-76,0,0
52840,-76,0,0
52841,-76,0,0
52842,-76,0,0
52843,-76,0,0
52844,-76,0,0
52845,-76,0,0
52846,-76,0,0
52847,-76,0,0
52848,-76,0,0
52849,-76,0,0
52850,-75,0,0
52851,-75,0,0
52852,-75,0,0
52853,-75,0,0
52854,-75,0,0
52855,-74,0,0
52856,-74,0,0
52857,-74,0,0
52858,-73,0,0
52859,-73,0,0
52860,-73,0,0
52861,-72,0,0
52862,-72,0,0
52863,-72,0,0
52864,-71,0,0
52865,-71,0,0
52866,-71,0,0
52867,-71,0,0
52868,-70,0,0
52869,-70,0,0
52870,-70,0,0
52871,-69,0,0
52872,-69,0,0
52873,-69,0,0
52874,-68,0,0
52875,-68,0,0
52876,-68,0,0
52877,-67,0,0
52878,-67,0,0
52879,-67,0,0
52880,-66,0,0
52881,-66,0,0
52882,-66,0,0
52883,-65,0,0
52884,-65,0,0
52885,-65,0,0
52886,-64,0,0
52887,-64,0,0
52888,-63,0,0
52889,-63,0,0
52890,-62,0,0
52891,-62,0,0
52892,-61,0,0
52893,-60,0,0
52894,-60,0,0
52895,-59,0,0
52896,-59,0,0
52897,-58,0,0
52898,-58,0,0
52899,-57,0,0
52900,-56,0,0
52901,-55,0,0
52902,-55,0,0
52903,-54,0,0
52904,-53,0,0
52905,-52,0,0
52906,-52,0,0
52907,-51,0,0
52908,-50,0,0
52909,-49,0,0
52910,-49,0,0
52911,-48,0,0
52912,-47,0,0
52913,-46,0,0
52914,-46,0,0
52915,-45,0,0
52916,-44,0,0
52917,-43,0,0
52918,-42,0,0
52919,-41,0,0
52920,-41,0,0
52921,-40,0,0
52922,-39,0,0
52923,-38,0,0
52924,-37,0,0
52925,-36,0,0
52926,-35,0,0
52927,-35,0,0
52928,-34,0,0
52929,-33,0,0
52930,-32,0,0
52931,-31,0,0
52932,-30,0,0
52933,-29,0,0
52934,-28,0,0
52935,-27,0,0
52936,-26,0,0
52937,-25,0,0
52938,-24,0,0
52939,-23,0,0
52940,-22,0,0
52941,-21,0,0
52942,-20,0,0
52943,-19,0,0
52944,-17,0,0
52945,-16,0,0
52946,-15,0,0
52947,-14,0,0
52948,-13,0,0
52949,-12,0,0
52950,-11,0,0
52951,-10,0,0
52952,-9,0,0
52953,-8,0,0
52954,-7,0,0
52955,-6,0,0
52956,-5,0,0
52957,-4,0,0
52958,-3,0,0
52959,-2,0,0
52960,-1,0,0
52961,0,0,0
52962,1,0,0
52963,2,0,0
52964,3,0,0
52965,3,0,0
52966,4,0,0
52967,5,0,0
52968,6,0,0
52969,7,0,0
52970,7,0,0
52971,8,0,0
52972,9,0,0
52973,10,0,0
52974,10,0,0
52975,11,0,0
52976,12,0,0
52977,13,0,0
52978,14,0,0
52979,15,0,0
52980,15,0,0
52981,16,0,0
52982,17,0,0
52983,18,0,0
52984,19,0,0
52985,20,0,0
52986,21,0,0
52987,22,0,0
52988,23,0,0
52989,24,0,0
52990,25,0,0
52991,26,0,0
52992,27,0,0
52993,28,0,0
52994,29,0,0
52995,30,0,0
52996,31,0,0
52997,32,0,0
52998,33,0,0
52999,34,0,0
53000,34,0,0
53001,35,0,0
53002,36,0,0
53003,37,0,0
53004,38,0,0
53005,39,0,0
53006,40,0,0
53007,40,0,0
53008,41,0,0
53009,42,0,0
53010,43,0,0
53011,44,0,0
53012,44,0,0
53013,45,0,0
53014,46,0,0
53015,47,0,0
53016,47,0,0
53017,48,0,0
53018,49,0,0
53019,50,0,0
53020,50,0,0
53021,51,0,0
53022,52,0,0
53023,52,0,0
53024,53,0,0
53025,53,0,0
53026,54,0,0
53027,55,0,0
53028,55,0,0
53029,56,0,0
53030,57,0,0
53031,57,0,0
53032,57,0,0
53033,58,0,0
53034,58,0,0
53035,59,0,0
53036,59,0,0
53037,60,0,0
53038,60,0,0
53039,61,0,0
53040,61,0,0
53041,61,0,0
53042,62,0,0
53043,62,0,0
53044,63,0,0
53045,63,0,0
53046,63,0,0
53047,64,0,0
53048,64,0,0
53049,65,0,0
53050,65,0,0
53051,66,0,0
53052,66,0,0
53053,67,0,0
53054,67,0,0
53055,68,0,0
53056,68,0,0
53057,69,0,0
53058,69,0,0
53059,69,0,0
53060,70,0,0
53061,70,0,0
53062,71,0,0
53063,71,0,0
53064,71,0,0
53065,72,0,0
53066,72,0,0
53067,73,0,0
53068,73,0,0
53069,73,0,0
53070,73,0,0
53071,73,0,0
53072,74,0,0
53073,74,0,0
53074,74,0,0
53075,74,0,0
53076,74,0,0
53077,74,0,0
53078,74,0,0
53079,74,0,0
53080,74,0,0
53081,74,0,0
53082,74,0,0
53083,74,0,0
53084,74,0,0
53085,73,0,0
53086,74,0,0
53087,73,0,0
53088,73,0,0
53089,73,0,0
53090,73,0,0
53091,73,0,0
53092,73,0,0
53093,72,0,0
53094,72,0,0
53095,72,0,0
53096,72,0,0
53097,72,0,0
53098,72,0,0
53099,71,0,0
53100,71,0,0
53101,71,0,0
53102,71,0,0
53103,71,0,0
53104,70,0,0
53105,70,0,0
53106,70,0,0
53107,70,0,0
53108,69,0,0
53109,69,0,0
53110,69,0,0
53111,68,0,0
53112,68,0,0
53113,68,0,0
53114,67,0,0
53115,67,0,0
53116,67,0,0
53117,66,0,0
53118,66,0,0
53119,65,0,0
53120,65,0,0
53121,64,0,0
53122,64,0,0
53123,63,0,0
53124,62,0,0
53125,62,0,0
53126,61,0,0
53127,60,0,0
53128,59,0,0
53129,59,0,0
53130,58,0,0
53131,57,0,0
53132,56,0,0
53133,55,0,0
53134,54,0,0
53135,53,0,0
53136,52,0,0
53137,51,0,0
53138,50,0,0
53139,49,0,0
53140,48,0,0
53141,47,0,0
53142,46,0,0
53143,45,0,0
53144,44,0,0
53145,43,0,0
53146,42,0,0
53147,41,0,0
53148,40,0,0
53149,38,0,0
53150,37,0,0
53151,36,0,0
53152,35,0,0
53153,34,0,0
53154,33,0,0
53155,32,0,0
53156,31,0,0
53157,30,0,0
53158,29,0,0
53159,27,0,0
53160,26,0,0
53161,25,0,0
53162,24,0,0
53163,23,0,0
53164,22,0,0
53165,20,0,0
53166,19,0,0
53167,18,0,0
53168,17,0,0
53169,16,0,0
53170,14,0,0
53171,13,0,0
53172,12,0,0
53173,11,0,0
53174,9,0,0
53175,8,0,0
53176,6,0,0
53177,5,0,0
53178,3,0,0
53179,2,0,0
53180,1,0,0
53181,-1,0,0
53182,-2,0,0
53183,-4,0,0
53184,-6,0,0
53185,-7,0,0
53186,-9,0,0
53187,-10,0,0
53188,-12,0,0
53189,-13,0,0
53190,-15,0,0
53191,-17,0,0
53192,-18,0,0
53193,-20,0,0
53194,-21,0,0
53195,-23,0,0
53196,-25,0,0
53197,-26,0,0
53198,-28,0,0
53199,-30,0,0
53200,-32,0,0
53201,-33,0,0
53202,-35,0,0
53203,-37,0,0
53204,-38,0,0
53205,-40,0,0
53206,-42,0,0
53207,-44,0,0
53208,-46,0,0
53209,-47,0,0
53210,-49,0,0
53211,-51,0,0
53212,-53,0,0
53213,-55,0,0
53214,-57,0,0
53215,-59,0,0
53216,-61,0,0
53217,-63,0,0
53218,-65,0,0
53219,-67,0,0
53220,-69,0,0
53221,-71,0,0
53222,-73,0,0
53223,-74,0,0
53224,-76,0,0
53225,-78,0,0
53226,-80,0,0
53227,-82,0,0
53228,-84,0,0
53229,-86,0,0
53230,-88,0,0
53231,-90,0,0
53232,-92,0,0
53233,-94,0,0
53234,-96,0,0
53235,-98,0,0
53236,-100,0,0
53237,-102,0,0
53238,-104,0,0
53239,-106,0,0
53240,-108,0,0
53241,-110,0,0
53242,-111,0,0
53243,-114,0,0
53244,-115,0,0
53245,-117,0,0
53246,-119,0,0
53247,-121,0,0
53248,-123,0,0
53249,-125,0,0
53250,-127,0,0
53251,-129,0,0
53252,-131,0,0
53253,-133,0,0
53254,-135,0,0
53255,-137,0,0
53256,-139,0,0
53257,-140,0,0
53258,-142,0,0
53259,-144,0,0
53260,-146,0,0
53261,-148,0,0
53262,-150,0,0
53263,-152,0,0
53264,-154,0,0
53265,-156,0,0
53266,-157,0,0
53267,-159,0,0
53268,-161,0,0
53269,-163,0,0
53270,-165,0,0
53271,-167,0,0
53272,-169,0,0
53273,-171,0,0
53274,-173,0,0
53275,-174,0,0
53276,-176,0,0
53277,-178,0,0
53278,-180,0,0
53279,-182,0,0
53280,-184,0,0
53281,-186,0,0
53282,-188,0,0
53283,-190,0,0
53284,-192,0,0
53285,-194,0,0
53286,-196,0,0
53287,-198,0,0
53288,-201,0,0
53289,-202,0,0
53290,-205,0,0
53291,-207,0,0
53292,-209,0,0
53293,-211,0,0
53294,-213,0,0
53295,-215,0,0
53296,-217,0,0
53297,-219,0,0
53298,-221,0,0
53299,-223,0,0
53300,-225,0,0
53301,-227,0,0
53302,-229,0,0
53303,-231,0,0
53304,-233,0,0
53305,-235,0,0
53306,-237,0,0
53307,-238,0,0
53308,-240,0,0
53309,-242,0,0
53310,-244,0,0
53311,-246,0,0
53312,-248,0,0
53313,-249,0,0
53314,-251,0,0
53315,-253,0,0
53316,-255,0,0
53317,-256,0,0
53318,-258,0,0
53319,-260,0,0
53320,-262,0,0
53321,-263,0,0
53322,-265,0,0
53323,-267,0,0
53324,-269,0,0
53325,-270,0,0
53326,-272,0,0
53327,-274,0,0
53328,-276,0,0
53329,-278,0,0
53330,-279,0,0
53331,-281,0,0
53332,-283,0,0
53333,-284,0,0
53334,-286,0,0
53335,-287,0,0
53336,-289,0,0
53337,-290,0,0
53338,-292,0,0
53339,-294,0,0
53340,-295,0,0
53341,-296,0,0
53342,-298,0,0
53343,-299,0,0
53344,-300,0,0
53345,-302,0,0
53346,-303,0,0
53347,-304,0,0
53348,-305,0,0
53349,-307,0,0
53350,-308,0,0
53351,-309,0,0
53352,-310,0,0
53353,-311,0,0
53354,-312,0,0
53355,-314,0,0
53356,-315,0,0
53357,-316,0,0
53358,-317,0,0
53359,-318,0,0
53360,-319,0,0
53361,-321,0,0
53362,-322,0,0
53363,-323,0,0
53364,-324,0,0
53365,-325,0,0
53366,-327,0,0
53367,-328,0,0
53368,-329,0,0
53369,-330,0,0
53370,-331,0,0
53371,-333,0,0
53372,-334,0,0
53373,-335,0,0
53374,-336,0,0
53375,-337,0,0
53376,-338,0,0
53377,-339,0,0
53378,-340,0,0
53379,-341,0,0
53380,-342,0,0
53381,-343,0,0
53382,-344,0,0
53383,-345,0,0
53384,-346,0,0
53385,-347,0,0
53386,-348,0,0
53387,-348,0,0
53388,-349,0,0
53389,-350,0,0
53390,-350,0,0
53391,-351,0,0
53392,-352,0,0
53393,-352,0,0
53394,-353,0,0
53395,-353,0,0
53396,-354,0,0
53397,-354,0,0
53398,-354,0,0
53399,-355,0,0
53400,-355,0,0
53401,-356,0,0
53402,-356,0,0
53403,-356,0,0
53404,-357,0,0
53405,-357,0,0
53406,-357,0,0
53407,-358,0,0
53408,-358,0,0
53409,-358,0,0
53410,-359,0,0
53411,-359,0,0
53412,-359,0,0
53413,-359,0,0
53414,-360,0,0
53415,-360,0,0
53416,-360,0,0
53417,-360,0,0
53418,-360,0,0
53419,-360,0,0
53420,-361,0,0
53421,-360,0,0
53422,-361,0,0
53423,-361,0,0
53424,-361,0,0
53425,-361,0,0
53426,-360,0,0
53427,-360,0,0
53428,-360,0,0
53429,-360,0,0
53430,-360,0,0
53431,-359,0,0
53432,-359,0,0
53433,-359,0,0
53434,-359,0,0
53435,-358,0,0
53436,-358,0,0
53437,-358,0,0
53438,-357,0,0
53439,-357,0,0
53440,-356,0,0
53441,-356,0,0
53442,-355,0,0
53443,-355,0,0
53444,-354,0,0
53445,-354,0,0
53446,-353,0,0
53447,-352,0,0
53448,-352,0,0
53449,-351,0,0
53450,-351,0,0
53451,-350,0,0
53452,-350,0,0
53453,-349,0,0
53454,-348,0,0
53455,-348,0,0
53456,-347,0,0
53457,-347,0,0
53458,-346,0,0
53459,-345,0,0
53460,-344,0,0
53461,-343,0,0
53462,-343,0,0
53463,-342,0,0
53464,-341,0,0
53465,-340,0,0
53466,-339,0,0
53467,-338,0,0
53468,-336,0,0
53469,-336,0,0
53470,-334,0,0
53471,-333,0,0
53472,-332,0,0
53473,-331,0,0
53474,-330,0,0
53475,-329,0,0
53476,-328,0,0
53477,-326,0,0
53478,-325,0,0
53479,-324,0,0
53480,-322,0,0
53481,-321,0,0
53482,-320,0,0
53483,-319,0,0
53484,-317,0,0
53485,-316,0,0
53486,-315,0,0
53487,-313,0,0
53488,-312,0,0
53489,-310,0,0
53490,-309,0,0
53491,-308,0,0
53492,-306,0,0
53493,-305,0,0
53494,-303,0,0
53495,-302,0,0
53496,-300,0,0
53497,-299,0,0
53498,-297,0,0
53499,-296,0,0
53500,-294,0,0
53501,-292,0,0
53502,-290,0,0
53503,-288,0,0
53504,-287,0,0
53505,-285,0,0
53506,-283,0,0
53507,-281,0,0
53508,-279,0,0
53509,-277,0,0
53510,-275,0,0
53511,-273,0,0
53512,-271,0,0
53513,-269,0,0
53514,-267,0,0
53515,-264,0,0
53516,-262,0,0
53517,-260,0,0
53518,-258,0,0
53519,-256,0,0
53520,-254,0,0
53521,-251,0,0
53522,-249,0,0
53523,-247,0,0
53524,-245,0,0
53525,-243,0,0
53526,-241,0,0
53527,-239,0,0
53528,-237,0,0
53529,-234,0,0
53530,-232,0,0
53531,-230,0,0
53532,-228,0,0
53533,-226,0,0
53534,-224,0,0
53535,-221,0,0
53536,-219,0,0
53537,-217,0,0
53538,-215,0,0
53539,-212,0,0
53540,-210,0,0
53541,-208,0,0
53542,-205,0,0
53543,-203,0,0
53544,-201,0,0
53545,-198,0,0
53546,-196,0,0
53547,-193,0,0
53548,-191,0,0
53549,-188,0,0
53550,-186,0,0
53551,-183,0,0
53552,-181,0,0
53553,-178,0,0
53554,-175,0,0
53555,-173,0,0
53556,-170,0,0
53557,-168,0,0
53558,-165,0,0
53559,-162,0,0
53560,-160,0,0
53561,-157,0,0
53562,-154,0,0
53563,-152,0,0
53564,-149,0,0
53565,-146,0,0
53566,-144,0,0
53567,-141,0,0
53568,-138,0,0
53569,-135,0,0
53570,-133,0,0
53571,-130,0,0
53572,-127,0,0
53573,-125,0,0
53574,-122,0,0
53575,-119,0,0
53576,-116,0,0
53577,-114,0,0
53578,-111,0,0
53579,-108,0,0
53580,-105,0,0
53581,-102,0,0
53582,-99,0,0
53583,-97,0,0
53584,-94,0,0
53585,-91,0,0
53586,-88,0,0
53587,-85,0,0
53588,-82,0,0
53589,-79,0,0
53590,-76,0,0
53591,-73,0,0
53592,-70,0,0
53593,-67,0,0
53594,-64,0,0
53595,-61,0,0
53596,-58,0,0
53597,-55,0,0
53598,-52,0,0
53599,-49,0,0
53600,-46,0,0
53601,-43,0,0
53602,-40,0,0
53603,-38,0,0
53604,-35,0,0
53605,-32,0,0
53606,-29,0,0
53607,-26,0,0
53608,-24,0,0
53609,-21,0,0
53610,-18,0,0
53611,-15,0,0
53612,-13,0,0
53613,-10,0,0
53614,-7,0,0
53615,-4,0,0
53616,-2,0,0
53617,1,0,0
53618,4,0,0
53619,7,0,0
53620,9,0,0
53621,12,0,0
53622,15,0,0
53623,17,0,0
53624,20,0,0
53625,23,0,0
53626,26,0,0
53627,29,0,0
53628,32,0,0
53629,35,0,0
53630,38,0,0
53631,41,0,0
53632,44,0,0
53633,47,0,0
53634,50,0,0
53635,53,0,0
53636,56,0,0
53637,59,0,0
53638,62,0,0
53639,66,0,0
53640,69,0,0
53641,72,0,0
53642,75,0,0
53643,78,0,0
53644,81,0,0
53645,84,0,0
53646,87,0,0
53647,90,0,0
53648,93,0,0
53649,97,0,0
53650,99,0,0
53651,102,0,0
53652,105,0,0
53653,108,0,0
53654,111,0,0
53655,114,0,0
53656,116,0,0
53657,119,0,0
53658,122,0,0
53659,124,0,0
53660,127,0,0
53661,130,0,0
53662,132,0,0
53663,135,0,0
53664,137,0,0
53665,140,0,0
53666,142,0,0
53667,145,0,0
53668,147,0,0
53669,150,0,0
53670,152,0,0
53671,154,0,0
53672,157,0,0
53673,159,0,0
53674,162,0,0
53675,164,0,0
53676,167,0,0
53677,169,0,0
53678,172,0,0
53679,175,0,0
53680,177,0,0
53681,179,0,0
53682,182,0,0
53683,185,0,0
53684,187,0,0
53685,190,0,0
53686,193,0,0
53687,195,0,0
53688,198,0,0
53689,200,0,0
53690,203,0,0
53691,206,0,0
53692,208,0,0
53693,211,0,0
53694,213,0,0
53695,216,0,0
53696,218,0,0
53697,220,0,0
53698,223,0,0
53699,225,0,0
53700,228,0,0
53701,230,0,0
53702,232,0,0
53703,234,0,0
53704,236,0,0
53705,238,0,0
53706,241,0,0
53707,243,0,0
53708,245,0,0
53709,247,0,0
53710,249,0,0
53711,251,0,0
53712,253,0,0
53713,254,0,0
53714,256,0,0
53715,258,0,0
53716,260,0,0
53717,262,0,0
53718,264,0,0
53719,266,0,0
53720,268,0,0
53721,269,0,0
53722,271,0,0
53723,273,0,0
53724,275,0,0
53725,277,0,0
53726,279,0,0
53727,281,0,0
53728,283,0,0
53729,284,0,0
53730,286,0,0
53731,288,0,0
53732,290,0,0
53733,292,0,0
53734,294,0,0
53735,296,0,0
53736,298,0,0
53737,299,0,0
53738,301,0,0
53739,303,0,0
53740,304,0,0
53741,306,0,0
53742,308,0,0
53743,309,0,0
53744,311,0,0
53745,312,0,0
53746,314,0,0
53747,315,0,0
53748,316,0,0
53749,318,0,0
53750,319,0,0
53751,320,0,0
53752,321,0,0
53753,323,0,0
53754,324,0,0
53755,325,0,0
53756,326,0,0
53757,327,0,0
53758,328,0,0
53759,329,0,0
53760,330,0,0
53761,331,0,0
53762,332,0,0
53763,333,0,0
53764,334,0,0
53765,335,0,0
53766,336,0,0
53767,337,0,0
53768,338,0,0
53769,339,0,0
53770,340,0,0
53771,341,0,0
53772,342,0,0
53773,343,0,0
53774,344,0,0
53775,345,0,0
53776,345,0,0
53777,346,0,0
53778,347,0,0
53779,348,0,0
53780,349,0,0
53781,350,0,0
53782,350,0,0
53783,351,0,0
53784,352,0,0
53785,352,0,0
53786,353,0,0
53787,353,0,0
53788,354,0,0
53789,354,0,0
53790,355,0,0
53791,355,0,0
53792,356,0,0
53793,356,0,0
53794,356,0,0
53795,356,0,0
53796,357,0,0
53797,357,0,0
53798,357,0,0
53799,357,0,0
53800,357,0,0
53801,357,0,0
53802,358,0,0
53803,358,0,0
53804,358,0,0
53805,358,0,0
53806,358,0,0
53807,358,0,0
53808,358,0,0
53809,358,0,0
53810,358,0,0
53811,358,0,0
53812,358,0,0
53813,358,0,0
53814,357,0,0
53815,358,0,0
53816,357,0,0
53817,357,0,0
53818,357,0,0
53819,357,0,0
53820,357,0,0
53821,357,0,0
53822,357,0,0
53823,357,0,0
53824,357,0,0
53825,356,0,0
53826,356,0,0
53827,356,0,0
53828,355,0,0
53829,355,0,0
53830,355,0,0
53831,355,0,0
53832,354,0,0
53833,354,0,0
53834,354,0,0
53835,353,0,0
53836,353,0,0
53837,352,0,0
53838,352,0,0
53839,351,0,0
53840,351,0,0
53841,350,0,0
53842,350,0,0
53843,349,0,0
53844,348,0,0
53845,347,0,0
53846,346,0,0
53847,346,0,0
53848,345,0,0
53849,344,0,0
53850,343,0,0
53851,342,0,0
53852,341,0,0
53853,340,0,0
53854,338,0,0
53855,338,0,0
53856,336,0,0
53857,335,0,0
53858,334,0,0
53859,333,0,0
53860,331,0,0
53861,330,0,0
53862,329,0,0
53863,328,0,0
53864,327,0,0
53865,325,0,0
53866,324,0,0
53867,323,0,0
53868,322,0,0
53869,321,0,0
53870,319,0,0
53871,318,0,0
53872,317,0,0
53873,316,0,0
53874,315,0,0
53875,314,0,0
53876,313,0,0
53877,312,0,0
53878,311,0,0
53879,310,0,0
53880,309,0,0
53881,308,0,0
53882,306,0,0
53883,305,0,0
53884,304,0,0
53885,303,0,0
53886,302,0,0
53887,301,0,0
53888,299,0,0
53889,298,0,0
53890,297,0,0
53891,295,0,0
53892,294,0,0
53893,292,0,0
53894,291,0,0
53895,289,0,0
53896,288,0,0
53897,286,0,0
53898,285,0,0
53899,283,0,0
53900,282,0,0
53901,280,0,0
53902,278,0,0
53903,276,0,0
53904,275,0,0
53905,273,0,0
53906,271,0,0
53907,269,0,0
53908,268,0,0
53909,266,0,0
53910,264,0,0
53911,262,0,0
53912,261,0,0
53913,259,0,0
53914,257,0,0
53915,255,0,0
53916,253,0,0
53917,252,0,0
53918,250,0,0
53919,248,0,0
53920,246,0,0
53921,245,0,0
53922,243,0,0
53923,241,0,0
53924,239,0,0
53925,237,0,0
53926,235,0,0
53927,233,0,0
53928,232,0,0
53929,230,0,0
53930,228,0,0
53931,226,0,0
53932,224,0,0
53933,222,0,0
53934,220,0,0
53935,218,0,0
53936,216,0,0
53937,214,0,0
53938,212,0,0
53939,210,0,0
53940,208,0,0
53941,206,0,0
53942,204,0,0
53943,202,0,0
53944,201,0,0
53945,199,0,0
53946,197,0,0
53947,195,0,0
53948,193,0,0
53949,191,0,0
53950,189,0,0
53951,188,0,0
53952,186,0,0
53953,184,0,0
53954,182,0,0
53955,180,0,0
53956,178,0,0
53957,176,0,0
53958,175,0,0
53959,173,0,0
53960,171,0,0
53961,169,0,0
53962,167,0,0
53963,165,0,0
53964,163,0,0
53965,161,0,0
53966,159,0,0
53967,157,0,0
53968,155,0,0
53969,153,0,0
53970,151,0,0
53971,148,0,0
53972,146,0,0
53973,144,0,0
53974,142,0,0
53975,140,0,0
53976,137,0,0
53977,135,0,0
53978,133,0,0
53979,131,0,0
53980,129,0,0
53981,127,0,0
53982,125,0,0
53983,122,0,0
53984,120,0,0
53985,118,0,0
53986,116,0,0
53987,114,0,0
53988,112,0,0
53989,110,0,0
53990,108,0,0
53991,106,0,0
53992,104,0,0
53993,102,0,0
53994,101,0,0
53995,98,0,0
53996,97,0,0
53997,95,0,0
53998,93,0,0
53999,91,0,0
54000,89,0,0
54001,87,0,0
54002,85,0,0
54003,84,0,0
54004,82,0,0
54005,80,0,0
54006,78,0,0
54007,76,0,0
54008,74,0,0
54009,72,0,0
54010,70,0,0
54011,68,0,0
54012,66,0,0
54013,64,0,0
54014,62,0,0
54015,60,0,0
54016,58,0,0
54017,56,0,0
54018,54,0,0
54019,52,0,0
54020,50,0,0
54021,48,0,0
54022,46,0,0
54023,44,0,0
54024,43,0,0
54025,41,0,0
54026,39,0,0
54027,37,0,0
54028,35,0,0
54029,34,0,0
54030,32,0,0
54031,30,0,0
54032,28,0,0
54033,27,0,0
54034,25,0,0
54035,24,0,0
54036,22,0,0
54037,21,0,0
54038,20,0,0
54039,18,0,0
54040,17,0,0
54041,15,0,0
54042,14,0,0
54043,13,0,0
54044,11,0,0
54045,10,0,0
54046,9,0,0
54047,8,0,0
54048,6,0,0
54049,5,0,0
54050,4,0,0
54051,2,0,0
54052,1,0,0
54053,-1,0,0
54054,-2,0,0
54055,-4,0,0
54056,-5,0,0
54057,-7,0,0
54058,-8,0,0
54059,-10,0,0
54060,-12,0,0
54061,-13,0,0
54062,-15,0,0
54063,-16,0,0
54064,-18,0,0
54065,-20,0,0
54066,-21,0,0
54067,-23,0,0
54068,-24,0,0
54069,-26,0,0
54070,-27,0,0
54071,-29,0,0
54072,-30,0,0
54073,-32,0,0
54074,-33,0,0
54075,-34,0,0
54076,-35,0,0
54077,-37,0,0
54078,-38,0,0
54079,-39,0,0
54080,-40,0,0
54081,-41,0,0
54082,-42,0,0
54083,-43,0,0
54084,-44,0,0
54085,-44,0,0
54086,-45,0,0
54087,-46,0,0
54088,-47,0,0
54089,-48,0,0
54090,-48,0,0
54091,-49,0,0
54092,-50,0,0
54093,-51,0,0
54094,-51,0,0
54095,-52,0,0
54096,-53,0,0
54097,-53,0,0
54098,-54,0,0
54099,-55,0,0
54100,-56,0,0
54101,-57,0,0
54102,-58,0,0
54103,-58,0,0
54104,-59,0,0
54105,-60,0,0
54106,-61,0,0
54107,-61,0,0
54108,-62,0,0
54109,-63,0,0
54110,-64,0,0
54111,-64,0,0
54112,-65,0,0
54113,-66,0,0
54114,-66,0,0
54115,-67,0,0
54116,-67,0,0
54117,-68,0,0
54118,-68,0,0
54119,-69,0,0
54120,-69,0,0
54121,-70,0,0
54122,-70,0,0
54123,-71,0,0
54124,-71,0,0
54125,-71,0,0
54126,-71,0,0
54127,-72,0,0
54128,-72,0,0
54129,-72,0,0
54130,-72,0,0
54131,-73,0,0
54132,-73,0,0
54133,-73,0,0
54134,-73,0,0
54135,-73,0,0
54136,-73,0,0
54137,-73,0,0
54138,-74,0,0
54139,-74,0,0
54140,-74,0,0
54141,-74,0,0
54142,-74,0,0
54143,-74,0,0
54144,-74,0,0
54145,-74,0,0
54146,-74,0,0
54147,-74,0,0
54148,-74,0,0
54149,-74,0,0
54150,-74,0,0
54151,-75,0,0
54152,-74,0,0
54153,-74,0,0
54154,-74,0,0
54155,-74,0,0
54156,-74,0,0
54157,-74,0,0
54158,-74,0,0
54159,-74,0,0
54160,-74,0,0
54161,-74,0,0
54162,-74,0,0
54163,-74,0,0
54164,-74,0,0
54165,-74,0,0
54166,-73,0,0
54167,-73,0,0
54168,-73,0,0
54169,-73,0,0
54170,-73,0,0
54171,-73,0,0
54172,-73,0,0
54173,-73,0,0
54174,-72,0,0
54175,-72,0,0
54176,-72,0,0
54177,-72,0,0
54178,-71,0,0
54179,-71,0,0
54180,-71,0,0
54181,-70,0,0
54182,-70,0,0
54183,-70,0,0
54184,-69,0,0
54185,-69,0,0
54186,-68,0,0
54187,-68,0,0
54188,-67,0,0
54189,-67,0,0
54190,-66,0,0
54191,-66,0,0
54192,-65,0,0
54193,-65,0,0
54194,-64,0,0
54195,-63,0,0
54196,-63,0,0
54197,-62,0,0
54198,-61,0,0
54199,-61,0,0
54200,-60,0,0
54201,-60,0,0
54202,-59,0,0
54203,-58,0,0
54204,-57,0,0
54205,-57,0,0
54206,-56,0,0
54207,-55,0,0
54208,-55,0,0
54209,-54,0,0
54210,-53,0,0
54211,-53,0,0
54212,-52,0,0
54213,-51,0,0
54214,-50,0,0
54215,-49,0,0
54216,-49,0,0
54217,-48,0,0
54218,-47,0,0
54219,-46,0,0
54220,-46,0,0
54221,-45,0,0
54222,-44,0,0
54223,-43,0,0
54224,-42,0,0
54225,-42,0,0
54226,-41,0,0
54227,-40,0,0
54228,-39,0,0
54229,-38,0,0
54230,-37,0,0
54231,-37,0,0
54232,-36,0,0
54233,-35,0,0
54234,-34,0,0
54235,-33,0,0
54236,-32,0,0
54237,-32,0,0
54238,-31,0,0
54239,-30,0,0
54240,-29,0,0
54241,-28,0,0
54242,-27,0,0
54243,-27,0,0
54244,-26,0,0
54245,-25,0,0
54246,-24,0,0
54247,-23,0,0
54248,-23,0,0
54249,-22,0,0
54250,-21,0,0
54251,-20,0,0
54252,-19,0,0
54253,-18,0,0
54254,-17,0,0
54255,-16,0,0
54256,-15,0,0
54257,-14,0,0
54258,-13,0,0
54259,-12,0,0
54260,-11,0,0
54261,-10,0,0
54262,-9,0,0
54263,-8,0,0
54264,-6,0,0
54265,-5,0,0
54266,-4,0,0
54267,-3,0,0
54268,-2,0,0
54269,-1,0,0
54270,0,0,0
54271,1,0,0
54272,3,0,0
54273,4,0,0
54274,5,0,0
54275,6,0,0
54276,7,0,0
54277,8,0,0
54278,9,0,0
54279,10,0,0
54280,11,0,0
54281,12,0,0
54282,13,0,0
54283,14,0,0
54284,15,0,0
54285,16,0,0
54286,17,0,0
54287,18,0,0
54288,19,0,0
54289,20,0,0
54290,21,0,0
54291,22,0,0
54292,22,0,0
54293,24,0,0
54294,24,0,0
54295,25,0,0
54296,26,0,0
54297,27,0,0
54298,28,0,0
54299,29,0,0
54300,29,0,0
54301,30,0,0
54302,31,0,0
54303,32,0,0
54304,33,0,0
54305,34,0,0
54306,35,0,0
54307,36,0,0
54308,37,0,0
54309,37,0,0
54310,38,0,0
54311,39,0,0
54312,40,0,0
54313,41,0,0
54314,42,0,0
54315,43,0,0
54316,44,0,0
54317,44,0,0
54318,45,0,0
54319,46,0,0
54320,47,0,0
54321,48,0,0
54322,49,0,0
54323,49,0,0
54324,50,0,0
54325,51,0,0
54326,52,0,0
54327,52,0,0
54328,53,0,0
54329,54,0,0
54330,55,0,0
54331,55,0,0
54332,56,0,0
54333,56,0,0
54334,57,0,0
54335,57,0,0
54336,58,0,0
54337,59,0,0
54338,59,0,0
54339,60,0,0
54340,60,0,0
54341,61,0,0
54342,61,0,0
54343,62,0,0
54344,62,0,0
54345,62,0,0
54346,63,0,0
54347,63,0,0
54348,64,0,0
54349,64,0,0
54350,65,0,0
54351,65,0,0
54352,66,0,0
54353,66,0,0
54354,66,0,0
54355,67,0,0
54356,67,0,0
54357,68,0,0
54358,68,0,0
54359,68,0,0
54360,69,0,0
54361,69,0,0
54362,69,0,0
54363,70,0,0
54364,70,0,0
54365,70,0,0
54366,71,0,0
54367,71,0,0
54368,71,0,0
54369,72,0,0
54370,72,0,0
54371,72,0,0
54372,72,0,0
54373,72,0,0
54374,73,0,0
54375,73,0,0
54376,73,0,0
54377,73,0,0
54378,73,0,0
54379,73,0,0
54380,73,0,0
54381,73,0,0
54382,74,0,0
54383,74,0,0
54384,74,0,0
54385,74,0,0
54386,74,0,0
54387,74,0,0
54388,74,0,0
54389,74,0,0
54390,74,0,0
54391,74,0,0
54392,74,0,0
54393,74,0,0
54394,73,0,0
54395,74,0,0
54396,74,0,0
54397,73,0,0
54398,73,0,0
54399,73,0,0
54400,73,0,0
54401,73,0,0
54402,73,0,0
54403,73,0,0
54404,73,0,0
54405,72,0,0
54406,72,0,0
54407,72,0,0
54408,72,0,0
54409,72,0,0
54410,71,0,0
54411,71,0,0
54412,71,0,0
54413,70,0,0
54414,70,0,0
54415,70,0,0
54416,69,0,0
54417,69,0,0
54418,68,0,0
54419,68,0,0
54420,68,0,0
54421,67,0,0
54422,67,0,0
54423,66,0,0
54424,65,0,0
54425,65,0,0
54426,64,0,0
54427,63,0,0
54428,63,0,0
54429,62,0,0
54430,61,0,0
54431,61,0,0
54432,60,0,0
54433,59,0,0
54434,58,0,0
54435,58,0,0
54436,57,0,0
54437,56,0,0
54438,55,0,0
54439,54,0,0
54440,53,0,0
54441,53,0,0
54442,52,0,0
54443,51,0,0
54444,50,0,0
54445,49,0,0
54446,48,0,0
54447,47,0,0
54448,47,0,0
54449,45,0,0
54450,45,0,0
54451,44,0,0
54452,43,0,0
54453,42,0,0
54454,41,0,0
54455,40,0,0
54456,39,0,0
54457,38,0,0
54458,37,0,0
54459,36,0,0
54460,35,0,0
54461,34,0,0
54462,33,0,0
54463,32,0,0
54464,30,0,0
54465,29,0,0
54466,28,0,0
54467,27,0,0
54468,26,0,0
54469,25,0,0
54470,23,0,0
54471,22,0,0
54472,21,0,0
54473,19,0,0
54474,18,0,0
54475,17,0,0
54476,15,0,0
54477,14,0,0
54478,13,0,0
54479,11,0,0
54480,10,0,0
54481,8,0,0
54482,7,0,0
54483,5,0,0
54484,4,0,0
54485,2,0,0
54486,1,0,0
54487,-1,0,0
54488,-2,0,0
54489,-4,0,0
54490,-5,0,0
54491,-7,0,0
54492,-8,0,0
54493,-10,0,0
54494,-11,0,0
54495,-13,0,0
54496,-14,0,0
54497,-16,0,0
54498,-17,0,0
54499,-19,0,0
54500,-20,0,0
54501,-22,0,0
54502,-23,0,0
54503,-25,0,0
54504,-26,0,0
54505,-28,0,0
54506,-29,0,0
54507,-31,0,0
54508,-33,0,0
54509,-34,0,0
54510,-36,0,0
54511,-37,0,0
54512,-39,0,0
54513,-41,0,0
54514,-43,0,0
54515,-44,0,0
54516,-46,0,0
54517,-48,0,0
54518,-50,0,0
54519,-52,0,0
54520,-54,0,0
54521,-56,0,0
54522,-58,0,0
54523,-60,0,0
54524,-62,0,0
54525,-64,0,0
54526,-66,0,0
54527,-69,0,0
54528,-71,0,0
54529,-73,0,0
54530,-75,0,0
54531,-77,0,0
54532,-79,0,0
54533,-81,0,0
54534,-83,0,0
54535,-85,0,0
54536,-87,0,0
54537,-89,0,0
54538,-91,0,0
54539,-93,0,0
54540,-95,0,0
54541,-97,0,0
54542,-99,0,0
54543,-101,0,0
54544,-103,0,0
54545,-105,0,0
54546,-107,0,0
54547,-109,0,0
54548,-111,0,0
54549,-112,0,0
54550,-114,0,0
54551,-116,0,0
54552,-118,0,0
54553,-120,0,0
54554,-122,0,0
54555,-124,0,0
54556,-125,0,0
54557,-127,0,0
54558,-129,0,0
54559,-131,0,0
54560,-133,0,0
54561,-135,0,0
54562,-137,0,0
54563,-139,0,0
54564,-141,0,0
54565,-143,0,0
54566,-145,0,0
54567,-147,0,0
54568,-149,0,0
54569,-151,0,0
54570,-154,0,0
54571,-155,0,0
54572,-158,0,0
54573,-160,0,0
54574,-162,0,0
54575,-163,0,0
54576,-165,0,0
54577,-167,0,0
54578,-170,0,0
54579,-171,0,0
54580,-173,0,0
54581,-175,0,0
54582,-177,0,0
54583,-179,0,0
54584,-181,0,0
54585,-183,0,0
54586,-185,0,0
54587,-187,0,0
54588,-188,0,0
54589,-190,0,0
54590,-192,0,0
54591,-194,0,0
54592,-196,0,0
54593,-198,0,0
54594,-200,0,0
54595,-202,0,0
54596,-204,0,0
54597,-206,0,0
54598,-208,0,0
54599,-210,0,0
54600,-212,0,0
54601,-214,0,0
54602,-216,0,0
54603,-218,0,0
54604,-220,0,0
54605,-222,0,0
54606,-224,0,0
54607,-226,0,0
54608,-228,0,0
54609,-230,0,0
54610,-232,0,0
54611,-234,0,0
54612,-236,0,0
54613,-238,0,0
54614,-240,0,0
54615,-242,0,0
54616,-244,0,0
54617,-246,0,0
54618,-248,0,0
54619,-250,0,0
54620,-252,0,0
54621,-253,0,0
54622,-255,0,0
54623,-257,0,0
54624,-259,0,0
54625,-261,0,0
54626,-262,0,0
54627,-264,0,0
54628,-266,0,0
54629,-267,0,0
54630,-269,0,0
54631,-270,0,0
54632,-272,0,0
54633,-274,0,0
54634,-275,0,0
54635,-277,0,0
54636,-278,0,0
54637,-280,0,0
54638,-281,0,0
54639,-283,0,0
54640,-284,0,0
54641,-286,0,0
54642,-287,0,0
54643,-289,0,0
54644,-290,0,0
54645,-292,0,0
54646,-293,0,0
54647,-294,0,0
54648,-296,0,0
54649,-297,0,0
54650,-299,0,0
54651,-300,0,0
54652,-302,0,0
54653,-303,0,0
54654,-304,0,0
54655,-306,0,0
54656,-307,0,0
54657,-309,0,0
54658,-310,0,0
54659,-311,0,0
54660,-313,0,0
54661,-314,0,0
54662,-316,0,0
54663,-317,0,0
54664,-318,0,0
54665,-319,0,0
54666,-321,0,0
54667,-322,0,0
54668,-323,0,0
54669,-324,0,0
54670,-325,0,0
54671,-326,0,0
54672,-328,0,0
54673,-329,0,0
54674,-330,0,0
54675,-331,0,0
54676,-332,0,0
54677,-333,0,0
54678,-334,0,0
54679,-335,0,0
54680,-336,0,0
54681,-337,0,0
54682,-338,0,0
54683,-338,0,0
54684,-339,0,0
54685,-340,0,0
54686,-341,0,0
54687,-341,0,0
54688,-342,0,0
54689,-343,0,0
54690,-344,0,0
54691,-344,0,0
54692,-345,0,0
54693,-346,0,0
54694,-346,0,0
54695,-347,0,0
54696,-348,0,0
54697,-349,0,0
54698,-349,0,0
54699,-350,0,0
54700,-351,0,0
54701,-351,0,0
54702,-352,0,0
54703,-353,0,0
54704,-353,0,0
54705,-354,0,0
54706,-355,0,0
54707,-355,0,0
54708,-356,0,0
54709,-356,0,0
54710,-357,0,0
54711,-358,0,0
54712,-358,0,0
54713,-359,0,0
54714,-359,0,0
54715,-359,0,0
54716,-360,0,0
54717,-360,0,0
54718,-360,0,0
54719,-361,0,0
54720,-361,0,0
54721,-361,0,0
54722,-361,0,0
54723,-361,0,0
54724,-361,0,0
54725,-361,0,0
54726,-361,0,0
54727,-361,0,0
54728,-360,0,0
54729,-361,0,0
54730,-360,0,0
54731,-360,0,0
54732,-360,0,0
54733,-360,0,0
54734,-359,0,0
54735,-359,0,0
54736,-359,0,0
54737,-358,0,0
54738,-358,0,0
54739,-357,0,0
54740,-357,0,0
54741,-357,0,0
54742,-356,0,0
54743,-356,0,0
54744,-356,0,0
54745,-355,0,0
54746,-355,0,0
54747,-354,0,0
54748,-354,0,0
54749,-354,0,0
54750,-353,0,0
54751,-353,0,0
54752,-352,0,0
54753,-352,0,0
54754,-352,0,0
54755,-351,0,0
54756,-351,0,0
54757,-350,0,0
54758,-350,0,0
54759,-349,0,0
54760,-349,0,0
54761,-348,0,0
54762,-347,0,0
54763,-346,0,0
54764,-346,0,0
54765,-345,0,0
54766,-344,0,0
54767,-343,0,0
54768,-342,0,0
54769,-341,0,0
54770,-340,0,0
54771,-339,0,0
54772,-338,0,0
54773,-337,0,0
54774,-336,0,0
54775,-335,0,0
54776,-334,0,0
54777,-333,0,0
54778,-331,0,0
54779,-330,0,0
54780,-329,0,0
54781,-328,0,0
54782,-326,0,0
54783,-325,0,0
54784,-324,0,0
54785,-323,0,0
54786,-321,0,0
54787,-320,0,0
54788,-319,0,0
54789,-317,0,0
54790,-316,0,0
54791,-314,0,0
54792,-313,0,0
54793,-312,0,0
54794,-310,0,0
54795,-309,0,0
54796,-307,0,0
54797,-306,0,0
54798,-305,0,0
54799,-303,0,0
54800,-301,0,0
54801,-300,0,0
54802,-299,0,0
54803,-297,0,0
54804,-295,0,0
54805,-294,0,0
54806,-292,0,0
54807,-290,0,0
54808,-288,0,0
54809,-287,0,0
54810,-285,0,0
54811,-283,0,0
54812,-282,0,0
54813,-280,0,0
54814,-278,0,0
54815,-276,0,0
54816,-274,0,0
54817,-272,0,0
54818,-270,0,0
54819,-269,0,0
54820,-267,0,0
54821,-265,0,0
54822,-262,0,0
54823,-261,0,0
54824,-259,0,0
54825,-256,0,0
54826,-254,0,0
54827,-252,0,0
54828,-250,0,0
54829,-248,0,0
54830,-246,0,0
54831,-243,0,0
54832,-241,0,0
54833,-239,0,0
54834,-237,0,0
54835,-235,0,0
54836,-232,0,0
54837,-230,0,0
54838,-228,0,0
54839,-225,0,0
54840,-223,0,0
54841,-220,0,0
54842,-218,0,0
54843,-216,0,0
54844,-213,0,0
54845,-211,0,0
54846,-209,0,0
54847,-206,0,0
54848,-204,0,0
54849,-201,0,0
54850,-199,0,0
54851,-197,0,0
54852,-194,0,0
54853,-191,0,0
54854,-189,0,0
54855,-186,0,0
54856,-184,0,0
54857,-181,0,0
54858,-179,0,0
54859,-176,0,0
54860,-174,0,0
54861,-171,0,0
54862,-169,0,0
54863,-166,0,0
54864,-164,0,0
54865,-161,0,0
54866,-158,0,0
54867,-156,0,0
54868,-153,0,0
54869,-151,0,0
54870,-148,0,0
54871,-145,0,0
54872,-143,0,0
54873,-140,0,0
54874,-137,0,0
54875,-135,0,0
54876,-132,0,0
54877,-129,0,0
54878,-127,0,0
54879,-124,0,0
54880,-121,0,0
54881,-119,0,0
54882,-116,0,0
54883,-113,0,0
54884,-111,0,0
54885,-108,0,0
54886,-105,0,0
54887,-102,0,0
54888,-100,0,0
54889,-97,0,0
54890,-94,0,0
54891,-91,0,0
54892,-89,0,0
54893,-86,0,0
54894,-83,0,0
54895,-80,0,0
54896,-77,0,0
54897,-74,0,0
54898,-71,0,0
54899,-68,0,0
54900,-65,0,0
54901,-63,0,0
54902,-60,0,0
54903,-57,0,0
54904,-54,0,0
54905,-51,0,0
54906,-48,0,0
54907,-45,0,0
54908,-42,0,0
54909,-39,0,0
54910,-36,0,0
54911,-33,0,0
54912,-30,0,0
54913,-27,0,0
54914,-24,0,0
54915,-21,0,0
54916,-18,0,0
54917,-15,0,0
54918,-12,0,0
54919,-9,0,0
54920,-7,0,0
54921,-4,0,0
54922,-1,0,0
54923,2,0,0
54924,5,0,0
54925,7,0,0
54926,10,0,0
54927,13,0,0
54928,16,0,0
54929,18,0,0
54930,21,0,0
54931,24,0,0
54932,27,0,0
54933,30,0,0
54934,32,0,0
54935,35,0,0
54936,38,0,0
54937,41,0,0
54938,44,0,0
54939,47,0,0
54940,50,0,0
54941,53,0,0
54942,56,0,0
54943,59,0,0
54944,61,0,0
54945,65,0,0
54946,68,0,0
54947,71,0,0
54948,74,0,0
54949,77,0,0
54950,80,0,0
54951,83,0,0
54952,86,0,0
54953,89,0,0
54954,92,0,0
54955,95,0,0
54956,98,0,0
54957,101,0,0
54958,104,0,0
54959,107,0,0
54960,110,0,0
54961,112,0,0
54962,115,0,0
54963,118,0,0
54964,121,0,0
54965,124,0,0
54966,126,0,0
54967,129,0,0
54968,132,0,0
54969,134,0,0
54970,137,0,0
54971,139,0,0
54972,142,0,0
54973,145,0,0
54974,147,0,0
54975,150,0,0
54976,152,0,0
54977,154,0,0
54978,157,0,0
54979,160,0,0
54980,162,0,0
54981,165,0,0
54982,167,0,0
54983,170,0,0
54984,172,0,0
54985,175,0,0
54986,178,0,0
54987,180,0,0
54988,183,0,0
54989,186,0,0
54990,188,0,0
54991,191,0,0
54992,193,0,0
54993,196,0,0
54994,198,0,0
54995,201,0,0
54996,204,0,0
54997,206,0,0
54998,209,0,0
54999,211,0,0
55000,214,0,0
55001,216,0,0
55002,219,0,0
55003,221,0,0
55004,223,0,0
55005,226,0,0
55006,228,0,0
55007,230,0,0
55008,232,0,0
55009,235,0,0
55010,237,0,0
55011,239,0,0
55012,241,0,0
55013,243,0,0
55014,245,0,0
55015,247,0,0
55016,249,0,0
55017,251,0,0
55018,253,0,0
55019,255,0,0
55020,257,0,0
55021,259,0,0
55022,261,0,0
55023,263,0,0
55024,265,0,0
55025,267,0,0
55026,269,0,0
55027,271,0,0
55028,273,0,0
55029,275,0,0
55030,276,0,0
55031,278,0,0
55032,280,0,0
55033,282,0,0
55034,284,0,0
55035,286,0,0
55036,288,0,0
55037,289,0,0
55038,291,0,0
55039,293,0,0
55040,294,0,0
55041,296,0,0
55042,298,0,0
55043,300,0,0
55044,301,0,0
55045,303,0,0
55046,304,0,0
55047,306,0,0
55048,308,0,0
55049,309,0,0
55050,311,0,0
55051,312,0,0
55052,313,0,0
55053,315,0,0
55054,316,0,0
55055,318,0,0
55056,319,0,0
55057,320,0,0
55058,322,0,0
55059,323,0,0
55060,324,0,0
55061,326,0,0
55062,327,0,0
55063,328,0,0
55064,329,0,0
55065,331,0,0
55066,332,0,0
55067,333,0,0
55068,334,0,0
55069,335,0,0
55070,336,0,0
55071,337,0,0
55072,338,0,0
55073,339,0,0
55074,340,0,0
55075,341,0,0
55076,342,0,0
55077,343,0,0
55078,343,0,0
55079,344,0,0
55080,345,0,0
55081,345,0,0
55082,346,0,0
55083,347,0,0
55084,347,0,0
55085,348,0,0
55086,348,0,0
55087,349,0,0
55088,350,0,0
55089,350,0,0
55090,351,0,0
55091,351,0,0
55092,352,0,0
55093,352,0,0
55094,352,0,0
55095,353,0,0
55096,353,0,0
55097,354,0,0
55098,354,0,0
55099,355,0,0
55100,355,0,0
55101,355,0,0
55102,356,0,0
55103,356,0,0
55104,357,0,0
55105,357,0,0
55106,357,0,0
55107,358,0,0
55108,358,0,0
55109,358,0,0
55110,359,0,0
55111,359,0,0
55112,359,0,0
55113,359,0,0
55114,360,0,0
55115,360,0,0
55116,360,0,0
55117,360,0,0
55118,360,0,0
55119,360,0,0
55120,361,0,0
55121,361,0,0
55122,361,0,0
55123,361,0,0
55124,360,0,0
55125,360,0,0
55126,360,0,0
55127,360,0,0
55128,360,0,0
55129,359,0,0
55130,359,0,0
55131,359,0,0
55132,358,0,0
55133,358,0,0
55134,358,0,0
55135,357,0,0
55136,357,0,0
55137,356,0,0
55138,356,0,0
55139,355,0,0
55140,354,0,0
55141,354,0,0
55142,353,0,0
55143,352,0,0
55144,352,0,0
55145,351,0,0
55146,350,0,0
55147,349,0,0
55148,349,0,0
55149,348,0,0
55150,347,0,0
55151,346,0,0
55152,345,0,0
55153,344,0,0
55154,344,0,0
55155,342,0,0
55156,342,0,0
55157,341,0,0
55158,340,0,0
55159,339,0,0
55160,338,0,0
55161,337,0,0
55162,336,0,0
55163,335,0,0
55164,334,0,0
55165,333,0,0
55166,332,0,0
55167,331,0,0
55168,330,0,0
55169,329,0,0
55170,328,0,0
55171,327,0,0
55172,326,0,0
55173,325,0,0
55174,324,0,0
55175,322,0,0
55176,322,0,0
55177,320,0,0
55178,319,0,0
55179,318,0,0
55180,317,0,0
55181,316,0,0
55182,315,0,0
55183,313,0,0
55184,312,0,0
55185,311,0,0
55186,310,0,0
55187,308,0,0
55188,307,0,0
55189,306,0,0
55190,304,0,0
55191,303,0,0
55192,302,0,0
55193,300,0,0
55194,299,0,0
55195,297,0,0
55196,296,0,0
55197,294,0,0
55198,293,0,0
55199,291,0,0
55200,289,0,0
55201,288,0,0
55202,286,0,0
55203,285,0,0
55204,283,0,0
55205,281,0,0
55206,279,0,0
55207,278,0,0
55208,276,0,0
55209,274,0,0
55210,272,0,0
55211,271,0,0
55212,269,0,0
55213,267,0,0
55214,265,0,0
55215,264,0,0
55216,262,0,0
55217,260,0,0
55218,258,0,0
55219,257,0,0
55220,255,0,0
55221,253,0,0
55222,252,0,0
55223,250,0,0
55224,249,0,0
55225,247,0,0
55226,245,0,0
55227,244,0,0
55228,242,0,0
55229,241,0,0
55230,239,0,0
55231,237,0,0
55232,236,0,0
55233,234,0,0
55234,233,0,0
55235,231,0,0
55236,229,0,0
55237,228,0,0
55238,226,0,0
55239,224,0,0
55240,222,0,0
55241,220,0,0
55242,219,0,0
55243,216,0,0
55244,215,0,0
55245,213,0,0
55246,211,0,0
55247,209,0,0
55248,207,0,0
55249,205,0,0
55250,203,0,0
55251,200,0,0
55252,198,0,0
55253,196,0,0
55254,194,0,0
55255,192,0,0
55256,190,0,0
55257,187,0,0
55258,185,0,0
55259,183,0,0
55260,181,0,0
55261,179,0,0
55262,177,0,0
55263,175,0,0
55264,173,0,0
55265,171,0,0
55266,169,0,0
55267,167,0,0
55268,165,0,0
55269,163,0,0
55270,161,0,0
55271,160,0,0
55272,158,0,0
55273,156,0,0
55274,154,0,0
55275,152,0,0
55276,150,0,0
55277,148,0,0
55278,147,0,0
55279,145,0,0
55280,143,0,0
55281,141,0,0
55282,139,0,0
55283,137,0,0
55284,135,0,0
55285,133,0,0
55286,131,0,0
55287,129,0,0
55288,127,0,0
55289,125,0,0
55290,123,0,0
55291,121,0,0
55292,119,0,0
55293,117,0,0
55294,114,0,0
55295,112,0,0
55296,110,0,0
55297,108,0,0
55298,106,0,0
55299,104,0,0
55300,102,0,0
55301,100,0,0
55302,98,0,0
55303,96,0,0
55304,94,0,0
55305,92,0,0
55306,90,0,0
55307,88,0,0
55308,86,0,0
55309,84,0,0
55310,82,0,0
55311,80,0,0
55312,78,0,0
55313,76,0,0
55314,74,0,0
55315,72,0,0
55316,71,0,0
55317,69,0,0
55318,67,0,0
55319,65,0,0
55320,63,0,0
55321,61,0,0
55322,60,0,0
55323,58,0,0
55324,56,0,0
55325,54,0,0
55326,53,0,0
55327,51,0,0
55328,49,0,0
55329,47,0,0
55330,46,0,0
55331,44,0,0
55332,42,0,0
55333,41,0,0
55334,39,0,0
55335,37,0,0
55336,36,0,0
55337,34,0,0
55338,32,0,0
55339,31,0,0
55340,29,0,0
55341,27,0,0
55342,26,0,0
55343,24,0,0
55344,23,0,0
55345,21,0,0
55346,19,0,0
55347,18,0,0
55348,17,0,0
55349,15,0,0
55350,13,0,0
55351,12,0,0
55352,11,0,0
55353,9,0,0
55354,7,0,0
55355,6,0,0
55356,4,0,0
55357,3,0,0
55358,1,0,0
55359,0,0,0
55360,-1,0,0
55361,-3,0,0
55362,-4,0,0
55363,-6,0,0
55364,-7,0,0
55365,-9,0,0
55366,-10,0,0
55367,-12,0,0
55368,-13,0,0
55369,-14,0,0
55370,-16,0,0
55371,-17,0,0
55372,-19,0,0
55373,-20,0,0
55374,-21,0,0
55375,-23,0,0
55376,-24,0,0
55377,-25,0,0
55378,-27,0,0
55379,-28,0,0
55380,-29,0,0
55381,-31,0,0
55382,-32,0,0
55383,-33,0,0
55384,-34,0,0
55385,-36,0,0
55386,-37,0,0
55387,-38,0,0
55388,-39,0,0
55389,-40,0,0
55390,-41,0,0
55391,-43,0,0
55392,-44,0,0
55393,-45,0,0
55394,-46,0,0
55395,-47,0,0
55396,-48,0,0
55397,-49,0,0
55398,-50,0,0
55399,-51,0,0
55400,-52,0,0
55401,-53,0,0
55402,-54,0,0
55403,-55,0,0
55404,-56,0,0
55405,-57,0,0
55406,-57,0,0
55407,-58,0,0
55408,-59,0,0
55409,-60,0,0
55410,-60,0,0
55411,-61,0,0
55412,-62,0,0
55413,-62,0,0
55414,-63,0,0
55415,-63,0,0
55416,-64,0,0
55417,-64,0,0
55418,-65,0,0
55419,-65,0,0
55420,-66,0,0
55421,-66,0,0
55422,-67,0,0
55423,-67,0,0
55424,-68,0,0
55425,-68,0,0
55426,-69,0,0
55427,-69,0,0
55428,-69,0,0
55429,-70,0,0
55430,-70,0,0
55431,-71,0,0
55432,-71,0,0
55433,-72,0,0
55434,-72,0,0
55435,-72,0,0
55436,-73,0,0
55437,-73,0,0
55438,-73,0,0
55439,-73,0,0
55440,-74,0,0
55441,-74,0,0
55442,-74,0,0
55443,-74,0,0
55444,-74,0,0
55445,-74,0,0
55446,-75,0,0
55447,-75,0,0
55448,-75,0,0
55449,-75,0,0
55450,-75,0,0
55451,-75,0,0
55452,-75,0,0
55453,-75,0,0
55454,-74,0,0
55455,-74,0,0
55456,-74,0,0
55457,-74,0,0
55458,-74,0,0
55459,-74,0,0
55460,-74,0,0
55461,-74,0,0
55462,-74,0,0
55463,-74,0,0
55464,-74,0,0
55465,-73,0,0
55466,-73,0,0
55467,-73,0,0
55468,-73,0,0
55469,-73,0,0
55470,-73,0,0
55471,-73,0,0
55472,-73,0,0
55473,-73,0,0
55474,-73,0,0
55475,-73,0,0
55476,-73,0,0
55477,-72,0,0
55478,-73,0,0
55479,-72,0,0
55480,-72,0,0
55481,-72,0,0
55482,-72,0,0
55483,-71,0,0
55484,-71,0,0
55485,-71,0,0
55486,-70,0,0
55487,-70,0,0
55488,-70,0,0
55489,-69,0,0
55490,-69,0,0
55491,-68,0,0
55492,-68,0,0
55493,-67,0,0
55494,-67,0,0
55495,-66,0,0
55496,-66,0,0
55497,-65,0,0
55498,-64,0,0
55499,-64,0,0
55500,-63,0,0
55501,-63,0,0
55502,-62,0,0
55503,-61,0,0
55504,-61,0,0
55505,-60,0,0
55506,-60,0,0
55507,-59,0,0
55508,-58,0,0
55509,-58,0,0
55510,-57,0,0
55511,-56,0,0
55512,-56,0,0
55513,-55,0,0
55514,-55,0,0
55515,-54,0,0
55516,-53,0,0
55517,-53,0,0
55518,-52,0,0
55519,-51,0,0
55520,-50,0,0
55521,-50,0,0
55522,-49,0,0
55523,-48,0,0
55524,-47,0,0
55525,-47,0,0
55526,-46,0,0
55527,-45,0,0
55528,-44,0,0
55529,-43,0,0
55530,-42,0,0
55531,-42,0,0
55532,-41,0,0
55533,-40,0,0
55534,-39,0,0
55535,-38,0,0
55536,-37,0,0
55537,-36,0,0
55538,-35,0,0
55539,-34,0,0
55540,-33,0,0
55541,-32,0,0
55542,-31,0,0
55543,-30,0,0
55544,-30,0,0
55545,-29,0,0
55546,-28,0,0
55547,-27,0,0
55548,-26,0,0
55549,-25,0,0
55550,-24,0,0
55551,-23,0,0
55552,-22,0,0
55553,-21,0,0
55554,-20,0,0
55555,-19,0,0
55556,-18,0,0
55557,-17,0,0
55558,-16,0,0
55559,-15,0,0
55560,-14,0,0
55561,-13,0,0
55562,-12,0,0
55563,-11,0,0
55564,-10,0,0
55565,-9,0,0
55566,-8,0,0
55567,-7,0,0
55568,-6,0,0
55569,-5,0,0
55570,-4,0,0
55571,-3,0,0
55572,-2,0,0
55573,-1,0,0
55574,-1,0,0
55575,0,0,0
55576,1,0,0
55577,2,0,0
55578,3,0,0
55579,4,0,0
55580,5,0,0
55581,6,0,0
55582,7,0,0
55583,8,0,0
55584,9,0,0
55585,10,0,0
55586,11,0,0
55587,12,0,0
55588,13,0,0
55589,13,0,0
55590,14,0,0
55591,15,0,0
55592,16,0,0
55593,17,0,0
55594,18,0,0
55595,19,0,0
55596,20,0,0
55597,21,0,0
55598,22,0,0
55599,23,0,0
55600,24,0,0
55601,25,0,0
55602,26,0,0
55603,27,0,0
55604,27,0,0
55605,28,0,0
55606,29,0,0
55607,30,0,0
55608,30,0,0
55609,31,0,0
55610,32,0,0
55611,33,0,0
55612,33,0,0
55613,34,0,0
55614,35,0,0
55615,36,0,0
55616,36,0,0
55617,37,0,0
55618,38,0,0
55619,38,0,0
55620,39,0,0
55621,40,0,0
55622,41,0,0
55623,42,0,0
55624,42,0,0
55625,43,0,0
55626,44,0,0
55627,45,0,0
55628,46,0,0
55629,47,0,0
55630,48,0,0
55631,49,0,0
55632,49,0,0
55633,50,0,0
55634,51,0,0
55635,52,0,0
55636,53,0,0
55637,54,0,0
55638,55,0,0
55639,55,0,0
55640,56,0,0
55641,57,0,0
55642,58,0,0
55643,58,0,0
55644,59,0,0
55645,60,0,0
55646,60,0,0
55647,61,0,0
55648,61,0,0
55649,62,0,0
55650,62,0,0
55651,63,0,0
55652,63,0,0
55653,64,0,0
55654,64,0,0
55655,64,0,0
55656,65,0,0
55657,65,0,0
55658,66,0,0
55659,66,0,0
55660,67,0,0
55661,67,0,0
55662,67,0,0
55663,68,0,0
55664,68,0,0
55665,68,0,0
55666,69,0,0
55667,69,0,0
55668,70,0,0
55669,70,0,0
55670,71,0,0
55671,71,0,0
55672,72,0,0
55673,72,0,0
55674,73,0,0
55675,73,0,0
55676,73,0,0
55677,74,0,0
55678,74,0,0
55679,74,0,0
55680,74,0,0
55681,75,0,0
55682,75,0,0
55683,75,0,0
55684,75,0,0
55685,75,0,0
55686,76,0,0
55687,76,0,0
55688,76,0,0
55689,76,0,0
55690,76,0,0
55691,76,0,0
55692,76,0,0
55693,76,0,0
55694,76,0,0
55695,76,0,0
55696,76,0,0
55697,75,0,0
55698,75,0,0
55699,75,0,0
55700,75,0,0
55701,75,0,0
55702,75,0,0
55703,75,0,0
55704,75,0,0
55705,75,0,0
55706,74,0,0
55707,74,0,0
55708,74,0,0
55709,74,0,0
55710,73,0,0
55711,73,0,0
55712,73,0,0
55713,73,0,0
55714,72,0,0
55715,72,0,0
55716,72,0,0
55717,71,0,0
55718,71,0,0
55719,70,0,0
55720,70,0,0
55721,69,0,0
55722,69,0,0
55723,68,0,0
55724,68,0,0
55725,67,0,0
55726,66,0,0
55727,66,0,0
55728,65,0,0
55729,65,0,0
55730,64,0,0
55731,63,0,0
55732,63,0,0
55733,62,0,0
55734,61,0,0
55735,61,0,0
55736,60,0,0
55737,59,0,0
55738,58,0,0
55739,58,0,0
55740,57,0,0
55741,57,0,0
55742,56,0,0
55743,55,0,0
55744,54,0,0
55745,54,0,0
55746,53,0,0
55747,53,0,0
55748,52,0,0
55749,51,0,0
55750,51,0,0
55751,50,0,0
55752,49,0,0
55753,48,0,0
55754,47,0,0
55755,47,0,0
55756,46,0,0
55757,45,0,0
55758,44,0,0
55759,43,0,0
55760,42,0,0
55761,41,0,0
55762,40,0,0
55763,39,0,0
55764,37,0,0
55765,36,0,0
55766,35,0,0
55767,33,0,0
55768,32,0,0
55769,31,0,0
55770,30,0,0
55771,28,0,0
55772,27,0,0
55773,25,0,0
55774,24,0,0
55775,23,0,0
55776,21,0,0
55777,20,0,0
55778,19,0,0
55779,17,0,0
55780,16,0,0
55781,14,0,0
55782,13,0,0
55783,12,0,0
55784,10,0,0
55785,9,0,0
55786,8,0,0
55787,7,0,0
55788,5,0,0
55789,4,0,0
55790,3,0,0
55791,1,0,0
55792,0,0,0
55793,-1,0,0
55794,-3,0,0
55795,-4,0,0
55796,-6,0,0
55797,-7,0,0
55798,-8,0,0
55799,-10,0,0
55800,-11,0,0
55801,-13,0,0
55802,-14,0,0
55803,-16,0,0
55804,-17,0,0
55805,-19,0,0
55806,-21,0,0
55807,-22,0,0
55808,-24,0,0
55809,-26,0,0
55810,-28,0,0
55811,-29,0,0
55812,-31,0,0
55813,-33,0,0
55814,-34,0,0
55815,-36,0,0
55816,-38,0,0
55817,-40,0,0
55818,-42,0,0
55819,-44,0,0
55820,-45,0,0
55821,-47,0,0
55822,-49,0,0
55823,-51,0,0
55824,-52,0,0
55825,-54,0,0
55826,-56,0,0
55827,-58,0,0
55828,-60,0,0
55829,-61,0,0
55830,-63,0,0
55831,-65,0,0
55832,-67,0,0
55833,-69,0,0
55834,-70,0,0
55835,-72,0,0
55836,-74,0,0
55837,-76,0,0
55838,-78,0,0
55839,-80,0,0
55840,-81,0,0
55841,-83,0,0
55842,-85,0,0
55843,-87,0,0
55844,-89,0,0
55845,-91,0,0
55846,-93,0,0
55847,-95,0,0
55848,-96,0,0
55849,-98,0,0
55850,-100,0,0
55851,-102,0,0
55852,-105,0,0
55853,-106,0,0
55854,-108,0,0
55855,-110,0,0
55856,-112,0,0
55857,-114,0,0
55858,-116,0,0
55859,-118,0,0
55860,-120,0,0
55861,-122,0,0
55862,-124,0,0
55863,-127,0,0
55864,-129,0,0
55865,-131,0,0
55866,-133,0,0
55867,-135,0,0
55868,-137,0,0
55869,-139,0,0
55870,-141,0,0
55871,-143,0,0
55872,-145,0,0
55873,-147,0,0
55874,-149,0,0
55875,-151,0,0
55876,-153,0,0
55877,-155,0,0
55878,-157,0,0
55879,-159,0,0
55880,-161,0,0
55881,-163,0,0
55882,-166,0,0
55883,-167,0,0
55884,-169,0,0
55885,-171,0,0
55886,-173,0,0
55887,-175,0,0
55888,-177,0,0
55889,-179,0,0
55890,-181,0,0
55891,-183,0,0
55892,-185,0,0
55893,-187,0,0
55894,-189,0,0
55895,-191,0,0
55896,-193,0,0
55897,-195,0,0
55898,-197,0,0
55899,-199,0,0
55900,-201,0,0
55901,-203,0,0
55902,-205,0,0
55903,-207,0,0
55904,-209,0,0
55905,-211,0,0
55906,-213,0,0
55907,-215,0,0
55908,-216,0,0
55909,-219,0,0
55910,-221,0,0
55911,-223,0,0
55912,-225,0,0
55913,-227,0,0
55914,-228,0,0
55915,-230,0,0
55916,-233,0,0
55917,-234,0,0
55918,-237,0,0
55919,-238,0,0
55920,-240,0,0
55921,-242,0,0
55922,-244,0,0
55923,-246,0,0
55924,-248,0,0
55925,-250,0,0
55926,-251,0,0
55927,-253,0,0
55928,-255,0,0
55929,-257,0,0
55930,-258,0,0
55931,-260,0,0
55932,-262,0,0
55933,-263,0,0
55934,-265,0,0
55935,-267,0,0
55936,-268,0,0
55937,-270,0,0
55938,-272,0,0
55939,-273,0,0
55940,-275,0,0
55941,-276,0,0
55942,-278,0,0
55943,-279,0,0
55944,-281,0,0
55945,-283,0,0
55946,-284,0,0
55947,-286,0,0
55948,-287,0,0
55949,-289,0,0
55950,-290,0,0
55951,-292,0,0
55952,-294,0,0
55953,-295,0,0
55954,-297,0,0
55955,-298,0,0
55956,-300,0,0
55957,-301,0,0
55958,-303,0,0
55959,-304,0,0
55960,-306,0,0
55961,-307,0,0
55962,-308,0,0
55963,-310,0,0
55964,-311,0,0
55965,-313,0,0
55966,-314,0,0
55967,-315,0,0
55968,-317,0,0
55969,-318,0,0
55970,-319,0,0
55971,-320,0,0
55972,-322,0,0
55973,-323,0,0
55974,-324,0,0
55975,-325,0,0
55976,-326,0,0
55977,-327,0,0
55978,-328,0,0
55979,-329,0,0
55980,-330,0,0
55981,-332,0,0
55982,-333,0,0
55983,-334,0,0
55984,-335,0,0
55985,-336,0,0
55986,-337,0,0
55987,-338,0,0
55988,-339,0,0
55989,-340,0,0
55990,-340,0,0
55991,-341,0,0
55992,-342,0,0
55993,-343,0,0
55994,-344,0,0
55995,-344,0,0
55996,-345,0,0
55997,-346,0,0
55998,-347,0,0
55999,-347,0,0
56000,-348,0,0
56001,-349,0,0
56002,-349,0,0
56003,-350,0,0
56004,-350,0,0
56005,-351,0,0
56006,-351,0,0
56007,-352,0,0
56008,-352,0,0
56009,-353,0,0
56010,-353,0,0
56011,-353,0,0
56012,-354,0,0
56013,-354,0,0
56014,-355,0,0
56015,-355,0,0
56016,-355,0,0
56017,-356,0,0
56018,-356,0,0
56019,-357,0,0
56020,-357,0,0
56021,-357,0,0
56022,-358,0,0
56023,-358,0,0
56024,-358,0,0
56025,-359,0,0
56026,-359,0,0
56027,-359,0,0
56028,-360,0,0
56029,-360,0,0
56030,-360,0,0
56031,-360,0,0
56032,-360,0,0
56033,-361,0,0
56034,-361,0,0
56035,-361,0,0
56036,-361,0,0
56037,-361,0,0
56038,-361,0,0
56039,-360,0,0
56040,-360,0,0
56041,-360,0,0
56042,-360,0,0
56043,-360,0,0
56044,-359,0,0
56045,-359,0,0
56046,-359,0,0
56047,-358,0,0
56048,-358,0,0
56049,-358,0,0
56050,-357,0,0
56051,-357,0,0
56052,-356,0,0
56053,-356,0,0
56054,-355,0,0
56055,-354,0,0
56056,-354,0,0
56057,-353,0,0
56058,-353,0,0
56059,-352,0,0
56060,-351,0,0
56061,-351,0,0
56062,-350,0,0
56063,-349,0,0
56064,-349,0,0
56065,-348,0,0
56066,-347,0,0
56067,-347,0,0
56068,-346,0,0
56069,-345,0,0
56070,-344,0,0
56071,-343,0,0
56072,-343,0,0
56073,-342,0,0
56074,-341,0,0
56075,-340,0,0
56076,-339,0,0
56077,-338,0,0
56078,-337,0,0
56079,-336,0,0
56080,-335,0,0
56081,-334,0,0
56082,-333,0,0
56083,-332,0,0
56084,-331,0,0
56085,-330,0,0
56086,-329,0,0
56087,-327,0,0
56088,-326,0,0
56089,-325,0,0
56090,-324,0,0
56091,-322,0,0
56092,-321,0,0
56093,-320,0,0
56094,-319,0,0
56095,-317,0,0
56096,-316,0,0
56097,-315,0,0
56098,-313,0,0
56099,-312,0,0
56100,-311,0,0
56101,-309,0,0
56102,-308,0,0
56103,-306,0,0
56104,-305,0,0
56105,-303,0,0
56106,-302,0,0
56107,-300,0,0
56108,-299,0,0
56109,-297,0,0
56110,-295,0,0
56111,-294,0,0
56112,-292,0,0
56113,-290,0,0
56114,-289,0,0
56115,-287,0,0
56116,-285,0,0
56117,-284,0,0
56118,-282,0,0
56119,-280,0,0
56120,-278,0,0
56121,-276,0,0
56122,-275,0,0
56123,-273,0,0
56124,-271,0,0
56125,-269,0,0
56126,-267,0,0
56127,-265,0,0
56128,-264,0,0
56129,-262,0,0
56130,-260,0,0
56131,-258,0,0
56132,-256,0,0
56133,-254,0,0
56134,-252,0,0
56135,-250,0,0
56136,-248,0,0
56137,-246,0,0
56138,-244,0,0
56139,-242,0,0
56140,-240,0,0
56141,-237,0,0
56142,-235,0,0
56143,-233,0,0
56144,-230,0,0
56145,-228,0,0
56146,-226,0,0
56147,-223,0,0
56148,-221,0,0
56149,-218,0,0
56150,-216,0,0
56151,-213,0,0
56152,-211,0,0
56153,-208,0,0
56154,-206,0,0
56155,-203,0,0
56156,-200,0,0
56157,-198,0,0
56158,-195,0,0
56159,-192,0,0
56160,-190,0,0
56161,-187,0,0
56162,-185,0,0
56163,-182,0,0
56164,-179,0,0
56165,-177,0,0
56166,-174,0,0
56167,-171,0,0
56168,-169,0,0
56169,-166,0,0
56170,-163,0,0
56171,-161,0,0
56172,-158,0,0
56173,-156,0,0
56174,-153,0,0
56175,-151,0,0
56176,-148,0,0
56177,-146,0,0
56178,-143,0,0
56179,-141,0,0
56180,-139,0,0
56181,-136,0,0
56182,-134,0,0
56183,-131,0,0
56184,-129,0,0
56185,-126,0,0
56186,-123,0,0
56187,-121,0,0
56188,-118,0,0
56189,-116,0,0
56190,-113,0,0
56191,-110,0,0
56192,-108,0,0
56193,-105,0,0
56194,-102,0,0
56195,-100,0,0
56196,-97,0,0
56197,-94,0,0
56198,-91,0,0
56199,-88,0,0
56200,-85,0,0
56201,-83,0,0
56202,-80,0,0
56203,-77,0,0
56204,-74,0,0
56205,-71,0,0
56206,-68,0,0
56207,-65,0,0
56208,-62,0,0
56209,-59,0,0
56210,-56,0,0
56211,-53,0,0
56212,-50,0,0
56213,-47,0,0
56214,-44,0,0
56215,-41,0,0
56216,-38,0,0
56217,-35,0,0
56218,-32,0,0
56219,-29,0,0
56220,-26,0,0
56221,-23,0,0
56222,-20,0,0
56223,-17,0,0
56224,-14,0,0
56225,-11,0,0
56226,-8,0,0
56227,-4,0,0
56228,-1,0,0
56229,2,0,0
56230,5,0,0
56231,8,0,0
56232,11,0,0
56233,14,0,0
56234,17,0,0
56235,20,0,0
56236,23,0,0
56237,26,0,0
56238,29,0,0
56239,32,0,0
56240,35,0,0
56241,38,0,0
56242,41,0,0
56243,44,0,0
56244,47,0,0
56245,50,0,0
56246,52,0,0
56247,55,0,0
56248,58,0,0
56249,61,0,0
56250,63,0,0
56251,66,0,0
56252,69,0,0
56253,71,0,0
56254,74,0,0
56255,77,0,0
56256,79,0,0
56257,82,0,0
56258,85,0,0
56259,87,0,0
56260,90,0,0
56261,93,0,0
56262,95,0,0
56263,98,0,0
56264,101,0,0
56265,103,0,0
56266,106,0,0
56267,109,0,0
56268,112,0,0
56269,115,0,0
56270,117,0,0
56271,120,0,0
56272,123,0,0
56273,126,0,0
56274,129,0,0
56275,132,0,0
56276,135,0,0
56277,137,0,0
56278,140,0,0
56279,143,0,0
56280,146,0,0
56281,149,0,0
56282,152,0,0
56283,155,0,0
56284,158,0,0
56285,160,0,0
56286,163,0,0
56287,166,0,0
56288,169,0,0
56289,171,0,0
56290,174,0,0
56291,177,0,0
56292,179,0,0
56293,182,0,0
56294,185,0,0
56295,187,0,0
56296,190,0,0
56297,192,0,0
56298,195,0,0
56299,198,0,0
56300,200,0,0
56301,203,0,0
56302,205,0,0
56303,207,0,0
56304,210,0,0
56305,212,0,0
56306,215,0,0
56307,217,0,0
56308,219,0,0
56309,222,0,0
56310,224,0,0
56311,226,0,0
56312,229,0,0
56313,231,0,0
56314,233,0,0
56315,235,0,0
56316,237,0,0
56317,240,0,0
56318,242,0,0
56319,244,0,0
56320,246,0,0
56321,248,0,0
56322,250,0,0
56323,252,0,0
56324,253,0,0
56325,255,0,0
56326,257,0,0
56327,259,0,0
56328,261,0,0
56329,263,0,0
56330,265,0,0
56331,266,0,0
56332,268,0,0
56333,270,0,0
56334,272,0,0
56335,274,0,0
56336,276,0,0
56337,277,0,0
56338,279,0,0
56339,281,0,0
56340,283,0,0
56341,285,0,0
56342,287,0,0
56343,288,0,0
56344,290,0,0
56345,292,0,0
56346,294,0,0
56347,296,0,0
56348,297,0,0
56349,299,0,0
56350,301,0,0
56351,303,0,0
56352,304,0,0
56353,306,0,0
56354,308,0,0
56355,309,0,0
56356,311,0,0
56357,312,0,0
56358,314,0,0
56359,315,0,0
56360,317,0,0
56361,318,0,0
56362,320,0,0
56363,321,0,0
56364,322,0,0
56365,323,0,0
56366,324,0,0
56367,326,0,0
56368,327,0,0
56369,328,0,0
56370,329,0,0
56371,330,0,0
56372,331,0,0
56373,332,0,0
56374,333,0,0
56375,334,0,0
56376,335,0,0
56377,335,0,0
56378,336,0,0
56379,337,0,0
56380,338,0,0
56381,339,0,0
56382,340,0,0
56383,341,0,0
56384,342,0,0
56385,343,0,0
56386,343,0,0
56387,344,0,0
56388,345,0,0
56389,346,0,0
56390,347,0,0
56391,347,0,0
56392,348,0,0
56393,349,0,0
56394,349,0,0
56395,350,0,0
56396,351,0,0
56397,351,0,0
56398,352,0,0
56399,353,0,0
56400,353,0,0
56401,353,0,0
56402,354,0,0
56403,354,0,0
56404,355,0,0
56405,355,0,0
56406,356,0,0
56407,356,0,0
56408,356,0,0
56409,356,0,0
56410,357,0,0
56411,357,0,0
56412,357,0,0
56413,357,0,0
56414,357,0,0
56415,358,0,0
56416,358,0,0
56417,358,0,0
56418,358,0,0
56419,359,0,0
56420,359,0,0
56421,359,0,0
56422,359,0,0
56423,359,0,0
56424,359,0,0
56425,359,0,0
56426,359,0,0
56427,359,0,0
56428,359,0,0
56429,359,0,0
56430,359,0,0
56431,359,0,0
56432,359,0,0
56433,359,0,0
56434,359,0,0
56435,359,0,0
56436,358,0,0
56437,358,0,0
56438,358,0,0
56439,357,0,0
56440,357,0,0
56441,357,0,0
56442,356,0,0
56443,356,0,0
56444,355,0,0
56445,355,0,0
56446,354,0,0
56447,354,0,0
56448,353,0,0
56449,352,0,0
56450,352,0,0
56451,351,0,0
56452,350,0,0
56453,350,0,0
56454,349,0,0
56455,348,0,0
56456,347,0,0
56457,346,0,0
56458,346,0,0
56459,345,0,0
56460,344,0,0
56461,343,0,0
56462,342,0,0
56463,342,0,0
56464,341,0,0
56465,340,0,0
56466,339,0,0
56467,338,0,0
56468,337,0,0
56469,336,0,0
56470,336,0,0
56471,335,0,0
56472,334,0,0
56473,333,0,0
56474,332,0,0
56475,331,0,0
56476,330,0,0
56477,329,0,0
56478,328,0,0
56479,327,0,0
56480,326,0,0
56481,325,0,0
56482,324,0,0
56483,322,0,0
56484,321,0,0
56485,320,0,0
56486,319,0,0
56487,318,0,0
56488,317,0,0
56489,316,0,0
56490,314,0,0
56491,313,0,0
56492,312,0,0
56493,310,0,0
56494,309,0,0
56495,308,0,0
56496,307,0,0
56497,305,0,0
56498,304,0,0
56499,302,0,0
56500,301,0,0
56501,300,0,0
56502,298,0,0
56503,297,0,0
56504,296,0,0
56505,294,0,0
56506,293,0,0
56507,292,0,0
56508,290,0,0
56509,288,0,0
56510,287,0,0
56511,286,0,0
56512,284,0,0
56513,282,0,0
56514,281,0,0
56515,279,0,0
56516,278,0,0
56517,276,0,0
56518,274,0,0
56519,272,0,0
56520,271,0,0
56521,269,0,0
56522,267,0,0
56523,265,0,0
56524,263,0,0
56525,261,0,0
56526,259,0,0
56527,258,0,0
56528,256,0,0
56529,253,0,0
56530,252,0,0
56531,250,0,0
56532,248,0,0
56533,246,0,0
56534,244,0,0
56535,242,0,0
56536,240,0,0
56537,237,0,0
56538,236,0,0
56539,234,0,0
56540,232,0,0
56541,230,0,0
56542,228,0,0
56543,226,0,0
56544,224,0,0
56545,222,0,0
56546,220,0,0
56547,218,0,0
56548,216,0,0
56549,214,0,0
56550,212,0,0
56551,210,0,0
56552,209,0,0
56553,207,0,0
56554,205,0,0
56555,203,0,0
56556,201,0,0
56557,199,0,0
56558,197,0,0
56559,195,0,0
56560,194,0,0
56561,191,0,0
56562,190,0,0
56563,188,0,0
56564,186,0,0
56565,184,0,0
56566,182,0,0
56567,180,0,0
56568,178,0,0
56569,176,0,0
56570,174,0,0
56571,172,0,0
56572,170,0,0
56573,168,0,0
56574,166,0,0
56575,164,0,0
56576,162,0,0
56577,160,0,0
56578,158,0,0
56579,156,0,0
56580,154,0,0
56581,152,0,0
56582,150,0,0
56583,148,0,0
56584,146,0,0
56585,144,0,0
56586,142,0,0
56587,140,0,0
56588,138,0,0
56589,136,0,0
56590,135,0,0
56591,133,0,0
56592,131,0,0
56593,129,0,0
56594,127,0,0
56595,125,0,0
56596,123,0,0
56597,121,0,0
56598,119,0,0
56599,117,0,0
56600,115,0,0
56601,113,0,0
56602,111,0,0
56603,109,0,0
56604,107,0,0
56605,105,0,0
56606,103,0,0
56607,101,0,0
56608,99,0,0
56609,97,0,0
56610,95,0,0
56611,93,0,0
56612,91,0,0
56613,88,0,0
56614,87,0,0
56615,84,0,0
56616,82,0,0
56617,80,0,0
56618,78,0,0
56619,76,0,0
56620,74,0,0
56621,72,0,0
56622,71,0,0
56623,69,0,0
56624,66,0,0
56625,65,0,0
56626,63,0,0
56627,61,0,0
56628,59,0,0
56629,57,0,0
56630,55,0,0
56631,53,0,0
56632,52,0,0
56633,50,0,0
56634,48,0,0
56635,46,0,0
56636,44,0,0
56637,43,0,0
56638,41,0,0
56639,39,0,0
56640,37,0,0
56641,36,0,0
56642,34,0,0
56643,33,0,0
56644,31,0,0
56645,29,0,0
56646,28,0,0
56647,26,0,0
56648,24,0,0
56649,23,0,0
56650,21,0,0
56651,20,0,0
56652,18,0,0
56653,16,0,0
56654,15,0,0
56655,13,0,0
56656,12,0,0
56657,10,0,0
56658,8,0,0
56659,7,0,0
56660,5,0,0
56661,4,0,0
56662,2,0,0
56663,1,0,0
56664,-1,0,0
56665,-2,0,0
56666,-4,0,0
56667,-5,0,0
56668,-7,0,0
56669,-8,0,0
56670,-10,0,0
56671,-11,0,0
56672,-12,0,0
56673,-14,0,0
56674,-15,0,0
56675,-16,0,0
56676,-17,0,0
56677,-19,0,0
56678,-20,0,0
56679,-21,0,0
56680,-22,0,0
56681,-23,0,0
56682,-25,0,0
56683,-26,0,0
56684,-27,0,0
56685,-28,0,0
56686,-29,0,0
56687,-30,0,0
56688,-31,0,0
56689,-32,0,0
56690,-33,0,0
56691,-34,0,0
56692,-35,0,0
56693,-36,0,0
56694,-38,0,0
56695,-39,0,0
56696,-39,0,0
56697,-41,0,0
56698,-42,0,0
56699,-43,0,0
56700,-44,0,0
56701,-45,0,0
56702,-46,0,0
56703,-47,0,0
56704,-48,0,0
56705,-49,0,0
56706,-50,0,0
56707,-51,0,0
56708,-52,0,0
56709,-53,0,0
56710,-53,0,0
56711,-54,0,0
56712,-55,0,0
56713,-56,0,0
56714,-57,0,0
56715,-57,0,0
56716,-58,0,0
56717,-59,0,0
56718,-60,0,0
56719,-60,0,0
56720,-61,0,0
56721,-62,0,0
56722,-62,0,0
56723,-63,0,0
56724,-63,0,0
56725,-64,0,0
56726,-64,0,0
56727,-65,0,0
56728,-65,0,0
56729,-66,0,0
56730,-66,0,0
56731,-67,0,0
56732,-67,0,0
56733,-68,0,0
56734,-68,0,0
56735,-68,0,0
56736,-69,0,0
56737,-69,0,0
56738,-70,0,0
56739,-70,0,0
56740,-70,0,0
56741,-71,0,0
56742,-71,0,0
56743,-72,0,0
56744,-72,0,0
56745,-73,0,0
56746,-73,0,0
56747,-73,0,0
56748,-73,0,0
56749,-74,0,0
56750,-74,0,0
56751,-74,0,0
56752,-74,0,0
56753,-75,0,0
56754,-75,0,0
56755,-75,0,0
56756,-75,0,0
56757,-75,0,0
56758,-75,0,0
56759,-75,0,0
56760,-75,0,0
56761,-75,0,0
56762,-75,0,0
56763,-75,0,0
56764,-75,0,0
56765,-75,0,0
56766,-75,0,0
56767,-75,0,0
56768,-75,0,0
56769,-74,0,0
56770,-74,0,0
56771,-74,0,0
56772,-74,0,0
56773,-74,0,0
56774,-74,0,0
56775,-74,0,0
56776,-74,0,0
56777,-74,0,0
56778,-74,0,0
56779,-74,0,0
56780,-74,0,0
56781,-74,0,0
56782,-74,0,0
56783,-74,0,0
56784,-74,0,0
56785,-74,0,0
56786,-74,0,0
56787,-73,0,0
56788,-73,0,0
56789,-73,0,0
56790,-73,0,0
56791,-72,0,0
56792,-72,0,0
56793,-72,0,0
56794,-71,0,0
56795,-71,0,0
56796,-70,0,0
56797,-70,0,0
56798,-69,0,0
56799,-69,0,0
56800,-68,0,0
56801,-68,0,0
56802,-67,0,0
56803,-66,0,0
56804,-66,0,0
56805,-65,0,0
56806,-64,0,0
56807,-63,0,0
56808,-63,0,0
56809,-62,0,0
56810,-61,0,0
56811,-61,0,0
56812,-60,0,0
56813,-60,0,0
56814,-59,0,0
56815,-58,0,0
56816,-57,0,0
56817,-57,0,0
56818,-56,0,0
56819,-55,0,0
56820,-55,0,0
56821,-54,0,0
56822,-53,0,0
56823,-52,0,0
56824,-52,0,0
56825,-51,0,0
56826,-50,0,0
56827,-50,0,0
56828,-49,0,0
56829,-48,0,0
56830,-47,0,0
56831,-47,0,0
56832,-46,0,0
56833,-45,0,0
56834,-44,0,0
56835,-43,0,0
56836,-42,0,0
56837,-42,0,0
56838,-41,0,0
56839,-40,0,0
56840,-39,0,0
56841,-38,0,0
56842,-37,0,0
56843,-36,0,0
56844,-35,0,0
56845,-34,0,0
56846,-33,0,0
56847,-33,0,0
56848,-32,0,0
56849,-31,0,0
56850,-30,0,0
56851,-29,0,0
56852,-28,0,0
56853,-27,0,0
56854,-27,0,0
56855,-26,0,0
56856,-25,0,0
56857,-24,0,0
56858,-24,0,0
56859,-23,0,0
56860,-22,0,0
56861,-21,0,0
56862,-20,0,0
56863,-19,0,0
56864,-19,0,0
56865,-18,0,0
56866,-17,0,0
56867,-16,0,0
56868,-15,0,0
56869,-14,0,0
56870,-13,0,0
56871,-12,0,0
56872,-11,0,0
56873,-10,0,0
56874,-9,0,0
56875,-8,0,0
56876,-7,0,0
56877,-6,0,0
56878,-5,0,0
56879,-3,0,0
56880,-2,0,0
56881,-1,0,0
56882,0,0,0
56883,1,0,0
56884,2,0,0
56885,3,0,0
56886,4,0,0
56887,5,0,0
56888,7,0,0
56889,8,0,0
56890,9,0,0
56891,10,0,0
56892,11,0,0
56893,12,0,0
56894,13,0,0
56895,14,0,0
56896,15,0,0
56897,15,0,0
56898,17,0,0
56899,17,0,0
56900,18,0,0
56901,19,0,0
56902,20,0,0
56903,21,0,0
56904,22,0,0
56905,23,0,0
56906,24,0,0
56907,25,0,0
56908,25,0,0
56909,26,0,0
56910,27,0,0
56911,28,0,0
56912,29,0,0
56913,30,0,0
56914,31,0,0
56915,32,0,0
56916,33,0,0
56917,34,0,0
56918,35,0,0
56919,36,0,0
56920,37,0,0
56921,37,0,0
56922,38,0,0
56923,39,0,0
56924,40,0,0
56925,41,0,0
56926,42,0,0
56927,43,0,0
56928,44,0,0
56929,45,0,0
56930,46,0,0
56931,47,0,0
56932,47,0,0
56933,48,0,0
56934,49,0,0
56935,50,0,0
56936,50,0,0
56937,51,0,0
56938,52,0,0
56939,52,0,0
56940,53,0,0
56941,54,0,0
56942,54,0,0
56943,55,0,0
56944,55,0,0
56945,56,0,0
56946,56,0,0
56947,57,0,0
56948,57,0,0
56949,58,0,0
56950,59,0,0
56951,59,0,0
56952,59,0,0
56953,60,0,0
56954,60,0,0
56955,61,0,0
56956,61,0,0
56957,62,0,0
56958,62,0,0
56959,63,0,0
56960,63,0,0
56961,64,0,0
56962,64,0,0
56963,65,0,0
56964,65,0,0
56965,66,0,0
56966,66,0,0
56967,67,0,0
56968,67,0,0
56969,68,0,0
56970,68,0,0
56971,68,0,0
56972,69,0,0
56973,69,0,0
56974,69,0,0
56975,70,0,0
56976,70,0,0
56977,70,0,0
56978,71,0,0
56979,71,0,0
56980,71,0,0
56981,72,0,0
56982,72,0,0
56983,72,0,0
56984,72,0,0
56985,73,0,0
56986,73,0,0
56987,73,0,0
56988,73,0,0
56989,73,0,0
56990,74,0,0
56991,74,0,0
56992,74,0,0
56993,74,0,0
56994,74,0,0
56995,74,0,0
56996,74,0,0
56997,74,0,0
56998,75,0,0
56999,75,0,0
57000,75,0,0
57001,75,0,0
57002,75,0,0
57003,75,0,0
57004,75,0,0
57005,75,0,0
57006,75,0,0
57007,74,0,0
57008,74,0,0
57009,74,0,0
57010,74,0,0
57011,74,0,0
57012,74,0,0
57013,74,0,0
57014,73,0,0
57015,73,0,0
57016,73,0,0
57017,72,0,0
57018,72,0,0
57019,72,0,0
57020,72,0,0
57021,71,0,0
57022,71,0,0
57023,70,0,0
57024,70,0,0
57025,70,0,0
57026,69,0,0
57027,69,0,0
57028,68,0,0
57029,68,0,0
57030,67,0,0
57031,67,0,0
57032,66,0,0
57033,66,0,0
57034,65,0,0
57035,65,0,0
57036,64,0,0
57037,64,0,0
57038,63,0,0
57039,63,0,0
57040,62,0,0
57041,61,0,0
57042,60,0,0
57043,60,0,0
57044,59,0,0
57045,58,0,0
57046,57,0,0
57047,57,0,0
57048,56,0,0
57049,55,0,0
57050,54,0,0
57051,53,0,0
57052,52,0,0
57053,52,0,0
57054,51,0,0
57055,50,0,0
57056,49,0,0
57057,48,0,0
57058,47,0,0
57059,47,0,0
57060,46,0,0
57061,45,0,0
57062,44,0,0
57063,43,0,0
57064,43,0,0
57065,42,0,0
57066,41,0,0
57067,40,0,0
57068,39,0,0
57069,38,0,0
57070,37,0,0
57071,36,0,0
57072,35,0,0
57073,34,0,0
57074,33,0,0
57075,32,0,0
57076,31,0,0
57077,30,0,0
57078,29,0,0
57079,28,0,0
57080,26,0,0
57081,25,0,0
57082,24,0,0
57083,23,0,0
57084,21,0,0
57085,20,0,0
57086,18,0,0
57087,17,0,0
57088,15,0,0
57089,14,0,0
57090,13,0,0
57091,11,0,0
57092,9,0,0
57093,8,0,0
57094,6,0,0
57095,5,0,0
57096,3,0,0
57097,2,0,0
57098,0,0,0
57099,-1,0,0
57100,-3,0,0
57101,-4,0,0
57102,-6,0,0
57103,-7,0,0
57104,-9,0,0
57105,-10,0,0
57106,-12,0,0
57107,-13,0,0
57108,-14,0,0
57109,-16,0,0
57110,-17,0,0
57111,-19,0,0
57112,-20,0,0
57113,-22,0,0
57114,-23,0,0
57115,-25,0,0
57116,-26,0,0
57117,-28,0,0
57118,-29,0,0
57119,-31,0,0
57120,-32,0,0
57121,-34,0,0
57122,-36,0,0
57123,-37,0,0
57124,-39,0,0
57125,-41,0,0
57126,-43,0,0
57127,-44,0,0
57128,-46,0,0
57129,-48,0,0
57130,-50,0,0
57131,-52,0,0
57132,-54,0,0
57133,-56,0,0
57134,-58,0,0
57135,-60,0,0
57136,-62,0,0
57137,-64,0,0
57138,-66,0,0
57139,-68,0,0
57140,-70,0,0
57141,-72,0,0
57142,-74,0,0
57143,-76,0,0
57144,-78,0,0
57145,-80,0,0
57146,-82,0,0
57147,-84,0,0
57148,-85,0,0
57149,-87,0,0
57150,-89,0,0
57151,-91,0,0
57152,-93,0,0
57153,-95,0,0
57154,-97,0,0
57155,-99,0,0
57156,-101,0,0
57157,-103,0,0
57158,-105,0,0
57159,-106,0,0
57160,-108,0,0
57161,-110,0,0
57162,-112,0,0
57163,-114,0,0
57164,-116,0,0
57165,-118,0,0
57166,-120,0,0
57167,-122,0,0
57168,-124,0,0
57169,-125,0,0
57170,-127,0,0
57171,-129,0,0
57172,-131,0,0
57173,-133,0,0
57174,-135,0,0
57175,-137,0,0
57176,-139,0,0
57177,-141,0,0
57178,-144,0,0
57179,-146,0,0
57180,-148,0,0
57181,-150,0,0
57182,-152,0,0
57183,-154,0,0
57184,-156,0,0
57185,-158,0,0
57186,-161,0,0
57187,-163,0,0
57188,-165,0,0
57189,-167,0,0
57190,-169,0,0
57191,-171,0,0
57192,-173,0,0
57193,-176,0,0
57194,-178,0,0
57195,-180,0,0
57196,-182,0,0
57197,-184,0,0
57198,-186,0,0
57199,-188,0,0
57200,-190,0,0
57201,-192,0,0
57202,-194,0,0
57203,-196,0,0
57204,-198,0,0
57205,-200,0,0
57206,-202,0,0
57207,-204,0,0
57208,-206,0,0
57209,-208,0,0
57210,-210,0,0
57211,-212,0,0
57212,-214,0,0
57213,-216,0,0
57214,-218,0,0
57215,-219,0,0
57216,-221,0,0
57217,-223,0,0
57218,-225,0,0
57219,-227,0,0
57220,-228,0,0
57221,-230,0,0
57222,-232,0,0
57223,-234,0,0
57224,-235,0,0
57225,-237,0,0
57226,-239,0,0
57227,-241,0,0
57228,-243,0,0
57229,-244,0,0
57230,-246,0,0
57231,-248,0,0
57232,-250,0,0
57233,-251,0,0
57234,-253,0,0
57235,-255,0,0
57236,-257,0,0
57237,-259,0,0
57238,-260,0,0
57239,-262,0,0
57240,-264,0,0
57241,-266,0,0
57242,-268,0,0
57243,-270,0,0
57244,-271,0,0
57245,-273,0,0
57246,-275,0,0
57247,-277,0,0
57248,-278,0,0
57249,-280,0,0
57250,-282,0,0
57251,-284,0,0
57252,-285,0,0
57253,-287,0,0
57254,-288,0,0
57255,-290,0,0
57256,-291,0,0
57257,-293,0,0
57258,-294,0,0
57259,-296,0,0
57260,-297,0,0
57261,-299,0,0
57262,-300,0,0
57263,-301,0,0
57264,-302,0,0
57265,-304,0,0
57266,-305,0,0
57267,-306,0,0
57268,-307,0,0
57269,-309,0,0
57270,-310,0,0
57271,-311,0,0
57272,-312,0,0
57273,-314,0,0
57274,-315,0,0
57275,-316,0,0
57276,-317,0,0
57277,-318,0,0
57278,-319,0,0
57279,-321,0,0
57280,-322,0,0
57281,-323,0,0
57282,-324,0,0
57283,-326,0,0
57284,-327,0,0
57285,-328,0,0
57286,-330,0,0
57287,-331,0,0
57288,-332,0,0
57289,-333,0,0
57290,-334,0,0
57291,-335,0,0
57292,-337,0,0
57293,-338,0,0
57294,-339,0,0
57295,-340,0,0
57296,-341,0,0
57297,-342,0,0
57298,-343,0,0
57299,-344,0,0
57300,-345,0,0
57301,-346,0,0
57302,-347,0,0
57303,-347,0,0
57304,-348,0,0
57305,-349,0,0
57306,-349,0,0
57307,-350,0,0
57308,-351,0,0
57309,-351,0,0
57310,-352,0,0
57311,-352,0,0
57312,-353,0,0
57313,-353,0,0
57314,-353,0,0
57315,-354,0,0
57316,-354,0,0
57317,-355,0,0
57318,-355,0,0
57319,-355,0,0
57320,-355,0,0
57321,-356,0,0
57322,-356,0,0
57323,-356,0,0
57324,-357,0,0
57325,-357,0,0
57326,-357,0,0
57327,-357,0,0
57328,-357,0,0
57329,-358,0,0
57330,-358,0,0
57331,-358,0,0
57332,-358,0,0
57333,-358,0,0
57334,-358,0,0
57335,-359,0,0
57336,-359,0,0
57337,-359,0,0
57338,-359,0,0
57339,-359,0,0
57340,-359,0,0
57341,-359,0,0
57342,-359,0,0
57343,-359,0,0
57344,-359,0,0
57345,-360,0,0
57346,-359,0,0
57347,-360,0,0
57348,-359,0,0
57349,-359,0,0
57350,-359,0,0
57351,-359,0,0
57352,-359,0,0
57353,-359,0,0
57354,-359,0,0
57355,-358,0,0
57356,-358,0,0
57357,-358,0,0
57358,-358,0,0
57359,-357,0,0
57360,-357,0,0
57361,-356,0,0
57362,-356,0,0
57363,-356,0,0
57364,-355,0,0
57365,-355,0,0
57366,-354,0,0
57367,-353,0,0
57368,-353,0,0
57369,-352,0,0
57370,-351,0,0
57371,-351,0,0
57372,-350,0,0
57373,-349,0,0
57374,-348,0,0
57375,-348,0,0
57376,-347,0,0
57377,-346,0,0
57378,-345,0,0
57379,-344,0,0
57380,-343,0,0
57381,-342,0,0
57382,-341,0,0
57383,-340,0,0
57384,-339,0,0
57385,-338,0,0
57386,-337,0,0
57387,-336,0,0
57388,-335,0,0
57389,-333,0,0
57390,-333,0,0
57391,-331,0,0
57392,-330,0,0
57393,-329,0,0
57394,-328,0,0
57395,-327,0,0
57396,-326,0,0
57397,-325,0,0
57398,-323,0,0
57399,-322,0,0
57400,-321,0,0
57401,-319,0,0
57402,-318,0,0
57403,-317,0,0
57404,-316,0,0
57405,-314,0,0
57406,-313,0,0
57407,-311,0,0
57408,-310,0,0
57409,-308,0,0
57410,-307,0,0
57411,-305,0,0
57412,-303,0,0
57413,-302,0,0
57414,-300,0,0
57415,-299,0,0
57416,-297,0,0
57417,-295,0,0
57418,-293,0,0
57419,-291,0,0
57420,-290,0,0
57421,-288,0,0
57422,-286,0,0
57423,-284,0,0
57424,-282,0,0
57425,-280,0,0
57426,-279,0,0
57427,-277,0,0
57428,-275,0,0
57429,-273,0,0
57430,-271,0,0
57431,-269,0,0
57432,-267,0,0
57433,-265,0,0
57434,-263,0,0
57435,-261,0,0
57436,-259,0,0
57437,-257,0,0
57438,-255,0,0
57439,-253,0,0
57440,-251,0,0
57441,-249,0,0
57442,-247,0,0
57443,-245,0,0
57444,-243,0,0
57445,-241,0,0
57446,-238,0,0
57447,-236,0,0
57448,-234,0,0
57449,-232,0,0
57450,-230,0,0
57451,-227,0,0
57452,-225,0,0
57453,-223,0,0
57454,-221,0,0
57455,-218,0,0
57456,-216,0,0
57457,-213,0,0
57458,-211,0,0
57459,-208,0,0
57460,-206,0,0
57461,-203,0,0
57462,-201,0,0
57463,-198,0,0
57464,-196,0,0
57465,-193,0,0
57466,-191,0,0
57467,-188,0,0
57468,-185,0,0
57469,-183,0,0
57470,-180,0,0
57471,-178,0,0
57472,-175,0,0
57473,-172,0,0
57474,-170,0,0
57475,-167,0,0
57476,-165,0,0
57477,-162,0,0
57478,-159,0,0
57479,-157,0,0
57480,-154,0,0
57481,-152,0,0
57482,-149,0,0
57483,-147,0,0
57484,-144,0,0
57485,-141,0,0
57486,-139,0,0
57487,-136,0,0
57488,-134,0,0
57489,-131,0,0
57490,-129,0,0
57491,-126,0,0
57492,-124,0,0
57493,-121,0,0
57494,-118,0,0
57495,-116,0,0
57496,-113,0,0
57497,-111,0,0
57498,-108,0,0
57499,-105,0,0
57500,-102,0,0
57501,-100,0,0
57502,-97,0,0
57503,-94,0,0
57504,-91,0,0
57505,-88,0,0
57506,-85,0,0
57507,-83,0,0
57508,-80,0,0
57509,-76,0,0
57510,-74,0,0
57511,-71,0,0
57512,-68,0,0
57513,-65,0,0
57514,-62,0,0
57515,-59,0,0
57516,-56,0,0
57517,-53,0,0
57518,-50,0,0
57519,-47,0,0
57520,-44,0,0
57521,-41,0,0
57522,-38,0,0
57523,-34,0,0
57524,-32,0,0
57525,-29,0,0
57526,-26,0,0
57527,-22,0,0
57528,-20,0,0
57529,-17,0,0
57530,-14,0,0
57531,-11,0,0
57532,-8,0,0
57533,-5,0,0
57534,-2,0,0
57535,1,0,0
57536,4,0,0
57537,7,0,0
57538,10,0,0
57539,13,0,0
57540,16,0,0
57541,18,0,0
57542,21,0,0
57543,24,0,0
57544,27,0,0
57545,30,0,0
57546,33,0,0
57547,36,0,0
57548,39,0,0
57549,42,0,0
57550,45,0,0
57551,48,0,0
57552,51,0,0
57553,53,0,0
57554,57,0,0
57555,60,0,0
57556,62,0,0
57557,65,0,0
57558,68,0,0
57559,71,0,0
57560,74,0,0
57561,77,0,0
57562,80,0,0
57563,83,0,0
57564,86,0,0
57565,89,0,0
57566,92,0,0
57567,95,0,0
57568,98,0,0
57569,100,0,0
57570,103,0,0
57571,106,0,0
57572,109,0,0
57573,112,0,0
57574,114,0,0
57575,117,0,0
57576,120,0,0
57577,123,0,0
57578,125,0,0
57579,128,0,0
57580,131,0,0
57581,133,0,0
57582,136,0,0
57583,138,0,0
57584,141,0,0
57585,144,0,0
57586,146,0,0
57587,149,0,0
57588,151,0,0
57589,154,0,0
57590,156,0,0
57591,159,0,0
57592,161,0,0
57593,164,0,0
57594,166,0,0
57595,169,0,0
57596,171,0,0
57597,173,0,0
57598,176,0,0
57599,178,0,0
57600,181,0,0
57601,184,0,0
57602,186,0,0
57603,188,0,0
57604,191,0,0
57605,194,0,0
57606,196,0,0
57607,199,0,0
57608,201,0,0
57609,204,0,0
57610,207,0,0
57611,209,0,0
57612,212,0,0
57613,214,0,0
57614,217,0,0
57615,219,0,0
57616,222,0,0
57617,224,0,0
57618,227,0,0
57619,229,0,0
57620,232,0,0
57621,234,0,0
57622,236,0,0
57623,239,0,0
57624,241,0,0
57625,243,0,0
57626,245,0,0
57627,247,0,0
57628,249,0,0
57629,252,0,0
57630,254,0,0
57631,255,0,0
57632,258,0,0
57633,259,0,0
57634,261,0,0
57635,263,0,0
57636,265,0,0
57637,267,0,0
57638,269,0,0
57639,270,0,0
57640,272,0,0
57641,274,0,0
57642,275,0,0
57643,277,0,0
57644,279,0,0
57645,281,0,0
57646,282,0,0
57647,284,0,0
57648,286,0,0
57649,287,0,0
57650,289,0,0
57651,291,0,0
57652,292,0,0
57653,294,0,0
57654,295,0,0
57655,297,0,0
57656,299,0,0
57657,300,0,0
57658,302,0,0
57659,303,0,0
57660,305,0,0
57661,306,0,0
57662,308,0,0
57663,309,0,0
57664,311,0,0
57665,312,0,0
57666,314,0,0
57667,315,0,0
57668,317,0,0
57669,318,0,0
57670,320,0,0
57671,321,0,0
57672,322,0,0
57673,323,0,0
57674,325,0,0
57675,326,0,0
57676,327,0,0
57677,329,0,0
57678,330,0,0
57679,331,0,0
57680,332,0,0
57681,333,0,0
57682,334,0,0
57683,335,0,0
57684,336,0,0
57685,337,0,0
57686,338,0,0
57687,339,0,0
57688,340,0,0
57689,340,0,0
57690,341,0,0
57691,342,0,0
57692,343,0,0
57693,343,0,0
57694,344,0,0
57695,345,0,0
57696,345,0,0
57697,346,0,0
57698,346,0,0
57699,347,0,0
57700,347,0,0
57701,348,0,0
57702,348,0,0
57703,349,0,0
57704,349,0,0
57705,350,0,0
57706,350,0,0
57707,350,0,0
57708,351,0,0
57709,351,0,0
57710,352,0,0
57711,352,0,0
57712,353,0,0
57713,353,0,0
57714,353,0,0
57715,354,0,0
57716,354,0,0
57717,355,0,0
57718,355,0,0
57719,356,0,0
57720,356,0,0
57721,357,0,0
57722,357,0,0
57723,357,0,0
57724,358,0,0
57725,358,0,0
57726,358,0,0
57727,358,0,0
57728,359,0,0
57729,359,0,0
57730,359,0,0
57731,359,0,0
57732,359,0,0
57733,359,0,0
57734,360,0,0
57735,359,0,0
57736,359,0,0
57737,359,0,0
57738,359,0,0
57739,359,0,0
57740,359,0,0
57741,358,0,0
57742,358,0,0
57743,358,0,0
57744,357,0,0
57745,357,0,0
57746,357,0,0
57747,356,0,0
57748,356,0,0
57749,355,0,0
57750,355,0,0
57751,354,0,0
57752,354,0,0
57753,353,0,0
57754,353,0,0
57755,352,0,0
57756,351,0,0
57757,351,0,0
57758,350,0,0
57759,350,0,0
57760,349,0,0
57761,348,0,0
57762,348,0,0
57763,347,0,0
57764,346,0,0
57765,346,0,0
57766,345,0,0
57767,344,0,0
57768,343,0,0
57769,342,0,0
57770,342,0,0
57771,341,0,0
57772,340,0,0
57773,339,0,0
57774,338,0,0
57775,337,0,0
57776,336,0,0
57777,335,0,0
57778,334,0,0
57779,333,0,0
57780,332,0,0
57781,331,0,0
57782,330,0,0
57783,329,0,0
57784,328,0,0
57785,327,0,0
57786,325,0,0
57787,324,0,0
57788,323,0,0
57789,322,0,0
57790,321,0,0
57791,319,0,0
57792,318,0,0
57793,317,0,0
57794,316,0,0
57795,315,0,0
57796,313,0,0
57797,312,0,0
57798,311,0,0
57799,309,0,0
57800,308,0,0
57801,307,0,0
57802,306,0,0
57803,304,0,0
57804,303,0,0
57805,301,0,0
57806,300,0,0
57807,298,0,0
57808,297,0,0
57809,296,0,0
57810,294,0,0
57811,293,0,0
57812,291,0,0
57813,290,0,0
57814,288,0,0
57815,286,0,0
57816,285,0,0
57817,283,0,0
57818,281,0,0
57819,280,0,0
57820,278,0,0
57821,276,0,0
57822,274,0,0
57823,273,0,0
57824,271,0,0
57825,269,0,0
57826,267,0,0
57827,266,0,0
57828,264,0,0
57829,262,0,0
57830,260,0,0
57831,258,0,0
57832,257,0,0
57833,255,0,0
57834,253,0,0
57835,251,0,0
57836,250,0,0
57837,248,0,0
57838,246,0,0
57839,244,0,0
57840,242,0,0
57841,240,0,0
57842,239,0,0
57843,237,0,0
57844,235,0,0
57845,233,0,0
57846,232,0,0
57847,230,0,0
57848,228,0,0
57849,226,0,0
57850,224,0,0
57851,223,0,0
57852,221,0,0
57853,219,0,0
57854,217,0,0
57855,215,0,0
57856,213,0,0
57857,211,0,0
57858,209,0,0
57859,207,0,0
57860,205,0,0
57861,203,0,0
57862,201,0,0
57863,199,0,0
57864,197,0,0
57865,195,0,0
57866,193,0,0
57867,191,0,0
57868,189,0,0
57869,187,0,0
57870,185,0,0
57871,183,0,0
57872,181,0,0
57873,179,0,0
57874,178,0,0
57875,176,0,0
57876,174,0,0
57877,172,0,0
57878,170,0,0
57879,168,0,0
57880,166,0,0
57881,164,0,0
57882,162,0,0
57883,160,0,0
57884,158,0,0
57885,156,0,0
57886,154,0,0
57887,153,0,0
57888,151,0,0
57889,149,0,0
57890,147,0,0
57891,145,0,0
57892,143,0,0
57893,141,0,0
57894,139,0,0
57895,137,0,0
57896,135,0,0
57897,133,0,0
57898,131,0,0
57899,129,0,0
57900,127,0,0
57901,125,0,0
57902,123,0,0
57903,120,0,0
57904,118,0,0
57905,116,0,0
57906,114,0,0
57907,112,0,0
57908,110,0,0
57909,108,0,0
57910,106,0,0
57911,104,0,0
57912,102,0,0
57913,100,0,0
57914,98,0,0
57915,96,0,0
57916,94,0,0
57917,92,0,0
57918,90,0,0
57919,88,0,0
57920,86,0,0
57921,85,0,0
57922,83,0,0
57923,81,0,0
57924,79,0,0
57925,77,0,0
57926,75,0,0
57927,73,0,0
57928,71,0,0
57929,70,0,0
57930,68,0,0
57931,66,0,0
57932,64,0,0
57933,62,0,0
57934,60,0,0
57935,58,0,0
57936,56,0,0
57937,54,0,0
57938,52,0,0
57939,51,0,0
57940,49,0,0
57941,47,0,0
57942,45,0,0
57943,43,0,0
57944,41,0,0
57945,39,0,0
57946,37,0,0
57947,36,0,0
57948,34,0,0
57949,32,0,0
57950,30,0,0
57951,28,0,0
57952,27,0,0
57953,25,0,0
57954,23,0,0
57955,22,0,0
57956,20,0,0
57957,18,0,0
57958,17,0,0
57959,15,0,0
57960,14,0,0
57961,12,0,0
57962,11,0,0
57963,9,0,0
57964,8,0,0
57965,6,0,0
57966,5,0,0
57967,4,0,0
57968,2,0,0
57969,1,0,0
57970,-1,0,0
57971,-2,0,0
57972,-3,0,0
57973,-5,0,0
57974,-6,0,0
57975,-7,0,0
57976,-9,0,0
57977,-10,0,0
57978,-11,0,0
57979,-12,0,0
57980,-14,0,0
57981,-15,0,0
57982,-16,0,0
57983,-18,0,0
57984,-19,0,0
57985,-20,0,0
57986,-21,0,0
57987,-22,0,0
57988,-23,0,0
57989,-24,0,0
57990,-25,0,0
57991,-27,0,0
57992,-28,0,0
57993,-29,0,0
57994,-30,0,0
57995,-31,0,0
57996,-32,0,0
57997,-33,0,0
57998,-34,0,0
57999,-35,0,0
58000,-36,0,0
58001,-37,0,0
58002,-38,0,0
58003,-39,0,0
58004,-40,0,0
58005,-41,0,0
58006,-42,0,0
58007,-43,0,0
58008,-45,0,0
58009,-45,0,0
58010,-46,0,0
58011,-48,0,0
58012,-49,0,0
58013,-50,0,0
58014,-51,0,0
58015,-52,0,0
58016,-53,0,0
58017,-54,0,0
58018,-55,0,0
58019,-56,0,0
58020,-57,0,0
58021,-57,0,0
58022,-59,0,0
58023,-59,0,0
58024,-60,0,0
58025,-61,0,0
58026,-62,0,0
58027,-63,0,0
58028,-63,0,0
58029,-64,0,0
58030,-65,0,0
58031,-65,0,0
58032,-66,0,0
58033,-66,0,0
58034,-67,0,0
58035,-67,0,0
58036,-68,0,0
58037,-68,0,0
58038,-68,0,0
58039,-69,0,0
58040,-69,0,0
58041,-69,0,0
58042,-70,0,0
58043,-70,0,0
58044,-70,0,0
58045,-71,0,0
58046,-71,0,0
58047,-71,0,0
58048,-71,0,0
58049,-71,0,0
58050,-72,0,0
58051,-72,0,0
58052,-72,0,0
58053,-72,0,0
58054,-73,0,0
58055,-73,0,0
58056,-73,0,0
58057,-73,0,0
58058,-73,0,0
58059,-74,0,0
58060,-74,0,0
58061,-74,0,0
58062,-74,0,0
58063,-74,0,0
58064,-74,0,0
58065,-74,0,0
58066,-74,0,0
58067,-74,0,0
58068,-75,0,0
58069,-74,0,0
58070,-74,0,0
58071,-75,0,0
58072,-74,0,0
58073,-75,0,0
58074,-74,0,0
58075,-74,0,0
58076,-74,0,0
58077,-74,0,0
58078,-74,0,0
58079,-74,0,0
58080,-73,0,0
58081,-73,0,0
58082,-73,0,0
58083,-73,0,0
58084,-73,0,0
58085,-73,0,0
58086,-72,0,0
58087,-72,0,0
58088,-72,0,0
58089,-72,0,0
58090,-71,0,0
58091,-71,0,0
58092,-71,0,0
58093,-71,0,0
58094,-71,0,0
58095,-70,0,0
58096,-70,0,0
58097,-70,0,0
58098,-70,0,0
58099,-69,0,0
58100,-69,0,0
58101,-69,0,0
58102,-68,0,0
58103,-68,0,0
58104,-68,0,0
58105,-67,0,0
58106,-67,0,0
58107,-67,0,0
58108,-66,0,0
58109,-66,0,0
58110,-66,0,0
58111,-65,0,0
58112,-65,0,0
58113,-64,0,0
58114,-64,0,0
58115,-63,0,0
58116,-62,0,0
58117,-62,0,0
58118,-61,0,0
58119,-60,0,0
58120,-59,0,0
58121,-59,0,0
58122,-58,0,0
58123,-57,0,0
58124,-56,0,0
58125,-55,0,0
58126,-55,0,0
58127,-54,0,0
58128,-53,0,0
58129,-52,0,0
58130,-51,0,0
58131,-50,0,0
58132,-50,0,0
58133,-49,0,0
58134,-48,0,0
58135,-47,0,0
58136,-47,0,0
58137,-46,0,0
58138,-45,0,0
58139,-44,0,0
58140,-44,0,0
58141,-43,0,0
58142,-42,0,0
58143,-42,0,0
58144,-41,0,0
58145,-40,0,0
58146,-40,0,0
58147,-39,0,0
58148,-38,0,0
58149,-38,0,0
58150,-37,0,0
58151,-36,0,0
58152,-36,0,0
58153,-35,0,0
58154,-34,0,0
58155,-33,0,0
58156,-32,0,0
58157,-32,0,0
58158,-31,0,0
58159,-30,0,0
58160,-29,0,0
58161,-28,0,0
58162,-28,0,0
58163,-26,0,0
58164,-25,0,0
58165,-24,0,0
58166,-24,0,0
58167,-22,0,0
58168,-21,0,0
58169,-20,0,0
58170,-19,0,0
58171,-18,0,0
58172,-17,0,0
58173,-16,0,0
58174,-15,0,0
58175,-14,0,0
58176,-13,0,0
58177,-11,0,0
58178,-10,0,0
58179,-10,0,0
58180,-8,0,0
58181,-7,0,0
58182,-6,0,0
58183,-5,0,0
58184,-4,0,0
58185,-3,0,0
58186,-2,0,0
58187,-1,0,0
58188,1,0,0
58189,2,0,0
58190,3,0,0
58191,4,0,0
58192,5,0,0
58193,6,0,0
58194,7,0,0
58195,8,0,0
58196,9,0,0
58197,10,0,0
58198,12,0,0
58199,13,0,0
58200,14,0,0
58201,15,0,0
58202,16,0,0
58203,17,0,0
58204,18,0,0
58205,19,0,0
58206,19,0,0
58207,21,0,0
58208,21,0,0
58209,22,0,0
58210,23,0,0
58211,24,0,0
58212,25,0,0
58213,25,0,0
58214,26,0,0
58215,27,0,0
58216,27,0,0
58217,28,0,0
58218,29,0,0
58219,29,0,0
58220,30,0,0
58221,31,0,0
58222,31,0,0
58223,32,0,0
58224,32,0,0
58225,33,0,0
58226,34,0,0
58227,34,0,0
58228,35,0,0
58229,35,0,0
58230,36,0,0
58231,37,0,0
58232,38,0,0
58233,39,0,0
58234,39,0,0
58235,40,0,0
58236,41,0,0
58237,42,0,0
58238,43,0,0
58239,44,0,0
58240,45,0,0
58241,46,0,0
58242,47,0,0
58243,47,0,0
58244,48,0,0
58245,49,0,0
58246,50,0,0
58247,51,0,0
58248,52,0,0
58249,53,0,0
58250,54,0,0
58251,55,0,0
58252,55,0,0
58253,56,0,0
58254,57,0,0
58255,57,0,0
58256,58,0,0
58257,59,0,0
58258,59,0,0
58259,60,0,0
58260,61,0,0
58261,61,0,0
58262,62,0,0
58263,62,0,0
58264,63,0,0
58265,63,0,0
58266,64,0,0
58267,65,0,0
58268,65,0,0
58269,66,0,0
58270,66,0,0
58271,67,0,0
58272,67,0,0
58273,68,0,0
58274,68,0,0
58275,69,0,0
58276,69,0,0
58277,70,0,0
58278,70,0,0
58279,71,0,0
58280,71,0,0
58281,72,0,0
58282,72,0,0
58283,73,0,0
58284,73,0,0
58285,73,0,0
58286,74,0,0
58287,74,0,0
58288,74,0,0
58289,75,0,0
58290,75,0,0
58291,75,0,0
58292,75,0,0
58293,76,0,0
58294,76,0,0
58295,76,0,0
58296,76,0,0
58297,76,0,0
58298,76,0,0
58299,76,0,0
58300,76,0,0
58301,76,0,0
58302,76,0,0
58303,76,0,0
58304,76,0,0
58305,75,0,0
58306,75,0,0
58307,75,0,0
58308,75,0,0
58309,75,0,0
58310,74,0,0
58311,74,0,0
58312,74,0,0
58313,73,0,0
58314,73,0,0
58315,73,0,0
58316,73,0,0
58317,73,0,0
58318,72,0,0
58319,72,0,0
58320,72,0,0
58321,72,0,0
58322,72,0,0
58323,71,0,0
58324,71,0,0
58325,71,0,0
58326,70,0,0
58327,70,0,0
58328,70,0,0
58329,70,0,0
58330,69,0,0
58331,69,0,0
58332,69,0,0
58333,68,0,0
58334,68,0,0
58335,68,0,0
58336,67,0,0
58337,67,0,0
58338,66,0,0
58339,66,0,0
58340,66,0,0
58341,65,0,0
58342,65,0,0
58343,64,0,0
58344,64,0,0
58345,63,0,0
58346,63,0,0
58347,62,0,0
58348,62,0,0
58349,61,0,0
58350,60,0,0
58351,60,0,0
58352,59,0,0
58353,58,0,0
58354,57,0,0
58355,57,0,0
58356,56,0,0
58357,55,0,0
58358,54,0,0
58359,53,0,0
58360,52,0,0
58361,51,0,0
58362,50,0,0
58363,49,0,0
58364,48,0,0
58365,47,0,0
58366,46,0,0
58367,45,0,0
58368,44,0,0
58369,43,0,0
58370,42,0,0
58371,41,0,0
58372,40,0,0
58373,39,0,0
58374,38,0,0
58375,37,0,0
58376,36,0,0
58377,35,0,0
58378,34,0,0
58379,33,0,0
58380,32,0,0
58381,30,0,0
58382,29,0,0
58383,28,0,0
58384,27,0,0
58385,26,0,0
58386,25,0,0
58387,24,0,0
58388,23,0,0
58389,22,0,0
58390,20,0,0
58391,19,0,0
58392,18,0,0
58393,17,0,0
58394,16,0,0
58395,14,0,0
58396,13,0,0
58397,12,0,0
58398,10,0,0
58399,9,0,0
58400,8,0,0
58401,6,0,0
58402,5,0,0
58403,4,0,0
58404,2,0,0
58405,1,0,0
58406,-1,0,0
58407,-2,0,0
58408,-4,0,0
58409,-6,0,0
58410,-7,0,0
58411,-9,0,0
58412,-10,0,0
58413,-12,0,0
58414,-13,0,0
58415,-15,0,0
58416,-17,0,0
58417,-18,0,0
58418,-20,0,0
58419,-22,0,0
58420,-23,0,0
58421,-25,0,0
58422,-27,0,0
58423,-29,0,0
58424,-30,0,0
58425,-32,0,0
58426,-34,0,0
58427,-36,0,0
58428,-37,0,0
58429,-39,0,0
58430,-41,0,0
58431,-43,0,0
58432,-44,0,0
58433,-46,0,0
58434,-48,0,0
58435,-50,0,0
58436,-51,0,0
58437,-53,0,0
58438,-55,0,0
58439,-57,0,0
58440,-59,0,0
58441,-60,0,0
58442,-62,0,0
58443,-64,0,0
58444,-65,0,0
58445,-67,0,0
58446,-69,0,0
58447,-71,0,0
58448,-73,0,0
58449,-74,0,0
58450,-76,0,0
58451,-78,0,0
58452,-80,0,0
58453,-82,0,0
58454,-83,0,0
58455,-85,0,0
58456,-87,0,0
58457,-89,0,0
58458,-91,0,0
58459,-93,0,0
58460,-95,0,0
58461,-97,0,0
58462,-99,0,0
58463,-101,0,0
58464,-103,0,0
58465,-105,0,0
58466,-107,0,0
58467,-109,0,0
58468,-111,0,0
58469,-113,0,0
58470,-115,0,0
58471,-117,0,0
58472,-120,0,0
58473,-122,0,0
58474,-124,0,0
58475,-126,0,0
58476,-128,0,0
58477,-131,0,0
58478,-133,0,0
58479,-135,0,0
58480,-137,0,0
58481,-139,0,0
58482,-142,0,0
58483,-144,0,0
58484,-146,0,0
58485,-148,0,0
58486,-151,0,0
58487,-153,0,0
58488,-155,0,0
58489,-157,0,0
58490,-159,0,0
58491,-161,0,0
58492,-163,0,0
58493,-165,0,0
58494,-167,0,0
58495,-169,0,0
58496,-171,0,0
58497,-173,0,0
58498,-175,0,0
58499,-177,0,0
58500,-179,0,0
58501,-181,0,0
58502,-183,0,0
58503,-185,0,0
58504,-187,0,0
58505,-189,0,0
58506,-191,0,0
58507,-193,0,0
58508,-194,0,0
58509,-196,0,0
58510,-198,0,0
58511,-200,0,0
58512,-202,0,0
58513,-204,0,0
58514,-206,0,0
58515,-207,0,0
58516,-209,0,0
58517,-211,0,0
58518,-213,0,0
58519,-215,0,0
58520,-217,0,0
58521,-218,0,0
58522,-220,0,0
58523,-222,0,0
58524,-224,0,0
58525,-226,0,0
58526,-228,0,0
58527,-230,0,0
58528,-231,0,0
58529,-233,0,0
58530,-235,0,0
58531,-237,0,0
58532,-239,0,0
58533,-241,0,0
58534,-243,0,0
58535,-244,0,0
58536,-246,0,0
58537,-248,0,0
58538,-250,0,0
58539,-252,0,0
58540,-253,0,0
58541,-255,0,0
58542,-257,0,0
58543,-259,0,0
58544,-261,0,0
58545,-262,0,0
58546,-264,0,0
58547,-266,0,0
58548,-268,0,0
58549,-269,0,0
58550,-271,0,0
58551,-273,0,0
58552,-274,0,0
58553,-276,0,0
58554,-278,0,0
58555,-279,0,0
58556,-281,0,0
58557,-283,0,0
58558,-284,0,0
58559,-286,0,0
58560,-287,0,0
58561,-289,0,0
58562,-291,0,0
58563,-292,0,0
58564,-293,0,0
58565,-295,0,0
58566,-296,0,0
58567,-298,0,0
58568,-299,0,0
58569,-300,0,0
58570,-302,0,0
58571,-303,0,0
58572,-304,0,0
58573,-306,0,0
58574,-307,0,0
58575,-308,0,0
58576,-309,0,0
58577,-311,0,0
58578,-312,0,0
58579,-313,0,0
58580,-314,0,0
58581,-315,0,0
58582,-316,0,0
58583,-318,0,0
58584,-319,0,0
58585,-320,0,0
58586,-321,0,0
58587,-322,0,0
58588,-323,0,0
58589,-324,0,0
58590,-326,0,0
58591,-327,0,0
58592,-328,0,0
58593,-329,0,0
58594,-330,0,0
58595,-331,0,0
58596,-332,0,0
58597,-333,0,0
58598,-334,0,0
58599,-335,0,0
58600,-336,0,0
58601,-338,0,0
58602,-339,0,0
58603,-340,0,0
58604,-341,0,0
58605,-342,0,0
58606,-343,0,0
58607,-344,0,0
58608,-345,0,0
58609,-345,0,0
58610,-346,0,0
58611,-347,0,0
58612,-348,0,0
58613,-349,0,0
58614,-350,0,0
58615,-350,0,0
58616,-351,0,0
58617,-351,0,0
58618,-352,0,0
58619,-353,0,0
58620,-353,0,0
58621,-353,0,0
58622,-354,0,0
58623,-354,0,0
58624,-355,0,0
58625,-355,0,0
58626,-355,0,0
58627,-356,0,0
58628,-356,0,0
58629,-356,0,0
58630,-356,0,0
58631,-357,0,0
58632,-357,0,0
58633,-357,0,0
58634,-357,0,0
58635,-357,0,0
58636,-358,0,0
58637,-358,0,0
58638,-358,0,0
58639,-358,0,0
58640,-358,0,0
58641,-358,0,0
58642,-359,0,0
58643,-359,0,0
58644,-359,0,0
58645,-359,0,0
58646,-359,0,0
58647,-359,0,0
58648,-359,0,0
58649,-359,0,0
58650,-359,0,0
58651,-359,0,0
58652,-359,0,0
58653,-358,0,0
58654,-358,0,0
58655,-358,0,0
58656,-358,0,0
58657,-358,0,0
58658,-357,0,0
58659,-357,0,0
58660,-357,0,0
58661,-356,0,0
58662,-356,0,0
58663,-356,0,0
58664,-355,0,0
58665,-355,0,0
58666,-354,0,0
58667,-354,0,0
58668,-353,0,0
58669,-353,0,0
58670,-352,0,0
58671,-352,0,0
58672,-351,0,0
58673,-351,0,0
58674,-350,0,0
58675,-350,0,0
58676,-349,0,0
58677,-349,0,0
58678,-348,0,0
58679,-348,0,0
58680,-347,0,0
58681,-346,0,0
58682,-346,0,0
58683,-345,0,0
58684,-345,0,0
58685,-344,0,0
58686,-343,0,0
58687,-342,0,0
58688,-342,0,0
58689,-341,0,0
58690,-340,0,0
58691,-339,0,0
58692,-338,0,0
58693,-337,0,0
58694,-336,0,0
58695,-335,0,0
58696,-334,0,0
58697,-333,0,0
58698,-332,0,0
58699,-331,0,0
58700,-330,0,0
58701,-328,0,0
58702,-327,0,0
58703,-325,0,0
58704,-324,0,0
58705,-322,0,0
58706,-321,0,0
58707,-319,0,0
58708,-318,0,0
58709,-316,0,0
58710,-314,0,0
58711,-313,0,0
58712,-311,0,0
58713,-310,0,0
58714,-308,0,0
58715,-306,0,0
58716,-304,0,0
58717,-303,0,0
58718,-301,0,0
58719,-299,0,0
58720,-298,0,0
58721,-296,0,0
58722,-294,0,0
58723,-293,0,0
58724,-291,0,0
58725,-289,0,0
58726,-288,0,0
58727,-286,0,0
58728,-285,0,0
58729,-283,0,0
58730,-281,0,0
58731,-280,0,0
58732,-278,0,0
58733,-276,0,0
58734,-275,0,0
58735,-273,0,0
58736,-271,0,0
58737,-270,0,0
58738,-268,0,0
58739,-267,0,0
58740,-265,0,0
58741,-263,0,0
58742,-261,0,0
58743,-259,0,0
58744,-258,0,0
58745,-256,0,0
58746,-254,0,0
58747,-252,0,0
58748,-250,0,0
58749,-248,0,0
58750,-246,0,0
58751,-244,0,0
58752,-241,0,0
58753,-239,0,0
58754,-237,0,0
58755,-235,0,0
58756,-233,0,0
58757,-230,0,0
58758,-228,0,0
58759,-225,0,0
58760,-223,0,0
58761,-220,0,0
58762,-218,0,0
58763,-216,0,0
58764,-213,0,0
58765,-211,0,0
58766,-208,0,0
58767,-205,0,0
58768,-203,0,0
58769,-200,0,0
58770,-197,0,0
58771,-195,0,0
58772,-192,0,0
58773,-189,0,0
58774,-187,0,0
58775,-184,0,0
58776,-181,0,0
58777,-179,0,0
58778,-176,0,0
58779,-173,0,0
58780,-171,0,0
58781,-168,0,0
58782,-165,0,0
58783,-162,0,0
58784,-160,0,0
58785,-157,0,0
58786,-154,0,0
58787,-152,0,0
58788,-149,0,0
58789,-147,0,0
58790,-144,0,0
58791,-141,0,0
58792,-138,0,0
58793,-136,0,0
58794,-133,0,0
58795,-131,0,0
58796,-128,0,0
58797,-125,0,0
58798,-122,0,0
58799,-120,0,0
58800,-117,0,0
58801,-114,0,0
58802,-111,0,0
58803,-109,0,0
58804,-106,0,0
58805,-103,0,0
58806,-101,0,0
58807,-98,0,0
58808,-95,0,0
58809,-92,0,0
58810,-89,0,0
58811,-87,0,0
58812,-84,0,0
58813,-81,0,0
58814,-78,0,0
58815,-75,0,0
58816,-73,0,0
58817,-70,0,0
58818,-67,0,0
58819,-64,0,0
58820,-61,0,0
58821,-58,0,0
58822,-55,0,0
58823,-53,0,0
58824,-50,0,0
58825,-47,0,0
58826,-44,0,0
58827,-41,0,0
58828,-38,0,0
58829,-35,0,0
58830,-33,0,0
58831,-30,0,0
58832,-27,0,0
58833,-24,0,0
58834,-21,0,0
58835,-18,0,0
58836,-15,0,0
58837,-12,0,0
58838,-9,0,0
58839,-6,0,0
58840,-3,0,0
58841,0,0,0
58842,3,0,0
58843,6,0,0
58844,9,0,0
58845,12,0,0
58846,15,0,0
58847,18,0,0
58848,21,0,0
58849,24,0,0
58850,27,0,0
58851,31,0,0
58852,33,0,0
58853,36,0,0
58854,40,0,0
58855,42,0,0
58856,45,0,0
58857,48,0,0
58858,51,0,0
58859,54,0,0
58860,57,0,0
58861,60,0,0
58862,63,0,0
58863,65,0,0
58864,68,0,0
58865,71,0,0
58866,74,0,0
58867,77,0,0
58868,79,0,0
58869,82,0,0
58870,85,0,0
58871,88,0,0
58872,91,0,0
58873,93,0,0
58874,96,0,0
58875,99,0,0
58876,102,0,0
58877,104,0,0
58878,107,0,0
58879,110,0,0
58880,113,0,0
58881,116,0,0
58882,119,0,0
58883,121,0,0
58884,124,0,0
58885,127,0,0
58886,130,0,0
58887,133,0,0
58888,136,0,0
58889,139,0,0
58890,141,0,0
58891,144,0,0
58892,147,0,0
58893,150,0,0
58894,153,0,0
58895,155,0,0
58896,158,0,0
58897,161,0,0
58898,163,0,0
58899,166,0,0
58900,169,0,0
58901,171,0,0
58902,174,0,0
58903,176,0,0
58904,179,0,0
58905,181,0,0
58906,184,0,0
58907,186,0,0
58908,188,0,0
58909,191,0,0
58910,193,0,0
58911,195,0,0
58912,198,0,0
58913,200,0,0
58914,202,0,0
58915,204,0,0
58916,206,0,0
58917,208,0,0
58918,211,0,0
58919,213,0,0
58920,215,0,0
58921,218,0,0
58922,220,0,0
58923,222,0,0
58924,224,0,0
58925,227,0,0
58926,229,0,0
58927,231,0,0
58928,234,0,0
58929,236,0,0
58930,238,0,0
58931,240,0,0
58932,243,0,0
58933,245,0,0
58934,247,0,0
58935,250,0,0
58936,252,0,0
58937,254,0,0
58938,257,0,0
58939,259,0,0
58940,261,0,0
58941,263,0,0
58942,265,0,0
58943,267,0,0
58944,269,0,0
58945,271,0,0
58946,273,0,0
58947,275,0,0
58948,277,0,0
58949,279,0,0
58950,281,0,0
58951,283,0,0
58952,284,0,0
58953,286,0,0
58954,287,0,0
58955,289,0,0
58956,290,0,0
58957,292,0,0
58958,293,0,0
58959,295,0,0
58960,296,0,0
58961,297,0,0
58962,299,0,0
58963,300,0,0
58964,302,0,0
58965,303,0,0
58966,304,0,0
58967,306,0,0
58968,307,0,0
58969,308,0,0
58970,310,0,0
58971,311,0,0
58972,313,0,0
58973,314,0,0
58974,316,0,0
58975,317,0,0
58976,318,0,0
58977,319,0,0
58978,321,0,0
58979,323,0,0
58980,324,0,0
58981,325,0,0
58982,327,0,0
58983,328,0,0
58984,329,0,0
58985,330,0,0
58986,332,0,0
58987,333,0,0
58988,334,0,0
58989,335,0,0
58990,336,0,0
58991,337,0,0
58992,338,0,0
58993,339,0,0
58994,341,0,0
58995,341,0,0
58996,342,0,0
58997,343,0,0
58998,344,0,0
58999,345,0,0
59000,346,0,0
59001,346,0,0
59002,347,0,0
59003,348,0,0
59004,348,0,0
59005,349,0,0
59006,350,0,0
59007,350,0,0
59008,351,0,0
59009,351,0,0
59010,352,0,0
59011,352,0,0
59012,353,0,0
59013,353,0,0
59014,354,0,0
59015,354,0,0
59016,354,0,0
59017,355,0,0
59018,355,0,0
59019,356,0,0
59020,356,0,0
59021,357,0,0
59022,357,0,0
59023,357,0,0
59024,357,0,0
59025,358,0,0
59026,358,0,0
59027,358,0,0
59028,358,0,0
59029,358,0,0
59030,359,0,0
59031,359,0,0
59032,359,0,0
59033,359,0,0
59034,359,0,0
59035,359,0,0
59036,359,0,0
59037,359,0,0
59038,359,0,0
59039,359,0,0
59040,359,0,0
59041,359,0,0
59042,359,0,0
59043,359,0,0
59044,359,0,0
59045,358,0,0
59046,358,0,0
59047,358,0,0
59048,358,0,0
59049,358,0,0
59050,357,0,0
59051,357,0,0
59052,357,0,0
59053,357,0,0
59054,356,0,0
59055,356,0,0
59056,355,0,0
59057,355,0,0
59058,354,0,0
59059,354,0,0
59060,353,0,0
59061,353,0,0
59062,352,0,0
59063,352,0,0
59064,351,0,0
59065,350,0,0
59066,350,0,0
59067,349,0,0
59068,348,0,0
59069,347,0,0
59070,346,0,0
59071,346,0,0
59072,345,0,0
59073,344,0,0
59074,343,0,0
59075,342,0,0
59076,341,0,0
59077,340,0,0
59078,339,0,0
59079,338,0,0
59080,337,0,0
59081,336,0,0
59082,335,0,0
59083,334,0,0
59084,333,0,0
59085,332,0,0
59086,331,0,0
59087,330,0,0
59088,329,0,0
59089,328,0,0
59090,327,0,0
59091,326,0,0
59092,325,0,0
59093,323,0,0
59094,322,0,0
59095,321,0,0
59096,320,0,0
59097,319,0,0
59098,317,0,0
59099,316,0,0
59100,315,0,0
59101,314,0,0
59102,313,0,0
59103,311,0,0
59104,310,0,0
59105,308,0,0
59106,307,0,0
59107,306,0,0
59108,305,0,0
59109,303,0,0
59110,302,0,0
59111,300,0,0
59112,299,0,0
59113,298,0,0
59114,296,0,0
59115,295,0,0
59116,293,0,0
59117,292,0,0
59118,290,0,0
59119,289,0,0
59120,287,0,0
59121,286,0,0
59122,284,0,0
59123,283,0,0
59124,281,0,0
59125,280,0,0
59126,278,0,0
59127,277,0,0
59128,275,0,0
59129,273,0,0
59130,272,0,0
59131,270,0,0
59132,269,0,0
59133,267,0,0
59134,265,0,0
59135,263,0,0
59136,262,0,0
59137,260,0,0
59138,258,0,0
59139,256,0,0
59140,255,0,0
59141,253,0,0
59142,251,0,0
59143,249,0,0
59144,247,0,0
59145,245,0,0
59146,243,0,0
59147,241,0,0
59148,240,0,0
59149,238,0,0
59150,236,0,0
59151,234,0,0
59152,232,0,0
59153,230,0,0
59154,228,0,0
59155,226,0,0
59156,224,0,0
59157,222,0,0
59158,220,0,0
59159,218,0,0
59160,217,0,0
59161,215,0,0
59162,213,0,0
59163,211,0,0
59164,209,0,0
59165,207,0,0
59166,205,0,0
59167,203,0,0
59168,201,0,0
59169,199,0,0
59170,197,0,0
59171,195,0,0
59172,193,0,0
59173,190,0,0
59174,189,0,0
59175,187,0,0
59176,184,0,0
59177,182,0,0
59178,180,0,0
59179,178,0,0
59180,176,0,0
59181,174,0,0
59182,172,0,0
59183,170,0,0
59184,168,0,0
59185,166,0,0
59186,164,0,0
59187,162,0,0
59188,160,0,0
59189,158,0,0
59190,156,0,0
59191,154,0,0
59192,152,0,0
59193,150,0,0
59194,149,0,0
59195,147,0,0
59196,145,0,0
59197,143,0,0
59198,141,0,0
59199,139,0,0
59200,137,0,0
59201,136,0,0
59202,134,0,0
59203,132,0,0
59204,130,0,0
59205,128,0,0
59206,126,0,0
59207,125,0,0
59208,123,0,0
59209,121,0,0
59210,119,0,0
59211,117,0,0
59212,115,0,0
59213,113,0,0
59214,111,0,0
59215,109,0,0
59216,107,0,0
59217,105,0,0
59218,103,0,0
59219,101,0,0
59220,99,0,0
59221,97,0,0
59222,95,0,0
59223,92,0,0
59224,90,0,0
59225,88,0,0
59226,86,0,0
59227,84,0,0
59228,82,0,0
59229,80,0,0
59230,78,0,0
59231,76,0,0
59232,74,0,0
59233,72,0,0
59234,70,0,0
59235,68,0,0
59236,66,0,0
59237,64,0,0
59238,62,0,0
59239,60,0,0
59240,58,0,0
59241,57,0,0
59242,55,0,0
59243,53,0,0
59244,52,0,0
59245,50,0,0
59246,49,0,0
59247,47,0,0
59248,45,0,0
59249,44,0,0
59250,42,0,0
59251,40,0,0
59252,39,0,0
59253,37,0,0
59254,36,0,0
59255,34,0,0
59256,33,0,0
59257,31,0,0
59258,29,0,0
59259,28,0,0
59260,26,0,0
59261,25,0,0
59262,23,0,0
59263,21,0,0
59264,20,0,0
59265,18,0,0
59266,16,0,0
59267,15,0,0
59268,13,0,0
59269,11,0,0
59270,10,0,0
59271,8,0,0
59272,6,0,0
59273,5,0,0
59274,3,0,0
59275,1,0,0
59276,0,0,0
59277,-2,0,0
59278,-3,0,0
59279,-5,0,0
59280,-6,0,0
59281,-8,0,0
59282,-9,0,0
59283,-11,0,0
59284,-12,0,0
59285,-14,0,0
59286,-15,0,0
59287,-16,0,0
59288,-18,0,0
59289,-19,0,0
59290,-20,0,0
59291,-22,0,0
59292,-23,0,0
59293,-24,0,0
59294,-25,0,0
59295,-26,0,0
59296,-28,0,0
59297,-29,0,0
59298,-30,0,0
59299,-31,0,0
59300,-32,0,0
59301,-33,0,0
59302,-34,0,0
59303,-35,0,0
59304,-36,0,0
59305,-37,0,0
59306,-38,0,0
59307,-39,0,0
59308,-41,0,0
59309,-41,0,0
59310,-43,0,0
59311,-44,0,0
59312,-44,0,0
59313,-45,0,0
59314,-46,0,0
59315,-47,0,0
59316,-48,0,0
59317,-49,0,0
59318,-50,0,0
59319,-51,0,0
59320,-52,0,0
59321,-53,0,0
59322,-53,0,0
59323,-54,0,0
59324,-55,0,0
59325,-56,0,0
59326,-57,0,0
59327,-57,0,0
59328,-58,0,0
59329,-59,0,0
59330,-59,0,0
59331,-60,0,0
59332,-61,0,0
59333,-61,0,0
59334,-62,0,0
59335,-63,0,0
59336,-63,0,0
59337,-64,0,0
59338,-64,0,0
59339,-65,0,0
59340,-65,0,0
59341,-66,0,0
59342,-67,0,0
59343,-67,0,0
59344,-68,0,0
59345,-68,0,0
59346,-68,0,0
59347,-69,0,0
59348,-69,0,0
59349,-70,0,0
59350,-70,0,0
59351,-71,0,0
59352,-71,0,0
59353,-71,0,0
59354,-71,0,0
59355,-72,0,0
59356,-72,0,0
59357,-73,0,0
59358,-73,0,0
59359,-73,0,0
59360,-74,0,0
59361,-74,0,0
59362,-74,0,0
59363,-74,0,0
59364,-75,0,0
59365,-75,0,0
59366,-75,0,0
59367,-76,0,0
59368,-76,0,0
59369,-76,0,0
59370,-76,0,0
59371,-77,0,0
59372,-77,0,0
59373,-77,0,0
59374,-77,0,0
59375,-77,0,0
59376,-77,0,0
59377,-78,0,0
59378,-78,0,0
59379,-78,0,0
59380,-78,0,0
59381,-78,0,0
59382,-78,0,0
59383,-78,0,0
59384,-78,0,0
59385,-78,0,0
59386,-78,0,0
59387,-78,0,0
59388,-78,0,0
59389,-77,0,0
59390,-77,0,0
59391,-77,0,0
59392,-77,0,0
59393,-77,0,0
59394,-76,0,0
59395,-76,0,0
59396,-76,0,0
59397,-75,0,0
59398,-75,0,0
59399,-74,0,0
59400,-74,0,0
59401,-74,0,0
59402,-74,0,0
59403,-73,0,0
59404,-72,0,0
59405,-72,0,0
59406,-72,0,0
59407,-71,0,0
59408,-71,0,0
59409,-70,0,0
59410,-69,0,0
59411,-69,0,0
59412,-68,0,0
59413,-68,0,0
59414,-67,0,0
59415,-66,0,0
59416,-65,0,0
59417,-65,0,0
59418,-64,0,0
59419,-63,0,0
59420,-63,0,0
59421,-62,0,0
59422,-61,0,0
59423,-60,0,0
59424,-60,0,0
59425,-59,0,0
59426,-58,0,0
59427,-57,0,0
59428,-56,0,0
59429,-56,0,0
59430,-55,0,0
59431,-54,0,0
59432,-54,0,0
59433,-53,0,0
59434,-52,0,0
59435,-51,0,0
59436,-51,0,0
59437,-50,0,0
59438,-50,0,0
59439,-49,0,0
59440,-48,0,0
59441,-48,0,0
59442,-47,0,0
59443,-47,0,0
59444,-46,0,0
59445,-45,0,0
59446,-45,0,0
59447,-44,0,0
59448,-43,0,0
59449,-42,0,0
59450,-42,0,0
59451,-41,0,0
59452,-40,0,0
59453,-39,0,0
59454,-39,0,0
59455,-38,0,0
59456,-37,0,0
59457,-36,0,0
59458,-35,0,0
59459,-34,0,0
59460,-33,0,0
59461,-32,0,0
59462,-31,0,0
59463,-29,0,0
59464,-28,0,0
59465,-27,0,0
59466,-26,0,0
59467,-25,0,0
59468,-24,0,0
59469,-23,0,0
59470,-21,0,0
59471,-20,0,0
59472,-19,0,0
59473,-18,0,0
59474,-17,0,0
59475,-16,0,0
59476,-15,0,0
59477,-13,0,0
59478,-12,0,0
59479,-11,0,0
59480,-10,0,0
59481,-9,0,0
59482,-8,0,0
59483,-7,0,0
59484,-6,0,0
59485,-6,0,0
59486,-5,0,0
59487,-4,0,0
59488,-3,0,0
59489,-2,0,0
59490,-1,0,0
59491,-1,0,0
59492,0,0,0
59493,1,0,0
59494,2,0,0
59495,2,0,0
59496,3,0,0
59497,4,0,0
59498,5,0,0
59499,5,0,0
59500,6,0,0
59501,7,0,0
59502,8,0,0
59503,8,0,0
59504,9,0,0
59505,10,0,0
59506,11,0,0
59507,11,0,0
59508,12,0,0
59509,13,0,0
59510,13,0,0
59511,14,0,0
59512,15,0,0
59513,16,0,0
59514,17,0,0
59515,18,0,0
59516,18,0,0
59517,19,0,0
59518,20,0,0
59519,21,0,0
59520,22,0,0
59521,23,0,0
59522,23,0,0
59523,24,0,0
59524,25,0,0
59525,26,0,0
59526,27,0,0
59527,28,0,0
59528,29,0,0
59529,30,0,0
59530,31,0,0
59531,32,0,0
59532,33,0,0
59533,34,0,0
59534,35,0,0
59535,36,0,0
59536,37,0,0
59537,39,0,0
59538,40,0,0
59539,40,0,0
59540,42,0,0
59541,43,0,0
59542,44,0,0
59543,45,0,0
59544,46,0,0
59545,46,0,0
59546,48,0,0
59547,48,0,0
59548,49,0,0
59549,50,0,0
59550,51,0,0
59551,52,0,0
59552,53,0,0
59553,53,0,0
59554,54,0,0
59555,55,0,0
59556,56,0,0
59557,56,0,0
59558,57,0,0
59559,57,0,0
59560,58,0,0
59561,59,0,0
59562,59,0,0
59563,60,0,0
59564,60,0,0
59565,61,0,0
59566,62,0,0
59567,62,0,0
59568,63,0,0
59569,63,0,0
59570,63,0,0
59571,64,0,0
59572,64,0,0
59573,65,0,0
59574,65,0,0
59575,66,0,0
59576,66,0,0
59577,67,0,0
59578,67,0,0
59579,67,0,0
59580,68,0,0
59581,68,0,0
59582,68,0,0
59583,69,0,0
59584,69,0,0
59585,70,0,0
59586,70,0,0
59587,70,0,0
59588,70,0,0
59589,71,0,0
59590,71,0,0
59591,71,0,0
59592,72,0,0
59593,72,0,0
59594,72,0,0
59595,73,0,0
59596,73,0,0
59597,73,0,0
59598,73,0,0
59599,74,0,0
59600,74,0,0
59601,74,0,0
59602,74,0,0
59603,74,0,0
59604,74,0,0
59605,74,0,0
59606,75,0,0
59607,75,0,0
59608,75,0,0
59609,75,0,0
59610,75,0,0
59611,75,0,0
59612,74,0,0
59613,74,0,0
59614,74,0,0
59615,74,0,0
59616,74,0,0
59617,74,0,0
59618,74,0,0
59619,73,0,0
59620,73,0,0
59621,73,0,0
59622,72,0,0
59623,72,0,0
59624,72,0,0
59625,71,0,0
59626,71,0,0
59627,71,0,0
59628,71,0,0
59629,70,0,0
59630,70,0,0
59631,70,0,0
59632,69,0,0
59633,69,0,0
59634,69,0,0
59635,68,0,0
59636,68,0,0
59637,68,0,0
59638,68,0,0
59639,67,0,0
59640,67,0,0
59641,67,0,0
59642,66,0,0
59643,66,0,0
59644,66,0,0
59645,65,0,0
59646,65,0,0
59647,64,0,0
59648,64,0,0
59649,64,0,0
59650,63,0,0
59651,62,0,0
59652,62,0,0
59653,61,0,0
59654,61,0,0
59655,60,0,0
59656,60,0,0
59657,59,0,0
59658,58,0,0
59659,58,0,0
59660,57,0,0
59661,56,0,0
59662,55,0,0
59663,55,0,0
59664,54,0,0
59665,53,0,0
59666,52,0,0
59667,52,0,0
59668,51,0,0
59669,50,0,0
59670,49,0,0
59671,48,0,0
59672,47,0,0
59673,47,0,0
59674,46,0,0
59675,45,0,0
59676,44,0,0
59677,43,0,0
59678,42,0,0
59679,41,0,0
59680,40,0,0
59681,39,0,0
59682,38,0,0
59683,37,0,0
59684,35,0,0
59685,34,0,0
59686,33,0,0
59687,32,0,0
59688,31,0,0
59689,30,0,0
59690,28,0,0
59691,27,0,0
59692,26,0,0
59693,24,0,0
59694,23,0,0
59695,22,0,0
59696,20,0,0
59697,19,0,0
59698,17,0,0
59699,16,0,0
59700,15,0,0
59701,13,0,0
59702,12,0,0
59703,10,0,0
59704,9,0,0
59705,8,0,0
59706,6,0,0
59707,5,0,0
59708,3,0,0
59709,2,0,0
59710,0,0,0
59711,-1,0,0
59712,-2,0,0
59713,-4,0,0
59714,-5,0,0
59715,-7,0,0
59716,-8,0,0
59717,-9,0,0
59718,-11,0,0
59719,-13,0,0
59720,-14,0,0
59721,-16,0,0
59722,-18,0,0
59723,-19,0,0
59724,-21,0,0
59725,-22,0,0
59726,-24,0,0
59727,-26,0,0
59728,-28,0,0
59729,-29,0,0
59730,-31,0,0
59731,-33,0,0
59732,-35,0,0
59733,-37,0,0
59734,-38,0,0
59735,-40,0,0
59736,-42,0,0
59737,-44,0,0
59738,-46,0,0
59739,-47,0,0
59740,-49,0,0
59741,-51,0,0
59742,-53,0,0
59743,-55,0,0
59744,-56,0,0
59745,-58,0,0
59746,-60,0,0
59747,-62,0,0
59748,-64,0,0
59749,-65,0,0
59750,-67,0,0
59751,-69,0,0
59752,-71,0,0
59753,-73,0,0
59754,-74,0,0
59755,-76,0,0
59756,-78,0,0
59757,-80,0,0
59758,-82,0,0
59759,-84,0,0
59760,-85,0,0
59761,-87,0,0
59762,-89,0,0
59763,-91,0,0
59764,-93,0,0
59765,-95,0,0
59766,-97,0,0
59767,-99,0,0
59768,-101,0,0
59769,-103,0,0
59770,-105,0,0
59771,-107,0,0
59772,-109,0,0
59773,-111,0,0
59774,-113,0,0
59775,-115,0,0
59776,-117,0,0
59777,-119,0,0
59778,-121,0,0
59779,-123,0,0
59780,-125,0,0
59781,-127,0,0
59782,-129,0,0
59783,-131,0,0
59784,-133,0,0
59785,-135,0,0
59786,-137,0,0
59787,-139,0,0
59788,-141,0,0
59789,-143,0,0
59790,-145,0,0
59791,-147,0,0
59792,-149,0,0
59793,-151,0,0
59794,-154,0,0
59795,-156,0,0
59796,-158,0,0
59797,-160,0,0
59798,-162,0,0
59799,-164,0,0
59800,-166,0,0
59801,-168,0,0
59802,-170,0,0
59803,-173,0,0
59804,-175,0,0
59805,-177,0,0
59806,-179,0,0
59807,-181,0,0
59808,-183,0,0
59809,-185,0,0
59810,-187,0,0
59811,-189,0,0
59812,-191,0,0
59813,-193,0,0
59814,-195,0,0
59815,-197,0,0
59816,-199,0,0
59817,-201,0,0
59818,-203,0,0
59819,-205,0,0
59820,-207,0,0
59821,-209,0,0
59822,-211,0,0
59823,-212,0,0
59824,-214,0,0
59825,-216,0,0
59826,-218,0,0
59827,-220,0,0
59828,-221,0,0
59829,-223,0,0
59830,-225,0,0
59831,-227,0,0
59832,-229,0,0
59833,-230,0,0
59834,-232,0,0
59835,-234,0,0
59836,-235,0,0
59837,-237,0,0
59838,-239,0,0
59839,-241,0,0
59840,-243,0,0
59841,-244,0,0
59842,-246,0,0
59843,-248,0,0
59844,-250,0,0
59845,-251,0,0
59846,-253,0,0
59847,-255,0,0
59848,-257,0,0
59849,-258,0,0
59850,-260,0,0
59851,-262,0,0
59852,-264,0,0
59853,-265,0,0
59854,-267,0,0
59855,-269,0,0
59856,-270,0,0
59857,-272,0,0
59858,-274,0,0
59859,-276,0,0
59860,-277,0,0
59861,-279,0,0
59862,-281,0,0
59863,-282,0,0
59864,-284,0,0
59865,-286,0,0
59866,-287,0,0
59867,-289,0,0
59868,-290,0,0
59869,-292,0,0
59870,-294,0,0
59871,-295,0,0
59872,-297,0,0
59873,-298,0,0
59874,-300,0,0
59875,-301,0,0
59876,-303,0,0
59877,-304,0,0
59878,-305,0,0
59879,-307,0,0
59880,-308,0,0
59881,-310,0,0
59882,-311,0,0
59883,-312,0,0
59884,-314,0,0
59885,-315,0,0
59886,-316,0,0
59887,-317,0,0
59888,-319,0,0
59889,-320,0,0
59890,-321,0,0
59891,-322,0,0
59892,-323,0,0
59893,-324,0,0
59894,-325,0,0
59895,-326,0,0
59896,-327,0,0
59897,-328,0,0
59898,-329,0,0
59899,-330,0,0
59900,-331,0,0
59901,-332,0,0
59902,-333,0,0
59903,-334,0,0
59904,-335,0,0
59905,-336,0,0
59906,-337,0,0
59907,-338,0,0
59908,-338,0,0
59909,-339,0,0
59910,-340,0,0
59911,-341,0,0
59912,-342,0,0
59913,-342,0,0
59914,-343,0,0
59915,-344,0,0
59916,-345,0,0
59917,-346,0,0
59918,-346,0,0
59919,-347,0,0
59920,-348,0,0
59921,-348,0,0
59922,-349,0,0
59923,-350,0,0
59924,-350,0,0
59925,-351,0,0
59926,-351,0,0
59927,-352,0,0
59928,-353,0,0
59929,-353,0,0
59930,-354,0,0
59931,-354,0,0
59932,-355,0,0
59933,-355,0,0
59934,-356,0,0
59935,-356,0,0
59936,-357,0,0
59937,-357,0,0
59938,-358,0,0
59939,-358,0,0
59940,-358,0,0
59941,-359,0,0
59942,-359,0,0
59943,-359,0,0
59944,-360,0,0
59945,-360,0,0
59946,-360,0,0
59947,-360,0,0
59948,-360,0,0
59949,-360,0,0
59950,-360,0,0
59951,-360,0,0
59952,-360,0,0
59953,-360,0,0
59954,-360,0,0
59955,-360,0,0
59956,-360,0,0
59957,-360,0,0
59958,-360,0,0
59959,-359,0,0
59960,-359,0,0
59961,-359,0,0
59962,-359,0,0
59963,-358,0,0
59964,-358,0,0
59965,-358,0,0
59966,-357,0,0
59967,-357,0,0
59968,-357,0,0
59969,-356,0,0
59970,-356,0,0
59971,-356,0,0
59972,-355,0,0
59973,-355,0,0
59974,-355,0,0
59975,-354,0,0
59976,-354,0,0
59977,-353,0,0
59978,-353,0,0
59979,-352,0,0
59980,-352,0,0
59981,-351,0,0
59982,-351,0,0
59983,-350,0,0
59984,-350,0,0
59985,-349,0,0
59986,-349,0,0
59987,-348,0,0
59988,-347,0,0
59989,-347,0,0
59990,-346,0,0
59991,-345,0,0
59992,-344,0,0
59993,-343,0,0
59994,-342,0,0
59995,-341,0,0
59996,-340,0,0
59997,-339,0,0
59998,-338,0,0
59999,-337,0,0
60000,-336,0,0
60001,-335,0,0
60002,-333,0,0
60003,-332,0,0
60004,-331,0,0
60005,-330,0,0
60006,-328,0,0
60007,-327,0,0
60008,-326,0,0
60009,-325,0,0
60010,-323,0,0
60011,-322,0,0
60012,-321,0,0
60013,-319,0,0
60014,-318,0,0
60015,-316,0,0
60016,-315,0,0
60017,-313,0,0
60018,-312,0,0
60019,-311,0,0
60020,-309,0,0
60021,-307,0,0
60022,-306,0,0
60023,-304,0,0
60024,-303,0,0
60025,-301,0,0
60026,-300,0,0
60027,-298,0,0
60028,-296,0,0
60029,-295,0,0
60030,-293,0,0
60031,-291,0,0
60032,-290,0,0
60033,-288,0,0
60034,-286,0,0
60035,-284,0,0
60036,-283,0,0
60037,-281,0,0
60038,-279,0,0
60039,-277,0,0
60040,-275,0,0
60041,-274,0,0
60042,-272,0,0
60043,-270,0,0
60044,-268,0,0
60045,-267,0,0
60046,-264,0,0
60047,-263,0,0
60048,-261,0,0
60049,-259,0,0
60050,-257,0,0
60051,-255,0,0
60052,-253,0,0
60053,-251,0,0
60054,-249,0,0
60055,-247,0,0
60056,-245,0,0
60057,-243,0,0
60058,-240,0,0
60059,-238,0,0
60060,-236,0,0
60061,-233,0,0
60062,-231,0,0
60063,-229,0,0
60064,-226,0,0
60065,-224,0,0
60066,-221,0,0
60067,-219,0,0
60068,-216,0,0
60069,-214,0,0
60070,-211,0,0
60071,-209,0,0
60072,-206,0,0
60073,-204,0,0
60074,-201,0,0
60075,-199,0,0
60076,-196,0,0
60077,-193,0,0
60078,-191,0,0
60079,-188,0,0
60080,-186,0,0
60081,-183,0,0
60082,-181,0,0
60083,-178,0,0
60084,-176,0,0
60085,-174,0,0
60086,-171,0,0
60087,-169,0,0
60088,-167,0,0
60089,-164,0,0
60090,-162,0,0
60091,-159,0,0
60092,-157,0,0
60093,-154,0,0
60094,-152,0,0
60095,-149,0,0
60096,-147,0,0
60097,-144,0,0
60098,-142,0,0
60099,-139,0,0
60100,-136,0,0
60101,-134,0,0
60102,-131,0,0
60103,-128,0,0
60104,-125,0,0
60105,-122,0,0
60106,-119,0,0
60107,-117,0,0
60108,-113,0,0
60109,-111,0,0
60110,-108,0,0
60111,-105,0,0
60112,-101,0,0
60113,-99,0,0
60114,-95,0,0
60115,-92,0,0
60116,-89,0,0
60117,-86,0,0
60118,-83,0,0
60119,-80,0,0
60120,-77,0,0
60121,-74,0,0
60122,-71,0,0
60123,-68,0,0
60124,-65,0,0
60125,-62,0,0
60126,-59,0,0
60127,-56,0,0
60128,-53,0,0
60129,-50,0,0
60130,-48,0,0
60131,-44,0,0
60132,-42,0,0
60133,-39,0,0
60134,-36,0,0
60135,-33,0,0
60136,-31,0,0
60137,-28,0,0
60138,-25,0,0
60139,-22,0,0
60140,-19,0,0
60141,-16,0,0
60142,-14,0,0
60143,-11,0,0
60144,-8,0,0
60145,-5,0,0
60146,-2,0,0
60147,1,0,0
60148,3,0,0
60149,7,0,0
60150,9,0,0
60151,12,0,0
60152,15,0,0
60153,18,0,0
60154,21,0,0
60155,24,0,0
60156,27,0,0
60157,30,0,0
60158,33,0,0
60159,36,0,0
60160,39,0,0
60161,42,0,0
60162,45,0,0
60163,48,0,0
60164,51,0,0
60165,54,0,0
60166,57,0,0
60167,60,0,0
60168,63,0,0
60169,66,0,0
60170,69,0,0
60171,72,0,0
60172,75,0,0
60173,78,0,0
60174,81,0,0
60175,84,0,0
60176,87,0,0
60177,90,0,0
60178,93,0,0
60179,96,0,0
60180,99,0,0
60181,102,0,0
60182,104,0,0
60183,107,0,0
60184,110,0,0
60185,113,0,0
60186,116,0,0
60187,118,0,0
60188,121,0,0
60189,124,0,0
60190,126,0,0
60191,129,0,0
60192,131,0,0
60193,134,0,0
60194,136,0,0
60195,139,0,0
60196,141,0,0
60197,144,0,0
60198,146,0,0
60199,149,0,0
60200,151,0,0
60201,154,0,0
60202,156,0,0
60203,159,0,0
60204,161,0,0
60205,164,0,0
60206,167,0,0
60207,169,0,0
60208,172,0,0
60209,174,0,0
60210,177,0,0
60211,179,0,0
60212,182,0,0
60213,185,0,0
60214,187,0,0
60215,190,0,0
60216,192,0,0
60217,195,0,0
60218,197,0,0
60219,200,0,0
60220,202,0,0
60221,205,0,0
60222,207,0,0
60223,210,0,0
60224,212,0,0
60225,215,0,0
60226,217,0,0
60227,220,0,0
60228,222,0,0
60229,224,0,0
60230,226,0,0
60231,228,0,0
60232,231,0,0
60233,233,0,0
60234,235,0,0
60235,237,0,0
60236,239,0,0
60237,241,0,0
60238,243,0,0
60239,245,0,0
60240,247,0,0
60241,249,0,0
60242,251,0,0
60243,253,0,0
60244,255,0,0
60245,257,0,0
60246,259,0,0
60247,261,0,0
60248,263,0,0
60249,265,0,0
60250,267,0,0
60251,269,0,0
60252,271,0,0
60253,273,0,0
60254,275,0,0
60255,277,0,0
60256,278,0,0
60257,280,0,0
60258,282,0,0
60259,284,0,0
60260,286,0,0
60261,288,0,0
60262,289,0,0
60263,291,0,0
60264,293,0,0
60265,294,0,0
60266,296,0,0
60267,298,0,0
60268,299,0,0
60269,301,0,0
60270,303,0,0
60271,304,0,0
60272,306,0,0
60273,307,0,0
60274,309,0,0
60275,310,0,0
60276,312,0,0
60277,313,0,0
60278,315,0,0
60279,316,0,0
60280,318,0,0
60281,319,0,0
60282,320,0,0
60283,322,0,0
60284,323,0,0
60285,325,0,0
60286,326,0,0
60287,327,0,0
60288,328,0,0
60289,329,0,0
60290,331,0,0
60291,332,0,0
60292,333,0,0
60293,334,0,0
60294,335,0,0
60295,336,0,0
60296,337,0,0
60297,338,0,0
60298,339,0,0
60299,340,0,0
60300,341,0,0
60301,341,0,0
60302,342,0,0
60303,343,0,0
60304,343,0,0
60305,344,0,0
60306,344,0,0
60307,345,0,0
60308,345,0,0
60309,346,0,0
60310,346,0,0
60311,347,0,0
60312,347,0,0
60313,348,0,0
60314,349,0,0
60315,349,0,0
60316,350,0,0
60317,350,0,0
60318,350,0,0
60319,351,0,0
60320,351,0,0
60321,352,0,0
60322,352,0,0
60323,353,0,0
60324,353,0,0
60325,354,0,0
60326,354,0,0
60327,355,0,0
60328,355,0,0
60329,356,0,0
60330,356,0,0
60331,357,0,0
60332,357,0,0
60333,357,0,0
60334,358,0,0
60335,358,0,0
60336,358,0,0
60337,358,0,0
60338,359,0,0
60339,359,0,0
60340,359,0,0
60341,359,0,0
60342,359,0,0
60343,359,0,0
60344,359,0,0
60345,359,0,0
60346,359,0,0
60347,359,0,0
60348,358,0,0
60349,358,0,0
60350,358,0,0
60351,358,0,0
60352,357,0,0
60353,357,0,0
60354,357,0,0
60355,357,0,0
60356,356,0,0
60357,356,0,0
60358,356,0,0
60359,355,0,0
60360,355,0,0
60361,354,0,0
60362,354,0,0
60363,354,0,0
60364,353,0,0
60365,353,0,0
60366,352,0,0
60367,352,0,0
60368,351,0,0
60369,351,0,0
60370,350,0,0
60371,349,0,0
60372,349,0,0
60373,348,0,0
60374,347,0,0
60375,347,0,0
60376,346,0,0
60377,345,0,0
60378,344,0,0
60379,343,0,0
60380,343,0,0
60381,342,0,0
60382,341,0,0
60383,340,0,0
60384,339,0,0
60385,338,0,0
60386,337,0,0
60387,336,0,0
60388,335,0,0
60389,334,0,0
60390,333,0,0
60391,332,0,0
60392,331,0,0
60393,330,0,0
60394,329,0,0
60395,328,0,0
60396,327,0,0
60397,326,0,0
60398,325,0,0
60399,324,0,0
60400,323,0,0
60401,322,0,0
60402,321,0,0
60403,320,0,0
60404,319,0,0
60405,318,0,0
60406,317,0,0
60407,315,0,0
60408,314,0,0
60409,313,0,0
60410,312,0,0
60411,311,0,0
60412,310,0,0
60413,309,0,0
60414,307,0,0
60415,306,0,0
60416,305,0,0
60417,303,0,0
60418,302,0,0
60419,301,0,0
60420,299,0,0
60421,298,0,0
60422,296,0,0
60423,295,0,0
60424,293,0,0
60425,292,0,0
60426,290,0,0
60427,288,0,0
60428,287,0,0
60429,285,0,0
60430,283,0,0
60431,282,0,0
60432,280,0,0
60433,278,0,0
60434,277,0,0
60435,275,0,0
60436,273,0,0
60437,271,0,0
60438,269,0,0
60439,268,0,0
60440,266,0,0
60441,264,0,0
60442,262,0,0
60443,260,0,0
60444,258,0,0
60445,257,0,0
60446,255,0,0
60447,253,0,0
60448,251,0,0
60449,249,0,0
60450,247,0,0
60451,245,0,0
60452,243,0,0
60453,241,0,0
60454,239,0,0
60455,237,0,0
60456,235,0,0
60457,233,0,0
60458,231,0,0
60459,229,0,0
60460,227,0,0
60461,225,0,0
60462,224,0,0
60463,222,0,0
60464,220,0,0
60465,218,0,0
60466,216,0,0
60467,214,0,0
60468,213,0,0
60469,211,0,0
60470,209,0,0
60471,207,0,0
60472,205,0,0
60473,204,0,0
60474,202,0,0
60475,200,0,0
60476,198,0,0
60477,197,0,0
60478,195,0,0
60479,193,0,0
60480,191,0,0
60481,189,0,0
60482,187,0,0
60483,185,0,0
60484,183,0,0
60485,182,0,0
60486,180,0,0
60487,177,0,0
60488,175,0,0
60489,173,0,0
60490,171,0,0
60491,169,0,0
60492,166,0,0
60493,164,0,0
60494,162,0,0
60495,160,0,0
60496,157,0,0
60497,155,0,0
60498,153,0,0
60499,151,0,0
60500,149,0,0
60501,147,0,0
60502,144,0,0
60503,142,0,0
60504,140,0,0
60505,138,0,0
60506,136,0,0
60507,134,0,0
60508,132,0,0
60509,130,0,0
60510,128,0,0
60511,126,0,0
60512,124,0,0
60513,123,0,0
60514,121,0,0
60515,119,0,0
60516,117,0,0
60517,116,0,0
60518,114,0,0
60519,112,0,0
60520,110,0,0
60521,109,0,0
60522,107,0,0
60523,105,0,0
60524,103,0,0
60525,102,0,0
60526,100,0,0
60527,98,0,0
60528,96,0,0
60529,95,0,0
60530,93,0,0
60531,91,0,0
60532,89,0,0
60533,87,0,0
60534,85,0,0
60535,83,0,0
60536,81,0,0
60537,79,0,0
60538,77,0,0
60539,75,0,0
60540,73,0,0
60541,71,0,0
60542,69,0,0
60543,67,0,0
60544,65,0,0
60545,63,0,0
60546,61,0,0
60547,59,0,0
60548,57,0,0
60549,55,0,0
60550,53,0,0
60551,51,0,0
60552,49,0,0
60553,47,0,0
60554,45,0,0
60555,43,0,0
60556,41,0,0
60557,39,0,0
60558,37,0,0
60559,35,0,0
60560,33,0,0
60561,32,0,0
60562,30,0,0
60563,28,0,0
60564,27,0,0
60565,25,0,0
60566,24,0,0
60567,22,0,0
60568,20,0,0
60569,19,0,0
60570,18,0,0
60571,16,0,0
60572,15,0,0
60573,13,0,0
60574,12,0,0
60575,11,0,0
60576,9,0,0
60577,8,0,0
60578,7,0,0
60579,5,0,0
60580,4,0,0
60581,3,0,0
60582,1,0,0
60583,0,0,0
60584,-1,0,0
60585,-3,0,0
60586,-4,0,0
60587,-5,0,0
60588,-7,0,0
60589,-8,0,0
60590,-9,0,0
60591,-11,0,0
60592,-12,0,0
60593,-13,0,0
60594,-15,0,0
60595,-16,0,0
60596,-17,0,0
60597,-19,0,0
60598,-20,0,0
60599,-21,0,0
60600,-23,0,0
60601,-24,0,0
60602,-25,0,0
60603,-26,0,0
60604,-28,0,0
60605,-29,0,0
60606,-30,0,0
60607,-31,0,0
60608,-32,0,0
60609,-33,0,0
60610,-34,0,0
60611,-35,0,0
60612,-36,0,0
60613,-37,0,0
60614,-38,0,0
60615,-39,0,0
60616,-40,0,0
60617,-41,0,0
60618,-42,0,0
60619,-43,0,0
60620,-44,0,0
60621,-45,0,0
60622,-46,0,0
60623,-47,0,0
60624,-48,0,0
60625,-49,0,0
60626,-49,0,0
60627,-50,0,0
60628,-51,0,0
60629,-52,0,0
60630,-53,0,0
60631,-54,0,0
60632,-55,0,0
60633,-56,0,0
60634,-56,0,0
60635,-57,0,0
60636,-58,0,0
60637,-59,0,0
60638,-60,0,0
60639,-61,0,0
60640,-61,0,0
60641,-62,0,0
60642,-63,0,0
60643,-64,0,0
60644,-64,0,0
60645,-65,0,0
60646,-66,0,0
60647,-66,0,0
60648,-67,0,0
60649,-67,0,0
60650,-68,0,0
60651,-68,0,0
60652,-69,0,0
60653,-69,0,0
60654,-69,0,0
60655,-70,0,0
60656,-70,0,0
60657,-71,0,0
60658,-71,0,0
60659,-71,0,0
60660,-71,0,0
60661,-72,0,0
60662,-72,0,0
60663,-72,0,0
60664,-72,0,0
60665,-72,0,0
60666,-73,0,0
60667,-73,0,0
60668,-73,0,0
60669,-73,0,0
60670,-73,0,0
60671,-74,0,0
60672,-74,0,0
60673,-74,0,0
60674,-74,0,0
60675,-74,0,0
60676,-74,0,0
60677,-74,0,0
60678,-74,0,0
60679,-74,0,0
60680,-75,0,0
60681,-75,0,0
60682,-75,0,0
60683,-75,0,0
60684,-75,0,0
60685,-75,0,0
60686,-75,0,0
60687,-75,0,0
60688,-75,0,0
60689,-75,0,0
60690,-75,0,0
60691,-75,0,0
60692,-75,0,0
60693,-75,0,0
60694,-75,0,0
60695,-75,0,0
60696,-75,0,0
60697,-74,0,0
60698,-74,0,0
60699,-74,0,0
60700,-74,0,0
60701,-74,0,0
60702,-73,0,0
60703,-73,0,0
60704,-73,0,0
60705,-72,0,0
60706,-72,0,0
60707,-72,0,0
60708,-71,0,0
60709,-71,0,0
60710,-70,0,0
60711,-70,0,0
60712,-69,0,0
60713,-69,0,0
60714,-68,0,0
60715,-68,0,0
60716,-67,0,0
60717,-67,0,0
60718,-66,0,0
60719,-66,0,0
60720,-66,0,0
60721,-65,0,0
60722,-65,0,0
60723,-64,0,0
60724,-63,0,0
60725,-63,0,0
60726,-63,0,0
60727,-62,0,0
60728,-62,0,0
60729,-61,0,0
60730,-61,0,0
60731,-60,0,0
60732,-59,0,0
60733,-59,0,0
60734,-58,0,0
60735,-58,0,0
60736,-57,0,0
60737,-56,0,0
60738,-56,0,0
60739,-55,0,0
60740,-54,0,0
60741,-54,0,0
60742,-53,0,0
60743,-52,0,0
60744,-51,0,0
60745,-50,0,0
60746,-49,0,0
60747,-48,0,0
60748,-48,0,0
60749,-47,0,0
60750,-46,0,0
60751,-45,0,0
60752,-44,0,0
60753,-43,0,0
60754,-42,0,0
60755,-41,0,0
60756,-40,0,0
60757,-40,0,0
60758,-39,0,0
60759,-38,0,0
60760,-37,0,0
60761,-36,0,0
60762,-35,0,0
60763,-34,0,0
60764,-33,0,0
60765,-33,0,0
60766,-32,0,0
60767,-31,0,0
60768,-30,0,0
60769,-29,0,0
60770,-28,0,0
60771,-28,0,0
60772,-27,0,0
60773,-26,0,0
60774,-25,0,0
60775,-24,0,0
60776,-24,0,0
60777,-23,0,0
60778,-22,0,0
60779,-21,0,0
60780,-20,0,0
60781,-19,0,0
60782,-18,0,0
60783,-17,0,0
60784,-16,0,0
60785,-15,0,0
60786,-14,0,0
60787,-13,0,0
60788,-12,0,0
60789,-11,0,0
60790,-10,0,0
60791,-9,0,0
60792,-8,0,0
60793,-7,0,0
60794,-6,0,0
60795,-5,0,0
60796,-4,0,0
60797,-3,0,0
60798,-2,0,0
60799,-1,0,0
60800,0,0,0
60801,1,0,0
60802,2,0,0
60803,2,0,0
60804,3,0,0
60805,4,0,0
60806,5,0,0
60807,6,0,0
60808,7,0,0
60809,8,0,0
60810,9,0,0
60811,9,0,0
60812,10,0,0
60813,11,0,0
60814,12,0,0
60815,13,0,0
60816,14,0,0
60817,15,0,0
60818,16,0,0
60819,17,0,0
60820,18,0,0
60821,19,0,0
60822,20,0,0
60823,21,0,0
60824,22,0,0
60825,23,0,0
60826,24,0,0
60827,25,0,0
60828,26,0,0
60829,27,0,0
60830,28,0,0
60831,29,0,0
60832,31,0,0
60833,31,0,0
60834,33,0,0
60835,34,0,0
60836,34,0,0
60837,35,0,0
60838,37,0,0
60839,37,0,0
60840,38,0,0
60841,39,0,0
60842,40,0,0
60843,41,0,0
60844,41,0,0
60845,42,0,0
60846,43,0,0
60847,43,0,0
60848,44,0,0
60849,45,0,0
60850,45,0,0
60851,46,0,0
60852,47,0,0
60853,47,0,0
60854,48,0,0
60855,48,0,0
60856,49,0,0
60857,49,0,0
60858,50,0,0
60859,51,0,0
60860,51,0,0
60861,52,0,0
60862,53,0,0
60863,53,0,0
60864,54,0,0
60865,55,0,0
60866,55,0,0
60867,56,0,0
60868,57,0,0
60869,57,0,0
60870,58,0,0
60871,59,0,0
60872,59,0,0
60873,60,0,0
60874,61,0,0
60875,62,0,0
60876,62,0,0
60877,63,0,0
60878,64,0,0
60879,64,0,0
60880,65,0,0
60881,65,0,0
60882,66,0,0
60883,66,0,0
60884,67,0,0
60885,67,0,0
60886,68,0,0
60887,68,0,0
60888,68,0,0
60889,69,0,0
60890,69,0,0
60891,70,0,0
60892,70,0,0
60893,70,0,0
60894,70,0,0
60895,71,0,0
60896,71,0,0
60897,71,0,0
60898,72,0,0
60899,72,0,0
60900,72,0,0
60901,72,0,0
60902,72,0,0
60903,73,0,0
60904,73,0,0
60905,73,0,0
60906,73,0,0
60907,74,0,0
60908,74,0,0
60909,74,0,0
60910,74,0,0
60911,74,0,0
60912,75,0,0
60913,75,0,0
60914,75,0,0
60915,75,0,0
60916,75,0,0
60917,75,0,0
60918,75,0,0
60919,75,0,0
60920,75,0,0
60921,75,0,0
60922,76,0,0
60923,75,0,0
60924,75,0,0
60925,75,0,0
60926,75,0,0
60927,75,0,0
60928,75,0,0
60929,75,0,0
60930,75,0,0
60931,74,0,0
60932,74,0,0
60933,74,0,0
60934,74,0,0
60935,73,0,0
60936,73,0,0
60937,73,0,0
60938,72,0,0
60939,72,0,0
60940,72,0,0
60941,71,0,0
60942,71,0,0
60943,71,0,0
60944,70,0,0
60945,70,0,0
60946,69,0,0
60947,68,0,0
60948,68,0,0
60949,67,0,0
60950,67,0,0
60951,66,0,0
60952,66,0,0
60953,65,0,0
60954,64,0,0
60955,64,0,0
60956,63,0,0
60957,62,0,0
60958,62,0,0
60959,61,0,0
60960,60,0,0
60961,60,0,0
60962,59,0,0
60963,58,0,0
60964,57,0,0
60965,57,0,0
60966,56,0,0
60967,55,0,0
60968,54,0,0
60969,54,0,0
60970,53,0,0
60971,52,0,0
60972,51,0,0
60973,51,0,0
60974,50,0,0
60975,49,0,0
60976,48,0,0
60977,47,0,0
60978,46,0,0
60979,45,0,0
60980,45,0,0
60981,44,0,0
60982,43,0,0
60983,42,0,0
60984,41,0,0
60985,40,0,0
60986,39,0,0
60987,38,0,0
60988,37,0,0
60989,36,0,0
60990,34,0,0
60991,33,0,0
60992,32,0,0
60993,31,0,0
60994,30,0,0
60995,29,0,0
60996,28,0,0
60997,26,0,0
60998,25,0,0
60999,24,0,0
61000,23,0,0
61001,22,0,0
61002,20,0,0
61003,19,0,0
61004,18,0,0
61005,16,0,0
61006,15,0,0
61007,14,0,0
61008,12,0,0
61009,11,0,0
61010,10,0,0
61011,8,0,0
61012,7,0,0
61013,5,0,0
61014,4,0,0
61015,3,0,0
61016,1,0,0
61017,0,0,0
61018,-2,0,0
61019,-3,0,0
61020,-5,0,0
61021,-6,0,0
61022,-8,0,0
61023,-9,0,0
61024,-11,0,0
61025,-12,0,0
61026,-14,0,0
61027,-15,0,0
61028,-17,0,0
61029,-18,0,0
61030,-20,0,0
61031,-22,0,0
61032,-23,0,0
61033,-25,0,0
61034,-26,0,0
61035,-28,0,0
61036,-29,0,0
61037,-31,0,0
61038,-33,0,0
61039,-34,0,0
61040,-36,0,0
61041,-37,0,0
61042,-39,0,0
61043,-40,0,0
61044,-42,0,0
61045,-44,0,0
61046,-45,0,0
61047,-47,0,0
61048,-49,0,0
61049,-51,0,0
61050,-52,0,0
61051,-54,0,0
61052,-56,0,0
61053,-58,0,0
61054,-60,0,0
61055,-62,0,0
61056,-64,0,0
61057,-66,0,0
61058,-68,0,0
61059,-70,0,0
61060,-72,0,0
61061,-74,0,0
61062,-76,0,0
61063,-78,0,0
61064,-80,0,0
61065,-82,0,0
61066,-84,0,0
61067,-86,0,0
61068,-88,0,0
61069,-90,0,0
61070,-92,0,0
61071,-94,0,0
61072,-97,0,0
61073,-99,0,0
61074,-101,0,0
61075,-103,0,0
61076,-105,0,0
61077,-107,0,0
61078,-108,0,0
61079,-110,0,0
61080,-112,0,0
61081,-114,0,0
61082,-116,0,0
61083,-118,0,0
61084,-120,0,0
61085,-122,0,0
61086,-124,0,0
61087,-126,0,0
61088,-128,0,0
61089,-130,0,0
61090,-132,0,0
61091,-135,0,0
61092,-137,0,0
61093,-139,0,0
61094,-141,0,0
61095,-143,0,0
61096,-145,0,0
61097,-147,0,0
61098,-149,0,0
61099,-151,0,0
61100,-154,0,0
61101,-156,0,0
61102,-158,0,0
61103,-160,0,0
61104,-162,0,0
61105,-164,0,0
61106,-166,0,0
61107,-169,0,0
61108,-171,0,0
61109,-173,0,0
61110,-175,0,0
61111,-177,0,0
61112,-179,0,0
61113,-181,0,0
61114,-183,0,0
61115,-185,0,0
61116,-187,0,0
61117,-189,0,0
61118,-191,0,0
61119,-192,0,0
61120,-194,0,0
61121,-196,0,0
61122,-198,0,0
61123,-200,0,0
61124,-202,0,0
61125,-203,0,0
61126,-205,0,0
61127,-207,0,0
61128,-209,0,0
61129,-211,0,0
61130,-213,0,0
61131,-215,0,0
61132,-216,0,0
61133,-218,0,0
61134,-220,0,0
61135,-222,0,0
61136,-224,0,0
61137,-226,0,0
61138,-228,0,0
61139,-230,0,0
61140,-232,0,0
61141,-234,0,0
61142,-235,0,0
61143,-237,0,0
61144,-239,0,0
61145,-241,0,0
61146,-243,0,0
61147,-245,0,0
61148,-246,0,0
61149,-248,0,0
61150,-250,0,0
61151,-252,0,0
61152,-253,0,0
61153,-255,0,0
61154,-257,0,0
61155,-258,0,0
61156,-260,0,0
61157,-262,0,0
61158,-264,0,0
61159,-265,0,0
61160,-267,0,0
61161,-269,0,0
61162,-270,0,0
61163,-272,0,0
61164,-274,0,0
61165,-275,0,0
61166,-277,0,0
61167,-279,0,0
61168,-280,0,0
61169,-282,0,0
61170,-284,0,0
61171,-286,0,0
61172,-287,0,0
61173,-289,0,0
61174,-291,0,0
61175,-292,0,0
61176,-294,0,0
61177,-296,0,0
61178,-297,0,0
61179,-299,0,0
61180,-300,0,0
61181,-302,0,0
61182,-303,0,0
61183,-305,0,0
61184,-306,0,0
61185,-307,0,0
61186,-309,0,0
61187,-310,0,0
61188,-311,0,0
61189,-313,0,0
61190,-314,0,0
61191,-315,0,0
61192,-316,0,0
61193,-317,0,0
61194,-318,0,0
61195,-320,0,0
61196,-320,0,0
61197,-322,0,0
61198,-323,0,0
61199,-324,0,0
61200,-325,0,0
61201,-326,0,0
61202,-327,0,0
61203,-328,0,0
61204,-329,0,0
61205,-330,0,0
61206,-331,0,0
61207,-332,0,0
61208,-333,0,0
61209,-334,0,0
61210,-335,0,0
61211,-336,0,0
61212,-337,0,0
61213,-338,0,0
61214,-340,0,0
61215,-340,0,0
61216,-341,0,0
61217,-342,0,0
61218,-344,0,0
61219,-344,0,0
61220,-345,0,0
61221,-346,0,0
61222,-347,0,0
61223,-348,0,0
61224,-349,0,0
61225,-350,0,0
61226,-350,0,0
61227,-351,0,0
61228,-352,0,0
61229,-352,0,0
61230,-353,0,0
61231,-354,0,0
61232,-354,0,0
61233,-354,0,0
61234,-355,0,0
61235,-355,0,0
61236,-356,0,0
61237,-356,0,0
61238,-356,0,0
61239,-356,0,0
61240,-357,0,0
61241,-357,0,0
61242,-357,0,0
61243,-357,0,0
61244,-357,0,0
61245,-358,0,0
61246,-358,0,0
61247,-358,0,0
61248,-358,0,0
61249,-358,0,0
61250,-358,0,0
61251,-358,0,0
61252,-359,0,0
61253,-359,0,0
61254,-359,0,0
61255,-359,0,0
61256,-359,0,0
61257,-359,0,0
61258,-359,0,0
61259,-359,0,0
61260,-359,0,0
61261,-359,0,0
61262,-359,0,0
61263,-360,0,0
61264,-359,0,0
61265,-359,0,0
61266,-359,0,0
61267,-359,0,0
61268,-359,0,0
61269,-359,0,0
61270,-359,0,0
61271,-358,0,0
61272,-358,0,0
61273,-358,0,0
61274,-358,0,0
61275,-357,0,0
61276,-357,0,0
61277,-356,0,0
61278,-356,0,0
61279,-355,0,0
61280,-355,0,0
61281,-354,0,0
61282,-354,0,0
61283,-353,0,0
61284,-352,0,0
61285,-352,0,0
61286,-351,0,0
61287,-350,0,0
61288,-350,0,0
61289,-349,0,0
61290,-348,0,0
61291,-347,0,0
61292,-347,0,0
61293,-346,0,0
61294,-345,0,0
61295,-344,0,0
61296,-343,0,0
61297,-343,0,0
61298,-342,0,0
61299,-341,0,0
61300,-340,0,0
61301,-339,0,0
61302,-338,0,0
61303,-337,0,0
61304,-336,0,0
61305,-335,0,0
61306,-334,0,0
61307,-333,0,0
61308,-332,0,0
61309,-331,0,0
61310,-330,0,0
61311,-329,0,0
61312,-328,0,0
61313,-327,0,0
61314,-325,0,0
61315,-324,0,0
61316,-323,0,0
61317,-322,0,0
61318,-320,0,0
61319,-319,0,0
61320,-318,0,0
61321,-316,0,0
61322,-315,0,0
61323,-313,0,0
61324,-312,0,0
61325,-310,0,0
61326,-309,0,0
61327,-307,0,0
61328,-306,0,0
61329,-304,0,0
61330,-303,0,0
61331,-301,0,0
61332,-299,0,0
61333,-298,0,0
61334,-296,0,0
61335,-294,0,0
61336,-293,0,0
61337,-291,0,0
61338,-289,0,0
61339,-287,0,0
61340,-286,0,0
61341,-284,0,0
61342,-282,0,0
61343,-280,0,0
61344,-278,0,0
61345,-277,0,0
61346,-275,0,0
61347,-273,0,0
61348,-271,0,0
61349,-269,0,0
61350,-267,0,0
61351,-265,0,0
61352,-263,0,0
61353,-261,0,0
61354,-259,0,0
61355,-257,0,0
61356,-255,0,0
61357,-253,0,0
61358,-251,0,0
61359,-249,0,0
61360,-247,0,0
61361,-245,0,0
61362,-243,0,0
61363,-241,0,0
61364,-238,0,0
61365,-236,0,0
61366,-234,0,0
61367,-232,0,0
61368,-229,0,0
61369,-227,0,0
61370,-225,0,0
61371,-223,0,0
61372,-220,0,0
61373,-218,0,0
61374,-216,0,0
61375,-214,0,0
61376,-211,0,0
61377,-209,0,0
61378,-206,0,0
61379,-204,0,0
61380,-202,0,0
61381,-199,0,0
61382,-196,0,0
61383,-194,0,0
61384,-191,0,0
61385,-189,0,0
61386,-186,0,0
61387,-184,0,0
61388,-181,0,0
61389,-178,0,0
61390,-176,0,0
61391,-173,0,0
61392,-170,0,0
61393,-167,0,0
61394,-165,0,0
61395,-162,0,0
61396,-159,0,0
61397,-157,0,0
61398,-154,0,0
61399,-151,0,0
61400,-149,0,0
61401,-146,0,0
61402,-143,0,0
61403,-141,0,0
61404,-138,0,0
61405,-135,0,0
61406,-133,0,0
61407,-130,0,0
61408,-128,0,0
61409,-125,0,0
61410,-122,0,0
61411,-120,0,0
61412,-117,0,0
61413,-114,0,0
61414,-112,0,0
61415,-109,0,0
61416,-107,0,0
61417,-104,0,0
61418,-102,0,0
61419,-99,0,0
61420,-96,0,0
61421,-94,0,0
61422,-91,0,0
61423,-88,0,0
61424,-85,0,0
61425,-83,0,0
61426,-80,0,0
61427,-78,0,0
61428,-75,0,0
61429,-72,0,0
61430,-69,0,0
61431,-66,0,0
61432,-63,0,0
61433,-60,0,0
61434,-57,0,0
61435,-54,0,0
61436,-51,0,0
61437,-48,0,0
61438,-45,0,0
61439,-42,0,0
61440,-39,0,0
61441,-36,0,0
61442,-33,0,0
61443,-30,0,0
61444,-27,0,0
61445,-24,0,0
61446,-21,0,0
61447,-18,0,0
61448,-15,0,0
61449,-12,0,0
61450,-9,0,0
61451,-6,0,0
61452,-3,0,0
61453,1,0,0
61454,3,0,0
61455,7,0,0
61456,9,0,0
61457,12,0,0
61458,15,0,0
61459,18,0,0
61460,21,0,0
61461,24,0,0
61462,27,0,0
61463,30,0,0
61464,33,0,0
61465,36,0,0
61466,39,0,0
61467,42,0,0
61468,45,0,0
61469,48,0,0
61470,51,0,0
61471,54,0,0
61472,57,0,0
61473,60,0,0
61474,63,0,0
61475,65,0,0
61476,68,0,0
61477,71,0,0
61478,74,0,0
61479,77,0,0
61480,80,0,0
61481,83,0,0
61482,85,0,0
61483,88,0,0
61484,91,0,0
61485,94,0,0
61486,96,0,0
61487,99,0,0
61488,102,0,0
61489,104,0,0
61490,107,0,0
61491,110,0,0
61492,112,0,0
61493,115,0,0
61494,118,0,0
61495,120,0,0
61496,123,0,0
61497,126,0,0
61498,128,0,0
61499,131,0,0
61500,134,0,0
61501,136,0,0
61502,139,0,0
61503,141,0,0
61504,144,0,0
61505,147,0,0
61506,150,0,0
61507,152,0,0
61508,155,0,0
61509,158,0,0
61510,161,0,0
61511,163,0,0
61512,166,0,0
61513,169,0,0
61514,171,0,0
61515,174,0,0
61516,177,0,0
61517,179,0,0
61518,182,0,0
61519,185,0,0
61520,187,0,0
61521,190,0,0
61522,192,0,0
61523,195,0,0
61524,197,0,0
61525,200,0,0
61526,202,0,0
61527,205,0,0
61528,207,0,0
61529,209,0,0
61530,212,0,0
61531,214,0,0
61532,216,0,0
61533,219,0,0
61534,221,0,0
61535,223,0,0
61536,225,0,0
61537,227,0,0
61538,230,0,0
61539,232,0,0
61540,234,0,0
61541,236,0,0
61542,238,0,0
61543,240,0,0
61544,243,0,0
61545,245,0,0
61546,247,0,0
61547,249,0,0
61548,251,0,0
61549,253,0,0
61550,255,0,0
61551,257,0,0
61552,260,0,0
61553,262,0,0
61554,264,0,0
61555,266,0,0
61556,268,0,0
61557,270,0,0
61558,272,0,0
61559,274,0,0
61560,276,0,0
61561,278,0,0
61562,280,0,0
61563,281,0,0
61564,283,0,0
61565,285,0,0
61566,287,0,0
61567,289,0,0
61568,290,0,0
61569,292,0,0
61570,293,0,0
61571,295,0,0
61572,296,0,0
61573,298,0,0
61574,299,0,0
61575,301,0,0
61576,302,0,0
61577,304,0,0
61578,305,0,0
61579,307,0,0
61580,308,0,0
61581,309,0,0
61582,311,0,0
61583,312,0,0
61584,314,0,0
61585,315,0,0
61586,316,0,0
61587,318,0,0
61588,319,0,0
61589,320,0,0
61590,322,0,0
61591,323,0,0
61592,324,0,0
61593,326,0,0
61594,327,0,0
61595,328,0,0
61596,330,0,0
61597,331,0,0
61598,332,0,0
61599,334,0,0
61600,335,0,0
61601,336,0,0
61602,337,0,0
61603,338,0,0
61604,339,0,0
61605,340,0,0
61606,341,0,0
61607,342,0,0
61608,343,0,0
61609,344,0,0
61610,345,0,0
61611,345,0,0
61612,346,0,0
61613,347,0,0
61614,347,0,0
61615,348,0,0
61616,348,0,0
61617,349,0,0
61618,350,0,0
61619,350,0,0
61620,351,0,0
61621,351,0,0
61622,352,0,0
61623,352,0,0
61624,352,0,0
61625,353,0,0
61626,353,0,0
61627,353,0,0
61628,354,0,0
61629,354,0,0
61630,354,0,0
61631,354,0,0
61632,355,0,0
61633,355,0,0
61634,355,0,0
61635,356,0,0
61636,356,0,0
61637,356,0,0
61638,356,0,0
61639,356,0,0
61640,356,0,0
61641,357,0,0
61642,357,0,0
61643,357,0,0
61644,357,0,0
61645,357,0,0
61646,358,0,0
61647,358,0,0
61648,358,0,0
61649,358,0,0
61650,358,0,0
61651,358,0,0
61652,358,0,0
61653,358,0,0
61654,358,0,0
61655,358,0,0
61656,358,0,0
61657,358,0,0
61658,357,0,0
61659,357,0,0
61660,357,0,0
61661,357,0,0
61662,357,0,0
61663,357,0,0
61664,356,0,0
61665,356,0,0
61666,356,0,0
61667,356,0,0
61668,355,0,0
61669,355,0,0
61670,354,0,0
61671,354,0,0
61672,353,0,0
61673,353,0,0
61674,352,0,0
61675,352,0,0
61676,351,0,0
61677,351,0,0
61678,350,0,0
61679,349,0,0
61680,349,0,0
61681,348,0,0
61682,347,0,0
61683,347,0,0
61684,346,0,0
61685,345,0,0
61686,344,0,0
61687,343,0,0
61688,342,0,0
61689,341,0,0
61690,341,0,0
61691,339,0,0
61692,338,0,0
61693,337,0,0
61694,336,0,0
61695,335,0,0
61696,334,0,0
61697,333,0,0
61698,332,0,0
61699,331,0,0
61700,330,0,0
61701,328,0,0
61702,327,0,0
61703,326,0,0
61704,325,0,0
61705,323,0,0
61706,322,0,0
61707,321,0,0
61708,319,0,0
61709,318,0,0
61710,317,0,0
61711,315,0,0
61712,314,0,0
61713,313,0,0
61714,311,0,0
61715,310,0,0
61716,308,0,0
61717,307,0,0
61718,306,0,0
61719,304,0,0
61720,303,0,0
61721,301,0,0
61722,300,0,0
61723,299,0,0
61724,297,0,0
61725,296,0,0
61726,295,0,0
61727,293,0,0
61728,292,0,0
61729,290,0,0
61730,289,0,0
61731,288,0,0
61732,286,0,0
61733,285,0,0
61734,283,0,0
61735,282,0,0
61736,280,0,0
61737,279,0,0
61738,277,0,0
61739,276,0,0
61740,274,0,0
61741,272,0,0
61742,271,0,0
61743,269,0,0
61744,268,0,0
61745,266,0,0
61746,264,0,0
61747,263,0,0
61748,261,0,0
61749,259,0,0
61750,257,0,0
61751,256,0,0
61752,254,0,0
61753,252,0,0
61754,250,0,0
61755,248,0,0
61756,247,0,0
61757,245,0,0
61758,243,0,0
61759,241,0,0
61760,239,0,0
61761,237,0,0
61762,236,0,0
61763,234,0,0
61764,232,0,0
61765,230,0,0
61766,228,0,0
61767,226,0,0
61768,224,0,0
61769,223,0,0
61770,221,0,0
61771,219,0,0
61772,217,0,0
61773,215,0,0
61774,213,0,0
61775,211,0,0
61776,209,0,0
61777,207,0,0
61778,206,0,0
61779,204,0,0
61780,202,0,0
61781,200,0,0
61782,198,0,0
61783,196,0,0
61784,194,0,0
61785,192,0,0
61786,190,0,0
61787,188,0,0
61788,186,0,0
61789,184,0,0
61790,182,0,0
61791,180,0,0
61792,178,0,0
61793,176,0,0
61794,174,0,0
61795,172,0,0
61796,170,0,0
61797,168,0,0
61798,166,0,0
61799,164,0,0
61800,162,0,0
61801,160,0,0
61802,158,0,0
61803,156,0,0
61804,154,0,0
61805,152,0,0
61806,150,0,0
61807,148,0,0
61808,146,0,0
61809,144,0,0
61810,142,0,0
61811,140,0,0
61812,138,0,0
61813,136,0,0
61814,133,0,0
61815,132,0,0
61816,130,0,0
61817,128,0,0
61818,126,0,0
61819,123,0,0
61820,122,0,0
61821,120,0,0
61822,118,0,0
61823,116,0,0
61824,114,0,0
61825,112,0,0
61826,110,0,0
61827,108,0,0
61828,106,0,0
61829,104,0,0
61830,102,0,0
61831,100,0,0
61832,98,0,0
61833,96,0,0
61834,94,0,0
61835,92,0,0
61836,90,0,0
61837,88,0,0
61838,86,0,0
61839,84,0,0
61840,82,0,0
61841,80,0,0
61842,78,0,0
61843,76,0,0
61844,74,0,0
61845,72,0,0
61846,70,0,0
61847,69,0,0
61848,67,0,0
61849,65,0,0
61850,63,0,0
61851,61,0,0
61852,59,0,0
61853,57,0,0
61854,55,0,0
61855,53,0,0
61856,52,0,0
61857,50,0,0
61858,48,0,0
61859,46,0,0
61860,44,0,0
61861,43,0,0
61862,41,0,0
61863,39,0,0
61864,38,0,0
61865,36,0,0
61866,35,0,0
61867,33,0,0
61868,32,0,0
61869,30,0,0
61870,28,0,0
61871,27,0,0
61872,25,0,0
61873,24,0,0
61874,22,0,0
61875,21,0,0
61876,19,0,0
61877,18,0,0
61878,16,0,0
61879,15,0,0
61880,13,0,0
61881,12,0,0
61882,10,0,0
61883,9,0,0
61884,7,0,0
61885,6,0,0
61886,4,0,0
61887,3,0,0
61888,1,0,0
61889,0,0,0
61890,-2,0,0
61891,-3,0,0
61892,-5,0,0
61893,-6,0,0
61894,-8,0,0
61895,-9,0,0
61896,-11,0,0
61897,-12,0,0
61898,-14,0,0
61899,-15,0,0
61900,-16,0,0
61901,-18,0,0
61902,-19,0,0
61903,-20,0,0
61904,-22,0,0
61905,-23,0,0
61906,-24,0,0
61907,-26,0,0
61908,-27,0,0
61909,-28,0,0
61910,-29,0,0
61911,-31,0,0
61912,-32,0,0
61913,-33,0,0
61914,-34,0,0
61915,-36,0,0
61916,-37,0,0
61917,-38,0,0
61918,-39,0,0
61919,-40,0,0
61920,-41,0,0
61921,-42,0,0
61922,-44,0,0
61923,-45,0,0
61924,-46,0,0
61925,-47,0,0
61926,-48,0,0
61927,-49,0,0
61928,-50,0,0
61929,-51,0,0
61930,-52,0,0
61931,-53,0,0
61932,-54,0,0
61933,-55,0,0
61934,-56,0,0
61935,-56,0,0
61936,-57,0,0
61937,-58,0,0
61938,-59,0,0
61939,-60,0,0
61940,-60,0,0
61941,-61,0,0
61942,-62,0,0
61943,-62,0,0
61944,-63,0,0
61945,-63,0,0
61946,-64,0,0
61947,-64,0,0
61948,-65,0,0
61949,-65,0,0
61950,-65,0,0
61951,-66,0,0
61952,-66,0,0
61953,-67,0,0
61954,-67,0,0
61955,-67,0,0
61956,-68,0,0
61957,-68,0,0
61958,-68,0,0
61959,-69,0,0
61960,-69,0,0
61961,-69,0,0
61962,-70,0,0
61963,-70,0,0
61964,-70,0,0
61965,-70,0,0
61966,-71,0,0
61967,-71,0,0
61968,-72,0,0
61969,-72,0,0
61970,-72,0,0
61971,-72,0,0
61972,-73,0,0
61973,-73,0,0
61974,-73,0,0
61975,-74,0,0
61976,-74,0,0
61977,-74,0,0
61978,-75,0,0
61979,-75,0,0
61980,-75,0,0
61981,-75,0,0
61982,-76,0,0
61983,-76,0,0
61984,-76,0,0
61985,-76,0,0
61986,-76,0,0
61987,-76,0,0
61988,-77,0,0
61989,-76,0,0
61990,-76,0,0
61991,-77,0,0
61992,-76,0,0
61993,-77,0,0
61994,-76,0,0
61995,-76,0,0
61996,-76,0,0
61997,-76,0,0
61998,-75,0,0
61999,-75,0,0
62000,-75,0,0
62001,-74,0,0
62002,-74,0,0
62003,-74,0,0
62004,-73,0,0
62005,-73,0,0
62006,-73,0,0
62007,-72,0,0
62008,-72,0,0
62009,-71,0,0
62010,-71,0,0
62011,-71,0,0
62012,-70,0,0
62013,-70,0,0
62014,-69,0,0
62015,-69,0,0
62016,-68,0,0
62017,-68,0,0
62018,-68,0,0
62019,-67,0,0
62020,-67,0,0
62021,-66,0,0
62022,-66,0,0
62023,-66,0,0
62024,-65,0,0
62025,-65,0,0
62026,-65,0,0
62027,-64,0,0
62028,-64,0,0
62029,-63,0,0
62030,-63,0,0
62031,-62,0,0
62032,-61,0,0
62033,-61,0,0
62034,-60,0,0
62035,-59,0,0
62036,-59,0,0
62037,-58,0,0
62038,-57,0,0
62039,-56,0,0
62040,-56,0,0
62041,-55,0,0
62042,-54,0,0
62043,-53,0,0
62044,-52,0,0
62045,-52,0,0
62046,-50,0,0
62047,-50,0,0
62048,-49,0,0
62049,-48,0,0
62050,-47,0,0
62051,-47,0,0
62052,-46,0,0
62053,-45,0,0
62054,-44,0,0
62055,-44,0,0
62056,-43,0,0
62057,-42,0,0
62058,-41,0,0
62059,-41,0,0
62060,-40,0,0
62061,-40,0,0
62062,-39,0,0
62063,-38,0,0
62064,-38,0,0
62065,-37,0,0
62066,-37,0,0
62067,-36,0,0
62068,-35,0,0
62069,-34,0,0
62070,-34,0,0
62071,-33,0,0
62072,-32,0,0
62073,-32,0,0
62074,-31,0,0
62075,-30,0,0
62076,-29,0,0
62077,-28,0,0
62078,-27,0,0
62079,-26,0,0
62080,-25,0,0
62081,-24,0,0
62082,-23,0,0
62083,-22,0,0
62084,-21,0,0
62085,-20,0,0
62086,-19,0,0
62087,-17,0,0
62088,-16,0,0
62089,-15,0,0
62090,-14,0,0
62091,-13,0,0
62092,-12,0,0
62093,-11,0,0
62094,-10,0,0
62095,-9,0,0
62096,-8,0,0
62097,-7,0,0
62098,-6,0,0
62099,-5,0,0
62100,-4,0,0
62101,-3,0,0
62102,-2,0,0
62103,-1,0,0
62104,0,0,0
62105,0,0,0
62106,1,0,0
62107,2,0,0
62108,3,0,0
62109,4,0,0
62110,5,0,0
62111,6,0,0
62112,6,0,0
62113,7,0,0
62114,8,0,0
62115,9,0,0
62116,10,0,0
62117,11,0,0
62118,12,0,0
62119,13,0,0
62120,14,0,0
62121,15,0,0
62122,16,0,0
62123,17,0,0
62124,18,0,0
62125,19,0,0
62126,20,0,0
62127,21,0,0
62128,22,0,0
62129,23,0,0
62130,24,0,0
62131,24,0,0
62132,25,0,0
62133,26,0,0
62134,27,0,0
62135,28,0,0
62136,29,0,0
62137,30,0,0
62138,30,0,0
62139,31,0,0
62140,32,0,0
62141,33,0,0
62142,33,0,0
62143,34,0,0
62144,35,0,0
62145,36,0,0
62146,36,0,0
62147,37,0,0
62148,38,0,0
62149,39,0,0
62150,40,0,0
62151,41,0,0
62152,42,0,0
62153,42,0,0
62154,43,0,0
62155,44,0,0
62156,45,0,0
62157,46,0,0
62158,47,0,0
62159,48,0,0
62160,48,0,0
62161,49,0,0
62162,50,0,0
62163,51,0,0
62164,52,0,0
62165,53,0,0
62166,54,0,0
62167,54,0,0
62168,55,0,0
62169,56,0,0
62170,57,0,0
62171,57,0,0
62172,58,0,0
62173,59,0,0
62174,59,0,0
62175,60,0,0
62176,60,0,0
62177,61,0,0
62178,61,0,0
62179,61,0,0
62180,62,0,0
62181,62,0,0
62182,63,0,0
62183,63,0,0
62184,63,0,0
62185,63,0,0
62186,64,0,0
62187,64,0,0
62188,64,0,0
62189,65,0,0
62190,65,0,0
62191,65,0,0
62192,66,0,0
62193,66,0,0
62194,66,0,0
62195,67,0,0
62196,67,0,0
62197,68,0,0
62198,68,0,0
62199,68,0,0
62200,69,0,0
62201,69,0,0
62202,70,0,0
62203,70,0,0
62204,70,0,0
62205,71,0,0
62206,71,0,0
62207,72,0,0
62208,72,0,0
62209,72,0,0
62210,73,0,0
62211,73,0,0
62212,73,0,0
62213,74,0,0
62214,74,0,0
62215,74,0,0
62216,74,0,0
62217,75,0,0
62218,75,0,0
62219,75,0,0
62220,75,0,0
62221,75,0,0
62222,75,0,0
62223,75,0,0
62224,75,0,0
62225,75,0,0
62226,75,0,0
62227,75,0,0
62228,75,0,0
62229,75,0,0
62230,75,0,0
62231,74,0,0
62232,74,0,0
62233,74,0,0
62234,74,0,0
62235,74,0,0
62236,73,0,0
62237,73,0,0
62238,73,0,0
62239,73,0,0
62240,73,0,0
62241,72,0,0
62242,72,0,0
62243,72,0,0
62244,71,0,0
62245,71,0,0
62246,71,0,0
62247,70,0,0
62248,70,0,0
62249,70,0,0
62250,69,0,0
62251,69,0,0
62252,68,0,0
62253,68,0,0
62254,68,0,0
62255,67,0,0
62256,67,0,0
62257,66,0,0
62258,66,0,0
62259,65,0,0
62260,65,0,0
62261,64,0,0
62262,64,0,0
62263,63,0,0
62264,62,0,0
62265,62,0,0
62266,61,0,0
62267,61,0,0
62268,60,0,0
62269,59,0,0
62270,59,0,0
62271,58,0,0
62272,58,0,0
62273,57,0,0
62274,56,0,0
62275,56,0,0
62276,55,0,0
62277,54,0,0
62278,54,0,0
62279,53,0,0
62280,52,0,0
62281,52,0,0
62282,51,0,0
62283,50,0,0
62284,49,0,0
62285,48,0,0
62286,48,0,0
62287,47,0,0
62288,46,0,0
62289,45,0,0
62290,44,0,0
62291,43,0,0
62292,42,0,0
62293,41,0,0
62294,40,0,0
62295,39,0,0
62296,38,0,0
62297,37,0,0
62298,36,0,0
62299,35,0,0
62300,34,0,0
62301,33,0,0
62302,31,0,0
62303,30,0,0
62304,29,0,0
62305,27,0,0
62306,26,0,0
62307,25,0,0
62308,23,0,0
62309,22,0,0
62310,20,0,0
62311,19,0,0
62312,17,0,0
62313,15,0,0
62314,14,0,0
62315,12,0,0
62316,11,0,0
62317,9,0,0
62318,7,0,0
62319,6,0,0
62320,4,0,0
62321,2,0,0
62322,1,0,0
62323,-1,0,0
62324,-3,0,0
62325,-5,0,0
62326,-6,0,0
62327,-8,0,0
62328,-10,0,0
62329,-11,0,0
62330,-13,0,0
62331,-14,0,0
62332,-16,0,0
62333,-18,0,0
62334,-19,0,0
62335,-21,0,0
62336,-22,0,0
62337,-24,0,0
62338,-26,0,0
62339,-27,0,0
62340,-28,0,0
62341,-30,0,0
62342,-31,0,0
62343,-33,0,0
62344,-34,0,0
62345,-36,0,0
62346,-37,0,0
62347,-39,0,0
62348,-40,0,0
62349,-42,0,0
62350,-43,0,0
62351,-44,0,0
62352,-46,0,0
62353,-48,0,0
62354,-49,0,0
62355,-51,0,0
62356,-53,0,0
62357,-54,0,0
62358,-56,0,0
62359,-58,0,0
62360,-59,0,0
62361,-61,0,0
62362,-63,0,0
62363,-65,0,0
62364,-67,0,0
62365,-69,0,0
62366,-71,0,0
62367,-73,0,0
62368,-75,0,0
62369,-77,0,0
62370,-79,0,0
62371,-81,0,0
62372,-83,0,0
62373,-85,0,0
62374,-87,0,0
62375,-89,0,0
62376,-91,0,0
62377,-93,0,0
62378,-95,0,0
62379,-98,0,0
62380,-99,0,0
62381,-101,0,0
62382,-104,0,0
62383,-105,0,0
62384,-107,0,0
62385,-109,0,0
62386,-111,0,0
62387,-113,0,0
62388,-115,0,0
62389,-117,0,0
62390,-119,0,0
62391,-121,0,0
62392,-123,0,0
62393,-125,0,0
62394,-127,0,0
62395,-129,0,0
62396,-131,0,0
62397,-133,0,0
62398,-135,0,0
62399,-137,0,0
62400,-139,0,0
62401,-141,0,0
62402,-143,0,0
62403,-145,0,0
62404,-147,0,0
62405,-149,0,0
62406,-151,0,0
62407,-154,0,0
62408,-156,0,0
62409,-158,0,0
62410,-160,0,0
62411,-162,0,0
62412,-164,0,0
62413,-166,0,0
62414,-168,0,0
62415,-171,0,0
62416,-173,0,0
62417,-175,0,0
62418,-177,0,0
62419,-179,0,0
62420,-181,0,0
62421,-183,0,0
62422,-185,0,0
62423,-187,0,0
62424,-189,0,0
62425,-191,0,0
62426,-193,0,0
62427,-195,0,0
62428,-197,0,0
62429,-199,0,0
62430,-201,0,0
62431,-202,0,0
62432,-205,0,0
62433,-206,0,0
62434,-208,0,0
62435,-210,0,0
62436,-212,0,0
62437,-214,0,0
62438,-216,0,0
62439,-218,0,0
62440,-220,0,0
62441,-222,0,0
62442,-223,0,0
62443,-225,0,0
62444,-227,0,0
62445,-229,0,0
62446,-231,0,0
62447,-233,0,0
62448,-235,0,0
62449,-237,0,0
62450,-239,0,0
62451,-241,0,0
62452,-242,0,0
62453,-244,0,0
62454,-246,0,0
62455,-248,0,0
62456,-250,0,0
62457,-252,0,0
62458,-253,0,0
62459,-255,0,0
62460,-257,0,0
62461,-259,0,0
62462,-261,0,0
62463,-262,0,0
62464,-264,0,0
62465,-266,0,0
62466,-267,0,0
62467,-269,0,0
62468,-271,0,0
62469,-272,0,0
62470,-274,0,0
62471,-275,0,0
62472,-277,0,0
62473,-278,0,0
62474,-280,0,0
62475,-282,0,0
62476,-283,0,0
62477,-285,0,0
62478,-286,0,0
62479,-288,0,0
62480,-289,0,0
62481,-290,0,0
62482,-292,0,0
62483,-294,0,0
62484,-295,0,0
62485,-296,0,0
62486,-298,0,0
62487,-299,0,0
62488,-300,0,0
62489,-302,0,0
62490,-303,0,0
62491,-305,0,0
62492,-306,0,0
62493,-308,0,0
62494,-309,0,0
62495,-311,0,0
62496,-312,0,0
62497,-313,0,0
62498,-315,0,0
62499,-316,0,0
62500,-317,0,0
62501,-319,0,0
62502,-320,0,0
62503,-322,0,0
62504,-323,0,0
62505,-324,0,0
62506,-326,0,0
62507,-327,0,0
62508,-329,0,0
62509,-330,0,0
62510,-331,0,0
62511,-332,0,0
62512,-333,0,0
62513,-335,0,0
62514,-336,0,0
62515,-337,0,0
62516,-338,0,0
62517,-339,0,0
62518,-340,0,0
62519,-341,0,0
62520,-342,0,0
62521,-343,0,0
62522,-344,0,0
62523,-345,0,0
62524,-346,0,0
62525,-347,0,0
62526,-347,0,0
62527,-348,0,0
62528,-349,0,0
62529,-349,0,0
62530,-350,0,0
62531,-351,0,0
62532,-351,0,0
62533,-352,0,0
62534,-352,0,0
62535,-353,0,0
62536,-353,0,0
62537,-354,0,0
62538,-354,0,0
62539,-354,0,0
62540,-355,0,0
62541,-355,0,0
62542,-355,0,0
62543,-356,0,0
62544,-356,0,0
62545,-356,0,0
62546,-356,0,0
62547,-357,0,0
62548,-357,0,0
62549,-357,0,0
62550,-357,0,0
62551,-358,0,0
62552,-358,0,0
62553,-358,0,0
62554,-358,0,0
62555,-359,0,0
62556,-359,0,0
62557,-359,0,0
62558,-359,0,0
62559,-359,0,0
62560,-360,0,0
62561,-360,0,0
62562,-360,0,0
62563,-360,0,0
62564,-360,0,0
62565,-360,0,0
62566,-360,0,0
62567,-360,0,0
62568,-360,0,0
62569,-361,0,0
62570,-360,0,0
62571,-360,0,0
62572,-360,0,0
62573,-360,0,0
62574,-360,0,0
62575,-360,0,0
62576,-360,0,0
62577,-360,0,0
62578,-359,0,0
62579,-359,0,0
62580,-359,0,0
62581,-358,0,0
62582,-358,0,0
62583,-357,0,0
62584,-357,0,0
62585,-356,0,0
62586,-356,0,0
62587,-355,0,0
62588,-355,0,0
62589,-354,0,0
62590,-353,0,0
62591,-352,0,0
62592,-352,0,0
62593,-351,0,0
62594,-350,0,0
62595,-349,0,0
62596,-349,0,0
62597,-348,0,0
62598,-347,0,0
62599,-346,0,0
62600,-345,0,0
62601,-344,0,0
62602,-344,0,0
62603,-343,0,0
62604,-342,0,0
62605,-341,0,0
62606,-340,0,0
62607,-339,0,0
62608,-338,0,0
62609,-337,0,0
62610,-336,0,0
62611,-335,0,0
62612,-334,0,0
62613,-333,0,0
62614,-332,0,0
62615,-331,0,0
62616,-329,0,0
62617,-328,0,0
62618,-327,0,0
62619,-326,0,0
62620,-325,0,0
62621,-324,0,0
62622,-322,0,0
62623,-321,0,0
62624,-320,0,0
62625,-318,0,0
62626,-317,0,0
62627,-316,0,0
62628,-315,0,0
62629,-313,0,0
62630,-312,0,0
62631,-310,0,0
62632,-309,0,0
62633,-308,0,0
62634,-306,0,0
62635,-305,0,0
62636,-304,0,0
62637,-302,0,0
62638,-301,0,0
62639,-299,0,0
62640,-298,0,0
62641,-296,0,0
62642,-295,0,0
62643,-293,0,0
62644,-292,0,0
62645,-290,0,0
62646,-288,0,0
62647,-287,0,0
62648,-285,0,0
62649,-283,0,0
62650,-281,0,0
62651,-280,0,0
62652,-278,0,0
62653,-276,0,0
62654,-274,0,0
62655,-272,0,0
62656,-270,0,0
62657,-268,0,0
62658,-266,0,0
62659,-264,0,0
62660,-262,0,0
62661,-260,0,0
62662,-258,0,0
62663,-256,0,0
62664,-254,0,0
62665,-251,0,0
62666,-249,0,0
62667,-247,0,0
62668,-245,0,0
62669,-243,0,0
62670,-241,0,0
62671,-239,0,0
62672,-236,0,0
62673,-234,0,0
62674,-232,0,0
62675,-230,0,0
62676,-227,0,0
62677,-225,0,0
62678,-223,0,0
62679,-220,0,0
62680,-218,0,0
62681,-216,0,0
62682,-213,0,0
62683,-211,0,0
62684,-209,0,0
62685,-206,0,0
62686,-204,0,0
62687,-201,0,0
62688,-199,0,0
62689,-196,0,0
62690,-193,0,0
62691,-191,0,0
62692,-188,0,0
62693,-186,0,0
62694,-183,0,0
62695,-180,0,0
62696,-178,0,0
62697,-175,0,0
62698,-172,0,0
62699,-169,0,0
62700,-167,0,0
62701,-164,0,0
62702,-161,0,0
62703,-159,0,0
62704,-156,0,0
62705,-153,0,0
62706,-150,0,0
62707,-148,0,0
62708,-145,0,0
62709,-143,0,0
62710,-140,0,0
62711,-137,0,0
62712,-135,0,0
62713,-132,0,0
62714,-129,0,0
62715,-127,0,0
62716,-124,0,0
62717,-121,0,0
62718,-119,0,0
62719,-116,0,0
62720,-113,0,0
62721,-110,0,0
62722,-108,0,0
62723,-105,0,0
62724,-102,0,0
62725,-99,0,0
62726,-97,0,0
62727,-94,0,0
62728,-91,0,0
62729,-88,0,0
62730,-85,0,0
62731,-82,0,0
62732,-79,0,0
62733,-76,0,0
62734,-73,0,0
62735,-70,0,0
62736,-67,0,0
62737,-64,0,0
62738,-61,0,0
62739,-58,0,0
62740,-55,0,0
62741,-52,0,0
62742,-48,0,0
62743,-45,0,0
62744,-42,0,0
62745,-39,0,0
62746,-36,0,0
62747,-33,0,0
62748,-30,0,0
62749,-27,0,0
62750,-24,0,0
62751,-21,0,0
62752,-18,0,0
62753,-15,0,0
62754,-12,0,0
62755,-10,0,0
62756,-7,0,0
62757,-4,0,0
62758,-1,0,0
62759,2,0,0
62760,5,0,0
62761,8,0,0
62762,11,0,0
62763,13,0,0
62764,16,0,0
62765,19,0,0
62766,22,0,0
62767,25,0,0
62768,28,0,0
62769,30,0,0
62770,33,0,0
62771,36,0,0
62772,39,0,0
62773,41,0,0
62774,44,0,0
62775,47,0,0
62776,50,0,0
62777,53,0,0
62778,56,0,0
62779,59,0,0
62780,61,0,0
62781,64,0,0
62782,67,0,0
62783,70,0,0
62784,73,0,0
62785,76,0,0
62786,78,0,0
62787,81,0,0
62788,84,0,0
62789,87,0,0
62790,89,0,0
62791,92,0,0
62792,95,0,0
62793,98,0,0
62794,100,0,0
62795,103,0,0
62796,106,0,0
62797,109,0,0
62798,111,0,0
62799,114,0,0
62800,117,0,0
62801,120,0,0
62802,122,0,0
62803,125,0,0
62804,128,0,0
62805,130,0,0
62806,133,0,0
62807,136,0,0
62808,139,0,0
62809,142,0,0
62810,144,0,0
62811,147,0,0
62812,150,0,0
62813,153,0,0
62814,155,0,0
62815,158,0,0
62816,161,0,0
62817,164,0,0
62818,166,0,0
62819,169,0,0
62820,172,0,0
62821,174,0,0
62822,177,0,0
62823,180,0,0
62824,183,0,0
62825,185,0,0
62826,188,0,0
62827,190,0,0
62828,193,0,0
62829,195,0,0
62830,198,0,0
62831,201,0,0
62832,203,0,0
62833,205,0,0
62834,208,0,0
62835,210,0,0
62836,212,0,0
62837,215,0,0
62838,217,0,0
62839,220,0,0
62840,222,0,0
62841,224,0,0
62842,227,0,0
62843,229,0,0
62844,231,0,0
62845,233,0,0
62846,236,0,0
62847,238,0,0
62848,240,0,0
62849,242,0,0
62850,244,0,0
62851,247,0,0
62852,249,0,0
62853,251,0,0
62854,253,0,0
62855,255,0,0
62856,257,0,0
62857,259,0,0
62858,261,0,0
62859,263,0,0
62860,265,0,0
62861,267,0,0
62862,269,0,0
62863,270,0,0
62864,272,0,0
62865,274,0,0
62866,276,0,0
62867,278,0,0
62868,279,0,0
62869,281,0,0
62870,282,0,0
62871,284,0,0
62872,286,0,0
62873,287,0,0
62874,289,0,0
62875,290,0,0
62876,292,0,0
62877,293,0,0
62878,295,0,0
62879,296,0,0
62880,298,0,0
62881,300,0,0
62882,301,0,0
62883,303,0,0
62884,304,0,0
62885,306,0,0
62886,307,0,0
62887,309,0,0
62888,310,0,0
62889,312,0,0
62890,314,0,0
62891,315,0,0
62892,317,0,0
62893,318,0,0
62894,319,0,0
62895,321,0,0
62896,322,0,0
62897,324,0,0
62898,325,0,0
62899,326,0,0
62900,328,0,0
62901,329,0,0
62902,330,0,0
62903,331,0,0
62904,333,0,0
62905,334,0,0
62906,335,0,0
62907,336,0,0
62908,337,0,0
62909,338,0,0
62910,339,0,0
62911,340,0,0
62912,341,0,0
62913,342,0,0
62914,342,0,0
62915,343,0,0
62916,344,0,0
62917,345,0,0
62918,345,0,0
62919,346,0,0
62920,347,0,0
62921,347,0,0
62922,348,0,0
62923,349,0,0
62924,349,0,0
62925,350,0,0
62926,350,0,0
62927,351,0,0
62928,351,0,0
62929,352,0,0
62930,353,0,0
62931,353,0,0
62932,353,0,0
62933,354,0,0
62934,355,0,0
62935,355,0,0
62936,355,0,0
62937,356,0,0
62938,356,0,0
62939,357,0,0
62940,357,0,0
62941,358,0,0
62942,358,0,0
62943,358,0,0
62944,359,0,0
62945,359,0,0
62946,359,0,0
62947,359,0,0
62948,360,0,0
62949,360,0,0
62950,360,0,0
62951,360,0,0
62952,360,0,0
62953,360,0,0
62954,360,0,0
62955,360,0,0
62956,360,0,0
62957,360,0,0
62958,360,0,0
62959,360,0,0
62960,360,0,0
62961,359,0,0
62962,359,0,0
62963,359,0,0
62964,359,0,0
62965,359,0,0
62966,358,0,0
62967,358,0,0
62968,357,0,0
62969,357,0,0
62970,356,0,0
62971,356,0,0
62972,355,0,0
62973,355,0,0
62974,354,0,0
62975,354,0,0
62976,353,0,0
62977,352,0,0
62978,352,0,0
62979,351,0,0
62980,350,0,0
62981,350,0,0
62982,349,0,0
62983,348,0,0
62984,348,0,0
62985,347,0,0
62986,346,0,0
62987,345,0,0
62988,345,0,0
62989,344,0,0
62990,343,0,0
62991,342,0,0
62992,341,0,0
62993,341,0,0
62994,340,0,0
62995,339,0,0
62996,339,0,0
62997,338,0,0
62998,337,0,0
62999,336,0,0
63000,335,0,0
63001,334,0,0
63002,333,0,0
63003,333,0,0
63004,332,0,0
63005,331,0,0
63006,330,0,0
63007,329,0,0
63008,328,0,0
63009,326,0,0
63010,326,0,0
63011,324,0,0
63012,323,0,0
63013,322,0,0
63014,321,0,0
63015,320,0,0
63016,318,0,0
63017,317,0,0
63018,316,0,0
63019,314,0,0
63020,313,0,0
63021,311,0,0
63022,310,0,0
63023,309,0,0
63024,307,0,0
63025,306,0,0
63026,304,0,0
63027,303,0,0
63028,301,0,0
63029,300,0,0
63030,299,0,0
63031,297,0,0
63032,295,0,0
63033,294,0,0
63034,293,0,0
63035,291,0,0
63036,290,0,0
63037,288,0,0
63038,287,0,0
63039,285,0,0
63040,284,0,0
63041,283,0,0
63042,281,0,0
63043,280,0,0
63044,278,0,0
63045,277,0,0
63046,276,0,0
63047,274,0,0
63048,273,0,0
63049,271,0,0
63050,270,0,0
63051,268,0,0
63052,266,0,0
63053,265,0,0
63054,263,0,0
63055,261,0,0
63056,260,0,0
63057,258,0,0
63058,256,0,0
63059,254,0,0
63060,253,0,0
63061,251,0,0
63062,249,0,0
63063,247,0,0
63064,245,0,0
63065,243,0,0
63066,241,0,0
63067,240,0,0
63068,237,0,0
63069,236,0,0
63070,234,0,0
63071,232,0,0
63072,230,0,0
63073,228,0,0
63074,226,0,0
63075,224,0,0
63076,222,0,0
63077,220,0,0
63078,218,0,0
63079,217,0,0
63080,215,0,0
63081,213,0,0
63082,211,0,0
63083,209,0,0
63084,207,0,0
63085,205,0,0
63086,204,0,0
63087,202,0,0
63088,200,0,0
63089,198,0,0
63090,196,0,0
63091,194,0,0
63092,192,0,0
63093,190,0,0
63094,188,0,0
63095,186,0,0
63096,184,0,0
63097,182,0,0
63098,180,0,0
63099,178,0,0
63100,175,0,0
63101,173,0,0
63102,171,0,0
63103,169,0,0
63104,167,0,0
63105,165,0,0
63106,162,0,0
63107,160,0,0
63108,158,0,0
63109,156,0,0
63110,153,0,0
63111,151,0,0
63112,149,0,0
63113,147,0,0
63114,145,0,0
63115,143,0,0
63116,141,0,0
63117,139,0,0
63118,137,0,0
63119,135,0,0
63120,133,0,0
63121,131,0,0
63122,129,0,0
63123,127,0,0
63124,125,0,0
63125,123,0,0
63126,121,0,0
63127,119,0,0
63128,118,0,0
63129,116,0,0
63130,114,0,0
63131,112,0,0
63132,110,0,0
63133,108,0,0
63134,107,0,0
63135,105,0,0
63136,103,0,0
63137,101,0,0
63138,99,0,0
63139,97,0,0
63140,95,0,0
63141,93,0,0
63142,91,0,0
63143,89,0,0
63144,87,0,0
63145,85,0,0
63146,84,0,0
63147,81,0,0
63148,80,0,0
63149,78,0,0
63150,76,0,0
63151,74,0,0
63152,72,0,0
63153,70,0,0
63154,68,0,0
63155,66,0,0
63156,64,0,0
63157,62,0,0
63158,60,0,0
63159,58,0,0
63160,56,0,0
63161,54,0,0
63162,52,0,0
63163,51,0,0
63164,49,0,0
63165,47,0,0
63166,45,0,0
63167,44,0,0
63168,42,0,0
63169,40,0,0
63170,39,0,0
63171,37,0,0
63172,35,0,0
63173,34,0,0
63174,32,0,0
63175,31,0,0
63176,29,0,0
63177,27,0,0
63178,26,0,0
63179,24,0,0
63180,23,0,0
63181,21,0,0
63182,20,0,0
63183,18,0,0
63184,16,0,0
63185,15,0,0
63186,13,0,0
63187,11,0,0
63188,10,0,0
63189,8,0,0
63190,7,0,0
63191,5,0,0
63192,4,0,0
63193,2,0,0
63194,0,0,0
63195,-1,0,0
63196,-3,0,0
63197,-4,0,0
63198,-6,0,0
63199,-7,0,0
63200,-9,0,0
63201,-10,0,0
63202,-12,0,0
63203,-13,0,0
63204,-14,0,0
63205,-16,0,0
63206,-17,0,0
63207,-18,0,0
63208,-20,0,0
63209,-21,0,0
63210,-22,0,0
63211,-23,0,0
63212,-25,0,0
63213,-26,0,0
63214,-27,0,0
63215,-28,0,0
63216,-29,0,0
63217,-30,0,0
63218,-31,0,0
63219,-32,0,0
63220,-33,0,0
63221,-35,0,0
63222,-35,0,0
63223,-37,0,0
63224,-38,0,0
63225,-39,0,0
63226,-40,0,0
63227,-41,0,0
63228,-41,0,0
63229,-42,0,0
63230,-43,0,0
63231,-44,0,0
63232,-45,0,0
63233,-46,0,0
63234,-47,0,0
63235,-48,0,0
63236,-49,0,0
63237,-50,0,0
63238,-51,0,0
63239,-52,0,0
63240,-53,0,0
63241,-54,0,0
63242,-54,0,0
63243,-55,0,0
63244,-56,0,0
63245,-57,0,0
63246,-58,0,0
63247,-58,0,0
63248,-59,0,0
63249,-60,0,0
63250,-61,0,0
63251,-61,0,0
63252,-62,0,0
63253,-62,0,0
63254,-63,0,0
63255,-63,0,0
63256,-64,0,0
63257,-65,0,0
63258,-65,0,0
63259,-66,0,0
63260,-66,0,0
63261,-66,0,0
63262,-67,0,0
63263,-67,0,0
63264,-68,0,0
63265,-68,0,0
63266,-68,0,0
63267,-69,0,0
63268,-69,0,0
63269,-69,0,0
63270,-69,0,0
63271,-70,0,0
63272,-70,0,0
63273,-70,0,0
63274,-71,0,0
63275,-71,0,0
63276,-71,0,0
63277,-72,0,0
63278,-72,0,0
63279,-72,0,0
63280,-72,0,0
63281,-73,0,0
63282,-73,0,0
63283,-73,0,0
63284,-74,0,0
63285,-74,0,0
63286,-74,0,0
63287,-75,0,0
63288,-75,0,0
63289,-75,0,0
63290,-76,0,0
63291,-76,0,0
63292,-76,0,0
63293,-76,0,0
63294,-76,0,0
63295,-77,0,0
63296,-77,0,0
63297,-77,0,0
63298,-77,0,0
63299,-77,0,0
63300,-77,0,0
63301,-77,0,0
63302,-77,0,0
63303,-76,0,0
63304,-76,0,0
63305,-76,0,0
63306,-76,0,0
63307,-76,0,0
63308,-75,0,0
63309,-75,0,0
63310,-75,0,0
63311,-74,0,0
63312,-74,0,0
63313,-74,0,0
63314,-73,0,0
63315,-73,0,0
63316,-72,0,0
63317,-72,0,0
63318,-71,0,0
63319,-71,0,0
63320,-70,0,0
63321,-70,0,0
63322,-70,0,0
63323,-69,0,0
63324,-68,0,0
63325,-68,0,0
63326,-67,0,0
63327,-67,0,0
63328,-66,0,0
63329,-66,0,0
63330,-66,0,0
63331,-65,0,0
63332,-64,0,0
63333,-64,0,0
63334,-63,0,0
63335,-63,0,0
63336,-63,0,0
63337,-62,0,0
63338,-61,0,0
63339,-61,0,0
63340,-60,0,0
63341,-60,0,0
63342,-59,0,0
63343,-59,0,0
63344,-58,0,0
63345,-57,0,0
63346,-57,0,0
63347,-56,0,0
63348,-56,0,0
63349,-55,0,0
63350,-54,0,0
63351,-54,0,0
63352,-53,0,0
63353,-52,0,0
63354,-52,0,0
63355,-51,0,0
63356,-50,0,0
63357,-50,0,0
63358,-49,0,0
63359,-48,0,0
63360,-47,0,0
63361,-47,0,0
63362,-46,0,0
63363,-45,0,0
63364,-44,0,0
63365,-43,0,0
63366,-42,0,0
63367,-42,0,0
63368,-41,0,0
63369,-40,0,0
63370,-39,0,0
63371,-38,0,0
63372,-37,0,0
63373,-36,0,0
63374,-35,0,0
63375,-34,0,0
63376,-34,0,0
63377,-33,0,0
63378,-32,0,0
63379,-31,0,0
63380,-30,0,0
63381,-29,0,0
63382,-28,0,0
63383,-27,0,0
63384,-26,0,0
63385,-25,0,0
63386,-25,0,0
63387,-24,0,0
63388,-23,0,0
63389,-22,0,0
63390,-21,0,0
63391,-20,0,0
63392,-19,0,0
63393,-19,0,0
63394,-18,0,0
63395,-17,0,0
63396,-16,0,0
63397,-15,0,0
63398,-14,0,0
63399,-14,0,0
63400,-13,0,0
63401,-12,0,0
63402,-11,0,0
63403,-10,0,0
63404,-9,0,0
63405,-8,0,0
63406,-8,0,0
63407,-7,0,0
63408,-5,0,0
63409,-5,0,0
63410,-4,0,0
63411,-3,0,0
63412,-2,0,0
63413,-1,0,0
63414,1,0,0
63415,2,0,0
63416,3,0,0
63417,4,0,0
63418,5,0,0
63419,6,0,0
63420,7,0,0
63421,8,0,0
63422,10,0,0
63423,11,0,0
63424,12,0,0
63425,13,0,0
63426,14,0,0
63427,16,0,0
63428,17,0,0
63429,18,0,0
63430,19,0,0
63431,20,0,0
63432,21,0,0
63433,22,0,0
63434,23,0,0
63435,23,0,0
63436,25,0,0
63437,25,0,0
63438,26,0,0
63439,27,0,0
63440,28,0,0
63441,29,0,0
63442,29,0,0
63443,30,0,0
63444,31,0,0
63445,32,0,0
63446,32,0,0
63447,33,0,0
63448,34,0,0
63449,34,0,0
63450,35,0,0
63451,36,0,0
63452,36,0,0
63453,37,0,0
63454,38,0,0
63455,38,0,0
63456,39,0,0
63457,40,0,0
63458,40,0,0
63459,41,0,0
63460,42,0,0
63461,43,0,0
63462,43,0,0
63463,44,0,0
63464,45,0,0
63465,46,0,0
63466,46,0,0
63467,47,0,0
63468,48,0,0
63469,49,0,0
63470,49,0,0
63471,50,0,0
63472,51,0,0
63473,52,0,0
63474,52,0,0
63475,53,0,0
63476,54,0,0
63477,55,0,0
63478,56,0,0
63479,56,0,0
63480,57,0,0
63481,58,0,0
63482,58,0,0
63483,59,0,0
63484,60,0,0
63485,60,0,0
63486,61,0,0
63487,61,0,0
63488,62,0,0
63489,63,0,0
63490,63,0,0
63491,64,0,0
63492,64,0,0
63493,65,0,0
63494,65,0,0
63495,66,0,0
63496,66,0,0
63497,67,0,0
63498,67,0,0
63499,68,0,0
63500,68,0,0
63501,69,0,0
63502,69,0,0
63503,70,0,0
63504,70,0,0
63505,70,0,0
63506,71,0,0
63507,71,0,0
63508,72,0,0
63509,72,0,0
63510,72,0,0
63511,72,0,0
63512,73,0,0
63513,73,0,0
63514,73,0,0
63515,74,0,0
63516,74,0,0
63517,74,0,0
63518,74,0,0
63519,74,0,0
63520,75,0,0
63521,75,0,0
63522,75,0,0
63523,75,0,0
63524,75,0,0
63525,75,0,0
63526,75,0,0
63527,75,0,0
63528,75,0,0
63529,75,0,0
63530,75,0,0
63531,75,0,0
63532,75,0,0
63533,75,0,0
63534,75,0,0
63535,75,0,0
63536,75,0,0
63537,75,0,0
63538,74,0,0
63539,74,0,0
63540,74,0,0
63541,73,0,0
63542,73,0,0
63543,73,0,0
63544,73,0,0
63545,72,0,0
63546,72,0,0
63547,72,0,0
63548,71,0,0
63549,71,0,0
63550,71,0,0
63551,70,0,0
63552,70,0,0
63553,69,0,0
63554,69,0,0
63555,69,0,0
63556,68,0,0
63557,68,0,0
63558,68,0,0
63559,67,0,0
63560,67,0,0
63561,66,0,0
63562,66,0,0
63563,65,0,0
63564,65,0,0
63565,65,0,0
63566,64,0,0
63567,64,0,0
63568,63,0,0
63569,63,0,0
63570,62,0,0
63571,62,0,0
63572,62,0,0
63573,61,0,0
63574,60,0,0
63575,60,0,0
63576,59,0,0
63577,59,0,0
63578,58,0,0
63579,57,0,0
63580,57,0,0
63581,56,0,0
63582,55,0,0
63583,54,0,0
63584,53,0,0
63585,52,0,0
63586,51,0,0
63587,50,0,0
63588,50,0,0
63589,48,0,0
63590,47,0,0
63591,47,0,0
63592,46,0,0
63593,44,0,0
63594,43,0,0
63595,42,0,0
63596,41,0,0
63597,40,0,0
63598,39,0,0
63599,38,0,0
63600,37,0,0
63601,36,0,0
63602,35,0,0
63603,34,0,0
63604,33,0,0
63605,31,0,0
63606,31,0,0
63607,29,0,0
63608,28,0,0
63609,27,0,0
63610,26,0,0
63611,25,0,0
63612,24,0,0
63613,23,0,0
63614,22,0,0
63615,21,0,0
63616,20,0,0
63617,19,0,0
63618,17,0,0
63619,16,0,0
63620,15,0,0
63621,14,0,0
63622,12,0,0
63623,11,0,0
63624,10,0,0
63625,8,0,0
63626,7,0,0
63627,5,0,0
63628,4,0,0
63629,2,0,0
63630,1,0,0
63631,-1,0,0
63632,-3,0,0
63633,-4,0,0
63634,-6,0,0
63635,-8,0,0
63636,-9,0,0
63637,-11,0,0
63638,-12,0,0
63639,-14,0,0
63640,-16,0,0
63641,-18,0,0
63642,-19,0,0
63643,-21,0,0
63644,-22,0,0
63645,-24,0,0
63646,-26,0,0
63647,-27,0,0
63648,-29,0,0
63649,-31,0,0
63650,-32,0,0
63651,-34,0,0
63652,-35,0,0
63653,-37,0,0
63654,-38,0,0
63655,-40,0,0
63656,-42,0,0
63657,-43,0,0
63658,-45,0,0
63659,-47,0,0
63660,-49,0,0
63661,-50,0,0
63662,-52,0,0
63663,-54,0,0
63664,-55,0,0
63665,-57,0,0
63666,-59,0,0
63667,-61,0,0
63668,-63,0,0
63669,-65,0,0
63670,-67,0,0
63671,-69,0,0
63672,-71,0,0
63673,-73,0,0
63674,-74,0,0
63675,-77,0,0
63676,-79,0,0
63677,-81,0,0
63678,-83,0,0
63679,-85,0,0
63680,-87,0,0
63681,-89,0,0
63682,-91,0,0
63683,-93,0,0
63684,-95,0,0
63685,-97,0,0
63686,-99,0,0
63687,-101,0,0
63688,-104,0,0
63689,-106,0,0
63690,-108,0,0
63691,-110,0,0
63692,-112,0,0
63693,-114,0,0
63694,-115,0,0
63695,-118,0,0
63696,-119,0,0
63697,-122,0,0
63698,-124,0,0
63699,-125,0,0
63700,-127,0,0
63701,-129,0,0
63702,-131,0,0
63703,-133,0,0
63704,-135,0,0
63705,-137,0,0
63706,-139,0,0
63707,-141,0,0
63708,-143,0,0
63709,-145,0,0
63710,-147,0,0
63711,-149,0,0
63712,-151,0,0
63713,-153,0,0
63714,-155,0,0
63715,-157,0,0
63716,-159,0,0
63717,-161,0,0
63718,-164,0,0
63719,-166,0,0
63720,-168,0,0
63721,-170,0,0
63722,-172,0,0
63723,-174,0,0
63724,-176,0,0
63725,-178,0,0
63726,-180,0,0
63727,-182,0,0
63728,-184,0,0
63729,-186,0,0
63730,-188,0,0
63731,-190,0,0
63732,-192,0,0
63733,-194,0,0
63734,-196,0,0
63735,-198,0,0
63736,-200,0,0
63737,-202,0,0
63738,-204,0,0
63739,-206,0,0
63740,-208,0,0
63741,-210,0,0
63742,-212,0,0
63743,-214,0,0
63744,-216,0,0
63745,-218,0,0
63746,-220,0,0
63747,-222,0,0
63748,-223,0,0
63749,-225,0,0
63750,-227,0,0
63751,-230,0,0
63752,-231,0,0
63753,-233,0,0
63754,-235,0,0
63755,-237,0,0
63756,-239,0,0
63757,-241,0,0
63758,-243,0,0
63759,-245,0,0
63760,-247,0,0
63761,-249,0,0
63762,-251,0,0
63763,-252,0,0
63764,-254,0,0
63765,-256,0,0
63766,-258,0,0
63767,-260,0,0
63768,-261,0,0
63769,-263,0,0
63770,-264,0,0
63771,-266,0,0
63772,-268,0,0
63773,-270,0,0
63774,-271,0,0
63775,-273,0,0
63776,-274,0,0
63777,-276,0,0
63778,-277,0,0
63779,-279,0,0
63780,-280,0,0
63781,-282,0,0
63782,-283,0,0
63783,-285,0,0
63784,-286,0,0
63785,-288,0,0
63786,-289,0,0
63787,-291,0,0
63788,-292,0,0
63789,-294,0,0
63790,-295,0,0
63791,-297,0,0
63792,-298,0,0
63793,-300,0,0
63794,-301,0,0
63795,-302,0,0
63796,-304,0,0
63797,-305,0,0
63798,-307,0,0
63799,-308,0,0
63800,-310,0,0
63801,-311,0,0
63802,-312,0,0
63803,-313,0,0
63804,-315,0,0
63805,-316,0,0
63806,-317,0,0
63807,-319,0,0
63808,-320,0,0
63809,-321,0,0
63810,-322,0,0
63811,-323,0,0
63812,-325,0,0
63813,-326,0,0
63814,-327,0,0
63815,-328,0,0
63816,-329,0,0
63817,-330,0,0
63818,-331,0,0
63819,-332,0,0
63820,-333,0,0
63821,-333,0,0
63822,-334,0,0
63823,-335,0,0
63824,-336,0,0
63825,-337,0,0
63826,-338,0,0
63827,-339,0,0
63828,-339,0,0
63829,-340,0,0
63830,-341,0,0
63831,-342,0,0
63832,-343,0,0
63833,-344,0,0
63834,-345,0,0
63835,-345,0,0
63836,-346,0,0
63837,-347,0,0
63838,-347,0,0
63839,-348,0,0
63840,-349,0,0
63841,-350,0,0
63842,-350,0,0
63843,-351,0,0
63844,-352,0,0
63845,-352,0,0
63846,-353,0,0
63847,-354,0,0
63848,-354,0,0
63849,-355,0,0
63850,-355,0,0
63851,-356,0,0
63852,-357,0,0
63853,-357,0,0
63854,-358,0,0
63855,-358,0,0
63856,-359,0,0
63857,-359,0,0
63858,-360,0,0
63859,-360,0,0
63860,-360,0,0
63861,-361,0,0
63862,-361,0,0
63863,-361,0,0
63864,-361,0,0
63865,-361,0,0
63866,-362,0,0
63867,-362,0,0
63868,-362,0,0
63869,-362,0,0
63870,-362,0,0
63871,-362,0,0
63872,-362,0,0
63873,-362,0,0
63874,-361,0,0
63875,-361,0,0
63876,-361,0,0
63877,-361,0,0
63878,-360,0,0
63879,-360,0,0
63880,-359,0,0
63881,-359,0,0
63882,-359,0,0
63883,-358,0,0
63884,-358,0,0
63885,-357,0,0
63886,-357,0,0
63887,-357,0,0
63888,-356,0,0
63889,-356,0,0
63890,-355,0,0
63891,-355,0,0
63892,-354,0,0
63893,-354,0,0
63894,-354,0,0
63895,-353,0,0
63896,-353,0,0
63897,-352,0,0
63898,-352,0,0
63899,-351,0,0
63900,-351,0,0
63901,-351,0,0
63902,-350,0,0
63903,-350,0,0
63904,-349,0,0
63905,-349,0,0
63906,-348,0,0
63907,-348,0,0
63908,-347,0,0
63909,-346,0,0
63910,-346,0,0
63911,-345,0,0
63912,-344,0,0
63913,-343,0,0
63914,-342,0,0
63915,-341,0,0
63916,-340,0,0
63917,-339,0,0
63918,-338,0,0
63919,-337,0,0
63920,-335,0,0
63921,-334,0,0
63922,-333,0,0
63923,-331,0,0
63924,-330,0,0
63925,-329,0,0
63926,-327,0,0
63927,-326,0,0
63928,-324,0,0
63929,-323,0,0
63930,-321,0,0
63931,-320,0,0
63932,-318,0,0
63933,-317,0,0
63934,-315,0,0
63935,-314,0,0
63936,-312,0,0
63937,-310,0,0
63938,-309,0,0
63939,-307,0,0
63940,-306,0,0
63941,-304,0,0
63942,-303,0,0
63943,-301,0,0
63944,-299,0,0
63945,-298,0,0
63946,-296,0,0
63947,-295,0,0
63948,-293,0,0
63949,-291,0,0
63950,-290,0,0
63951,-288,0,0
63952,-286,0,0
63953,-285,0,0
63954,-283,0,0
63955,-281,0,0
63956,-279,0,0
63957,-278,0,0
63958,-276,0,0
63959,-274,0,0
63960,-272,0,0
63961,-270,0,0
63962,-268,0,0
63963,-266,0,0
63964,-264,0,0
63965,-262,0,0
63966,-260,0,0
63967,-258,0,0
63968,-256,0,0
63969,-254,0,0
63970,-252,0,0
63971,-249,0,0
63972,-247,0,0
63973,-245,0,0
63974,-243,0,0
63975,-241,0,0
63976,-239,0,0
63977,-236,0,0
63978,-234,0,0
63979,-232,0,0
63980,-230,0,0
63981,-227,0,0
63982,-225,0,0
63983,-223,0,0
63984,-221,0,0
63985,-219,0,0
63986,-216,0,0
63987,-214,0,0
63988,-212,0,0
63989,-209,0,0
63990,-207,0,0
63991,-205,0,0
63992,-202,0,0
63993,-200,0,0
63994,-198,0,0
63995,-195,0,0
63996,-193,0,0
63997,-191,0,0
63998,-188,0,0
63999,-186,0,0
64000,-183,0,0
64001,-181,0,0
64002,-178,0,0
64003,-176,0,0
64004,-173,0,0
64005,-171,0,0
64006,-168,0,0
64007,-166,0,0
64008,-163,0,0
64009,-161,0,0
64010,-158,0,0
64011,-155,0,0
64012,-152,0,0
64013,-150,0,0
64014,-147,0,0
64015,-145,0,0
64016,-142,0,0
64017,-139,0,0
64018,-136,0,0
64019,-134,0,0
64020,-131,0,0
64021,-128,0,0
64022,-126,0,0
64023,-123,0,0
64024,-120,0,0
64025,-117,0,0
64026,-115,0,0
64027,-112,0,0
64028,-109,0,0
64029,-106,0,0
64030,-104,0,0
64031,-101,0,0
64032,-98,0,0
64033,-95,0,0
64034,-92,0,0
64035,-90,0,0
64036,-87,0,0
64037,-84,0,0
64038,-81,0,0
64039,-78,0,0
64040,-75,0,0
64041,-72,0,0
64042,-69,0,0
64043,-66,0,0
64044,-63,0,0
64045,-60,0,0
64046,-57,0,0
64047,-54,0,0
64048,-51,0,0
64049,-48,0,0
64050,-45,0,0
64051,-42,0,0
64052,-39,0,0
64053,-36,0,0
64054,-33,0,0
64055,-30,0,0
64056,-27,0,0
64057,-24,0,0
64058,-21,0,0
64059,-18,0,0
64060,-15,0,0
64061,-12,0,0
64062,-9,0,0
64063,-6,0,0
64064,-3,0,0
64065,0,0,0
64066,3,0,0
64067,6,0,0
64068,9,0,0
64069,12,0,0
64070,14,0,0
64071,17,0,0
64072,20,0,0
64073,23,0,0
64074,26,0,0
64075,29,0,0
64076,31,0,0
64077,34,0,0
64078,37,0,0
64079,40,0,0
64080,43,0,0
64081,46,0,0
64082,49,0,0
64083,52,0,0
64084,55,0,0
64085,58,0,0
64086,61,0,0
64087,64,0,0
64088,67,0,0
64089,70,0,0
64090,73,0,0
64091,76,0,0
64092,79,0,0
64093,82,0,0
64094,85,0,0
64095,88,0,0
64096,91,0,0
64097,94,0,0
64098,97,0,0
64099,100,0,0
64100,103,0,0
64101,106,0,0
64102,108,0,0
64103,111,0,0
64104,114,0,0
64105,117,0,0
64106,119,0,0
64107,122,0,0
64108,125,0,0
64109,127,0,0
64110,130,0,0
64111,132,0,0
64112,135,0,0
64113,137,0,0
64114,140,0,0
64115,142,0,0
64116,145,0,0
64117,147,0,0
64118,149,0,0
64119,152,0,0
64120,155,0,0
64121,157,0,0
64122,160,0,0
64123,162,0,0
64124,165,0,0
64125,167,0,0
64126,170,0,0
64127,172,0,0
64128,175,0,0
64129,178,0,0
64130,180,0,0
64131,183,0,0
64132,185,0,0
64133,188,0,0
64134,191,0,0
64135,193,0,0
64136,196,0,0
64137,199,0,0
64138,201,0,0
64139,204,0,0
64140,207,0,0
64141,209,0,0
64142,212,0,0
64143,214,0,0
64144,217,0,0
64145,219,0,0
64146,221,0,0
64147,224,0,0
64148,226,0,0
64149,228,0,0
64150,230,0,0
64151,233,0,0
64152,235,0,0
64153,237,0,0
64154,239,0,0
64155,241,0,0
64156,243,0,0
64157,245,0,0
64158,247,0,0
64159,249,0,0
64160,251,0,0
64161,253,0,0
64162,255,0,0
64163,257,0,0
64164,259,0,0
64165,261,0,0
64166,263,0,0
64167,265,0,0
64168,267,0,0
64169,268,0,0
64170,271,0,0
64171,272,0,0
64172,274,0,0
64173,276,0,0
64174,278,0,0
64175,280,0,0
64176,282,0,0
64177,284,0,0
64178,286,0,0
64179,288,0,0
64180,289,0,0
64181,291,0,0
64182,293,0,0
64183,295,0,0
64184,296,0,0
64185,298,0,0
64186,300,0,0
64187,301,0,0
64188,303,0,0
64189,305,0,0
64190,306,0,0
64191,308,0,0
64192,309,0,0
64193,311,0,0
64194,312,0,0
64195,314,0,0
64196,315,0,0
64197,317,0,0
64198,318,0,0
64199,320,0,0
64200,321,0,0
64201,322,0,0
64202,324,0,0
64203,325,0,0
64204,326,0,0
64205,328,0,0
64206,329,0,0
64207,330,0,0
64208,331,0,0
64209,333,0,0
64210,334,0,0
64211,335,0,0
64212,336,0,0
64213,337,0,0
64214,338,0,0
64215,339,0,0
64216,340,0,0
64217,341,0,0
64218,341,0,0
64219,342,0,0
64220,343,0,0
64221,344,0,0
64222,345,0,0
64223,345,0,0
64224,346,0,0
64225,347,0,0
64226,347,0,0
64227,348,0,0
64228,349,0,0
64229,349,0,0
64230,350,0,0
64231,350,0,0
64232,351,0,0
64233,352,0,0
64234,352,0,0
64235,353,0,0
64236,353,0,0
64237,354,0,0
64238,354,0,0
64239,355,0,0
64240,355,0,0
64241,356,0,0
64242,356,0,0
64243,356,0,0
64244,357,0,0
64245,357,0,0
64246,357,0,0
64247,358,0,0
64248,358,0,0
64249,358,0,0
64250,359,0,0
64251,359,0,0
64252,359,0,0
64253,359,0,0
64254,359,0,0
64255,359,0,0
64256,360,0,0
64257,360,0,0
64258,359,0,0
64259,359,0,0
64260,359,0,0
64261,359,0,0
64262,359,0,0
64263,359,0,0
64264,358,0,0
64265,358,0,0
64266,358,0,0
64267,358,0,0
64268,358,0,0
64269,357,0,0
64270,357,0,0
64271,356,0,0
64272,356,0,0
64273,356,0,0
64274,355,0,0
64275,355,0,0
64276,355,0,0
64277,354,0,0
64278,354,0,0
64279,353,0,0
64280,353,0,0
64281,353,0,0
64282,352,0,0
64283,352,0,0
64284,351,0,0
64285,351,0,0
64286,351,0,0
64287,350,0,0
64288,350,0,0
64289,349,0,0
64290,349,0,0
64291,348,0,0
64292,348,0,0
64293,347,0,0
64294,347,0,0
64295,346,0,0
64296,346,0,0
64297,345,0,0
64298,345,0,0
64299,344,0,0
64300,344,0,0
64301,343,0,0
64302,343,0,0
64303,342,0,0
64304,341,0,0
64305,340,0,0
64306,340,0,0
64307,339,0,0
64308,338,0,0
64309,337,0,0
64310,336,0,0
64311,335,0,0
64312,334,0,0
64313,333,0,0
64314,332,0,0
64315,331,0,0
64316,330,0,0
64317,329,0,0
64318,327,0,0
64319,326,0,0
64320,325,0,0
64321,323,0,0
64322,322,0,0
64323,320,0,0
64324,319,0,0
64325,318,0,0
64326,316,0,0
64327,314,0,0
64328,313,0,0
64329,311,0,0
64330,310,0,0
64331,308,0,0
64332,306,0,0
64333,305,0,0
64334,303,0,0
64335,302,0,0
64336,300,0,0
64337,299,0,0
64338,297,0,0
64339,296,0,0
64340,294,0,0
64341,293,0,0
64342,291,0,0
64343,290,0,0
64344,288,0,0
64345,287,0,0
64346,285,0,0
64347,284,0,0
64348,282,0,0
64349,281,0,0
64350,279,0,0
64351,278,0,0
64352,276,0,0
64353,275,0,0
64354,273,0,0
64355,272,0,0
64356,270,0,0
64357,268,0,0
64358,266,0,0
64359,265,0,0
64360,263,0,0
64361,261,0,0
64362,259,0,0
64363,258,0,0
64364,256,0,0
64365,254,0,0
64366,252,0,0
64367,250,0,0
64368,248,0,0
64369,247,0,0
64370,245,0,0
64371,242,0,0
64372,241,0,0
64373,239,0,0
64374,237,0,0
64375,235,0,0
64376,233,0,0
64377,231,0,0
64378,229,0,0
64379,227,0,0
64380,225,0,0
64381,223,0,0
64382,222,0,0
64383,220,0,0
64384,218,0,0
64385,216,0,0
64386,214,0,0
64387,212,0,0
64388,210,0,0
64389,209,0,0
64390,207,0,0
64391,205,0,0
64392,203,0,0
64393,201,0,0
64394,199,0,0
64395,198,0,0
64396,196,0,0
64397,194,0,0
64398,192,0,0
64399,190,0,0
64400,188,0,0
64401,186,0,0
64402,184,0,0
64403,182,0,0
64404,180,0,0
64405,179,0,0
64406,177,0,0
64407,175,0,0
64408,173,0,0
64409,171,0,0
64410,169,0,0
64411,167,0,0
64412,165,0,0
64413,163,0,0
64414,161,0,0
64415,159,0,0
64416,157,0,0
64417,155,0,0
64418,153,0,0
64419,151,0,0
64420,149,0,0
64421,147,0,0
64422,145,0,0
64423,142,0,0
64424,140,0,0
64425,138,0,0
64426,136,0,0
64427,134,0,0
64428,132,0,0
64429,130,0,0
64430,128,0,0
64431,126,0,0
64432,123,0,0
64433,121,0,0
64434,119,0,0
64435,117,0,0
64436,115,0,0
64437,113,0,0
64438,111,0,0
64439,109,0,0
64440,107,0,0
64441,105,0,0
64442,103,0,0
64443,101,0,0
64444,99,0,0
64445,97,0,0
64446,95,0,0
64447,93,0,0
64448,92,0,0
64449,90,0,0
64450,88,0,0
64451,86,0,0
64452,84,0,0
64453,82,0,0
64454,81,0,0
64455,79,0,0
64456,77,0,0
64457,75,0,0
64458,74,0,0
64459,72,0,0
64460,70,0,0
64461,68,0,0
64462,67,0,0
64463,65,0,0
64464,63,0,0
64465,61,0,0
64466,59,0,0
64467,58,0,0
64468,56,0,0
64469,54,0,0
64470,52,0,0
64471,50,0,0
64472,48,0,0
64473,46,0,0
64474,44,0,0
64475,42,0,0
64476,40,0,0
64477,38,0,0
64478,36,0,0
64479,34,0,0
64480,32,0,0
64481,30,0,0
64482,28,0,0
64483,27,0,0
64484,25,0,0
64485,23,0,0
64486,21,0,0
64487,19,0,0
64488,17,0,0
64489,16,0,0
64490,14,0,0
64491,12,0,0
64492,11,0,0
64493,9,0,0
64494,8,0,0
64495,6,0,0
64496,5,0,0
64497,3,0,0
64498,2,0,0
64499,0,0,0
64500,-1,0,0
64501,-3,0,0
64502,-4,0,0
64503,-5,0,0
64504,-6,0,0
64505,-8,0,0
64506,-9,0,0
64507,-10,0,0
64508,-11,0,0
64509,-13,0,0
64510,-14,0,0
64511,-15,0,0
64512,-17,0,0
64513,-18,0,0
64514,-19,0,0
64515,-20,0,0
64516,-22,0,0
64517,-23,0,0
64518,-24,0,0
64519,-25,0,0
64520,-27,0,0
64521,-28,0,0
64522,-29,0,0
64523,-30,0,0
64524,-32,0,0
64525,-33,0,0
64526,-34,0,0
64527,-35,0,0
64528,-37,0,0
64529,-38,0,0
64530,-39,0,0
64531,-40,0,0
64532,-41,0,0
64533,-42,0,0
64534,-43,0,0
64535,-44,0,0
64536,-45,0,0
64537,-46,0,0
64538,-47,0,0
64539,-48,0,0
64540,-48,0,0
64541,-49,0,0
64542,-50,0,0
64543,-51,0,0
64544,-52,0,0
64545,-52,0,0
64546,-53,0,0
64547,-54,0,0
64548,-55,0,0
64549,-55,0,0
64550,-56,0,0
64551,-57,0,0
64552,-57,0,0
64553,-58,0,0
64554,-59,0,0
64555,-59,0,0
64556,-60,0,0
64557,-61,0,0
64558,-61,0,0
64559,-62,0,0
64560,-63,0,0
64561,-63,0,0
64562,-64,0,0
64563,-64,0,0
64564,-65,0,0
64565,-65,0,0
64566,-66,0,0
64567,-66,0,0
64568,-67,0,0
64569,-67,0,0
64570,-68,0,0
64571,-68,0,0
64572,-68,0,0
64573,-69,0,0
64574,-69,0,0
64575,-69,0,0
64576,-69,0,0
64577,-70,0,0
64578,-70,0,0
64579,-70,0,0
64580,-70,0,0
64581,-70,0,0
64582,-71,0,0
64583,-71,0,0
64584,-71,0,0
64585,-71,0,0
64586,-71,0,0
64587,-71,0,0
64588,-72,0,0
64589,-72,0,0
64590,-72,0,0
64591,-72,0,0
64592,-72,0,0
64593,-72,0,0
64594,-73,0,0
64595,-73,0,0
64596,-73,0,0
64597,-73,0,0
64598,-73,0,0
64599,-73,0,0
64600,-74,0,0
64601,-74,0,0
64602,-74,0,0
64603,-74,0,0
64604,-74,0,0
64605,-74,0,0
64606,-74,0,0
64607,-74,0,0
64608,-74,0,0
64609,-74,0,0
64610,-74,0,0
64611,-74,0,0
64612,-74,0,0
64613,-74,0,0
64614,-74,0,0
64615,-74,0,0
64616,-74,0,0
64617,-73,0,0
64618,-73,0,0
64619,-73,0,0
64620,-73,0,0
64621,-73,0,0
64622,-73,0,0
64623,-73,0,0
64624,-72,0,0
64625,-72,0,0
64626,-72,0,0
64627,-72,0,0
64628,-71,0,0
64629,-71,0,0
64630,-71,0,0
64631,-71,0,0
64632,-70,0,0
64633,-70,0,0
64634,-69,0,0
64635,-69,0,0
64636,-69,0,0
64637,-68,0,0
64638,-68,0,0
64639,-67,0,0
64640,-67,0,0
64641,-66,0,0
64642,-66,0,0
64643,-65,0,0
64644,-64,0,0
64645,-64,0,0
64646,-63,0,0
64647,-62,0,0
64648,-61,0,0
64649,-60,0,0
64650,-60,0,0
64651,-59,0,0
64652,-58,0,0
64653,-57,0,0
64654,-56,0,0
64655,-55,0,0
64656,-54,0,0
64657,-53,0,0
64658,-53,0,0
64659,-52,0,0
64660,-51,0,0
64661,-50,0,0
64662,-49,0,0
64663,-49,0,0
64664,-48,0,0
64665,-47,0,0
64666,-46,0,0
64667,-45,0,0
64668,-45,0,0
64669,-44,0,0
64670,-43,0,0
64671,-43,0,0
64672,-42,0,0
64673,-41,0,0
64674,-41,0,0
64675,-40,0,0
64676,-40,0,0
64677,-39,0,0
64678,-38,0,0
64679,-38,0,0
64680,-37,0,0
64681,-36,0,0
64682,-35,0,0
64683,-35,0,0
64684,-34,0,0
64685,-33,0,0
64686,-33,0,0
64687,-32,0,0
64688,-31,0,0
64689,-30,0,0
64690,-29,0,0
64691,-28,0,0
64692,-28,0,0
64693,-27,0,0
64694,-26,0,0
64695,-25,0,0
64696,-24,0,0
64697,-23,0,0
64698,-22,0,0
64699,-21,0,0
64700,-20,0,0
64701,-19,0,0
64702,-18,0,0
64703,-17,0,0
64704,-16,0,0
64705,-15,0,0
64706,-14,0,0
64707,-13,0,0
64708,-12,0,0
64709,-11,0,0
64710,-9,0,0
64711,-8,0,0
64712,-7,0,0
64713,-6,0,0
64714,-5,0,0
64715,-4,0,0
64716,-2,0,0
64717,-1,0,0
64718,0,0,0
64719,1,0,0
64720,2,0,0
64721,4,0,0
64722,5,0,0
64723,6,0,0
64724,7,0,0
64725,8,0,0
64726,9,0,0
64727,10,0,0
64728,11,0,0
64729,12,0,0
64730,13,0,0
64731,14,0,0
64732,14,0,0
64733,15,0,0
64734,16,0,0
64735,17,0,0
64736,18,0,0
64737,18,0,0
64738,19,0,0
64739,20,0,0
64740,21,0,0
64741,22,0,0
64742,22,0,0
64743,23,0,0
64744,24,0,0
64745,25,0,0
64746,26,0,0
64747,27,0,0
64748,28,0,0
64749,29,0,0
64750,30,0,0
64751,31,0,0
64752,32,0,0
64753,33,0,0
64754,34,0,0
64755,35,0,0
64756,36,0,0
64757,37,0,0
64758,38,0,0
64759,39,0,0
64760,41,0,0
64761,42,0,0
64762,43,0,0
64763,44,0,0
64764,45,0,0
64765,46,0,0
64766,47,0,0
64767,47,0,0
64768,48,0,0
64769,49,0,0
64770,50,0,0
64771,50,0,0
64772,51,0,0
64773,52,0,0
64774,52,0,0
64775,53,0,0
64776,53,0,0
64777,54,0,0
64778,54,0,0
64779,55,0,0
64780,55,0,0
64781,55,0,0
64782,56,0,0
64783,56,0,0
64784,57,0,0
64785,57,0,0
64786,57,0,0
64787,58,0,0
64788,58,0,0
64789,59,0,0
64790,59,0,0
64791,60,0,0
64792,60,0,0
64793,61,0,0
64794,61,0,0
64795,62,0,0
64796,63,0,0
64797,63,0,0
64798,64,0,0
64799,65,0,0
64800,65,0,0
64801,66,0,0
64802,67,0,0
64803,67,0,0
64804,68,0,0
64805,68,0,0
64806,69,0,0
64807,69,0,0
64808,70,0,0
64809,71,0,0
64810,71,0,0
64811,71,0,0
64812,72,0,0
64813,72,0,0
64814,73,0,0
64815,73,0,0
64816,73,0,0
64817,73,0,0
64818,73,0,0
64819,74,0,0
64820,74,0,0
64821,74,0,0
64822,74,0,0
64823,74,0,0
64824,74,0,0
64825,74,0,0
64826,74,0,0
64827,74,0,0
64828,74,0,0
64829,74,0,0
64830,74,0,0
64831,74,0,0
64832,74,0,0
64833,74,0,0
64834,75,0,0
64835,75,0,0
64836,74,0,0
64837,74,0,0
64838,75,0,0
64839,75,0,0
64840,75,0,0
64841,75,0,0
64842,75,0,0
64843,74,0,0
64844,74,0,0
64845,74,0,0
64846,74,0,0
64847,74,0,0
64848,74,0,0
64849,74,0,0
64850,74,0,0
64851,73,0,0
64852,73,0,0
64853,73,0,0
64854,72,0,0
64855,72,0,0
64856,72,0,0
64857,71,0,0
64858,71,0,0
64859,71,0,0
64860,70,0,0
64861,70,0,0
64862,69,0,0
64863,69,0,0
64864,68,0,0
64865,67,0,0
64866,67,0,0
64867,66,0,0
64868,66,0,0
64869,65,0,0
64870,65,0,0
64871,64,0,0
64872,64,0,0
64873,63,0,0
64874,62,0,0
64875,62,0,0
64876,61,0,0
64877,61,0,0
64878,60,0,0
64879,60,0,0
64880,59,0,0
64881,58,0,0
64882,58,0,0
64883,57,0,0
64884,56,0,0
64885,56,0,0
64886,55,0,0
64887,54,0,0
64888,53,0,0
64889,53,0,0
64890,52,0,0
64891,51,0,0
64892,51,0,0
64893,50,0,0
64894,49,0,0
64895,48,0,0
64896,47,0,0
64897,46,0,0
64898,45,0,0
64899,44,0,0
64900,43,0,0
64901,43,0,0
64902,42,0,0
64903,41,0,0
64904,40,0,0
64905,39,0,0
64906,37,0,0
64907,36,0,0
64908,35,0,0
64909,34,0,0
64910,33,0,0
64911,32,0,0
64912,31,0,0
64913,30,0,0
64914,28,0,0
64915,27,0,0
64916,26,0,0
64917,25,0,0
64918,24,0,0
64919,22,0,0
64920,21,0,0
64921,20,0,0
64922,18,0,0
64923,17,0,0
64924,16,0,0
64925,14,0,0
64926,13,0,0
64927,12,0,0
64928,10,0,0
64929,9,0,0
64930,7,0,0
64931,6,0,0
64932,5,0,0
64933,3,0,0
64934,2,0,0
64935,0,0,0
64936,-1,0,0
64937,-3,0,0
64938,-5,0,0
64939,-6,0,0
64940,-8,0,0
64941,-9,0,0
64942,-11,0,0
64943,-12,0,0
64944,-14,0,0
64945,-16,0,0
64946,-17,0,0
64947,-19,0,0
64948,-21,0,0
64949,-22,0,0
64950,-24,0,0
64951,-26,0,0
64952,-28,0,0
64953,-29,0,0
64954,-31,0,0
64955,-33,0,0
64956,-34,0,0
64957,-36,0,0
64958,-38,0,0
64959,-40,0,0
64960,-42,0,0
64961,-43,0,0
64962,-45,0,0
64963,-47,0,0
64964,-49,0,0
64965,-51,0,0
64966,-53,0,0
64967,-54,0,0
64968,-56,0,0
64969,-58,0,0
64970,-60,0,0
64971,-62,0,0
64972,-64,0,0
64973,-65,0,0
64974,-67,0,0
64975,-69,0,0
64976,-71,0,0
64977,-73,0,0
64978,-75,0,0
64979,-76,0,0
64980,-78,0,0
64981,-80,0,0
64982,-82,0,0
64983,-84,0,0
64984,-85,0,0
64985,-87,0,0
64986,-89,0,0
64987,-91,0,0
64988,-93,0,0
64989,-95,0,0
64990,-96,0,0
64991,-98,0,0
64992,-100,0,0
64993,-102,0,0
64994,-104,0,0
64995,-106,0,0
64996,-108,0,0
64997,-110,0,0
64998,-112,0,0
64999,-114,0,0
65000,-116,0,0
65001,-118,0,0
65002,-120,0,0
65003,-122,0,0
65004,-124,0,0
65005,-126,0,0
65006,-128,0,0
65007,-130,0,0
65008,-132,0,0
65009,-134,0,0
65010,-136,0,0
65011,-138,0,0
65012,-140,0,0
65013,-142,0,0
65014,-144,0,0
65015,-146,0,0
65016,-148,0,0
65017,-150,0,0
65018,-152,0,0
65019,-154,0,0
65020,-156,0,0
65021,-158,0,0
65022,-160,0,0
65023,-162,0,0
65024,-164,0,0
65025,-166,0,0
65026,-168,0,0
65027,-170,0,0
65028,-171,0,0
65029,-173,0,0
65030,-175,0,0
65031,-177,0,0
65032,-179,0,0
65033,-181,0,0
65034,-183,0,0
65035,-185,0,0
65036,-187,0,0
65037,-189,0,0
65038,-191,0,0
65039,-193,0,0
65040,-195,0,0
65041,-197,0,0
65042,-199,0,0
65043,-201,0,0
65044,-203,0,0
65045,-205,0,0
65046,-207,0,0
65047,-209,0,0
65048,-211,0,0
65049,-213,0,0
65050,-215,0,0
65051,-217,0,0
65052,-219,0,0
65053,-221,0,0
65054,-223,0,0
65055,-225,0,0
65056,-227,0,0
65057,-229,0,0
65058,-231,0,0
65059,-233,0,0
65060,-235,0,0
65061,-238,0,0
65062,-239,0,0
65063,-241,0,0
65064,-243,0,0
65065,-245,0,0
65066,-247,0,0
65067,-249,0,0
65068,-251,0,0
65069,-253,0,0
65070,-255,0,0
65071,-257,0,0
65072,-258,0,0
65073,-260,0,0
65074,-262,0,0
65075,-264,0,0
65076,-265,0,0
65077,-267,0,0
65078,-269,0,0
65079,-271,0,0
65080,-272,0,0
65081,-274,0,0
65082,-276,0,0
65083,-277,0,0
65084,-279,0,0
65085,-280,0,0
65086,-282,0,0
65087,-284,0,0
65088,-285,0,0
65089,-287,0,0
65090,-288,0,0
65091,-290,0,0
65092,-291,0,0
65093,-293,0,0
65094,-294,0,0
65095,-295,0,0
65096,-297,0,0
65097,-298,0,0
65098,-299,0,0
65099,-300,0,0
65100,-302,0,0
65101,-303,0,0
65102,-304,0,0
65103,-306,0,0
65104,-307,0,0
65105,-308,0,0
65106,-309,0,0
65107,-310,0,0
65108,-312,0,0
65109,-313,0,0
65110,-314,0,0
65111,-315,0,0
65112,-316,0,0
65113,-317,0,0
65114,-319,0,0
65115,-320,0,0
65116,-321,0,0
65117,-322,0,0
65118,-323,0,0
65119,-325,0,0
65120,-326,0,0
65121,-327,0,0
65122,-328,0,0
65123,-329,0,0
65124,-330,0,0
65125,-332,0,0
65126,-333,0,0
65127,-334,0,0
65128,-335,0,0
65129,-336,0,0
65130,-337,0,0
65131,-338,0,0
65132,-339,0,0
65133,-341,0,0
65134,-341,0,0
65135,-342,0,0
65136,-343,0,0
65137,-344,0,0
65138,-345,0,0
65139,-346,0,0
65140,-347,0,0
65141,-347,0,0
65142,-348,0,0
65143,-349,0,0
65144,-350,0,0
65145,-350,0,0
65146,-351,0,0
65147,-351,0,0
65148,-352,0,0
65149,-353,0,0
65150,-353,0,0
65151,-354,0,0
65152,-354,0,0
65153,-354,0,0
65154,-355,0,0
65155,-355,0,0
65156,-356,0,0
65157,-356,0,0
65158,-356,0,0
65159,-357,0,0
65160,-357,0,0
65161,-357,0,0
65162,-357,0,0
65163,-358,0,0
65164,-358,0,0
65165,-358,0,0
65166,-358,0,0
65167,-358,0,0
65168,-359,0,0
65169,-359,0,0
65170,-359,0,0
65171,-359,0,0
65172,-359,0,0
65173,-359,0,0
65174,-359,0,0
65175,-359,0,0
65176,-359,0,0
65177,-359,0,0
65178,-359,0,0
65179,-359,0,0
65180,-359,0,0
65181,-359,0,0
65182,-359,0,0
65183,-359,0,0
65184,-359,0,0
65185,-358,0,0
65186,-358,0,0
65187,-358,0,0
65188,-358,0,0
65189,-358,0,0
65190,-357,0,0
65191,-357,0,0
65192,-357,0,0
65193,-357,0,0
65194,-356,0,0
65195,-356,0,0
65196,-355,0,0
65197,-355,0,0
65198,-354,0,0
65199,-354,0,0
65200,-354,0,0
65201,-353,0,0
65202,-353,0,0
65203,-352,0,0
65204,-351,0,0
65205,-351,0,0
65206,-350,0,0
65207,-350,0,0
65208,-349,0,0
65209,-348,0,0
65210,-348,0,0
65211,-347,0,0
65212,-346,0,0
65213,-345,0,0
65214,-345,0,0
65215,-344,0,0
65216,-343,0,0
65217,-342,0,0
65218,-341,0,0
65219,-340,0,0
65220,-339,0,0
65221,-338,0,0
65222,-338,0,0
65223,-336,0,0
65224,-335,0,0
65225,-334,0,0
65226,-333,0,0
65227,-332,0,0
65228,-331,0,0
65229,-330,0,0
65230,-328,0,0
65231,-327,0,0
65232,-326,0,0
65233,-325,0,0
65234,-324,0,0
65235,-322,0,0
65236,-321,0,0
65237,-320,0,0
65238,-319,0,0
65239,-317,0,0
65240,-316,0,0
65241,-314,0,0
65242,-313,0,0
65243,-312,0,0
65244,-310,0,0
65245,-309,0,0
65246,-307,0,0
65247,-306,0,0
65248,-304,0,0
65249,-303,0,0
65250,-301,0,0
65251,-300,0,0
65252,-298,0,0
65253,-297,0,0
65254,-295,0,0
65255,-293,0,0
65256,-292,0,0
65257,-290,0,0
65258,-288,0,0
65259,-286,0,0
65260,-284,0,0
65261,-282,0,0
65262,-280,0,0
65263,-278,0,0
65264,-276,0,0
65265,-274,0,0
65266,-272,0,0
65267,-270,0,0
65268,-268,0,0
65269,-266,0,0
65270,-264,0,0
65271,-262,0,0
65272,-260,0,0
65273,-258,0,0
65274,-256,0,0
65275,-254,0,0
65276,-251,0,0
65277,-249,0,0
65278,-247,0,0
65279,-245,0,0
65280,-243,0,0
65281,-241,0,0
65282,-239,0,0
65283,-237,0,0
65284,-235,0,0
65285,-232,0,0
65286,-231,0,0
65287,-228,0,0
65288,-226,0,0
65289,-224,0,0
65290,-222,0,0
65291,-220,0,0
65292,-218,0,0
65293,-216,0,0
65294,-214,0,0
65295,-211,0,0
65296,-209,0,0
65297,-207,0,0
65298,-205,0,0
65299,-203,0,0
65300,-200,0,0
65301,-198,0,0
65302,-196,0,0
65303,-193,0,0
65304,-191,0,0
65305,-188,0,0
65306,-185,0,0
65307,-183,0,0
65308,-180,0,0
65309,-177,0,0
65310,-175,0,0
65311,-172,0,0
65312,-169,0,0
65313,-166,0,0
65314,-164,0,0
65315,-161,0,0
65316,-158,0,0
65317,-155,0,0
65318,-152,0,0
65319,-150,0,0
65320,-147,0,0
65321,-144,0,0
65322,-141,0,0
65323,-138,0,0
65324,-135,0,0
65325,-133,0,0
65326,-130,0,0
65327,-127,0,0
65328,-124,0,0
65329,-122,0,0
65330,-119,0,0
65331,-116,0,0
65332,-113,0,0
65333,-111,0,0
65334,-108,0,0
65335,-106,0,0
65336,-103,0,0
65337,-100,0,0
65338,-97,0,0
65339,-95,0,0
65340,-92,0,0
65341,-89,0,0
65342,-86,0,0
65343,-83,0,0
65344,-80,0,0
65345,-78,0,0
65346,-75,0,0
65347,-72,0,0
65348,-69,0,0
65349,-66,0,0
65350,-63,0,0
65351,-60,0,0
65352,-57,0,0
65353,-54,0,0
65354,-51,0,0
65355,-48,0,0
65356,-45,0,0
65357,-41,0,0
65358,-38,0,0
65359,-36,0,0
65360,-32,0,0
65361,-29,0,0
65362,-26,0,0
65363,-23,0,0
65364,-20,0,0
65365,-17,0,0
65366,-14,0,0
65367,-11,0,0
65368,-8,0,0
65369,-5,0,0
65370,-2,0,0
65371,0,0,0
65372,4,0,0
65373,6,0,0
65374,9,0,0
65375,12,0,0
65376,15,0,0
65377,18,0,0
65378,20,0,0
65379,23,0,0
65380,26,0,0
65381,29,0,0
65382,31,0,0
65383,34,0,0
65384,37,0,0
65385,39,0,0
65386,42,0,0
65387,45,0,0
65388,48,0,0
65389,50,0,0
65390,53,0,0
65391,56,0,0
65392,58,0,0
65393,61,0,0
65394,64,0,0
65395,67,0,0
65396,70,0,0
65397,73,0,0
65398,76,0,0
65399,78,0,0
65400,81,0,0
65401,84,0,0
65402,87,0,0
65403,90,0,0
65404,93,0,0
65405,96,0,0
65406,99,0,0
65407,102,0,0
65408,105,0,0
65409,107,0,0
65410,110,0,0
65411,113,0,0
65412,116,0,0
65413,119,0,0
65414,122,0,0
65415,125,0,0
65416,128,0,0
65417,131,0,0
65418,133,0,0
65419,136,0,0
65420,139,0,0
65421,142,0,0
65422,144,0,0
65423,147,0,0
65424,150,0,0
65425,152,0,0
65426,155,0,0
65427,158,0,0
65428,160,0,0
65429,163,0,0
65430,165,0,0
65431,168,0,0
65432,171,0,0
65433,173,0,0
65434,176,0,0
65435,178,0,0
65436,181,0,0
65437,183,0,0
65438,186,0,0
65439,188,0,0
65440,190,0,0
65441,193,0,0
65442,195,0,0
65443,197,0,0
65444,200,0,0
65445,202,0,0
65446,205,0,0
65447,207,0,0
65448,209,0,0
65449,212,0,0
65450,214,0,0
65451,217,0,0
65452,219,0,0
65453,221,0,0
65454,224,0,0
65455,226,0,0
65456,228,0,0
65457,231,0,0
65458,233,0,0
65459,235,0,0
65460,238,0,0
65461,240,0,0
65462,242,0,0
65463,244,0,0
65464,247,0,0
65465,249,0,0
65466,251,0,0
65467,253,0,0
65468,255,0,0
65469,258,0,0
65470,260,0,0
65471,262,0,0
65472,264,0,0
65473,266,0,0
65474,268,0,0
65475,270,0,0
65476,272,0,0
65477,274,0,0
65478,276,0,0
65479,278,0,0
65480,280,0,0
65481,282,0,0
65482,284,0,0
65483,285,0,0
65484,287,0,0
65485,289,0,0
65486,291,0,0
65487,293,0,0
65488,294,0,0
65489,296,0,0
65490,298,0,0
65491,299,0,0
65492,301,0,0
65493,302,0,0
65494,304,0,0
65495,306,0,0
65496,307,0,0
65497,309,0,0
65498,310,0,0
65499,312,0,0
65500,313,0,0
65501,315,0,0
65502,316,0,0
65503,317,0,0
65504,319,0,0
65505,320,0,0
65506,321,0,0
65507,322,0,0
65508,324,0,0
65509,325,0,0
65510,326,0,0
65511,327,0,0
65512,328,0,0
65513,329,0,0
65514,330,0,0
65515,331,0,0
65516,332,0,0
65517,333,0,0
65518,335,0,0
65519,335,0,0
65520,336,0,0
65521,337,0,0
65522,338,0,0
65523,339,0,0
65524,340,0,0
65525,341,0,0
65526,342,0,0
65527,343,0,0
65528,343,0,0
65529,344,0,0
65530,345,0,0
65531,346,0,0
65532,347,0,0
65533,348,0,0
65534,348,0,0
65535,349,0,1
